candidate_id,source_batch_id,min_current_width_atr,untouched_lookback,symmetric_exit_distance_atr,sl_atr_multiplier,tp_atr_multiplier,tp_sl_ratio,market_data_hash,realised_trade_count,r_eligible_trade_count,win_rate,profit_factor,cumulative_gross_r,cumulative_net_r,return_pct,max_drawdown_pct,long_trades,long_win_rate,long_cumulative_gross_r,long_cumulative_net_r,short_trades,short_win_rate,short_cumulative_gross_r,short_cumulative_net_r,run_id,instance_id
w03-lb020-sym3,lab_ema500_3d_symmetric_exit,3,20,3,3.0,3.0,1.0,68c15a0ca22cd55577fcabeee08d599336d7d998c21abacc9df1351cded420c0,1591,1591,0.5109993714644877435575109994,1.045833874181189319209937808,35,35,0.2235065430983287186816125792,-0.1304176997773589786910255996,889,0.5151856017997750281214848144,27,27,702,0.5056980056980056980056980057,8,8,run_8a80d6c328434a08b9653d825f6e1c53,ema_pullback:b53a505684c815dbf947620b
w03-lb020-sym4,lab_ema500_3d_symmetric_exit,3,20,4,4.0,4.0,1.0,68c15a0ca22cd55577fcabeee08d599336d7d998c21abacc9df1351cded420c0,1496,1496,0.5147058823529411764705882353,1.055488564636483400002613577,44,44,0.3959266380614765796573264045,-0.1627070969600782001051879551,837,0.5185185185185185185185185185,31,31,659,0.5098634294385432473444613050,13,13,run_cc90ebcdcd0541189d0e0542f0bf2e1d,ema_pullback:5fa4dda4b64f748503a69993
w03-lb020-sym5,lab_ema500_3d_symmetric_exit,3,20,5,5.0,5.0,1.0,68c15a0ca22cd55577fcabeee08d599336d7d998c21abacc9df1351cded420c0,1357,1357,0.5003684598378776713338246131,1.023823233413881632106706535,1,1,0.1754646105051174706738096954,-0.2057669202596668376572592383,758,0.5039577836411609498680738786,6,6,599,0.4958263772954924874791318865,-5,-5,run_e25b52dbbf654d009a3d3c1478eb4dad,ema_pullback:942f612719745275e71450ed
w03-lb030-sym3,lab_ema500_3d_symmetric_exit,3,30,3,3.0,3.0,1.0,68c15a0ca22cd55577fcabeee08d599336d7d998c21abacc9df1351cded420c0,1434,1434,0.5111576011157601115760111576,1.058797352036946998684049709,32,32,0.2788635840535042686547449517,-0.1349149325119987198089161350,801,0.5156054931335830212234706617,25,25,633,0.5055292259083728278041074250,7,7,run_56a8f4f917464703b6975c99cb585a9b,ema_pullback:d27448715733e11815a97465
w03-lb030-sym4,lab_ema500_3d_symmetric_exit,3,30,4,4.0,4.0,1.0,68c15a0ca22cd55577fcabeee08d599336d7d998c21abacc9df1351cded420c0,1383,1383,0.5155459146782357194504699928,1.071236214607266172379390082,43,43,0.505705180613200122936170961,-0.1614484374526226551309318716,769,0.5188556566970091027308192458,29,29,614,0.5114006514657980456026058632,14,14,run_24022f36ab7b43d2b56f6060979cf0a3,ema_pullback:f5df03fc15ff6cfc0a383a89
w03-lb030-sym5,lab_ema500_3d_symmetric_exit,3,30,5,5.0,5.0,1.0,68c15a0ca22cd55577fcabeee08d599336d7d998c21abacc9df1351cded420c0,1286,1286,0.5,1.038564211409399520340200813,0,0,0.2879007527818194961552383411,-0.1994015422434543348935150436,714,0.5070028011204481792717086835,10,10,572,0.4912587412587412587412587413,-10,-10,run_a3a6b49876504d3caaacdf21e17d0117,ema_pullback:f8c9423bf607de8d771d40ce
w03-lb040-sym3,lab_ema500_3d_symmetric_exit,3,40,3,3.0,3.0,1.0,68c15a0ca22cd55577fcabeee08d599336d7d998c21abacc9df1351cded420c0,1318,1318,0.5098634294385432473444613050,1.056399788837572377486976469,26,26,0.2405603564756635000874949218,-0.1436368671508921403532571751,729,0.5144032921810699588477366255,21,21,589,0.5042444821731748726655348048,5,5,run_ff1f5f6b7001402ea7feda3a4ce2c808,ema_pullback:5bdd47ba34af1a43c3fcdef1
w03-lb040-sym4,lab_ema500_3d_symmetric_exit,3,40,4,4.0,4.0,1.0,68c15a0ca22cd55577fcabeee08d599336d7d998c21abacc9df1351cded420c0,1286,1286,0.5186625194401244167962674961,1.077286449557808400542850407,48,48,0.5048817033128212146108040341,-0.1625642627397393204601645096,711,0.5218002812939521800281293952,31,31,575,0.5147826086956521739130434783,17,17,run_a27d49d00eea4c0a86198d9e2bd50a2a,ema_pullback:cc94ec31a26f0690ba63fb01
w03-lb040-sym5,lab_ema500_3d_symmetric_exit,3,40,5,5.0,5.0,1.0,68c15a0ca22cd55577fcabeee08d599336d7d998c21abacc9df1351cded420c0,1220,1220,0.5016393442622950819672131148,1.038062908317131652013601413,4,4,0.2622094189627583451893433871,-0.1980747131519217638776295028,676,0.5103550295857988165680473373,14,14,544,0.4908088235294117647058823529,-10,-10,run_0085608c9f50461fbd356bfd907d1f21,ema_pullback:037c09c7951dbfe5b047ca2b
w03-lb050-sym3,lab_ema500_3d_symmetric_exit,3,50,3,3.0,3.0,1.0,68c15a0ca22cd55577fcabeee08d599336d7d998c21abacc9df1351cded420c0,1235,1235,0.5109311740890688259109311741,1.056727519400528474814986869,27,27,0.2335703633546226577069112051,-0.1614180410795791222403469415,686,0.5160349854227405247813411079,22,22,549,0.5045537340619307832422586521,5,5,run_16ca162eb0394bc69d82ccb83e01fb64,ema_pullback:1f1f5680b06dc52c7a889063
w03-lb050-sym4,lab_ema500_3d_symmetric_exit,3,50,4,4.0,4.0,1.0,68c15a0ca22cd55577fcabeee08d599336d7d998c21abacc9df1351cded420c0,1213,1213,0.5193734542456718878812860676,1.073671839540639796501213756,47,47,0.4639136531395318055825436294,-0.1892007875477593920957364447,674,0.5222551928783382789317507418,30,30,539,0.5157699443413729128014842301,17,17,run_ac62d398b82d40f18a2edf4c525b2a81,ema_pullback:f8b4c2c0e8e8c4bad0f7d0bd
w03-lb050-sym5,lab_ema500_3d_symmetric_exit,3,50,5,5.0,5.0,1.0,68c15a0ca22cd55577fcabeee08d599336d7d998c21abacc9df1351cded420c0,1170,1170,0.5025641025641025641025641026,1.037683602195819718399041955,6,6,0.256669232255456609889393838,-0.2087501762072078633187466403,651,0.5145929339477726574500768049,19,19,519,0.4874759152215799614643545279,-13,-13,run_9fe01f47c8e34d2eb762769219ac18e9,ema_pullback:518d8a7c97e9462c89349c02
w03-lb060-sym3,lab_ema500_3d_symmetric_exit,3,60,3,3.0,3.0,1.0,68c15a0ca22cd55577fcabeee08d599336d7d998c21abacc9df1351cded420c0,1137,1137,0.5092348284960422163588390501,1.044508527231735946204245643,21,21,0.1642069467805178527319252826,-0.1486652352556673270153084724,629,0.5198728139904610492845786963,25,25,508,0.4960629921259842519685039370,-4,-4,run_5a1e65491f604d3296e288c46232f309,ema_pullback:20017b40ddcf589d9d6a331e
w03-lb060-sym4,lab_ema500_3d_symmetric_exit,3,60,4,4.0,4.0,1.0,68c15a0ca22cd55577fcabeee08d599336d7d998c21abacc9df1351cded420c0,1121,1121,0.5218554861730597680642283675,1.068193778195449096382833026,49,49,0.3872900042004669616309596118,-0.1948410465748519084339687946,620,0.5290322580645161290322580645,36,36,501,0.5129740518962075848303393214,13,13,run_978b818ddba440a4925f4a684da87ecc,ema_pullback:024b6a01ec397a3e643869d9
w03-lb060-sym5,lab_ema500_3d_symmetric_exit,3,60,5,5.0,5.0,1.0,68c15a0ca22cd55577fcabeee08d599336d7d998c21abacc9df1351cded420c0,1097,1097,0.5059252506836827711941659070,1.034626294916124435223237917,13,13,0.2207429412138844427405238417,-0.2380832929676677834505750896,605,0.5206611570247933884297520661,25,25,492,0.4878048780487804878048780488,-12,-12,run_202009e75d2f46558dc68f3f430f7112,ema_pullback:491a583dba8f825ba04d0c49
w03-lb070-sym3,lab_ema500_3d_symmetric_exit,3,70,3,3.0,3.0,1.0,68c15a0ca22cd55577fcabeee08d599336d7d998c21abacc9df1351cded420c0,1072,1072,0.5149253731343283582089552239,1.060078212694630216035472221,32,32,0.2086556777747491906678191556,-0.1209246816934162152641983481,594,0.5202020202020202020202020202,24,24,478,0.5083682008368200836820083682,8,8,run_88d6d490a1c840139414fb242b75f4af,ema_pullback:190c83b35135234ba2f8a831
w03-lb070-sym4,lab_ema500_3d_symmetric_exit,3,70,4,4.0,4.0,1.0,68c15a0ca22cd55577fcabeee08d599336d7d998c21abacc9df1351cded420c0,1060,1060,0.5254716981132075471698113208,1.068869785261051670512938638,54,54,0.3601762502724814671553548705,-0.1733525489011748536659857416,587,0.5281090289608177172061328790,33,33,473,0.5221987315010570824524312896,21,21,run_d6ca2af4f6574bf6bc7040370884cf57,ema_pullback:bc47a20c0f415f13c7aff10f
w03-lb070-sym5,lab_ema500_3d_symmetric_exit,3,70,5,5.0,5.0,1.0,68c15a0ca22cd55577fcabeee08d599336d7d998c21abacc9df1351cded420c0,1040,1040,0.5057692307692307692307692308,1.019365683388151188889462113,12,12,0.1095908766690155117306681648,-0.2690552633004732351113589311,573,0.5183246073298429319371727749,21,21,467,0.4903640256959314775160599572,-9,-9,run_07651090ac6e45ed94a3bd3e06af4b32,ema_pullback:accad81d29eb5ca807d01eeb
w03-lb080-sym3,lab_ema500_3d_symmetric_exit,3,80,3,3.0,3.0,1.0,68c15a0ca22cd55577fcabeee08d599336d7d998c21abacc9df1351cded420c0,1026,1026,0.5185185185185185185185185185,1.076111011029328672870388595,38,38,0.257188757668061543756757284,-0.1162964986505343652774741668,564,0.5283687943262411347517730496,32,32,462,0.5064935064935064935064935065,6,6,run_0c8d26147a4f43958429c138e8188fe9,ema_pullback:a21c0e139220fcd2056e3839
w03-lb080-sym4,lab_ema500_3d_symmetric_exit,3,80,4,4.0,4.0,1.0,68c15a0ca22cd55577fcabeee08d599336d7d998c21abacc9df1351cded420c0,1016,1016,0.5285433070866141732283464567,1.083277775405096986351581759,58,58,0.4245847598971413575489768519,-0.1681899536939820178441102401,558,0.5340501792114695340501792115,38,38,458,0.5218340611353711790393013100,20,20,run_36dbcb4e878844d980153ce18f187696,ema_pullback:7d1f97ddbf2dff88b239d9e0
w03-lb080-sym5,lab_ema500_3d_symmetric_exit,3,80,5,5.0,5.0,1.0,68c15a0ca22cd55577fcabeee08d599336d7d998c21abacc9df1351cded420c0,1000,1000,0.51,1.031156386047611674817146479,20,20,0.1771335231043750127559722591,-0.2470140850026331052258804991,547,0.5265082266910420475319926874,29,29,453,0.4900662251655629139072847682,-9,-9,run_c49e25b88c7b4347a3e3d1e418956cf2,ema_pullback:6536a2f57c460a84d7c05c87
w03-lb090-sym3,lab_ema500_3d_symmetric_exit,3,90,3,3.0,3.0,1.0,68c15a0ca22cd55577fcabeee08d599336d7d998c21abacc9df1351cded420c0,969,969,0.5211558307533539731682146543,1.088679505501264007655258024,41,41,0.2964595035676805063623390658,-0.1176899746733159779308072331,534,0.5299625468164794007490636704,32,32,435,0.5103448275862068965517241379,9,9,run_45aa0bb98d9f42ed84800275b9d1863d,ema_pullback:20f649b33106fb2848b00789
w03-lb090-sym4,lab_ema500_3d_symmetric_exit,3,90,4,4.0,4.0,1.0,68c15a0ca22cd55577fcabeee08d599336d7d998c21abacc9df1351cded420c0,960,960,0.5270833333333333333333333333,1.078341067756113081112410591,52,52,0.3878016687188587558175207038,-0.1780658527480319439195982058,529,0.5330812854442344045368620038,35,35,431,0.5197215777262180974477958237,17,17,run_700179289f72472b9081e7bb2dbc58bb,ema_pullback:40bbc07f27d4b56ce6f0b02e
w03-lb090-sym5,lab_ema500_3d_symmetric_exit,3,90,5,5.0,5.0,1.0,68c15a0ca22cd55577fcabeee08d599336d7d998c21abacc9df1351cded420c0,949,949,0.5068493150684931506849315068,1.020450405848523172473327682,13,13,0.1126637328515303007708843961,-0.2273294391605622433849946077,522,0.5229885057471264367816091954,24,24,427,0.4871194379391100702576112412,-11,-11,run_1c56d37a6e894423bd0f733a4c573137,ema_pullback:28163545f9d226d13562e50c
w03-lb100-sym3,lab_ema500_3d_symmetric_exit,3,100,3,3.0,3.0,1.0,68c15a0ca22cd55577fcabeee08d599336d7d998c21abacc9df1351cded420c0,926,926,0.5248380129589632829373650108,1.109543693531028567708270308,46,46,0.3545108540725442833895254124,-0.1046494723385621437821676144,511,0.5322896281800391389432485323,33,33,415,0.5156626506024096385542168675,13,13,run_3d1e8c60c7eb4b718f7fb36615bde346,ema_pullback:04c094dc2ca75b6be90da1b4
w03-lb100-sym4,lab_ema500_3d_symmetric_exit,3,100,4,4.0,4.0,1.0,68c15a0ca22cd55577fcabeee08d599336d7d998c21abacc9df1351cded420c0,919,919,0.5299238302502720348204570185,1.097006837375789034130678871,55,55,0.4645151434132764276384903012,-0.1608988712437113040058479283,507,0.5325443786982248520710059172,33,33,412,0.5266990291262135922330097087,22,22,run_374743f6207e48faba9f9439d4a8e3c1,ema_pullback:eaef54217170c507a19fa5f1
w03-lb100-sym5,lab_ema500_3d_symmetric_exit,3,100,5,5.0,5.0,1.0,68c15a0ca22cd55577fcabeee08d599336d7d998c21abacc9df1351cded420c0,910,910,0.5109890109890109890109890110,1.040999671920542114027129095,20,20,0.2209391575916177136441449371,-0.1853502311039256619299418965,501,0.5249500998003992015968063872,25,25,409,0.4938875305623471882640586797,-5,-5,run_9d3217374ee044e282c5cbb819b8d33d,ema_pullback:9496b67f4e7db91630a3ed2b
w03-lb110-sym3,lab_ema500_3d_symmetric_exit,3,110,3,3.0,3.0,1.0,68c15a0ca22cd55577fcabeee08d599336d7d998c21abacc9df1351cded420c0,894,894,0.5290827740492170022371364653,1.124907484862781305088206447,52,52,0.3994543226635077134076362624,-0.1046494723385621437821676133,493,0.5375253549695740365111561866,37,37,401,0.5187032418952618453865336658,15,15,run_c95308217d114f6e8a2bba8a5c3dbf31,ema_pullback:b04c1388863b75dfe073b9dc
w03-lb110-sym4,lab_ema500_3d_symmetric_exit,3,110,4,4.0,4.0,1.0,68c15a0ca22cd55577fcabeee08d599336d7d998c21abacc9df1351cded420c0,887,887,0.5321307779030439684329199549,1.100342069181427079079893170,57,57,0.4630791492743681448540211258,-0.1631310401235843013983350369,489,0.5357873210633946830265848671,35,35,398,0.5276381909547738693467336683,22,22,run_d2f4309164fb43eebad54e52e15bfd44,ema_pullback:378df50f30214f8584dc9ce2
w03-lb110-sym5,lab_ema500_3d_symmetric_exit,3,110,5,5.0,5.0,1.0,68c15a0ca22cd55577fcabeee08d599336d7d998c21abacc9df1351cded420c0,881,881,0.5107832009080590238365493757,1.037809258162971891965434931,19,19,0.1965285222579474940685814368,-0.1859054913664250836752255984,484,0.5268595041322314049586776860,26,26,397,0.4911838790931989924433249370,-7,-7,run_4b0895c39aec4cac977e7dc9b6743504,ema_pullback:d847d8b2f6796600a16f1cd4
w03-lb120-sym3,lab_ema500_3d_symmetric_exit,3,120,3,3.0,3.0,1.0,68c15a0ca22cd55577fcabeee08d599336d7d998c21abacc9df1351cded420c0,861,861,0.5284552845528455284552845528,1.119693330456237064922076183,49,49,0.3691585804547070669567066942,-0.1089243842683019589715859092,473,0.5327695560253699788583509514,31,31,388,0.5231958762886597938144329897,18,18,run_cd735e0ce4b646058010a00ef721ddc0,ema_pullback:17d56bdfe0c31e8747a8a2b6
w03-lb120-sym4,lab_ema500_3d_symmetric_exit,3,120,4,4.0,4.0,1.0,68c15a0ca22cd55577fcabeee08d599336d7d998c21abacc9df1351cded420c0,855,855,0.5345029239766081871345029240,1.112025518820461265262560910,59,59,0.4953369751885858954675044926,-0.1296655235219991066373580202,470,0.5340425531914893617021276596,32,32,385,0.5350649350649350649350649351,27,27,run_8b63c1c48311456f80cb6991c910717c,ema_pullback:17e029f6a9f1f13d26aae632
w03-lb120-sym5,lab_ema500_3d_symmetric_exit,3,120,5,5.0,5.0,1.0,68c15a0ca22cd55577fcabeee08d599336d7d998c21abacc9df1351cded420c0,850,850,0.5117647058823529411764705882,1.045702200756871198325728104,20,20,0.2267531255396954095476090695,-0.1933267459047537581412604423,466,0.5236051502145922746781115880,22,22,384,0.4973958333333333333333333333,-2,-2,run_b5522fb27105439b96d0712e2d953127,ema_pullback:ef76faa786e8c758ab0c34f3
w03-lb130-sym3,lab_ema500_3d_symmetric_exit,3,130,3,3.0,3.0,1.0,68c15a0ca22cd55577fcabeee08d599336d7d998c21abacc9df1351cded420c0,826,826,0.5326876513317191283292978208,1.137283480107719559543582756,54,54,0.4112608571984466211652273355,-0.1057461854521488374534866080,454,0.5352422907488986784140969163,32,32,372,0.5295698924731182795698924731,22,22,run_263421e875e243568999cf52cd43d29b,ema_pullback:3acda106833aa654b6d67b06
w03-lb130-sym4,lab_ema500_3d_symmetric_exit,3,130,4,4.0,4.0,1.0,68c15a0ca22cd55577fcabeee08d599336d7d998c21abacc9df1351cded420c0,822,822,0.5352798053527980535279805353,1.113084686470367079447835760,58,58,0.4721928432804758504010253217,-0.1168848097012684835726552220,452,0.5353982300884955752212389381,32,32,370,0.5351351351351351351351351351,26,26,run_3a0d2e8676184ec181b1c2a8afb51673,ema_pullback:7fc2843e73d0f3a6539e9476
w03-lb130-sym5,lab_ema500_3d_symmetric_exit,3,130,5,5.0,5.0,1.0,68c15a0ca22cd55577fcabeee08d599336d7d998c21abacc9df1351cded420c0,818,818,0.5158924205378973105134474328,1.062773537663902039586736907,26,26,0.3052869539687551951175519864,-0.1757205415477684998810322098,448,0.5245535714285714285714285714,22,22,370,0.5054054054054054054054054054,4,4,run_b9c5addd73154035a57fdba978ab235f,ema_pullback:c44d5ae3960e08474fc3ef1d
w03-lb140-sym3,lab_ema500_3d_symmetric_exit,3,140,3,3.0,3.0,1.0,68c15a0ca22cd55577fcabeee08d599336d7d998c21abacc9df1351cded420c0,793,793,0.5296343001261034047919293821,1.134746879403735721002720711,47,47,0.3786310618501418837194976341,-0.0969087753209077961150897051,438,0.5319634703196347031963470320,28,28,355,0.5267605633802816901408450704,19,19,run_9db785c7576f455db9fd4ce85825374b,ema_pullback:34e7f281859629adce8e5fbf
w03-lb140-sym4,lab_ema500_3d_symmetric_exit,3,140,4,4.0,4.0,1.0,68c15a0ca22cd55577fcabeee08d599336d7d998c21abacc9df1351cded420c0,789,789,0.5361216730038022813688212928,1.140426782068534733565425438,57,57,0.5816659111789398980470062316,-0.1040030157890792193831395256,436,0.5366972477064220183486238532,32,32,353,0.5354107648725212464589235127,25,25,run_6863b702e1b845a7a113f7865c6d08c4,ema_pullback:7f89e8287eb45e94b1431c68
w03-lb140-sym5,lab_ema500_3d_symmetric_exit,3,140,5,5.0,5.0,1.0,68c15a0ca22cd55577fcabeee08d599336d7d998c21abacc9df1351cded420c0,786,786,0.5190839694656488549618320611,1.090170124087401065615646191,30,30,0.4467788022229415176284644317,-0.1916014659194305622099773071,433,0.5311778290993071593533487298,27,27,353,0.5042492917847025495750708215,3,3,run_de03b0a895254cb1824d76beb9fdc459,ema_pullback:1609d96762b25738fe4b245e
w03-lb150-sym3,lab_ema500_3d_symmetric_exit,3,150,3,3.0,3.0,1.0,68c15a0ca22cd55577fcabeee08d599336d7d998c21abacc9df1351cded420c0,755,755,0.5245033112582781456953642384,1.113271162333475529877182361,37,37,0.2994920503741172152742585802,-0.1036152781170875088654219392,413,0.5278450363196125907990314770,23,23,342,0.5204678362573099415204678363,14,14,run_d41e0cfc86ff436a806a905b8bdfd0a2,ema_pullback:2510c5a27c5575a236680176
w03-lb150-sym4,lab_ema500_3d_symmetric_exit,3,150,4,4.0,4.0,1.0,68c15a0ca22cd55577fcabeee08d599336d7d998c21abacc9df1351cded420c0,751,751,0.5286284953395472703062583222,1.122218178720879260431818572,43,43,0.4783224256550795853316019588,-0.1105069233132962565907135249,411,0.5255474452554744525547445255,21,21,340,0.5323529411764705882352941176,22,22,run_95efad8cca7a4fd793edf49a3bc96043,ema_pullback:d048ba8ad267b72f8a4cd9ef
w03-lb150-sym5,lab_ema500_3d_symmetric_exit,3,150,5,5.0,5.0,1.0,68c15a0ca22cd55577fcabeee08d599336d7d998c21abacc9df1351cded420c0,749,749,0.5153538050734312416555407210,1.078718671818670951747461458,23,23,0.3734948919271068374287669804,-0.2053274912864194750300755476,409,0.5256723716381418092909535452,21,21,340,0.5029411764705882352941176471,2,2,run_ec563fc91eb04725b1be9dda017ab32a,ema_pullback:bec9067d22aeeabeb5478bc0
w03-lb160-sym3,lab_ema500_3d_symmetric_exit,3,160,3,3.0,3.0,1.0,68c15a0ca22cd55577fcabeee08d599336d7d998c21abacc9df1351cded420c0,721,721,0.5228848821081830790568654646,1.103015075024535617648074146,33,33,0.2631043795705095092142680511,-0.1165988089079067962809470339,391,0.5268542199488491048593350384,21,21,330,0.5181818181818181818181818182,12,12,run_994c01b80f9944ca80e7cff6cf7e241c,ema_pullback:1c959dabd33893a3e77b6e58
w03-lb160-sym4,lab_ema500_3d_symmetric_exit,3,160,4,4.0,4.0,1.0,68c15a0ca22cd55577fcabeee08d599336d7d998c21abacc9df1351cded420c0,717,717,0.5299860529986052998605299861,1.127082199889711405730751968,43,43,0.4745315141475209980372413817,-0.1129605464045770582341483089,389,0.5244215938303341902313624679,19,19,328,0.5365853658536585365853658537,24,24,run_e41bf940d567454abef08fde98242d02,ema_pullback:c544686b768b30216b4a6f83
w03-lb160-sym5,lab_ema500_3d_symmetric_exit,3,160,5,5.0,5.0,1.0,68c15a0ca22cd55577fcabeee08d599336d7d998c21abacc9df1351cded420c0,715,715,0.5174825174825174825174825175,1.079535014958548115548796950,25,25,0.3710711863016626777736292783,-0.2331863046660731696753662602,387,0.5271317829457364341085271318,21,21,328,0.5060975609756097560975609756,4,4,run_904c9131d28a4b51b86a4ebbb30c2943,ema_pullback:1b701b8e236e62bdda0ade9c
w03-lb170-sym3,lab_ema500_3d_symmetric_exit,3,170,3,3.0,3.0,1.0,68c15a0ca22cd55577fcabeee08d599336d7d998c21abacc9df1351cded420c0,700,700,0.5228571428571428571428571429,1.105573537835177467874513973,32,32,0.2618560560147196182448648141,-0.1190478156224959586162277371,380,0.5263157894736842105263157895,20,20,320,0.51875,12,12,run_0c1fdb1c8eca49dc9b96ae6449780b43,ema_pullback:27f3a44e1ba1fa68450a01b6
w03-lb170-sym4,lab_ema500_3d_symmetric_exit,3,170,4,4.0,4.0,1.0,68c15a0ca22cd55577fcabeee08d599336d7d998c21abacc9df1351cded420c0,696,696,0.5316091954022988505747126437,1.134502703777193442706905262,44,44,0.4957694412890502113417679831,-0.1254454165233033760598255310,378,0.5291005291005291005291005291,22,22,318,0.5345911949685534591194968553,22,22,run_bb4596b639344615b1af8b304878a7fc,ema_pullback:80d98bd1532b5461f059f263
w03-lb170-sym5,lab_ema500_3d_symmetric_exit,3,170,5,5.0,5.0,1.0,68c15a0ca22cd55577fcabeee08d599336d7d998c21abacc9df1351cded420c0,694,694,0.5172910662824207492795389049,1.081887702239595343272935701,24,24,0.3742895695381203238013918619,-0.2379288627675939423010988066,376,0.5292553191489361702127659574,22,22,318,0.5031446540880503144654088050,2,2,run_c06d8825eafa4ac2a32c1f2f882ac9a1,ema_pullback:6777e3557b8d31d184a00b3d
w03-lb180-sym3,lab_ema500_3d_symmetric_exit,3,180,3,3.0,3.0,1.0,68c15a0ca22cd55577fcabeee08d599336d7d998c21abacc9df1351cded420c0,679,679,0.5198821796759941089837997054,1.091368258673928183804792334,27,27,0.2194774886034664914347088074,-0.1324029054712727526069998377,373,0.5201072386058981233243967828,15,15,306,0.5196078431372549019607843137,12,12,run_3122d0fbf227419daea9e02fd7bdd570,ema_pullback:04138fe46ef6de35b2bc71a1
w03-lb180-sym4,lab_ema500_3d_symmetric_exit,3,180,4,4.0,4.0,1.0,68c15a0ca22cd55577fcabeee08d599336d7d998c21abacc9df1351cded420c0,675,675,0.5288888888888888888888888889,1.120974017138694497957573589,39,39,0.4294740400854334604758673719,-0.1217688044982464730707913348,371,0.5229110512129380053908355795,17,17,304,0.5361842105263157894736842105,22,22,run_ecc2621a9e50452995963069a518c3a0,ema_pullback:6b0f4b71497bb8f3e2f4d6cd
w03-lb180-sym5,lab_ema500_3d_symmetric_exit,3,180,5,5.0,5.0,1.0,68c15a0ca22cd55577fcabeee08d599336d7d998c21abacc9df1351cded420c0,673,673,0.5156017830609212481426448737,1.068244450142269514905604130,21,21,0.3046006467040221514648745904,-0.2302465600205331662945402286,369,0.5230352303523035230352303523,17,17,304,0.5065789473684210526315789474,4,4,run_82dee82642c6491b902f626ad57755e8,ema_pullback:c215a4dd25504f54929c51fa
w03-lb190-sym3,lab_ema500_3d_symmetric_exit,3,190,3,3.0,3.0,1.0,68c15a0ca22cd55577fcabeee08d599336d7d998c21abacc9df1351cded420c0,658,658,0.5167173252279635258358662614,1.068878044666781066789492791,22,22,0.1577876104308409443036791178,-0.1572973295537546274024633286,363,0.5179063360881542699724517906,13,13,295,0.5152542372881355932203389831,9,9,run_49b96cc9fc0049149866817001480813,ema_pullback:f752de97ac4d3d2e5707b6f3
w03-lb190-sym4,lab_ema500_3d_symmetric_exit,3,190,4,4.0,4.0,1.0,68c15a0ca22cd55577fcabeee08d599336d7d998c21abacc9df1351cded420c0,654,654,0.5244648318042813455657492355,1.097129127414268041863540637,32,32,0.3219365649345839594627336968,-0.1274540501293498997253937895,361,0.5180055401662049861495844875,13,13,293,0.5324232081911262798634812287,19,19,run_f640617218734f9b85bd78d8bc353eb8,ema_pullback:1b5a332aad3f03939a08b469
w03-lb190-sym5,lab_ema500_3d_symmetric_exit,3,190,5,5.0,5.0,1.0,68c15a0ca22cd55577fcabeee08d599336d7d998c21abacc9df1351cded420c0,652,652,0.5122699386503067484662576687,1.050171091481012925619319688,16,16,0.2058707599860910776231291876,-0.2668044133977239611557341769,359,0.5181058495821727019498607242,13,13,293,0.5051194539249146757679180887,3,3,run_0b015ff7ff254c4c9ebba34fcfbe7779,ema_pullback:56d2f40b54d6a986d384dee4
w03-lb200-sym3,lab_ema500_3d_symmetric_exit,3,200,3,3.0,3.0,1.0,68c15a0ca22cd55577fcabeee08d599336d7d998c21abacc9df1351cded420c0,637,637,0.5164835164835164835164835165,1.061588793762085283279861531,21,21,0.1354155585365114264763337826,-0.1552650753879735597521154857,352,0.5227272727272727272727272727,16,16,285,0.5087719298245614035087719298,5,5,run_70fc7d71533c4e27aaeae314dda86e9e,ema_pullback:0648ade4fff6704d934837f6
w03-lb200-sym4,lab_ema500_3d_symmetric_exit,3,200,4,4.0,4.0,1.0,68c15a0ca22cd55577fcabeee08d599336d7d998c21abacc9df1351cded420c0,634,634,0.5236593059936908517350157729,1.089271432136462752140441779,30,30,0.2822879810306384818322634914,-0.1378398869334573091697906526,350,0.5228571428571428571428571429,16,16,284,0.5246478873239436619718309859,14,14,run_58ea5f9be16040e393a99456548729da,ema_pullback:45eb47c0a350df914ca31ee6
w03-lb200-sym5,lab_ema500_3d_symmetric_exit,3,200,5,5.0,5.0,1.0,68c15a0ca22cd55577fcabeee08d599336d7d998c21abacc9df1351cded420c0,632,632,0.5126582278481012658227848101,1.044819278061564527516938464,16,16,0.1780135275092267811392589776,-0.3130588509520562687223980514,348,0.5201149425287356321839080460,14,14,284,0.5035211267605633802816901408,2,2,run_fa4478dd2977433b86dc1c8bb5628a68,ema_pullback:b73a62ceff6cb7c909294c9e
w03-lb210-sym3,lab_ema500_3d_symmetric_exit,3,210,3,3.0,3.0,1.0,68c15a0ca22cd55577fcabeee08d599336d7d998c21abacc9df1351cded420c0,617,617,0.5121555915721231766612641815,1.050699895999895109562676549,15,15,0.1064480083896466239180587855,-0.1435565599833901577332838043,340,0.5176470588235294117647058824,12,12,277,0.5054151624548736462093862816,3,3,run_af2a18e2a84f4d929ad17387500e7c43,ema_pullback:d6085c5b2a7aba7b07d61ca5
w03-lb210-sym4,lab_ema500_3d_symmetric_exit,3,210,4,4.0,4.0,1.0,68c15a0ca22cd55577fcabeee08d599336d7d998c21abacc9df1351cded420c0,614,614,0.5211726384364820846905537459,1.083582902674726158727633349,26,26,0.2516196210787584253126375928,-0.1331400824687391138764818476,338,0.5207100591715976331360946746,14,14,276,0.5217391304347826086956521739,12,12,run_876426baaf0d49659c937b3822adf81f,ema_pullback:260df36dccac442b92acb718
w03-lb210-sym5,lab_ema500_3d_symmetric_exit,3,210,5,5.0,5.0,1.0,68c15a0ca22cd55577fcabeee08d599336d7d998c21abacc9df1351cded420c0,612,612,0.5098039215686274509803921569,1.039909565221329409713691229,12,12,0.1509806898296850152055454842,-0.2959166349452287553119214005,336,0.5178571428571428571428571429,12,12,276,0.5,0,0,run_528258c6339945ba81c98da6905c5a5b,ema_pullback:0eb7ebcb8cd93a8546b59c28
w03-lb220-sym3,lab_ema500_3d_symmetric_exit,3,220,3,3.0,3.0,1.0,68c15a0ca22cd55577fcabeee08d599336d7d998c21abacc9df1351cded420c0,586,586,0.5102389078498293515358361775,1.026688998555344576175499923,12,12,0.0511282771335728436642664895,-0.1414979178511462999778639598,321,0.5202492211838006230529595016,13,13,265,0.4981132075471698113207547170,-1,-1,run_96af02780acf4b6ca9361545b830075a,ema_pullback:dd52dcffd0a1de7727b5d4b6
w03-lb220-sym4,lab_ema500_3d_symmetric_exit,3,220,4,4.0,4.0,1.0,68c15a0ca22cd55577fcabeee08d599336d7d998c21abacc9df1351cded420c0,584,584,0.5273972602739726027397260274,1.079309731204949906079944442,32,32,0.2165630805599504586973399828,-0.1165717771916911772822362306,320,0.53125,20,20,264,0.5227272727272727272727272727,12,12,run_7e0a06393d5f4106855249c8774ed574,ema_pullback:7bbcb8f58d20416b26eff400
w03-lb220-sym5,lab_ema500_3d_symmetric_exit,3,220,5,5.0,5.0,1.0,68c15a0ca22cd55577fcabeee08d599336d7d998c21abacc9df1351cded420c0,582,582,0.5171821305841924398625429553,1.046531308119983669163729359,20,20,0.1623031302872138072076360749,-0.2891496549082310903434261437,318,0.5314465408805031446540880503,20,20,264,0.5,0,0,run_50ed27f4573a4621aaf57096a1959441,ema_pullback:ca4555ebcb8afefd17d27fc6
w03-lb230-sym3,lab_ema500_3d_symmetric_exit,3,230,3,3.0,3.0,1.0,68c15a0ca22cd55577fcabeee08d599336d7d998c21abacc9df1351cded420c0,566,566,0.5106007067137809187279151943,1.022124184777645534335595977,12,12,0.04041816605377397591011007688,-0.1412217609749598782767801811,306,0.5228758169934640522875816993,14,14,260,0.4961538461538461538461538462,-2,-2,run_06ba8483cc954250905143dba2019de1,ema_pullback:7f519e8cefb79814b0f71767
w03-lb230-sym4,lab_ema500_3d_symmetric_exit,3,230,4,4.0,4.0,1.0,68c15a0ca22cd55577fcabeee08d599336d7d998c21abacc9df1351cded420c0,565,565,0.5256637168141592920353982301,1.059951138897505420447422147,29,29,0.1544883791765356885007434235,-0.1231460086079670538356872069,306,0.5294117647058823529411764706,18,18,259,0.5212355212355212355212355212,11,11,run_51c96140e1ae40bcb9e0019cfedded87,ema_pullback:ec56d5877a423fb899761511
w03-lb230-sym5,lab_ema500_3d_symmetric_exit,3,230,5,5.0,5.0,1.0,68c15a0ca22cd55577fcabeee08d599336d7d998c21abacc9df1351cded420c0,563,563,0.5133214920071047957371225577,1.026398764067544174302514815,15,15,0.08558426010482262089798361369,-0.2661861681256876848514641877,304,0.5263157894736842105263157895,16,16,259,0.4980694980694980694980694981,-1,-1,run_6b1dd9f1fbbe4b3695e7453b26e9d780,ema_pullback:2b237fd25149c431c8fe2247
w03-lb240-sym3,lab_ema500_3d_symmetric_exit,3,240,3,3.0,3.0,1.0,68c15a0ca22cd55577fcabeee08d599336d7d998c21abacc9df1351cded420c0,546,546,0.5036630036630036630036630037,0.9996477335903964332733736792,4,4,-0.00062314008371096707277705532,-0.1624261106744113748344644700,296,0.5135135135135135135135135135,8,8,250,0.492,-4,-4,run_81d525416b9c4199bc7546fa3b542876,ema_pullback:4a06a46652912e167361a3be
w03-lb240-sym4,lab_ema500_3d_symmetric_exit,3,240,4,4.0,4.0,1.0,68c15a0ca22cd55577fcabeee08d599336d7d998c21abacc9df1351cded420c0,545,545,0.5247706422018348623853211009,1.058803486416186694732153708,27,27,0.1465174958905837156010154546,-0.1231460086079670538356872074,296,0.5236486486486486486486486486,14,14,249,0.5261044176706827309236947791,13,13,run_bdc5cf0459784360b48213fe20d7a3fe,ema_pullback:48582764ef3b12c84035ed14
w03-lb240-sym5,lab_ema500_3d_symmetric_exit,3,240,5,5.0,5.0,1.0,68c15a0ca22cd55577fcabeee08d599336d7d998c21abacc9df1351cded420c0,543,543,0.5101289134438305709023941068,1.018100440036988700190255689,11,11,0.05665513738334321500992785576,-0.2722298065680657993455860147,294,0.5204081632653061224489795918,12,12,249,0.4979919678714859437751004016,-1,-1,run_c315040849d14bf2aa6cbec37b505eca,ema_pullback:474988928706a908d31a730b
w03-lb250-sym3,lab_ema500_3d_symmetric_exit,3,250,3,3.0,3.0,1.0,68c15a0ca22cd55577fcabeee08d599336d7d998c21abacc9df1351cded420c0,521,521,0.4971209213051823416506717850,0.9744761294028192452425175536,-3,-3,-0.04346350286562601936817749022,-0.1982861530835080223302065706,283,0.5123674911660777385159010601,7,7,238,0.4789915966386554621848739496,-10,-10,run_55237797716949ecab104d07354c3a3c,ema_pullback:aa7e67821defa7d648f9b89b
w03-lb250-sym4,lab_ema500_3d_symmetric_exit,3,250,4,4.0,4.0,1.0,68c15a0ca22cd55577fcabeee08d599336d7d998c21abacc9df1351cded420c0,520,520,0.5173076923076923076923076923,1.028364552468519459165993621,18,18,0.06768400974137248527134917315,-0.1725327909941992391554233254,283,0.5194346289752650176678445230,11,11,237,0.5147679324894514767932489451,7,7,run_19e21ac5ad994d72b280d3c805106260,ema_pullback:968e3ef88c10198fbaeedd7c
w03-lb250-sym5,lab_ema500_3d_symmetric_exit,3,250,5,5.0,5.0,1.0,68c15a0ca22cd55577fcabeee08d599336d7d998c21abacc9df1351cded420c0,518,518,0.5038610038610038610038610039,1.002002877959351634046656750,4,4,0.005999397932903639805067296185,-0.3136902515186304853251437955,281,0.5124555160142348754448398577,7,7,237,0.4936708860759493670886075949,-3,-3,run_788ee54adb6d426083d151230a361711,ema_pullback:d9fe226a231716d0860173ca
w03-lb260-sym3,lab_ema500_3d_symmetric_exit,3,260,3,3.0,3.0,1.0,68c15a0ca22cd55577fcabeee08d599336d7d998c21abacc9df1351cded420c0,498,498,0.5020080321285140562248995984,0.9813892720490133237602066080,2,2,-0.03050414736763817900078279626,-0.1902301257659537103984881914,269,0.5130111524163568773234200743,7,7,229,0.4890829694323144104803493450,-5,-5,run_6354b94bdafb443f96e0e6e786565e60,ema_pullback:aff0f38c7741d648b9565519
w03-lb260-sym4,lab_ema500_3d_symmetric_exit,3,260,4,4.0,4.0,1.0,68c15a0ca22cd55577fcabeee08d599336d7d998c21abacc9df1351cded420c0,497,497,0.5251509054325955734406438632,1.049822921067972611345699143,25,25,0.1155885684696774158794394628,-0.1537847797800937626400080220,269,0.5204460966542750929368029740,11,11,228,0.5307017543859649122807017544,14,14,run_c8f781dc4b7e4afeaa59fcaf0fba78ce,ema_pullback:5dad07fedd44398707a060df
w03-lb260-sym5,lab_ema500_3d_symmetric_exit,3,260,5,5.0,5.0,1.0,68c15a0ca22cd55577fcabeee08d599336d7d998c21abacc9df1351cded420c0,495,495,0.5131313131313131313131313131,1.034328041388739000025257044,13,13,0.1018922606891457372358871586,-0.2860586533645797765142462918,267,0.5131086142322097378277153558,7,7,228,0.5131578947368421052631578947,6,6,run_a8fe580289cc4daa9e2d1e7fa536fba7,ema_pullback:ec6ae1b6695273bbcc901d9e
w03-lb270-sym3,lab_ema500_3d_symmetric_exit,3,270,3,3.0,3.0,1.0,68c15a0ca22cd55577fcabeee08d599336d7d998c21abacc9df1351cded420c0,477,477,0.5073375262054507337526205451,0.9895487909989681765225379313,7,7,-0.01612727700207424800636820068,-0.1708570391202816845831636312,262,0.5190839694656488549618320611,10,10,215,0.4930232558139534883720930233,-3,-3,run_f423ea80435f47e9827dc26885c4e0eb,ema_pullback:4ede77b451e96a4dbb5076d2
w03-lb270-sym4,lab_ema500_3d_symmetric_exit,3,270,4,4.0,4.0,1.0,68c15a0ca22cd55577fcabeee08d599336d7d998c21abacc9df1351cded420c0,476,476,0.5252100840336134453781512605,1.043916807866582024071287165,24,24,0.09595093246953224512599114733,-0.1336756849261853121913227410,262,0.5229007633587786259541984733,12,12,214,0.5280373831775700934579439252,12,12,run_8d2ba40534d6427bbbe96bcbdbb00f3c,ema_pullback:f134c23e9c9cb2bb57e7ada7
w03-lb270-sym5,lab_ema500_3d_symmetric_exit,3,270,5,5.0,5.0,1.0,68c15a0ca22cd55577fcabeee08d599336d7d998c21abacc9df1351cded420c0,474,474,0.5147679324894514767932489451,1.048608651697564327189113240,14,14,0.1373543757600581574214509953,-0.2631891672510309711250478764,260,0.5192307692307692307692307692,10,10,214,0.5093457943925233644859813084,4,4,run_70e8686d2d9a4e1e82fbdec61caeeaca,ema_pullback:39cd76fb772030a831a994c6
w03-lb280-sym3,lab_ema500_3d_symmetric_exit,3,280,3,3.0,3.0,1.0,68c15a0ca22cd55577fcabeee08d599336d7d998c21abacc9df1351cded420c0,446,446,0.5112107623318385650224215247,0.9849974938240820157164499581,10,10,-0.02187842058090147204958595891,-0.1617228992721080747817839483,246,0.5203252032520325203252032520,10,10,200,0.5,0,0,run_71341249b2284a5fa2ce9520627b86cb,ema_pullback:0657c4e3c1d529e2a4107cd5
w03-lb280-sym4,lab_ema500_3d_symmetric_exit,3,280,4,4.0,4.0,1.0,68c15a0ca22cd55577fcabeee08d599336d7d998c21abacc9df1351cded420c0,445,445,0.5280898876404494382022471910,1.043240506570472755083439610,25,25,0.08890807874494578791967698878,-0.1222401079862320249681862287,246,0.5284552845528455284552845528,14,14,199,0.5276381909547738693467336683,11,11,run_b6bccd7d96f14fadb61bdbc97e3ead95,ema_pullback:ab535b2debd2193c76dc4b5a
w03-lb280-sym5,lab_ema500_3d_symmetric_exit,3,280,5,5.0,5.0,1.0,68c15a0ca22cd55577fcabeee08d599336d7d998c21abacc9df1351cded420c0,443,443,0.5169300225733634311512415350,1.042978139744806869883206283,15,15,0.1129712196738253059032019714,-0.2406123456869023844021965220,244,0.5245901639344262295081967213,12,12,199,0.5075376884422110552763819095,3,3,run_75f63e2592ac48079c361a5bef4aa91b,ema_pullback:c2cc1a2b2442806f71b86ed1
w03-lb290-sym3,lab_ema500_3d_symmetric_exit,3,290,3,3.0,3.0,1.0,68c15a0ca22cd55577fcabeee08d599336d7d998c21abacc9df1351cded420c0,426,426,0.5046948356807511737089201878,0.9666343183173734901672897925,4,4,-0.0471197505338770556052876277,-0.1704873672618224434957690878,236,0.5169491525423728813559322034,8,8,190,0.4894736842105263157894736842,-4,-4,run_a361ac981a284671b0be0afbdf76c2b1,ema_pullback:e2833b6c4790b706defb1689
w03-lb290-sym4,lab_ema500_3d_symmetric_exit,3,290,4,4.0,4.0,1.0,68c15a0ca22cd55577fcabeee08d599336d7d998c21abacc9df1351cded420c0,425,425,0.5270588235294117647058823529,1.044011051616293326288650170,23,23,0.08820765661160242995704424512,-0.1243717317457196138486008152,236,0.5296610169491525423728813559,14,14,189,0.5238095238095238095238095238,9,9,run_fca704ed1e5d460ba0d38bf545cdf254,ema_pullback:3fdd42239b8d5281cf48f8c6
w03-lb290-sym5,lab_ema500_3d_symmetric_exit,3,290,5,5.0,5.0,1.0,68c15a0ca22cd55577fcabeee08d599336d7d998c21abacc9df1351cded420c0,423,423,0.5153664302600472813238770686,1.048255655588054553340018590,13,13,0.1241495916112783737487054987,-0.2177127551393254976610471401,234,0.5256410256410256410256410256,12,12,189,0.5026455026455026455026455026,1,1,run_d351fb53d5c84d56b66e63dda1b467dd,ema_pullback:9ca25db4959ff4e0f9a4f9e4
w03-lb300-sym3,lab_ema500_3d_symmetric_exit,3,300,3,3.0,3.0,1.0,68c15a0ca22cd55577fcabeee08d599336d7d998c21abacc9df1351cded420c0,406,406,0.5,0.9613073384522711411308127371,0,0,-0.05252562183692766396899484836,-0.1721680839825955716238086918,227,0.5154185022026431718061674009,7,7,179,0.4804469273743016759776536313,-7,-7,run_4a7364cda2ee4b76b48067eb29d8ce0f,ema_pullback:9210b0b189ba83d2260690fb
w03-lb300-sym4,lab_ema500_3d_symmetric_exit,3,300,4,4.0,4.0,1.0,68c15a0ca22cd55577fcabeee08d599336d7d998c21abacc9df1351cded420c0,405,405,0.5234567901234567901234567901,1.032661808552673162574667213,19,19,0.06211299261412800965468970354,-0.1271403963050547646939676523,227,0.5286343612334801762114537445,13,13,178,0.5168539325842696629213483146,6,6,run_0dafdc669bd94f548313232b8400025c,ema_pullback:dccc79754dd7562ad97ed031
w03-lb300-sym5,lab_ema500_3d_symmetric_exit,3,300,5,5.0,5.0,1.0,68c15a0ca22cd55577fcabeee08d599336d7d998c21abacc9df1351cded420c0,403,403,0.5086848635235732009925558313,1.022513015721972868681068771,7,7,0.05513251855140616083747839406,-0.2554254486137180764898091982,225,0.5244444444444444444444444444,11,11,178,0.4887640449438202247191011236,-4,-4,run_bbfd261563714d0a9d6e8376af8f260a,ema_pullback:1c02101a4f691610506c418c
w04-lb020-sym3,lab_ema500_3d_symmetric_exit,4,20,3,3.0,3.0,1.0,68c15a0ca22cd55577fcabeee08d599336d7d998c21abacc9df1351cded420c0,1480,1480,0.5121621621621621621621621622,1.059872758565960236032850493,36,36,0.2856175579117017680151795747,-0.1225548181576248113366009536,830,0.5180722891566265060240963855,30,30,650,0.5046153846153846153846153846,6,6,run_52e306eace324728b1a41fda3978a77b,ema_pullback:9e3491984d62f03b4d332ee7
w04-lb020-sym4,lab_ema500_3d_symmetric_exit,4,20,4,4.0,4.0,1.0,68c15a0ca22cd55577fcabeee08d599336d7d998c21abacc9df1351cded420c0,1394,1394,0.5164992826398852223816355811,1.074392333469262871589336928,46,46,0.5011470490375813968717147104,-0.1324069112845527426905898470,782,0.5191815856777493606138107417,30,30,612,0.5130718954248366013071895425,16,16,run_dabee79f6ff140768b7c524282d1bf6a,ema_pullback:72998837dd1a49cb292ffb1a
w04-lb020-sym5,lab_ema500_3d_symmetric_exit,4,20,5,5.0,5.0,1.0,68c15a0ca22cd55577fcabeee08d599336d7d998c21abacc9df1351cded420c0,1271,1271,0.5051140833988985051140833989,1.058749023449190366452576896,13,13,0.4360547194224804963183568973,-0.2032797938429883666823671588,712,0.5098314606741573033707865169,14,14,559,0.4991055456171735241502683363,-1,-1,run_a9fa9f17920c41a8b13ee3734fa6824e,ema_pullback:b5a81d78ffa120309e406c46
w04-lb030-sym3,lab_ema500_3d_symmetric_exit,4,30,3,3.0,3.0,1.0,68c15a0ca22cd55577fcabeee08d599336d7d998c21abacc9df1351cded420c0,1337,1337,0.5093492894540014958863126402,1.050517159198110364159066272,25,25,0.2240664976451812603400229537,-0.1517521882835576740005795512,751,0.5139813581890812250332889481,21,21,586,0.5034129692832764505119453925,4,4,run_24523028e1524da088776f95a1a862ee,ema_pullback:6214f7869eda192d04b9490a
w04-lb030-sym4,lab_ema500_3d_symmetric_exit,4,30,4,4.0,4.0,1.0,68c15a0ca22cd55577fcabeee08d599336d7d998c21abacc9df1351cded420c0,1292,1292,0.5170278637770897832817337461,1.081728143867034594327118725,44,44,0.5270807865887157978141343473,-0.1521081536429003874312913953,720,0.5166666666666666666666666667,24,24,572,0.5174825174825174825174825175,20,20,run_2d49106c0fb0448aabd5111485c0414d,ema_pullback:bc46b6a162f8b3b602c88329
w04-lb030-sym5,lab_ema500_3d_symmetric_exit,4,30,5,5.0,5.0,1.0,68c15a0ca22cd55577fcabeee08d599336d7d998c21abacc9df1351cded420c0,1205,1205,0.5045643153526970954356846473,1.065948634442055013134279021,11,11,0.4689754325356226170796225185,-0.1954226269379119207688653599,669,0.5097159940209267563527653214,13,13,536,0.4981343283582089552238805970,-2,-2,run_88fc2e0e32cb4f64974d2d1fb7649da2,ema_pullback:414538bd3115495e7e4c9b9d
w04-lb040-sym3,lab_ema500_3d_symmetric_exit,4,40,3,3.0,3.0,1.0,68c15a0ca22cd55577fcabeee08d599336d7d998c21abacc9df1351cded420c0,1236,1236,0.5072815533980582524271844660,1.050678467917723736176707898,18,18,0.2051246894855174775558185839,-0.1355568082338485931503751945,690,0.5130434782608695652173913043,18,18,546,0.5,0,0,run_2889a131655b44b7a0382da13bc5c764,ema_pullback:a8c0eeb1493eacf46be9d48f
w04-lb040-sym4,lab_ema500_3d_symmetric_exit,4,40,4,4.0,4.0,1.0,68c15a0ca22cd55577fcabeee08d599336d7d998c21abacc9df1351cded420c0,1209,1209,0.5210918114143920595533498759,1.095019908102593938905160369,51,51,0.5794544065724043350674864751,-0.1544408023898362491658913427,673,0.5215453194650817236255572065,29,29,536,0.5205223880597014925373134328,22,22,run_53c4f6d55f9549e4bf35186b9bc7dcc0,ema_pullback:a18e192a149777e986daed7d
w04-lb040-sym5,lab_ema500_3d_symmetric_exit,4,40,5,5.0,5.0,1.0,68c15a0ca22cd55577fcabeee08d599336d7d998c21abacc9df1351cded420c0,1149,1149,0.5065274151436031331592689295,1.069143807370237360989465960,15,15,0.4678547705702567727507071143,-0.1956208438556725424544485395,639,0.5148669796557120500782472613,19,19,510,0.4960784313725490196078431373,-4,-4,run_29e50d2d75754e8bb28933a9c09d7672,ema_pullback:fb86eedee5855e26c95ee812
w04-lb050-sym3,lab_ema500_3d_symmetric_exit,4,50,3,3.0,3.0,1.0,68c15a0ca22cd55577fcabeee08d599336d7d998c21abacc9df1351cded420c0,1158,1158,0.5103626943005181347150259067,1.059988161443780039514388234,24,24,0.23624827584972509330688441,-0.1592471135892385894311579424,649,0.5146379044684129429892141757,19,19,509,0.5049115913555992141453831041,5,5,run_45b3f4552a7f4c7eb49080b2b702a9fa,ema_pullback:18b6cdfbad60367aa5c89b20
w04-lb050-sym4,lab_ema500_3d_symmetric_exit,4,50,4,4.0,4.0,1.0,68c15a0ca22cd55577fcabeee08d599336d7d998c21abacc9df1351cded420c0,1139,1139,0.5215100965759438103599648815,1.090126194319179209203465623,49,49,0.5271681084996190643240246217,-0.1818247642597820845361636049,638,0.5219435736677115987460815047,28,28,501,0.5209580838323353293413173653,21,21,run_72874010f26147a5a15adbd01be843ce,ema_pullback:854d996bd7e65add74a12395
w04-lb050-sym5,lab_ema500_3d_symmetric_exit,4,50,5,5.0,5.0,1.0,68c15a0ca22cd55577fcabeee08d599336d7d998c21abacc9df1351cded420c0,1100,1100,0.5054545454545454545454545455,1.061869491145545832155348337,12,12,0.4044327029653224842247775249,-0.2087501762072078633187466386,616,0.5194805194805194805194805195,24,24,484,0.4876033057851239669421487603,-12,-12,run_d4ad60182efd4a61b15f74a1343562c0,ema_pullback:eea6ec21e4688b5ba2964c83
w04-lb060-sym3,lab_ema500_3d_symmetric_exit,4,60,3,3.0,3.0,1.0,68c15a0ca22cd55577fcabeee08d599336d7d998c21abacc9df1351cded420c0,1068,1068,0.5084269662921348314606741573,1.048063056115514837700750430,18,18,0.1685941479399526276436368073,-0.1469517161546904239719389778,595,0.5193277310924369747899159664,23,23,473,0.4947145877378435517970401691,-5,-5,run_a9e00a0b9d3c4613a0e7220549d85646,ema_pullback:d9d6814969fff7f6bed5feec
w04-lb060-sym4,lab_ema500_3d_symmetric_exit,4,60,4,4.0,4.0,1.0,68c15a0ca22cd55577fcabeee08d599336d7d998c21abacc9df1351cded420c0,1055,1055,0.5232227488151658767772511848,1.080227871279631041312989038,49,49,0.4199925380731498191056204678,-0.1875163339952412659449283878,587,0.5281090289608177172061328790,33,33,468,0.5170940170940170940170940171,16,16,run_ef8f763bdb834c8ebae936a5700b8705,ema_pullback:24c06fa44a5e40e2185db518
w04-lb060-sym5,lab_ema500_3d_symmetric_exit,4,60,5,5.0,5.0,1.0,68c15a0ca22cd55577fcabeee08d599336d7d998c21abacc9df1351cded420c0,1033,1033,0.5091965150048402710551790900,1.055154280921326322479705520,19,19,0.3334538735511215573104967826,-0.2087501762072078633187466388,573,0.5235602094240837696335078534,27,27,460,0.4913043478260869565217391304,-8,-8,run_27b3fe5ea1964751a3c6f75c704411e9,ema_pullback:0efa30926fa5e46e9bd4826b
w04-lb070-sym3,lab_ema500_3d_symmetric_exit,4,70,3,3.0,3.0,1.0,68c15a0ca22cd55577fcabeee08d599336d7d998c21abacc9df1351cded420c0,1008,1008,0.5138888888888888888888888889,1.057947956170272117729356183,28,28,0.1906529897497027353340739257,-0.1223224818166815783035388168,563,0.5186500888099467140319715808,21,21,445,0.5078651685393258426966292135,7,7,run_4095c5c211414fdda063dbfa0801d2be,ema_pullback:7bca18482a491a23ccbe3e4d
w04-lb070-sym4,lab_ema500_3d_symmetric_exit,4,70,4,4.0,4.0,1.0,68c15a0ca22cd55577fcabeee08d599336d7d998c21abacc9df1351cded420c0,998,998,0.5280561122244488977955911824,1.084712309188600021091218041,56,56,0.4141955232993142596862574226,-0.1658323506121179597935263809,557,0.5278276481149012567324955117,31,31,441,0.5283446712018140589569160998,25,25,run_60d9b0eefbc24b8e9c06f7a068e9820b,ema_pullback:ecbc6f11e8668796b7831ba7
w04-lb070-sym5,lab_ema500_3d_symmetric_exit,4,70,5,5.0,5.0,1.0,68c15a0ca22cd55577fcabeee08d599336d7d998c21abacc9df1351cded420c0,980,980,0.5102040816326530612244897959,1.043203915565777569907211282,20,20,0.2358806725792205138798944549,-0.2178458907969230873806062019,544,0.5220588235294117647058823529,24,24,436,0.4954128440366972477064220183,-4,-4,run_ee94ea0ce521429189126523b986ae75,ema_pullback:bd5a733b371e51c0cffad0cf
w04-lb080-sym3,lab_ema500_3d_symmetric_exit,4,80,3,3.0,3.0,1.0,68c15a0ca22cd55577fcabeee08d599336d7d998c21abacc9df1351cded420c0,966,966,0.5186335403726708074534161491,1.076036269748229523989354747,36,36,0.2443500080314288008926704777,-0.1192222806615116107983448422,533,0.5290806754221388367729831144,31,31,433,0.5057736720554272517321016166,5,5,run_258428f8734f4ba089ea2b96238eddb4,ema_pullback:cd98f038f3617adf5dc50c52
w04-lb080-sym4,lab_ema500_3d_symmetric_exit,4,80,4,4.0,4.0,1.0,68c15a0ca22cd55577fcabeee08d599336d7d998c21abacc9df1351cded420c0,958,958,0.5323590814196242171189979123,1.102434684103156885147335551,62,62,0.4904986627520992229541180112,-0.1583902033634230614740868829,528,0.5359848484848484848484848485,38,38,430,0.5279069767441860465116279070,24,24,run_de2f5b87b20a4e9f9885951ad4927af9,ema_pullback:b2cd3592e71490669d27a5fc
w04-lb080-sym5,lab_ema500_3d_symmetric_exit,4,80,5,5.0,5.0,1.0,68c15a0ca22cd55577fcabeee08d599336d7d998c21abacc9df1351cded420c0,943,943,0.5153764581124072110286320255,1.056000210921343583096792496,29,29,0.3077150235929021399402223695,-0.2087501762072078633187466375,518,0.5328185328185328185328185328,34,34,425,0.4941176470588235294117647059,-5,-5,run_b7f9a04158f5440b99dc6ee34a450841,ema_pullback:d39e604dedf009c65d49d1e5
w04-lb090-sym3,lab_ema500_3d_symmetric_exit,4,90,3,3.0,3.0,1.0,68c15a0ca22cd55577fcabeee08d599336d7d998c21abacc9df1351cded420c0,914,914,0.5185995623632385120350109409,1.081377132767855627465497493,34,34,0.2567954798292738018119962781,-0.1218820842086878142791402950,505,0.5287128712871287128712871287,29,29,409,0.5061124694376528117359413203,5,5,run_846d6da9898348da9c919f379e755e2b,ema_pullback:9ab47b5767b5d3cfa8aa9b09
w04-lb090-sym4,lab_ema500_3d_symmetric_exit,4,90,4,4.0,4.0,1.0,68c15a0ca22cd55577fcabeee08d599336d7d998c21abacc9df1351cded420c0,907,907,0.5281146637265711135611907387,1.089682354015583240832743402,51,51,0.4122419390810569112189946486,-0.1683824527133720194840923204,501,0.5329341317365269461077844311,33,33,406,0.5221674876847290640394088670,18,18,run_917037e0b5a74bb2a17db13fce1a0bf4,ema_pullback:9f51a511eeff45902e3a7def
w04-lb090-sym5,lab_ema500_3d_symmetric_exit,4,90,5,5.0,5.0,1.0,68c15a0ca22cd55577fcabeee08d599336d7d998c21abacc9df1351cded420c0,897,897,0.5094760312151616499442586399,1.036905211970502233189740991,17,17,0.1938725108548649942544247613,-0.2007031234813413157212305942,495,0.5272727272727272727272727273,27,27,402,0.4875621890547263681592039801,-10,-10,run_7f1129bf32eb49ef8a6697879c3b8149,ema_pullback:317c070f782c6e654220b7b7
w04-lb100-sym3,lab_ema500_3d_symmetric_exit,4,100,3,3.0,3.0,1.0,68c15a0ca22cd55577fcabeee08d599336d7d998c21abacc9df1351cded420c0,875,875,0.5222857142857142857142857143,1.101486669228123089721924536,39,39,0.3104146641734589893837540872,-0.1112365695150701588514729374,485,0.5319587628865979381443298969,31,31,390,0.5102564102564102564102564103,8,8,run_f0293b0f326b4ef79830a14ef639b9bd,ema_pullback:75cdc5fff901c35967c4965b
w04-lb100-sym4,lab_ema500_3d_symmetric_exit,4,100,4,4.0,4.0,1.0,68c15a0ca22cd55577fcabeee08d599336d7d998c21abacc9df1351cded420c0,870,870,0.5310344827586206896551724138,1.109249807609962644649045816,54,54,0.4862559960174761646275631011,-0.1548852881210996075780125207,482,0.5331950207468879668049792531,32,32,388,0.5283505154639175257731958763,22,22,run_0d567581bf5648af88e4e76a8ec90844,ema_pullback:fc3e0505085e191c083a97b9
w04-lb100-sym5,lab_ema500_3d_symmetric_exit,4,100,5,5.0,5.0,1.0,68c15a0ca22cd55577fcabeee08d599336d7d998c21abacc9df1351cded420c0,862,862,0.5127610208816705336426914153,1.055953037525188454221797029,22,22,0.2875320786137225466890668485,-0.1954981049356635818413073979,477,0.5283018867924528301886792453,27,27,385,0.4935064935064935064935064935,-5,-5,run_339b763412df46b48e9d0b54caf0bc50,ema_pullback:a85de22b0c530682c083e983
w04-lb110-sym3,lab_ema500_3d_symmetric_exit,4,110,3,3.0,3.0,1.0,68c15a0ca22cd55577fcabeee08d599336d7d998c21abacc9df1351cded420c0,847,847,0.5253837072018890200708382527,1.115463645049119491762157970,43,43,0.3496299779711439928139308096,-0.1130126450049390269186327924,470,0.5361702127659574468085106383,34,34,377,0.5119363395225464190981432361,9,9,run_63d2c22c25374770b9cdb2060311ffde,ema_pullback:f3c4d23d717327beae707983
w04-lb110-sym4,lab_ema500_3d_symmetric_exit,4,110,4,4.0,4.0,1.0,68c15a0ca22cd55577fcabeee08d599336d7d998c21abacc9df1351cded420c0,842,842,0.5320665083135391923990498812,1.111376252022767754581203439,54,54,0.4785445383814507288513490421,-0.1571334542778714208575256988,467,0.5353319057815845824411134904,33,33,375,0.528,21,21,run_3ccfa6eba0dc44c4bb472b670ab0603d,ema_pullback:8234ffca04713854b0288cee
w04-lb110-sym5,lab_ema500_3d_symmetric_exit,4,110,5,5.0,5.0,1.0,68c15a0ca22cd55577fcabeee08d599336d7d998c21abacc9df1351cded420c0,837,837,0.5113500597371565113500597372,1.051324629839588562847051354,19,19,0.2551278453918707923511612204,-0.1910503874479307408513490846,463,0.5291576673866090712742980562,27,27,374,0.4893048128342245989304812834,-8,-8,run_636c72914940428bae4d81451ee64d9a,ema_pullback:43f2889e605a856564e3cdbf
w04-lb120-sym3,lab_ema500_3d_symmetric_exit,4,120,3,3.0,3.0,1.0,68c15a0ca22cd55577fcabeee08d599336d7d998c21abacc9df1351cded420c0,816,816,0.5257352941176470588235294118,1.116926077581120999503334986,42,42,0.3415230857351816147451871356,-0.1029120948852105009901459261,451,0.5321507760532150776053215078,29,29,365,0.5178082191780821917808219178,13,13,run_8d297f3e149c49b0bf1b10bb1a70f205,ema_pullback:fae071a1755694d67d19ef7e
w04-lb120-sym4,lab_ema500_3d_symmetric_exit,4,120,4,4.0,4.0,1.0,68c15a0ca22cd55577fcabeee08d599336d7d998c21abacc9df1351cded420c0,812,812,0.5344827586206896551724137931,1.120793280520839495940208262,56,56,0.4986603439280389096708572832,-0.1263621562037659022945889673,449,0.5345211581291759465478841871,31,31,363,0.5344352617079889807162534435,25,25,run_c472289d81864309a109ef7b0c0bbc69,ema_pullback:594381122127ab38dab165d5
w04-lb120-sym5,lab_ema500_3d_symmetric_exit,4,120,5,5.0,5.0,1.0,68c15a0ca22cd55577fcabeee08d599336d7d998c21abacc9df1351cded420c0,808,808,0.5123762376237623762376237624,1.057506949147340024143171674,20,20,0.2735064439994718989065995195,-0.2023479430205215049073432665,446,0.5269058295964125560538116592,24,24,362,0.4944751381215469613259668508,-4,-4,run_e0b83ffde97e425db268ebb4a0ab0cbf,ema_pullback:768b079f81e966b7a8abfd8c
w04-lb130-sym3,lab_ema500_3d_symmetric_exit,4,130,3,3.0,3.0,1.0,68c15a0ca22cd55577fcabeee08d599336d7d998c21abacc9df1351cded420c0,783,783,0.5300127713920817369093231162,1.136732769510456721864625399,47,47,0.3894003582033647820989358824,-0.1031138808725547118304496898,434,0.5345622119815668202764976959,30,30,349,0.5243553008595988538681948424,17,17,run_5bd72b9c19c74dd2b739854b90392926,ema_pullback:387dd294257270af11ffdd97
w04-lb130-sym4,lab_ema500_3d_symmetric_exit,4,130,4,4.0,4.0,1.0,68c15a0ca22cd55577fcabeee08d599336d7d998c21abacc9df1351cded420c0,780,780,0.5358974358974358974358974359,1.124917523470855230402016638,56,56,0.4903533247004932336434399725,-0.1158979478872375669673827503,433,0.5357967667436489607390300231,31,31,347,0.5360230547550432276657060519,25,25,run_3cfa3ed5af0b43e291c34d77c85ccdff,ema_pullback:e819eff5d8e1228ef78202dc
w04-lb130-sym5,lab_ema500_3d_symmetric_exit,4,130,5,5.0,5.0,1.0,68c15a0ca22cd55577fcabeee08d599336d7d998c21abacc9df1351cded420c0,777,777,0.5173745173745173745173745174,1.079166048043940437449887386,27,27,0.372122963586055951837844577,-0.1878112747193785706128815004,430,0.5279069767441860465116279070,24,24,347,0.5043227665706051873198847262,3,3,run_2eede6a7923742b2855f1c72b7032d1d,ema_pullback:5846a900529acc9f3f0daa7f
w04-lb140-sym3,lab_ema500_3d_symmetric_exit,4,140,3,3.0,3.0,1.0,68c15a0ca22cd55577fcabeee08d599336d7d998c21abacc9df1351cded420c0,753,753,0.5272244355909694555112881806,1.135942871464148469667375276,41,41,0.3649309655464607280874406233,-0.0991215079257387916819980915,419,0.5322195704057279236276849642,27,27,334,0.5209580838323353293413173653,14,14,run_2953654ce7684f46a633543c62d9ffdf,ema_pullback:1c70416f2a7be0a17ba09be1
w04-lb140-sym4,lab_ema500_3d_symmetric_exit,4,140,4,4.0,4.0,1.0,68c15a0ca22cd55577fcabeee08d599336d7d998c21abacc9df1351cded420c0,750,750,0.5373333333333333333333333333,1.156711255476566089442046730,56,56,0.6131905696747017169980719469,-0.0994327023475499580195568322,418,0.5382775119617224880382775120,32,32,332,0.5361445783132530120481927711,24,24,run_0df58c974cb746fca9beb0227ddeb6fb,ema_pullback:543987afef7c63ff9742afa2
w04-lb140-sym5,lab_ema500_3d_symmetric_exit,4,140,5,5.0,5.0,1.0,68c15a0ca22cd55577fcabeee08d599336d7d998c21abacc9df1351cded420c0,747,747,0.5220883534136546184738955823,1.115502932202835074436930054,33,33,0.5560717501581895037270673756,-0.1814623472439890712249229941,415,0.5349397590361445783132530120,29,29,332,0.5060240963855421686746987952,4,4,run_b9c015f1b3fc4ff69115c58596d9de27,ema_pullback:09a7b9145b2e5a11569a63a7
w04-lb150-sym3,lab_ema500_3d_symmetric_exit,4,150,3,3.0,3.0,1.0,68c15a0ca22cd55577fcabeee08d599336d7d998c21abacc9df1351cded420c0,716,716,0.5223463687150837988826815642,1.117097603535696349023124621,32,32,0.2956921186859699490445405549,-0.0994819455364320278346188022,395,0.5291139240506329113924050633,23,23,321,0.5140186915887850467289719626,9,9,run_f3e04a890378457c85b4096a3797a1dd,ema_pullback:17bbb0353c945179ec827737
w04-lb150-sym4,lab_ema500_3d_symmetric_exit,4,150,4,4.0,4.0,1.0,68c15a0ca22cd55577fcabeee08d599336d7d998c21abacc9df1351cded420c0,713,713,0.5301542776998597475455820477,1.141146999238401163715409959,43,43,0.5220282462746039842904787812,-0.1024707508695432733666074043,394,0.5279187817258883248730964467,22,22,319,0.5329153605015673981191222571,21,21,run_06234ec11cfe440292d7ba47a3c857be,ema_pullback:6263eb6efa1adca68f9e9f38
w04-lb150-sym5,lab_ema500_3d_symmetric_exit,4,150,5,5.0,5.0,1.0,68c15a0ca22cd55577fcabeee08d599336d7d998c21abacc9df1351cded420c0,711,711,0.5189873417721518987341772152,1.107294881667194630393318304,27,27,0.494692465692212486108492113,-0.1953605275497499913979226447,392,0.5306122448979591836734693878,24,24,319,0.5047021943573667711598746082,3,3,run_f103eccf451e4f3da9d66af96c160a7b,ema_pullback:653ee98e909fecb2cfb3a923
w04-lb160-sym3,lab_ema500_3d_symmetric_exit,4,160,3,3.0,3.0,1.0,68c15a0ca22cd55577fcabeee08d599336d7d998c21abacc9df1351cded420c0,686,686,0.5204081632653061224489795918,1.105220585410176024195709160,28,28,0.2567777121461579390998419085,-0.1163149769466910167540125702,374,0.5267379679144385026737967914,20,20,312,0.5128205128205128205128205128,8,8,run_6adcbce0598f453a9e58c6cb5d9a9d8a,ema_pullback:680b2a8669f6629af7299bde
w04-lb160-sym4,lab_ema500_3d_symmetric_exit,4,160,4,4.0,4.0,1.0,68c15a0ca22cd55577fcabeee08d599336d7d998c21abacc9df1351cded420c0,683,683,0.5300146412884333821376281113,1.134870168053504816661127080,41,41,0.4771024138367908990860646175,-0.1068961740286989955965902144,373,0.5254691689008042895442359249,19,19,310,0.5354838709677419354838709677,22,22,run_1d4202f139904e23809ceadc71bbbe1a,ema_pullback:b4b6d40b01b5c7efd0f0d43c
w04-lb160-sym5,lab_ema500_3d_symmetric_exit,4,160,5,5.0,5.0,1.0,68c15a0ca22cd55577fcabeee08d599336d7d998c21abacc9df1351cded420c0,681,681,0.5212922173274596182085168869,1.107730860700202979716308189,29,29,0.4866710093423283269620718369,-0.2178864735270249850849645296,371,0.5309973045822102425876010782,23,23,310,0.5096774193548387096774193548,6,6,run_23973227bc754563b36f9bcc93c2b23a,ema_pullback:46c7d142e519cde426b8d66b
w04-lb170-sym3,lab_ema500_3d_symmetric_exit,4,170,3,3.0,3.0,1.0,68c15a0ca22cd55577fcabeee08d599336d7d998c21abacc9df1351cded420c0,666,666,0.5210210210210210210210210210,1.111431194295502633538953377,28,28,0.2652539852665844773394215628,-0.1099547289078487989300839117,364,0.5274725274725274725274725275,20,20,302,0.5132450331125827814569536424,8,8,run_d2778b6567ad4a3a8f46077487b518be,ema_pullback:c8da2c98befbc249758db7bb
w04-lb170-sym4,lab_ema500_3d_symmetric_exit,4,170,4,4.0,4.0,1.0,68c15a0ca22cd55577fcabeee08d599336d7d998c21abacc9df1351cded420c0,663,663,0.5324283559577677224736048265,1.146231392314688792519625469,43,43,0.513841417256851231472925748,-0.1175442066898639226179000372,363,0.5316804407713498622589531680,23,23,300,0.5333333333333333333333333333,20,20,run_7b24f9b6180b4b299c876e3455b4650b,ema_pullback:02115feac6ba219842feb6c0
w04-lb170-sym5,lab_ema500_3d_symmetric_exit,4,170,5,5.0,5.0,1.0,68c15a0ca22cd55577fcabeee08d599336d7d998c21abacc9df1351cded420c0,661,661,0.5219364599092284417549167927,1.114167315409417874812634847,29,29,0.509384804844436251976829441,-0.2227236574008316774011215400,361,0.5346260387811634349030470914,25,25,300,0.5066666666666666666666666667,4,4,run_c210eda5b1564b61ae21cb4d7b997aa9,ema_pullback:75fb66cba07ec7942c9fad3b
w04-lb180-sym3,lab_ema500_3d_symmetric_exit,4,180,3,3.0,3.0,1.0,68c15a0ca22cd55577fcabeee08d599336d7d998c21abacc9df1351cded420c0,646,646,0.5170278637770897832817337461,1.093053006129549330620614284,22,22,0.2147904978130732906227831623,-0.1373924661456617576956802415,358,0.5195530726256983240223463687,14,14,288,0.5138888888888888888888888889,8,8,run_a15cd978217e47a2a41783ec604ae34e,ema_pullback:2c932fdaf82c4d75c6c0b4a0
w04-lb180-sym4,lab_ema500_3d_symmetric_exit,4,180,4,4.0,4.0,1.0,68c15a0ca22cd55577fcabeee08d599336d7d998c21abacc9df1351cded420c0,643,643,0.5287713841368584758942457232,1.128113629534648832119239084,37,37,0.4341705195470867069821379315,-0.1250777019744010505566649864,357,0.5238095238095238095238095238,17,17,286,0.5349650349650349650349650350,20,20,run_000a3c8419de469b8f2c3464445074b4,ema_pullback:7ab17824f35a33a0de8d80ad
w04-lb180-sym5,lab_ema500_3d_symmetric_exit,4,180,5,5.0,5.0,1.0,68c15a0ca22cd55577fcabeee08d599336d7d998c21abacc9df1351cded420c0,641,641,0.5195007800312012480499219969,1.095703268812024146816683452,25,25,0.4172782042534380415970257843,-0.2148880736997343524686190960,355,0.5267605633802816901408450704,19,19,286,0.5104895104895104895104895105,6,6,run_386ff45c5acd44fcb9865e1a25ee0046,ema_pullback:efde2ae409518d030b7520d2
w04-lb190-sym3,lab_ema500_3d_symmetric_exit,4,190,3,3.0,3.0,1.0,68c15a0ca22cd55577fcabeee08d599336d7d998c21abacc9df1351cded420c0,628,628,0.5143312101910828025477707006,1.074271312935817851841484776,18,18,0.1634620208984414018709070039,-0.1455369868172016941633113258,349,0.5157593123209169054441260745,11,11,279,0.5125448028673835125448028674,7,7,run_0c30b9af8f3d4a23b7ab0a2b2b97664b,ema_pullback:aed08980f1389bb000452190
w04-lb190-sym4,lab_ema500_3d_symmetric_exit,4,190,4,4.0,4.0,1.0,68c15a0ca22cd55577fcabeee08d599336d7d998c21abacc9df1351cded420c0,625,625,0.5248,1.108023805597079229841127582,31,31,0.3418015101721471157232930468,-0.1286173567994316779731837774,348,0.5172413793103448275862068966,12,12,277,0.5342960288808664259927797834,19,19,run_fb4730eff9a34653ae36390f06f87990,ema_pullback:6eada30e0e4557d24f5c4065
w04-lb190-sym5,lab_ema500_3d_symmetric_exit,4,190,5,5.0,5.0,1.0,68c15a0ca22cd55577fcabeee08d599336d7d998c21abacc9df1351cded420c0,623,623,0.5136436597110754414125200642,1.070239364778813443865820489,17,17,0.2820466437218252273443841102,-0.2547315198764599393547259782,346,0.5202312138728323699421965318,14,14,277,0.5054151624548736462093862816,3,3,run_2db7c2761f3041d0b4d56bb30c4159e0,ema_pullback:4a704921454b8014bb4bd6e0
w04-lb200-sym3,lab_ema500_3d_symmetric_exit,4,200,3,3.0,3.0,1.0,68c15a0ca22cd55577fcabeee08d599336d7d998c21abacc9df1351cded420c0,608,608,0.5131578947368421052631578947,1.062968401689693737261202913,16,16,0.1322521489801049585770320736,-0.1432807142692814685555852687,338,0.5207100591715976331360946746,14,14,270,0.5037037037037037037037037037,2,2,run_216e6cc4a1ae4577bbdd391182ce8a5d,ema_pullback:6e14264e42ebf0a591a0cb30
w04-lb200-sym4,lab_ema500_3d_symmetric_exit,4,200,4,4.0,4.0,1.0,68c15a0ca22cd55577fcabeee08d599336d7d998c21abacc9df1351cded420c0,606,606,0.5231023102310231023102310231,1.096302649588683920788659173,28,28,0.2882817350887798495702316377,-0.1250450639463396995576764352,337,0.5222551928783382789317507418,15,15,269,0.5241635687732342007434944238,13,13,run_2e80ebcc6fef4e0397a5c076d1c96d5c,ema_pullback:51aa8034d9caa586e6e654bf
w04-lb200-sym5,lab_ema500_3d_symmetric_exit,4,200,5,5.0,5.0,1.0,68c15a0ca22cd55577fcabeee08d599336d7d998c21abacc9df1351cded420c0,604,604,0.5132450331125827814569536424,1.061566652890382417754835398,16,16,0.2364617657653795496224849378,-0.3017475889922521618498949191,335,0.5223880597014925373134328358,15,15,269,0.5018587360594795539033457249,1,1,run_b218c54024824a06aedaab13f6e62dfe,ema_pullback:b5c825f0a8586beb38c8b627
w04-lb210-sym3,lab_ema500_3d_symmetric_exit,4,210,3,3.0,3.0,1.0,68c15a0ca22cd55577fcabeee08d599336d7d998c21abacc9df1351cded420c0,591,591,0.5093062605752961082910321489,1.050528137416891268339598011,11,11,0.1017292719786380621309980388,-0.1322006669541527110992827044,328,0.5152439024390243902439024390,10,10,263,0.5019011406844106463878326996,1,1,run_cbff5f99fdd14866b50b7a203075de27,ema_pullback:cf4cb9ba0a2528769b35bf63
w04-lb210-sym4,lab_ema500_3d_symmetric_exit,4,210,4,4.0,4.0,1.0,68c15a0ca22cd55577fcabeee08d599336d7d998c21abacc9df1351cded420c0,589,589,0.5212224108658743633276740238,1.089099836163073352045257511,25,25,0.2549618229386498156922854733,-0.1271460682422505687281527949,327,0.5198776758409785932721712538,13,13,262,0.5229007633587786259541984733,12,12,run_619a6be6d14e4e429f67344985e99baf,ema_pullback:006821477802d0001e37e5f2
w04-lb210-sym5,lab_ema500_3d_symmetric_exit,4,210,5,5.0,5.0,1.0,68c15a0ca22cd55577fcabeee08d599336d7d998c21abacc9df1351cded420c0,587,587,0.5110732538330494037478705281,1.055830804200278280350068158,13,13,0.2050489069172788316248627116,-0.2843231070357235624333239992,325,0.52,13,13,262,0.5,0,0,run_6de8972d3eb04c49b3c06f89a01678a9,ema_pullback:589dc1e671a323aceaebb695
w04-lb220-sym3,lab_ema500_3d_symmetric_exit,4,220,3,3.0,3.0,1.0,68c15a0ca22cd55577fcabeee08d599336d7d998c21abacc9df1351cded420c0,564,564,0.5088652482269503546099290780,1.035202687402724704357359450,10,10,0.06511131521471560537743871874,-0.1058372628713902035593915423,312,0.5192307692307692307692307692,12,12,252,0.4960317460317460317460317460,-2,-2,run_a7e33923e08044828400adfcd933d323,ema_pullback:656d316f72b6d1ca1639d0db
w04-lb220-sym4,lab_ema500_3d_symmetric_exit,4,220,4,4.0,4.0,1.0,68c15a0ca22cd55577fcabeee08d599336d7d998c21abacc9df1351cded420c0,562,562,0.5284697508896797153024911032,1.092658711771089208206163579,32,32,0.2426294454560168099553613737,-0.1073913676805706313619388952,311,0.5305466237942122186495176849,19,19,251,0.5258964143426294820717131474,13,13,run_a06d6cd14a8d4ddbb91dae5596233bcd,ema_pullback:fcf682f60ef79c6b3662ec06
w04-lb220-sym5,lab_ema500_3d_symmetric_exit,4,220,5,5.0,5.0,1.0,68c15a0ca22cd55577fcabeee08d599336d7d998c21abacc9df1351cded420c0,560,560,0.5196428571428571428571428571,1.071738932831892438271267390,22,22,0.2453501597090274531734544484,-0.2644565053158715063331493195,309,0.5339805825242718446601941748,21,21,251,0.5019920318725099601593625498,1,1,run_241149f6968e4736bc96bd4fdff02d10,ema_pullback:858458c82c1a4be4f88e69cb
w04-lb230-sym3,lab_ema500_3d_symmetric_exit,4,230,3,3.0,3.0,1.0,68c15a0ca22cd55577fcabeee08d599336d7d998c21abacc9df1351cded420c0,546,546,0.5091575091575091575091575092,1.030419559835306285828671344,10,10,0.05375836850728883682605652986,-0.1093881837750116806955720683,298,0.5234899328859060402684563758,14,14,248,0.4919354838709677419354838710,-4,-4,run_3ffdbab057254467b4bb08fb878967e1,ema_pullback:31a754d22ded87ecbd76b91c
w04-lb230-sym4,lab_ema500_3d_symmetric_exit,4,230,4,4.0,4.0,1.0,68c15a0ca22cd55577fcabeee08d599336d7d998c21abacc9df1351cded420c0,545,545,0.5266055045871559633027522936,1.072030424305144791647048068,29,29,0.1784632728266525275986994551,-0.1231460086079670538356872066,298,0.5302013422818791946308724832,18,18,247,0.5222672064777327935222672065,11,11,run_1fffda904baf4bc08a6aed687c8bada5,ema_pullback:569cbbd55838f8696458f329
w04-lb230-sym5,lab_ema500_3d_symmetric_exit,4,230,5,5.0,5.0,1.0,68c15a0ca22cd55577fcabeee08d599336d7d998c21abacc9df1351cded420c0,543,543,0.5156537753222836095764272560,1.050908001663344581230004010,17,17,0.1621921025338772015178924559,-0.2413204418071222234130725922,296,0.5304054054054054054054054054,18,18,247,0.4979757085020242914979757085,-1,-1,run_9135a85fb1c14ad78a9a6cfb2d5aded9,ema_pullback:0e12a0439f7a8f9a3209e1c9
w04-lb240-sym3,lab_ema500_3d_symmetric_exit,4,240,3,3.0,3.0,1.0,68c15a0ca22cd55577fcabeee08d599336d7d998c21abacc9df1351cded420c0,530,530,0.5037735849056603773584905660,1.010871555278894084619438789,4,4,0.01872248100137807009442062443,-0.1257418243651049522810298986,289,0.5155709342560553633217993080,9,9,241,0.4896265560165975103734439834,-5,-5,run_a59a27ec2fac4ab49fa53c930b3180d6,ema_pullback:b877886819b4f56ed96c4683
w04-lb240-sym4,lab_ema500_3d_symmetric_exit,4,240,4,4.0,4.0,1.0,68c15a0ca22cd55577fcabeee08d599336d7d998c21abacc9df1351cded420c0,529,529,0.5255198487712665406427221172,1.067156395165489583027484040,27,27,0.1613245319414685487403897235,-0.1231460086079670538356872062,289,0.5259515570934256055363321799,15,15,240,0.525,12,12,run_81bcefe620fd4c71b38ca358493bf466,ema_pullback:c8ed0e923183ae7dcec76079
w04-lb240-sym5,lab_ema500_3d_symmetric_exit,4,240,5,5.0,5.0,1.0,68c15a0ca22cd55577fcabeee08d599336d7d998c21abacc9df1351cded420c0,527,527,0.5104364326375711574952561670,1.032061446411873236999808864,11,11,0.09879902202017811804192750276,-0.2552213233213793736494635241,287,0.5226480836236933797909407666,13,13,240,0.4958333333333333333333333333,-2,-2,run_2a1e4e6424f844d4a40edd5ed9720293,ema_pullback:4d953dcdb33cbadc21ae580f
w04-lb250-sym3,lab_ema500_3d_symmetric_exit,4,250,3,3.0,3.0,1.0,68c15a0ca22cd55577fcabeee08d599336d7d998c21abacc9df1351cded420c0,507,507,0.4990138067061143984220907298,0.9949566867891358352130591933,-1,-1,-0.008370315494923168418454536408,-0.1581021746589816667051945897,277,0.5162454873646209386281588448,9,9,230,0.4782608695652173913043478261,-10,-10,run_e5d772043009400facda6eaaa156ccaf,ema_pullback:0debe2b7a1598b49bddbe34c
w04-lb250-sym4,lab_ema500_3d_symmetric_exit,4,250,4,4.0,4.0,1.0,68c15a0ca22cd55577fcabeee08d599336d7d998c21abacc9df1351cded420c0,506,506,0.5197628458498023715415019763,1.045938856273100846636964775,20,20,0.106020041822502496984860787,-0.1458838515618171204047401901,277,0.5234657039711191335740072202,13,13,229,0.5152838427947598253275109170,7,7,run_48904d30d09644a090a165dafaf38c7c,ema_pullback:7f3708f39e3a81680c9070c1
w04-lb250-sym5,lab_ema500_3d_symmetric_exit,4,250,5,5.0,5.0,1.0,68c15a0ca22cd55577fcabeee08d599336d7d998c21abacc9df1351cded420c0,504,504,0.5059523809523809523809523810,1.025643918337161665290675951,6,6,0.07584291597979294665254918874,-0.2852657023112598841835219076,275,0.5163636363636363636363636364,9,9,229,0.4934497816593886462882096070,-3,-3,run_4dc3926541a142ea84a6c908ea68d6b7,ema_pullback:98ac44b5ba3a342271c55c3a
w04-lb260-sym3,lab_ema500_3d_symmetric_exit,4,260,3,3.0,3.0,1.0,68c15a0ca22cd55577fcabeee08d599336d7d998c21abacc9df1351cded420c0,486,486,0.5041152263374485596707818930,1.005820448199586764004619977,4,4,0.009355146270281373764342190612,-0.1490620420412865165032005579,263,0.5171102661596958174904942966,9,9,223,0.4887892376681614349775784753,-5,-5,run_2dcd6503dbd64f90b52baa1d8a01090f,ema_pullback:f42078007ec0160eeb6a216f
w04-lb260-sym4,lab_ema500_3d_symmetric_exit,4,260,4,4.0,4.0,1.0,68c15a0ca22cd55577fcabeee08d599336d7d998c21abacc9df1351cded420c0,485,485,0.5278350515463917525773195876,1.071748608001704686147395085,27,27,0.1621868248770123894433075566,-0.1237676501627658932521899523,263,0.5247148288973384030418250951,13,13,222,0.5315315315315315315315315315,14,14,run_60fab801dc064088a840780ba10ce30a,ema_pullback:0838aa837e44a263bd5eefa8
w04-lb260-sym5,lab_ema500_3d_symmetric_exit,4,260,5,5.0,5.0,1.0,68c15a0ca22cd55577fcabeee08d599336d7d998c21abacc9df1351cded420c0,483,483,0.5134575569358178053830227743,1.049672186961801031373732086,13,13,0.1447339167960395727140865906,-0.2644921871315174587565484529,261,0.5172413793103448275862068966,9,9,222,0.5090090090090090090090090090,4,4,run_375a3a1682fc49adb6171815e4d0c2e0,ema_pullback:823e3eb9dc487fc5d9fab001
w04-lb270-sym3,lab_ema500_3d_symmetric_exit,4,270,3,3.0,3.0,1.0,68c15a0ca22cd55577fcabeee08d599336d7d998c21abacc9df1351cded420c0,466,466,0.5085836909871244635193133047,1.011318630693626931216147977,8,8,0.01710652761107926072124713671,-0.1311259620558596923336423669,256,0.5234375,12,12,210,0.4904761904761904761904761905,-4,-4,run_d1d8acaea01c4a71b02e497718cfb0f3,ema_pullback:b27d47f5d2b9ce9b9ac77835
w04-lb270-sym4,lab_ema500_3d_symmetric_exit,4,270,4,4.0,4.0,1.0,68c15a0ca22cd55577fcabeee08d599336d7d998c21abacc9df1351cded420c0,465,465,0.5268817204301075268817204301,1.061665299714459839744935842,25,25,0.1310039625767012242109503959,-0.1147376893980491336713007742,256,0.52734375,14,14,209,0.5263157894736842105263157895,11,11,run_e991101369e342c0991404d9f9554a11,ema_pullback:35d9fbf22fdc811a5e1109fd
w04-lb270-sym5,lab_ema500_3d_symmetric_exit,4,270,5,5.0,5.0,1.0,68c15a0ca22cd55577fcabeee08d599336d7d998c21abacc9df1351cded420c0,463,463,0.5140388768898488120950323974,1.060642796015874730335305375,13,13,0.1677007305357618125126278626,-0.2498448590663151889220585356,254,0.5236220472440944881889763780,12,12,209,0.5023923444976076555023923445,1,1,run_0dd45028faca43ab856b1608d27c3a2d,ema_pullback:b7115c767ef7543e8bb15e2d
w04-lb280-sym3,lab_ema500_3d_symmetric_exit,4,280,3,3.0,3.0,1.0,68c15a0ca22cd55577fcabeee08d599336d7d998c21abacc9df1351cded420c0,436,436,0.5137614678899082568807339450,1.011965056761707119981131462,12,12,0.01714550883968549732067196505,-0.1177962781084620571914929464,241,0.5269709543568464730290456432,13,13,195,0.4974358974358974358974358974,-1,-1,run_8f18819bf03e4557be08fc2b788d3661,ema_pullback:1d86f26cd5a78142d7287ece
w04-lb280-sym4,lab_ema500_3d_symmetric_exit,4,280,4,4.0,4.0,1.0,68c15a0ca22cd55577fcabeee08d599336d7d998c21abacc9df1351cded420c0,435,435,0.5310344827586206896551724138,1.065980776949345511449438667,27,27,0.1326033761752271983540721504,-0.1146091104475299411707260516,241,0.5352697095435684647302904564,17,17,194,0.5257731958762886597938144330,10,10,run_4b3dc8f9265143a3b438c4742840114e,ema_pullback:c79d9e8adb37151cab9a8fc6
w04-lb280-sym5,lab_ema500_3d_symmetric_exit,4,280,5,5.0,5.0,1.0,68c15a0ca22cd55577fcabeee08d599336d7d998c21abacc9df1351cded420c0,433,433,0.5173210161662817551963048499,1.059398339659382152395241786,15,15,0.1539381378384985527841072007,-0.2268591509177439545378604148,239,0.5313807531380753138075313808,15,15,194,0.5,0,0,run_eaac7669b16642e5891dbfc11adf76e5,ema_pullback:76154549cc8869d1077c083c
w04-lb290-sym3,lab_ema500_3d_symmetric_exit,4,290,3,3.0,3.0,1.0,68c15a0ca22cd55577fcabeee08d599336d7d998c21abacc9df1351cded420c0,417,417,0.5083932853717026378896882494,0.9973487098566987595297230832,7,7,-0.003682133431361134838096073155,-0.1222443471663417462781989250,231,0.5238095238095238095238095238,11,11,186,0.4892473118279569892473118280,-4,-4,run_5e442f15693142219d861283263e06c1,ema_pullback:e811503d25a4641a76a0bd17
w04-lb290-sym4,lab_ema500_3d_symmetric_exit,4,290,4,4.0,4.0,1.0,68c15a0ca22cd55577fcabeee08d599336d7d998c21abacc9df1351cded420c0,416,416,0.53125,1.071386291148218115915332881,26,26,0.140130793832756596221472259,-0.1172762696342400894021874851,231,0.5367965367965367965367965368,17,17,185,0.5243243243243243243243243243,9,9,run_f1d6795a90d04287ab4c2cdb71c483f1,ema_pullback:fbc0056b15071a91c8dfa3ce
w04-lb290-sym5,lab_ema500_3d_symmetric_exit,4,290,5,5.0,5.0,1.0,68c15a0ca22cd55577fcabeee08d599336d7d998c21abacc9df1351cded420c0,414,414,0.5169082125603864734299516908,1.069236146574380407690193978,14,14,0.1761547368764743790791552755,-0.1962831033228570702871206325,229,0.5327510917030567685589519651,15,15,185,0.4972972972972972972972972973,-1,-1,run_1cb79750c9f14d83acf8e0a229fa080c,ema_pullback:28fe2ab905c286d11b7dbb01
w04-lb300-sym3,lab_ema500_3d_symmetric_exit,4,300,3,3.0,3.0,1.0,68c15a0ca22cd55577fcabeee08d599336d7d998c21abacc9df1351cded420c0,398,398,0.5025125628140703517587939698,0.9862895941778682584822436814,2,2,-0.01828173510174330043492822702,-0.1387278950235565193005382087,223,0.5201793721973094170403587444,9,9,175,0.48,-7,-7,run_bd4cd4ca36d141fcbfe6b45f58d25f5b,ema_pullback:408f30843490bee581e4bf22
w04-lb300-sym4,lab_ema500_3d_symmetric_exit,4,300,4,4.0,4.0,1.0,68c15a0ca22cd55577fcabeee08d599336d7d998c21abacc9df1351cded420c0,397,397,0.5264483627204030226700251889,1.053545718464630377275645749,21,21,0.09939065341055186243165864854,-0.1140072070811946672260750657,223,0.5336322869955156950672645740,15,15,174,0.5172413793103448275862068966,6,6,run_b992a5cf281c4478851fdaf1c5d1844b,ema_pullback:1fd0a6e138be9d3f85b606d2
w04-lb300-sym5,lab_ema500_3d_symmetric_exit,4,300,5,5.0,5.0,1.0,68c15a0ca22cd55577fcabeee08d599336d7d998c21abacc9df1351cded420c0,395,395,0.5088607594936708860759493671,1.036241673408481302943075197,7,7,0.08732748889926960046256603679,-0.2350288826560908847744958466,221,0.5294117647058823529411764706,13,13,174,0.4827586206896551724137931034,-6,-6,run_85cc57eddb314588983092b50fd966a8,ema_pullback:c94f49ef89ad83edf424438c
w05-lb020-sym3,lab_ema500_3d_symmetric_exit,5,20,3,3.0,3.0,1.0,68c15a0ca22cd55577fcabeee08d599336d7d998c21abacc9df1351cded420c0,1301,1301,0.5134511913912375096079938509,1.067990787184437892090194585,35,35,0.2836888636422944549928596334,-0.0934223396426648664253591833,729,0.5240054869684499314128943759,35,35,572,0.5,0,0,run_ae359c57d7b74b62bf10e6ccd54fa8c5,ema_pullback:ad890135e5e6c285b34db1db
w05-lb020-sym4,lab_ema500_3d_symmetric_exit,5,20,4,4.0,4.0,1.0,68c15a0ca22cd55577fcabeee08d599336d7d998c21abacc9df1351cded420c0,1238,1238,0.5226171243941841680129240711,1.094060408754662803282583861,56,56,0.5601617075277660417925283459,-0.1544709073312943697988116238,688,0.5276162790697674418604651163,38,38,550,0.5163636363636363636363636364,18,18,run_84dc74a8f6d14255802d2f82c576e9a4,ema_pullback:24a2a70a6b57e9fcc1069e64
w05-lb020-sym5,lab_ema500_3d_symmetric_exit,5,20,5,5.0,5.0,1.0,68c15a0ca22cd55577fcabeee08d599336d7d998c21abacc9df1351cded420c0,1134,1134,0.5026455026455026455026455026,1.050940418089874231766399059,6,6,0.3257006018472510384317866897,-0.1998005162020539877773406036,633,0.5071090047393364928909952607,9,9,501,0.4970059880239520958083832335,-3,-3,run_ba87209d5d8340cc9ef528da0f704ca0,ema_pullback:508b193fd5edf66959cbceaf
w05-lb030-sym3,lab_ema500_3d_symmetric_exit,5,30,3,3.0,3.0,1.0,68c15a0ca22cd55577fcabeee08d599336d7d998c21abacc9df1351cded420c0,1181,1181,0.5088907705334462320067739204,1.057038441567863273644623325,21,21,0.2228320114982812749881535139,-0.1295514717189008448339770431,664,0.5180722891566265060240963855,24,24,517,0.4970986460348162475822050290,-3,-3,run_6f20f3134f9e4160bd67abda8cded430,ema_pullback:2c53c38f18139e495255ecba
w05-lb030-sym4,lab_ema500_3d_symmetric_exit,5,30,4,4.0,4.0,1.0,68c15a0ca22cd55577fcabeee08d599336d7d998c21abacc9df1351cded420c0,1147,1147,0.5204882301656495204882301656,1.093246694961694280569390246,47,47,0.5317518481154033795667140845,-0.1600387559858111921847435067,637,0.5227629513343799058084772370,29,29,510,0.5176470588235294117647058824,18,18,run_9557185caa6042ab8180787da45b6a6d,ema_pullback:950e481ddf38a71ee90e2476
w05-lb030-sym5,lab_ema500_3d_symmetric_exit,5,30,5,5.0,5.0,1.0,68c15a0ca22cd55577fcabeee08d599336d7d998c21abacc9df1351cded420c0,1075,1075,0.4986046511627906976744186047,1.044038113993065904907019652,-3,-3,0.2677678152042622329283838901,-0.1875863392323577345908634817,598,0.5033444816053511705685618729,4,4,477,0.4926624737945492662473794549,-7,-7,run_ded53d910fc94bd8abfcf44f841a85f8,ema_pullback:2d2d20462dee6887d52f91aa
w05-lb040-sym3,lab_ema500_3d_symmetric_exit,5,40,3,3.0,3.0,1.0,68c15a0ca22cd55577fcabeee08d599336d7d998c21abacc9df1351cded420c0,1094,1094,0.5063985374771480804387568556,1.045293297095740473019794056,14,14,0.1594204404071051507575500098,-0.1428248287733564847729898096,611,0.5155482815057283142389525368,19,19,483,0.4948240165631469979296066253,-5,-5,run_fe96dd579fae4f48bcd9719004b32a4c,ema_pullback:52a67ace70dc29d93ce7ace9
w05-lb040-sym4,lab_ema500_3d_symmetric_exit,5,40,4,4.0,4.0,1.0,68c15a0ca22cd55577fcabeee08d599336d7d998c21abacc9df1351cded420c0,1074,1074,0.5242085661080074487895716946,1.099861752108403015218479549,52,52,0.5344391830686505076085366181,-0.1515553254660979282598685989,596,0.5268456375838926174496644295,32,32,478,0.5209205020920502092050209205,20,20,run_41a9ffbd35564634aceeb0653b496984,ema_pullback:f0c7737a1bc3f12a230ff94a
w05-lb040-sym5,lab_ema500_3d_symmetric_exit,5,40,5,5.0,5.0,1.0,68c15a0ca22cd55577fcabeee08d599336d7d998c21abacc9df1351cded420c0,1025,1025,0.5024390243902439024390243902,1.049611824772663042986514027,5,5,0.2853877161451307235906752777,-0.1825962756515365921587630314,571,0.5096322241681260945709281961,11,11,454,0.4933920704845814977973568282,-6,-6,run_82130acdc43f4fa7928b583c5e6247e2,ema_pullback:ef27ccea7e3d2b91dfaf91ea
w05-lb050-sym3,lab_ema500_3d_symmetric_exit,5,50,3,3.0,3.0,1.0,68c15a0ca22cd55577fcabeee08d599336d7d998c21abacc9df1351cded420c0,1026,1026,0.5077972709551656920077972710,1.047571243034817890068617533,16,16,0.1602142892974387771818807519,-0.1337411704762354828727731484,577,0.5147313691507798960138648180,17,17,449,0.4988864142538975501113585746,-1,-1,run_03584e282cd0479fb2ba09e77b439706,ema_pullback:3c81955cc52c8e508d4faed0
w05-lb050-sym4,lab_ema500_3d_symmetric_exit,5,50,4,4.0,4.0,1.0,68c15a0ca22cd55577fcabeee08d599336d7d998c21abacc9df1351cded420c0,1013,1013,0.5241855873642645607107601185,1.091481712164487829962815850,49,49,0.4592245049990698538879512549,-0.1529352586050968963794949099,568,0.5264084507042253521126760563,30,30,445,0.5213483146067415730337078652,19,19,run_2caf5dcd8a3e4f8daec92cfd8cd85f95,ema_pullback:be4132bff9b2920526f7ba2e
w05-lb050-sym5,lab_ema500_3d_symmetric_exit,5,50,5,5.0,5.0,1.0,68c15a0ca22cd55577fcabeee08d599336d7d998c21abacc9df1351cded420c0,981,981,0.4994903160040774719673802243,1.032866485179295570639773648,-1,-1,0.177938825485250262076233702,-0.1916399788001599214857402405,551,0.5099818511796733212341197822,11,11,430,0.4860465116279069767441860465,-12,-12,run_92521dd4d9714e65858107c52b260f5a,ema_pullback:a2ff1b227bc15e93b9cea701
w05-lb060-sym3,lab_ema500_3d_symmetric_exit,5,60,3,3.0,3.0,1.0,68c15a0ca22cd55577fcabeee08d599336d7d998c21abacc9df1351cded420c0,949,949,0.5015806111696522655426765016,1.020079293112859104082523975,3,3,0.05927252691747132789443168015,-0.1364311123070942786595417739,534,0.5149812734082397003745318352,16,16,415,0.4843373493975903614457831325,-13,-13,run_e32544b347ca4d1581a0a61bf49a6dcf,ema_pullback:7d8a2af51affcdaff2f8bad1
w05-lb060-sym4,lab_ema500_3d_symmetric_exit,5,60,4,4.0,4.0,1.0,68c15a0ca22cd55577fcabeee08d599336d7d998c21abacc9df1351cded420c0,941,941,0.5207226354941551540913921360,1.063484143507841143038575961,39,39,0.2779070288952128367870817613,-0.1601516637434523132969562660,528,0.5246212121212121212121212121,26,26,413,0.5157384987893462469733656174,13,13,run_077515baa3b64bd9ac3ea3222eb23da3,ema_pullback:b58b721b4dc61095473219a0
w05-lb060-sym5,lab_ema500_3d_symmetric_exit,5,60,5,5.0,5.0,1.0,68c15a0ca22cd55577fcabeee08d599336d7d998c21abacc9df1351cded420c0,923,923,0.5005417118093174431202600217,1.020422566756861223193815148,1,1,0.1024984878259467048840669842,-0.2075363347982413630236886273,517,0.5087040618955512572533849130,9,9,406,0.4901477832512315270935960591,-8,-8,run_fcaca9e7faa44df79df7bbf2a65814cd,ema_pullback:ab4651b999794667b6147c4e
w05-lb070-sym3,lab_ema500_3d_symmetric_exit,5,70,3,3.0,3.0,1.0,68c15a0ca22cd55577fcabeee08d599336d7d998c21abacc9df1351cded420c0,897,897,0.5061315496098104793756967670,1.028815117520398118646447402,11,11,0.08046156268962912493662097647,-0.1292837444789468569336781675,508,0.5137795275590551181102362205,14,14,389,0.4961439588688946015424164524,-3,-3,run_50e84d7ded86405f921e6350b18e3dc0,ema_pullback:a4be0d12569adcdc12e6d35b
w05-lb070-sym4,lab_ema500_3d_symmetric_exit,5,70,4,4.0,4.0,1.0,68c15a0ca22cd55577fcabeee08d599336d7d998c21abacc9df1351cded420c0,891,891,0.5241301907968574635241301908,1.070363504892245811892912720,43,43,0.2914719069304521865117823866,-0.1645267495627890660397141966,504,0.5218253968253968253968253968,22,22,387,0.5271317829457364341085271318,21,21,run_f4b68beccfd5420e913c8e79c7d16c73,ema_pullback:38dd647c4bc813b14750824d
w05-lb070-sym5,lab_ema500_3d_symmetric_exit,5,70,5,5.0,5.0,1.0,68c15a0ca22cd55577fcabeee08d599336d7d998c21abacc9df1351cded420c0,877,877,0.4994298745724059293044469783,1.007438177964208714484432480,-1,-1,0.03418796384556738778862810317,-0.2346169578701014933710838856,494,0.5040485829959514170040485830,4,4,383,0.4934725848563968668407310705,-5,-5,run_17a27d60aec34a9e871371c5fa605261,ema_pullback:baa85dd8d2066b472556017e
w05-lb080-sym3,lab_ema500_3d_symmetric_exit,5,80,3,3.0,3.0,1.0,68c15a0ca22cd55577fcabeee08d599336d7d998c21abacc9df1351cded420c0,863,863,0.5086906141367323290845886443,1.039147595447460170578099031,15,15,0.1057307178268066825996680429,-0.1227363145312406689222602667,485,0.5195876288659793814432989691,19,19,378,0.4947089947089947089947089947,-4,-4,run_8800b773e92b405fbd598bfcdb1d3c97,ema_pullback:7e1e4ba32244eb405f4cc925
w05-lb080-sym4,lab_ema500_3d_symmetric_exit,5,80,4,4.0,4.0,1.0,68c15a0ca22cd55577fcabeee08d599336d7d998c21abacc9df1351cded420c0,858,858,0.5256410256410256410256410256,1.079677613525618037200555364,44,44,0.3180221260328295733762598839,-0.1486563800592634037356393606,482,0.5248962655601659751037344398,24,24,376,0.5265957446808510638297872340,20,20,run_2f96fe0133fb46e7acecba36b4c0a781,ema_pullback:a075f8dc95c45959329ce604
w05-lb080-sym5,lab_ema500_3d_symmetric_exit,5,80,5,5.0,5.0,1.0,68c15a0ca22cd55577fcabeee08d599336d7d998c21abacc9df1351cded420c0,846,846,0.5023640661938534278959810875,1.013974250424732357861403712,4,4,0.06377937824167023388382965659,-0.2299038020203993425904883075,474,0.5105485232067510548523206751,10,10,372,0.4919354838709677419354838710,-6,-6,run_1ce84565891e456086e51e34d61e877a,ema_pullback:567efade80517cd24454bcb1
w05-lb090-sym3,lab_ema500_3d_symmetric_exit,5,90,3,3.0,3.0,1.0,68c15a0ca22cd55577fcabeee08d599336d7d998c21abacc9df1351cded420c0,820,820,0.5085365853658536585365853659,1.043034097806975258766223908,14,14,0.1123326240591648907351642464,-0.1074675090751788076391025601,462,0.5173160173160173160173160173,16,16,358,0.4972067039106145251396648045,-2,-2,run_9c72489affa9461da0f825e4354ed372,ema_pullback:335cbe58bdb03338591585fb
w05-lb090-sym4,lab_ema500_3d_symmetric_exit,5,90,4,4.0,4.0,1.0,68c15a0ca22cd55577fcabeee08d599336d7d998c21abacc9df1351cded420c0,816,816,0.5208333333333333333333333333,1.064537916287016657111209381,34,34,0.2420773833042348046236973976,-0.1490709010570824763953125514,460,0.5195652173913043478260869565,18,18,356,0.5224719101123595505617977528,16,16,run_60a272bf3b6543208619961b6aca7fa5,ema_pullback:12b95e11b69f7c10eb666d60
w05-lb090-sym5,lab_ema500_3d_symmetric_exit,5,90,5,5.0,5.0,1.0,68c15a0ca22cd55577fcabeee08d599336d7d998c21abacc9df1351cded420c0,807,807,0.4956629491945477075588599752,0.9911176358684102841360481394,-7,-7,-0.03789377045299040164048092366,-0.2416323032662669452827139795,454,0.5044052863436123348017621145,4,4,353,0.4844192634560906515580736544,-11,-11,run_0ffda03077a5402c9404ecd5496b13d6,ema_pullback:51ae15769447b3fca82a333e
w05-lb100-sym3,lab_ema500_3d_symmetric_exit,5,100,3,3.0,3.0,1.0,68c15a0ca22cd55577fcabeee08d599336d7d998c21abacc9df1351cded420c0,786,786,0.5127226463104325699745547074,1.063985879269899942776608805,20,20,0.1627633643195541456279454192,-0.0915605887068930913367523152,446,0.5201793721973094170403587444,18,18,340,0.5029411764705882352941176471,2,2,run_c6e45b47584a4153b8ce1f589d407f5a,ema_pullback:a9486a6ec09533908c2bf338
w05-lb100-sym4,lab_ema500_3d_symmetric_exit,5,100,4,4.0,4.0,1.0,68c15a0ca22cd55577fcabeee08d599336d7d998c21abacc9df1351cded420c0,782,782,0.5230179028132992327365728900,1.080230552602101753457838498,36,36,0.2916549052848030442014411748,-0.1316321185782913993410711307,444,0.5202702702702702702702702703,18,18,338,0.5266272189349112426035502959,18,18,run_bd450ead62de47dd858866df4fbd3368,ema_pullback:d5bd08567d574906590ce5a2
w05-lb100-sym5,lab_ema500_3d_symmetric_exit,5,100,5,5.0,5.0,1.0,68c15a0ca22cd55577fcabeee08d599336d7d998c21abacc9df1351cded420c0,774,774,0.4974160206718346253229974160,1.002321307778079227275835510,-4,-4,0.009623971585244327899746287323,-0.2370495087771952403958907243,439,0.5056947608200455580865603645,5,5,335,0.4865671641791044776119402985,-9,-9,run_eff31bffefff474f9b4e9fc5b87d0346,ema_pullback:5125ac8f8513ee8338c88f1e
w05-lb110-sym3,lab_ema500_3d_symmetric_exit,5,110,3,3.0,3.0,1.0,68c15a0ca22cd55577fcabeee08d599336d7d998c21abacc9df1351cded420c0,761,761,0.5177398160315374507227332457,1.083390636179915087775752197,27,27,0.209731585180356396788609428,-0.0897128406216290385352376080,433,0.5265588914549653579676674365,23,23,328,0.5060975609756097560975609756,4,4,run_3cd693723e3c40e9ba60cc42d8ea2d5d,ema_pullback:21b5aac168bd0a8d4b41aec2
w05-lb110-sym4,lab_ema500_3d_symmetric_exit,5,110,4,4.0,4.0,1.0,68c15a0ca22cd55577fcabeee08d599336d7d998c21abacc9df1351cded420c0,757,757,0.5257595772787318361955085865,1.086031540246502068250493430,39,39,0.3023827799373272834677377427,-0.1297893229185449415241082396,431,0.5243619489559164733178654292,21,21,326,0.5276073619631901840490797546,18,18,run_f397a2a469924a3a923ca8fd37cbe9da,ema_pullback:0806db13bf986d6096f38200
w05-lb110-sym5,lab_ema500_3d_symmetric_exit,5,110,5,5.0,5.0,1.0,68c15a0ca22cd55577fcabeee08d599336d7d998c21abacc9df1351cded420c0,752,752,0.4973404255319148936170212766,1.000228341483450881869397278,-4,-4,0.00091788097263044560509663406,-0.2401850901340951349404666382,427,0.5081967213114754098360655738,7,7,325,0.4830769230769230769230769231,-11,-11,run_42465d8e70c54432b66cc7c7233f91c9,ema_pullback:cfec5424bab2f794930bd75d
w05-lb120-sym3,lab_ema500_3d_symmetric_exit,5,120,3,3.0,3.0,1.0,68c15a0ca22cd55577fcabeee08d599336d7d998c21abacc9df1351cded420c0,735,735,0.5183673469387755102040816327,1.077000224888630499326087178,27,27,0.1885926297055485147264443399,-0.0862887347689154447170580954,417,0.5227817745803357314148681055,19,19,318,0.5125786163522012578616352201,8,8,run_284652622c424a1c8000789eb7f115a9,ema_pullback:88b365043d41c791c1bb541b
w05-lb120-sym4,lab_ema500_3d_symmetric_exit,5,120,4,4.0,4.0,1.0,68c15a0ca22cd55577fcabeee08d599336d7d998c21abacc9df1351cded420c0,732,732,0.5286885245901639344262295082,1.087906274254648610673995072,42,42,0.2997324031253210232552336151,-0.1256342253582697724614135967,416,0.5240384615384615384615384615,20,20,316,0.5348101265822784810126582278,22,22,run_320379457a05448e9c3818513facc94b,ema_pullback:062296117f3ca94796a550b3
w05-lb120-sym5,lab_ema500_3d_symmetric_exit,5,120,5,5.0,5.0,1.0,68c15a0ca22cd55577fcabeee08d599336d7d998c21abacc9df1351cded420c0,728,728,0.4986263736263736263736263736,0.9989507522024272622815685429,-2,-2,-0.004074937656727649201959962607,-0.2504406673135512038196465042,413,0.5060532687651331719128329298,5,5,315,0.4888888888888888888888888889,-7,-7,run_3953466ac45148338c37cd78cd77e66f,ema_pullback:daef055037772e9fda6a1a15
w05-lb130-sym3,lab_ema500_3d_symmetric_exit,5,130,3,3.0,3.0,1.0,68c15a0ca22cd55577fcabeee08d599336d7d998c21abacc9df1351cded420c0,704,704,0.5213068181818181818181818182,1.087666848078628625949814549,30,30,0.2077122871634771866224141475,-0.0874254519257495445666367824,400,0.525,20,20,304,0.5164473684210526315789473684,10,10,run_8cda4942bf064d85beb278e4dfd1902d,ema_pullback:b81fdf87bd2d9721ce0dc3d6
w05-lb130-sym4,lab_ema500_3d_symmetric_exit,5,130,4,4.0,4.0,1.0,68c15a0ca22cd55577fcabeee08d599336d7d998c21abacc9df1351cded420c0,701,701,0.5278174037089871611982881598,1.080737561279470769592933559,39,39,0.258873297863466679380511361,-0.1256342253582697724614135966,399,0.5238095238095238095238095238,19,19,302,0.5331125827814569536423841060,20,20,run_5b80d74f1c9143238eed8a566f221f52,ema_pullback:2c8125fc7443bde26e0aad7b
w05-lb130-sym5,lab_ema500_3d_symmetric_exit,5,130,5,5.0,5.0,1.0,68c15a0ca22cd55577fcabeee08d599336d7d998c21abacc9df1351cded420c0,698,698,0.5028653295128939828080229226,1.010690266416964323105646310,4,4,0.0404138730944661231458586668,-0.2449942024342694921289363586,396,0.5075757575757575757575757576,6,6,302,0.4966887417218543046357615894,-2,-2,run_1fbb347b6f69418eae048cf3321d70d1,ema_pullback:bf8ae7b11ac0fd17a557d10d
w05-lb140-sym3,lab_ema500_3d_symmetric_exit,5,140,3,3.0,3.0,1.0,68c15a0ca22cd55577fcabeee08d599336d7d998c21abacc9df1351cded420c0,681,681,0.5139500734214390602055800294,1.065280346292321072257053107,19,19,0.1471147478664366155185928461,-0.0874254519257495445666367874,387,0.5167958656330749354005167959,13,13,294,0.5102040816326530612244897959,6,6,run_49744f907e6a46f2910e1d44c57d3a49,ema_pullback:fa0be504e1ba9d5c8e33bd7d
w05-lb140-sym4,lab_ema500_3d_symmetric_exit,5,140,4,4.0,4.0,1.0,68c15a0ca22cd55577fcabeee08d599336d7d998c21abacc9df1351cded420c0,678,678,0.5235988200589970501474926254,1.087240782659900792408852101,32,32,0.2794847836250338018578762598,-0.1212912979396659560023419377,386,0.5207253886010362694300518135,16,16,292,0.5273972602739726027397260274,16,16,run_feb91966b16b4c6eb904194df764ce61,ema_pullback:1411086bcdb761da1efafbc6
w05-lb140-sym5,lab_ema500_3d_symmetric_exit,5,140,5,5.0,5.0,1.0,68c15a0ca22cd55577fcabeee08d599336d7d998c21abacc9df1351cded420c0,675,675,0.5022222222222222222222222222,1.023447773149047230496964010,3,3,0.09050225894820033629420285403,-0.2486048448522869525968344698,383,0.5091383812010443864229765013,7,7,292,0.4931506849315068493150684932,-4,-4,run_e2bfcf281d8c462392decdbf4fee8689,ema_pullback:48ce6083b6fd5391290101bb
w05-lb150-sym3,lab_ema500_3d_symmetric_exit,5,150,3,3.0,3.0,1.0,68c15a0ca22cd55577fcabeee08d599336d7d998c21abacc9df1351cded420c0,653,653,0.5130168453292496171516079632,1.068892398756358440369326400,17,17,0.1511968298869312313496205812,-0.0938510935683088714729430804,368,0.5163043478260869565217391304,12,12,285,0.5087719298245614035087719298,5,5,run_1776552fb27a4d8895e16a2d19793d58,ema_pullback:d705a8c68a5cf9ea6b744619
w05-lb150-sym4,lab_ema500_3d_symmetric_exit,5,150,4,4.0,4.0,1.0,68c15a0ca22cd55577fcabeee08d599336d7d998c21abacc9df1351cded420c0,650,650,0.52,1.083658245954828611531017088,26,26,0.2603492913081897990667359373,-0.1244904886621141438725636457,367,0.5149863760217983651226158038,11,11,283,0.5265017667844522968197879859,15,15,run_eef9f267cb0b450988350f6a03f180f3,ema_pullback:e5c494bcf1e2a8bb30a1b1cd
w05-lb150-sym5,lab_ema500_3d_symmetric_exit,5,150,5,5.0,5.0,1.0,68c15a0ca22cd55577fcabeee08d599336d7d998c21abacc9df1351cded420c0,648,648,0.5015432098765432098765432099,1.025778741911379105442817607,2,2,0.09802169241073184528944208894,-0.2366934167946421082780395182,365,0.5095890410958904109589041096,7,7,283,0.4911660777385159010600706714,-5,-5,run_9c46bd32ddd64f69a2b8022e862cdd11,ema_pullback:7dae1a14136eb90e28a10780
w05-lb160-sym3,lab_ema500_3d_symmetric_exit,5,160,3,3.0,3.0,1.0,68c15a0ca22cd55577fcabeee08d599336d7d998c21abacc9df1351cded420c0,628,628,0.5127388535031847133757961783,1.065724367530308497494736926,16,16,0.1418534846236789997690223907,-0.1191656585126254973760800941,349,0.5157593123209169054441260745,11,11,279,0.5089605734767025089605734767,5,5,run_013a76bebf17400eba1e5f18008e3fb7,ema_pullback:1ab3fa5be8fc0aa3e183a45c
w05-lb160-sym4,lab_ema500_3d_symmetric_exit,5,160,4,4.0,4.0,1.0,68c15a0ca22cd55577fcabeee08d599336d7d998c21abacc9df1351cded420c0,625,625,0.5216,1.085343063072108264082836741,27,27,0.2600772374715641853777960714,-0.1190095042894110041838560212,348,0.5143678160919540229885057471,10,10,277,0.5306859205776173285198555957,17,17,run_5244864c41234b45a9a7aa8c060318b8,ema_pullback:216c076ef31ac029a934e81c
w05-lb160-sym5,lab_ema500_3d_symmetric_exit,5,160,5,5.0,5.0,1.0,68c15a0ca22cd55577fcabeee08d599336d7d998c21abacc9df1351cded420c0,623,623,0.5040128410914927768860353130,1.029743867009294876647367585,5,5,0.1133066467082806078841015154,-0.2689461246426701807779481618,346,0.5115606936416184971098265896,8,8,277,0.4945848375451263537906137184,-3,-3,run_a47de777671d486882874bacaa0c53c1,ema_pullback:2726be41491fc9c0cd962e3f
w05-lb170-sym3,lab_ema500_3d_symmetric_exit,5,170,3,3.0,3.0,1.0,68c15a0ca22cd55577fcabeee08d599336d7d998c21abacc9df1351cded420c0,611,611,0.5122749590834697217675941080,1.066511766125020837517345815,15,15,0.1395691117550787115353569676,-0.1162387461348526096221926228,339,0.5162241887905604719764011799,11,11,272,0.5073529411764705882352941176,4,4,run_ddffae2df8494482999b291c470eeaf3,ema_pullback:358ba8431bcdff924f7bb88e
w05-lb170-sym4,lab_ema500_3d_symmetric_exit,5,170,4,4.0,4.0,1.0,68c15a0ca22cd55577fcabeee08d599336d7d998c21abacc9df1351cded420c0,608,608,0.5246710526315789473684210526,1.096966396011120563857053676,30,30,0.2927116628240461593643013755,-0.1151465775022320424410163441,338,0.5207100591715976331360946746,14,14,270,0.5296296296296296296296296296,16,16,run_e0e4fa1f954a40479e7a8642badc5d22,ema_pullback:c454a32f7080662e732f4e11
w05-lb170-sym5,lab_ema500_3d_symmetric_exit,5,170,5,5.0,5.0,1.0,68c15a0ca22cd55577fcabeee08d599336d7d998c21abacc9df1351cded420c0,606,606,0.5049504950495049504950495050,1.035132810740035241574367952,6,6,0.1316635031127348429929563502,-0.2677091957743614119571652911,336,0.5148809523809523809523809524,10,10,270,0.4925925925925925925925925926,-4,-4,run_f01f0f8d5bd74c81b060438be6a0487c,ema_pullback:29351142185d38d1caa0ce0e
w05-lb180-sym3,lab_ema500_3d_symmetric_exit,5,180,3,3.0,3.0,1.0,68c15a0ca22cd55577fcabeee08d599336d7d998c21abacc9df1351cded420c0,594,594,0.5067340067340067340067340067,1.042200262976288312911131818,8,8,0.086231372323940783887116737,-0.1458748560278844753693974804,333,0.5075075075075075075075075075,5,5,261,0.5057471264367816091954022989,3,3,run_c51fa9cf520142b98b44d3effa37e6d7,ema_pullback:4ea617e139c56089ad94c223
w05-lb180-sym4,lab_ema500_3d_symmetric_exit,5,180,4,4.0,4.0,1.0,68c15a0ca22cd55577fcabeee08d599336d7d998c21abacc9df1351cded420c0,591,591,0.5194585448392554991539763113,1.072878634540692574201047527,23,23,0.2128543480762941357444198855,-0.1509728990780876648284161751,332,0.5120481927710843373493975904,8,8,259,0.5289575289575289575289575290,15,15,run_3dc60078b96c4004b69cbe5604cf594d,ema_pullback:24f02d0d95a8dabbd2515d42
w05-lb180-sym5,lab_ema500_3d_symmetric_exit,5,180,5,5.0,5.0,1.0,68c15a0ca22cd55577fcabeee08d599336d7d998c21abacc9df1351cded420c0,589,589,0.5025466893039049235993208829,1.020633306562316516153066484,3,3,0.07557177899513592505299067104,-0.2798949565989456255496631162,330,0.5060606060606060606060606061,4,4,259,0.4980694980694980694980694981,-1,-1,run_a2dd09cad7bd4bd38aae9f1939c6f3cc,ema_pullback:7d99ccdc95f01689e419ee59
w05-lb190-sym3,lab_ema500_3d_symmetric_exit,5,190,3,3.0,3.0,1.0,68c15a0ca22cd55577fcabeee08d599336d7d998c21abacc9df1351cded420c0,578,578,0.5051903114186851211072664360,1.025280087768474448491169684,6,6,0.04930345769630803965996612121,-0.1570255292944373335747636649,325,0.5046153846153846153846153846,3,3,253,0.5059288537549407114624505929,3,3,run_e2aa12f943094761a8d3a2e6dd0775df,ema_pullback:db74faeb685a23c01a50dd58
w05-lb190-sym4,lab_ema500_3d_symmetric_exit,5,190,4,4.0,4.0,1.0,68c15a0ca22cd55577fcabeee08d599336d7d998c21abacc9df1351cded420c0,575,575,0.5147826086956521739130434783,1.048634659617691330080572728,17,17,0.1332813458238044101415971408,-0.1694973775402942506958862080,324,0.5061728395061728395061728395,4,4,251,0.5258964143426294820717131474,13,13,run_969f6523cd944d7aa09cf18993cb25cc,ema_pullback:27a5af17b16f3000dc1823d3
w05-lb190-sym5,lab_ema500_3d_symmetric_exit,5,190,5,5.0,5.0,1.0,68c15a0ca22cd55577fcabeee08d599336d7d998c21abacc9df1351cded420c0,573,573,0.4956369982547993019197207679,0.9915697529007107635973974732,-5,-5,-0.02862797219334181932364454633,-0.3138140860473899935316622065,322,0.5,0,0,251,0.4900398406374501992031872510,-5,-5,run_ce5a085c7ba04c649611e6004f160f2a,ema_pullback:9fc0109fc2299475ede21498
w05-lb200-sym3,lab_ema500_3d_symmetric_exit,5,200,3,3.0,3.0,1.0,68c15a0ca22cd55577fcabeee08d599336d7d998c21abacc9df1351cded420c0,560,560,0.5035714285714285714285714286,1.009857025377965662902392875,4,4,0.01837360524972572157059146547,-0.1572949623190067393094117020,315,0.5079365079365079365079365079,5,5,245,0.4979591836734693877551020408,-1,-1,run_72771cf9750143079d7dd88816e7951b,ema_pullback:52a2abafbf90118a7bf62d9b
w05-lb200-sym4,lab_ema500_3d_symmetric_exit,5,200,4,4.0,4.0,1.0,68c15a0ca22cd55577fcabeee08d599336d7d998c21abacc9df1351cded420c0,558,558,0.5125448028673835125448028674,1.032383530098117061795208642,14,14,0.08411628822582402822453233324,-0.1735972968512085340429444612,314,0.5095541401273885350318471338,6,6,244,0.5163934426229508196721311475,8,8,run_e6602a8034ac4fe3ba77728480d8fbf1,ema_pullback:63a18522247527656fb0ffc5
w05-lb200-sym5,lab_ema500_3d_symmetric_exit,5,200,5,5.0,5.0,1.0,68c15a0ca22cd55577fcabeee08d599336d7d998c21abacc9df1351cded420c0,556,556,0.4964028776978417266187050360,0.9851144940091049698476687969,-4,-4,-0.04858128331901424533001777576,-0.3464279434577129464998183474,312,0.5032051282051282051282051282,2,2,244,0.4877049180327868852459016393,-6,-6,run_076e661394cf44058469ed53566534e7,ema_pullback:487c1b0c2595b29d122eadfd
w05-lb210-sym3,lab_ema500_3d_symmetric_exit,5,210,3,3.0,3.0,1.0,68c15a0ca22cd55577fcabeee08d599336d7d998c21abacc9df1351cded420c0,546,546,0.5,0.9989705415639081930947514126,0,0,-0.001855709724404318836230916638,-0.1532419273626971989385277538,307,0.5048859934853420195439739414,3,3,239,0.4937238493723849372384937238,-3,-3,run_49b9923d5377487386454ead3d630372,ema_pullback:63340366eeba76c0f520851c
w05-lb210-sym4,lab_ema500_3d_symmetric_exit,5,210,4,4.0,4.0,1.0,68c15a0ca22cd55577fcabeee08d599336d7d998c21abacc9df1351cded420c0,544,544,0.5110294117647058823529411765,1.026423857181137908403836132,12,12,0.06630880948453370537791187217,-0.1708287474796594123490790736,306,0.5098039215686274509803921569,6,6,238,0.5126050420168067226890756303,6,6,run_70b8c7bfa120456ca0b91f1a7ea16660,ema_pullback:c1873430295d0220860789aa
w05-lb210-sym5,lab_ema500_3d_symmetric_exit,5,210,5,5.0,5.0,1.0,68c15a0ca22cd55577fcabeee08d599336d7d998c21abacc9df1351cded420c0,542,542,0.4944649446494464944649446494,0.9805102978304769767571527110,-6,-6,-0.0615590915247897094251503247,-0.3390723364608668156001279197,304,0.5032894736842105263157894737,2,2,238,0.4831932773109243697478991597,-8,-8,run_235011215f5d43a7a86449f1b6774082,ema_pullback:30531ccfd52156b5e2c45bc6
w05-lb220-sym3,lab_ema500_3d_symmetric_exit,5,220,3,3.0,3.0,1.0,68c15a0ca22cd55577fcabeee08d599336d7d998c21abacc9df1351cded420c0,524,524,0.5,0.9877993004366483825266536437,0,0,-0.02062616393006521929384422232,-0.1253926040138148870161767047,295,0.5084745762711864406779661017,5,5,229,0.4890829694323144104803493450,-5,-5,run_375030893dae40bdbe5116bb0f900721,ema_pullback:066ae2016c2a24af5058ec31
w05-lb220-sym4,lab_ema500_3d_symmetric_exit,5,220,4,4.0,4.0,1.0,68c15a0ca22cd55577fcabeee08d599336d7d998c21abacc9df1351cded420c0,522,522,0.5191570881226053639846743295,1.032620625782921522382852286,20,20,0.07680587151187437735671466225,-0.1242213683936950416495789929,294,0.5204081632653061224489795918,12,12,228,0.5175438596491228070175438596,8,8,run_c89723a279c94855815751c497bcd110,ema_pullback:8d22b54762d9802471161e2c
w05-lb220-sym5,lab_ema500_3d_symmetric_exit,5,220,5,5.0,5.0,1.0,68c15a0ca22cd55577fcabeee08d599336d7d998c21abacc9df1351cded420c0,520,520,0.5038461538461538461538461538,0.9979734345446893497474494757,4,4,-0.006135870550886552431009168493,-0.3134413222196189887638258728,292,0.5171232876712328767123287671,10,10,228,0.4868421052631578947368421053,-6,-6,run_d40e5e2eb2b7481d9ba1b10eccd45da8,ema_pullback:c31bd7bb33bafeea62918869
w05-lb230-sym3,lab_ema500_3d_symmetric_exit,5,230,3,3.0,3.0,1.0,68c15a0ca22cd55577fcabeee08d599336d7d998c21abacc9df1351cded420c0,508,508,0.5,0.9865092458328484079784674445,0,0,-0.0223042829997821550761457138,-0.1250970627128733932565300668,282,0.5106382978723404255319148936,6,6,226,0.4867256637168141592920353982,-6,-6,run_2cecfd2f20d0422990f70766b208db15,ema_pullback:d5910644b4b96a916d58afb4
w05-lb230-sym4,lab_ema500_3d_symmetric_exit,5,230,4,4.0,4.0,1.0,68c15a0ca22cd55577fcabeee08d599336d7d998c21abacc9df1351cded420c0,507,507,0.5187376725838264299802761341,1.028821310896096990057370665,19,19,0.06580812224547300783612005135,-0.1242143151447862425319968993,282,0.5212765957446808510638297872,12,12,225,0.5155555555555555555555555556,7,7,run_bb88b717b4f544ff8e90bd0bf7b36596,ema_pullback:c9730e57e95f0149bb398ecc
w05-lb230-sym5,lab_ema500_3d_symmetric_exit,5,230,5,5.0,5.0,1.0,68c15a0ca22cd55577fcabeee08d599336d7d998c21abacc9df1351cded420c0,505,505,0.5009900990099009900990099010,0.9925375975735142523412553819,1,1,-0.02173555191489450075085290235,-0.2918460456840945154323803796,280,0.5142857142857142857142857143,8,8,225,0.4844444444444444444444444444,-7,-7,run_7a6c8c97c04e42af84666db217b7740c,ema_pullback:76f0e13985d6653cdabbec23
w05-lb240-sym3,lab_ema500_3d_symmetric_exit,5,240,3,3.0,3.0,1.0,68c15a0ca22cd55577fcabeee08d599336d7d998c21abacc9df1351cded420c0,497,497,0.4969818913480885311871227364,0.9775723698315145629251856474,-3,-3,-0.03654072496094989781848701735,-0.1414055219198804045099864994,276,0.5072463768115942028985507246,4,4,221,0.4841628959276018099547511312,-7,-7,run_89a863c76bc94ffb838db58b2da80e9a,ema_pullback:6c647180525ad0ca98a69fff
w05-lb240-sym4,lab_ema500_3d_symmetric_exit,5,240,4,4.0,4.0,1.0,68c15a0ca22cd55577fcabeee08d599336d7d998c21abacc9df1351cded420c0,496,496,0.5161290322580645161290322581,1.020121056507995449014132758,16,16,0.04524210124663936726214054151,-0.1351046285507832759850640695,276,0.5181159420289855072463768116,10,10,220,0.5136363636363636363636363636,6,6,run_8d1dcfa0df5a48aeafff1e51e1ba583a,ema_pullback:4f95088888902caf66b11083
w05-lb240-sym5,lab_ema500_3d_symmetric_exit,5,240,5,5.0,5.0,1.0,68c15a0ca22cd55577fcabeee08d599336d7d998c21abacc9df1351cded420c0,494,494,0.4979757085020242914979757085,0.9842442548672979223484787064,-2,-2,-0.04518737381551579223641368945,-0.2996832922646283204770644067,274,0.5109489051094890510948905109,6,6,220,0.4818181818181818181818181818,-8,-8,run_99921ed443834e90b10d47a803d15116,ema_pullback:24e6f0886c040d760a94246e
w05-lb250-sym3,lab_ema500_3d_symmetric_exit,5,250,3,3.0,3.0,1.0,68c15a0ca22cd55577fcabeee08d599336d7d998c21abacc9df1351cded420c0,477,477,0.4926624737945492662473794549,0.9679702200950670570771560366,-7,-7,-0.0506622742444512164751015427,-0.1651689512041598749157995472,265,0.5094339622641509433962264151,5,5,212,0.4716981132075471698113207547,-12,-12,run_6eabca4cd56a464faca78e7f1a5c7fb1,ema_pullback:e6e322c828e6a748f2068677
w05-lb250-sym4,lab_ema500_3d_symmetric_exit,5,250,4,4.0,4.0,1.0,68c15a0ca22cd55577fcabeee08d599336d7d998c21abacc9df1351cded420c0,476,476,0.5105042016806722689075630252,1.005380245945992042667950716,10,10,0.01174380319548613048227436279,-0.1770349506367293789116366974,265,0.5169811320754716981132075472,9,9,211,0.5023696682464454976303317536,1,1,run_103ad16caee34374a7798a1ac64725aa,ema_pullback:b910831b307019889c6ad930
w05-lb250-sym5,lab_ema500_3d_symmetric_exit,5,250,5,5.0,5.0,1.0,68c15a0ca22cd55577fcabeee08d599336d7d998c21abacc9df1351cded420c0,474,474,0.4936708860759493670886075949,0.9834823453706285503695793448,-6,-6,-0.04602590087038693551638128057,-0.3145042409526159552112631306,263,0.5057034220532319391634980989,3,3,211,0.4786729857819905213270142180,-9,-9,run_411c5cf7d2be4456982c801a5b2d7991,ema_pullback:76d81cd2bc9f0b1f1cc8748a
w05-lb260-sym3,lab_ema500_3d_symmetric_exit,5,260,3,3.0,3.0,1.0,68c15a0ca22cd55577fcabeee08d599336d7d998c21abacc9df1351cded420c0,460,460,0.4978260869565217391304347826,0.9795336125267485627811933057,-2,-2,-0.03141112478437347580605483375,-0.1499268637254685055145489172,254,0.5118110236220472440944881890,6,6,206,0.4805825242718446601941747573,-8,-8,run_ab1ceda30d7c4375abec77426d1f7260,ema_pullback:bbdd2b27151113bc6cd16fa7
w05-lb260-sym4,lab_ema500_3d_symmetric_exit,5,260,4,4.0,4.0,1.0,68c15a0ca22cd55577fcabeee08d599336d7d998c21abacc9df1351cded420c0,459,459,0.5185185185185185185185185185,1.031065759859437145265524077,17,17,0.06644991182801888293139074329,-0.1413537125518914192890875124,254,0.5196850393700787401574803150,10,10,205,0.5170731707317073170731707317,7,7,run_0bddbaf4d53e4a61bea000a539b27b6f,ema_pullback:08b4e2ca541a09d6123371eb
w05-lb260-sym5,lab_ema500_3d_symmetric_exit,5,260,5,5.0,5.0,1.0,68c15a0ca22cd55577fcabeee08d599336d7d998c21abacc9df1351cded420c0,457,457,0.5010940919037199124726477024,1.006925694649668533012966294,1,1,0.01900797941192435797648736798,-0.2992947567558228128708020769,252,0.5079365079365079365079365079,4,4,205,0.4926829268292682926829268293,-3,-3,run_5e4c02875c3843b88a662fe91b76db2c,ema_pullback:3e98237da63ae1af00cc0cd7
w05-lb270-sym3,lab_ema500_3d_symmetric_exit,5,270,3,3.0,3.0,1.0,68c15a0ca22cd55577fcabeee08d599336d7d998c21abacc9df1351cded420c0,444,444,0.4977477477477477477477477477,0.9670433592028256886039648746,-2,-2,-0.04788888636441750670982517708,-0.1418332504051223012721687013,249,0.5140562248995983935742971888,7,7,195,0.4769230769230769230769230769,-9,-9,run_63a238a0674b4b3c833dd48bf50fa01b,ema_pullback:e55b9992f8a0aa290d43a728
w05-lb270-sym4,lab_ema500_3d_symmetric_exit,5,270,4,4.0,4.0,1.0,68c15a0ca22cd55577fcabeee08d599336d7d998c21abacc9df1351cded420c0,443,443,0.5124153498871331828442437923,1.001992671033385969239242218,11,11,0.004025238705019109658818069247,-0.1431095347216669509244431517,249,0.5180722891566265060240963855,9,9,194,0.5051546391752577319587628866,2,2,run_6291f0392e84426f8eebf7577a9587d9,ema_pullback:04e6d2d08f46e10f0cced40d
w05-lb270-sym5,lab_ema500_3d_symmetric_exit,5,270,5,5.0,5.0,1.0,68c15a0ca22cd55577fcabeee08d599336d7d998c21abacc9df1351cded420c0,441,441,0.4965986394557823129251700680,0.9989429527181940725179701577,-3,-3,-0.002755601130720170010448208832,-0.2937629904025358395435756130,247,0.5101214574898785425101214575,5,5,194,0.4793814432989690721649484536,-8,-8,run_639271cb04c4410a82f7e478ff9f5382,ema_pullback:30cafc3f06d31c46e5a0f8a1
w05-lb280-sym3,lab_ema500_3d_symmetric_exit,5,280,3,3.0,3.0,1.0,68c15a0ca22cd55577fcabeee08d599336d7d998c21abacc9df1351cded420c0,416,416,0.5048076923076923076923076923,0.9718245226750193591032571432,4,4,-0.03886668510946423685320220342,-0.1335418158027814016977332124,235,0.5191489361702127659574468085,9,9,181,0.4861878453038674033149171271,-5,-5,run_4047180be09d4cfa9e770cd3bb69df20,ema_pullback:2aa6b9346db29763a136cb21
w05-lb280-sym4,lab_ema500_3d_symmetric_exit,5,280,4,4.0,4.0,1.0,68c15a0ca22cd55577fcabeee08d599336d7d998c21abacc9df1351cded420c0,415,415,0.5180722891566265060240963855,1.009451369207335818771187575,15,15,0.01810537019089743895817387631,-0.1353506638183711529009244488,235,0.5276595744680851063829787234,13,13,180,0.5055555555555555555555555556,2,2,run_a14d3627c0ec446f89c7286d5b71abca,ema_pullback:7ee1e4166e990aec5fc6d7f9
w05-lb280-sym5,lab_ema500_3d_symmetric_exit,5,280,5,5.0,5.0,1.0,68c15a0ca22cd55577fcabeee08d599336d7d998c21abacc9df1351cded420c0,413,413,0.5012106537530266343825665860,1.000413197877956841717569956,1,1,0.00101274644248407028860622992,-0.2684131537046685096917815912,233,0.5193133047210300429184549356,9,9,180,0.4777777777777777777777777778,-8,-8,run_fd53fb8cb0914067ad115aa6292964b9,ema_pullback:3b098222deb5b55e598653f0
w05-lb290-sym3,lab_ema500_3d_symmetric_exit,5,290,3,3.0,3.0,1.0,68c15a0ca22cd55577fcabeee08d599336d7d998c21abacc9df1351cded420c0,401,401,0.5012468827930174563591022444,0.9656066251975349979110292225,1,1,-0.0460873478090758043755576579,-0.1415535878337279544218958686,227,0.5154185022026431718061674009,7,7,174,0.4827586206896551724137931034,-6,-6,run_8cf85c2d1eb34434a9e46271efbf8be2,ema_pullback:dd4786a172d9a847e26429e1
w05-lb290-sym4,lab_ema500_3d_symmetric_exit,5,290,4,4.0,4.0,1.0,68c15a0ca22cd55577fcabeee08d599336d7d998c21abacc9df1351cded420c0,400,400,0.52,1.022918223626871630359564500,16,16,0.0429750807255427436879832194,-0.1357774490503175891108685812,227,0.5286343612334801762114537445,13,13,173,0.5086705202312138728323699422,3,3,run_5f89cc003e02401fa053ccf68f2e72d0,ema_pullback:088dd1eff0a1f9e1392411d8
w05-lb290-sym5,lab_ema500_3d_symmetric_exit,5,290,5,5.0,5.0,1.0,68c15a0ca22cd55577fcabeee08d599336d7d998c21abacc9df1351cded420c0,398,398,0.5050251256281407035175879397,1.021758089671125035254272410,4,4,0.05251211949743191096783059123,-0.2359681141466439656090237947,225,0.5244444444444444444444444444,11,11,173,0.4797687861271676300578034682,-7,-7,run_4a63b80e9da24742971f9e503d421aca,ema_pullback:0e60a1a19e2c6fdcd7734b7c
w05-lb300-sym3,lab_ema500_3d_symmetric_exit,5,300,3,3.0,3.0,1.0,68c15a0ca22cd55577fcabeee08d599336d7d998c21abacc9df1351cded420c0,385,385,0.4987012987012987012987012987,0.9745133531168260464305184814,-1,-1,-0.03302239133549897805202226956,-0.1289405122368238559816943204,221,0.5158371040723981900452488688,7,7,164,0.4756097560975609756097560976,-8,-8,run_90d140e0b3ab4ea69b8d7fa99eb21409,ema_pullback:691776a6d0c5decaacf6dd40
w05-lb300-sym4,lab_ema500_3d_symmetric_exit,5,300,4,4.0,4.0,1.0,68c15a0ca22cd55577fcabeee08d599336d7d998c21abacc9df1351cded420c0,384,384,0.5182291666666666666666666667,1.024737379645430062520344740,14,14,0.04437561500683169031287411095,-0.1292346675500796627401346217,221,0.5294117647058823529411764706,13,13,163,0.5030674846625766871165644172,1,1,run_526526ee26264da2a8f290dcdce6e59f,ema_pullback:2f9738bc31dc790a8bdbd3dc
w05-lb300-sym5,lab_ema500_3d_symmetric_exit,5,300,5,5.0,5.0,1.0,68c15a0ca22cd55577fcabeee08d599336d7d998c21abacc9df1351cded420c0,382,382,0.5,1.008577495248691130025866250,0,0,0.01989512499950220692878587214,-0.2478923164542163183853660016,219,0.5251141552511415525114155251,11,11,163,0.4662576687116564417177914110,-11,-11,run_152a39e2a7644580835a80a2141fb649,ema_pullback:c6b86b100a6f6b94a4629153
w06-lb020-sym3,lab_ema500_3d_symmetric_exit,6,20,3,3.0,3.0,1.0,68c15a0ca22cd55577fcabeee08d599336d7d998c21abacc9df1351cded420c0,1129,1129,0.5234720992028343666961913198,1.129586723224691736117147078,53,53,0.4978016141994035126804611427,-0.0819423501030926950982243820,640,0.5328125,42,42,489,0.5112474437627811860940695297,11,11,run_97443de2aa5244f4957ca7333c1dabb8,ema_pullback:986c8d189f03a9339cade09b
w06-lb020-sym4,lab_ema500_3d_symmetric_exit,6,20,4,4.0,4.0,1.0,68c15a0ca22cd55577fcabeee08d599336d7d998c21abacc9df1351cded420c0,1079,1079,0.5347544022242817423540315107,1.146393009217343258902955643,75,75,0.815605661239350406138230222,-0.1397428323071766580504526390,604,0.5430463576158940397350993377,52,52,475,0.5242105263157894736842105263,23,23,run_d26e877bd9d44f3580e4753ca33ec21c,ema_pullback:cd151adc6822e436cd172141
w06-lb020-sym5,lab_ema500_3d_symmetric_exit,6,20,5,5.0,5.0,1.0,68c15a0ca22cd55577fcabeee08d599336d7d998c21abacc9df1351cded420c0,991,991,0.5095862764883955600403632694,1.096553517061502064356977483,19,19,0.5754236211874884298128906627,-0.2053001925113221392546910437,557,0.5170556552962298025134649910,19,19,434,0.5,0,0,run_37c957348d0f41eea09fa4812d437bd6,ema_pullback:8325a774f1ade4d35dc346bc
w06-lb030-sym3,lab_ema500_3d_symmetric_exit,6,30,3,3.0,3.0,1.0,68c15a0ca22cd55577fcabeee08d599336d7d998c21abacc9df1351cded420c0,1027,1027,0.5209347614410905550146056475,1.119916308390319117238579610,43,43,0.4265970553126212537033334393,-0.0792295277232968160577857864,583,0.5300171526586620926243567753,35,35,444,0.5090090090090090090090090090,8,8,run_29e89389eec94945b0538a3dad00d23a,ema_pullback:cf421859533a24a392391231
w06-lb030-sym4,lab_ema500_3d_symmetric_exit,6,30,4,4.0,4.0,1.0,68c15a0ca22cd55577fcabeee08d599336d7d998c21abacc9df1351cded420c0,999,999,0.5345345345345345345345345345,1.145900135135251695587853164,69,69,0.7696148304468508147774352635,-0.1208626563149560378217237303,560,0.5410714285714285714285714286,46,46,439,0.5261958997722095671981776765,23,23,run_76093519ed9347dc9438d0b62514550a,ema_pullback:2c0a9df8e400857a9da79bac
w06-lb030-sym5,lab_ema500_3d_symmetric_exit,6,30,5,5.0,5.0,1.0,68c15a0ca22cd55577fcabeee08d599336d7d998c21abacc9df1351cded420c0,941,941,0.5047821466524973432518597237,1.079533551355347960682100899,9,9,0.4417701228671904258977904532,-0.2049044778959246417714548086,528,0.5132575757575757575757575758,14,14,413,0.4939467312348668280871670702,-5,-5,run_a7890d7e4cbc4d408d2b881d852c9c9d,ema_pullback:ca94698fe62ac50fccbfa679
w06-lb040-sym3,lab_ema500_3d_symmetric_exit,6,40,3,3.0,3.0,1.0,68c15a0ca22cd55577fcabeee08d599336d7d998c21abacc9df1351cded420c0,952,952,0.5189075630252100840336134454,1.108986318653702636555595968,36,36,0.3480604540346484312320045355,-0.1122239896911392155650463485,537,0.5270018621973929236499068901,29,29,415,0.5084337349397590361445783133,7,7,run_a1f6b2b902684cefa28e1a633fa5f680,ema_pullback:06afaf1e31ad45b3559e6164
w06-lb040-sym4,lab_ema500_3d_symmetric_exit,6,40,4,4.0,4.0,1.0,68c15a0ca22cd55577fcabeee08d599336d7d998c21abacc9df1351cded420c0,936,936,0.5384615384615384615384615385,1.153430713430221666105408470,72,72,0.753404277345992524944012963,-0.1249488822956611091136276915,524,0.5438931297709923664122137405,46,46,412,0.5315533980582524271844660194,26,26,run_a50e6429771d455f97ee3eb22eae5234,ema_pullback:5a46a6d8aa8ac69ee5fd56b5
w06-lb040-sym5,lab_ema500_3d_symmetric_exit,6,40,5,5.0,5.0,1.0,68c15a0ca22cd55577fcabeee08d599336d7d998c21abacc9df1351cded420c0,899,899,0.5094549499443826473859844271,1.090597395197051482980638541,17,17,0.4765718322874333421270240259,-0.1974079395759987277449086122,504,0.5198412698412698412698412698,20,20,395,0.4962025316455696202531645570,-3,-3,run_8a45386763fa41f78f41ac125897a436,ema_pullback:33588b374f1d2dc5ce9bd8bf
w06-lb050-sym3,lab_ema500_3d_symmetric_exit,6,50,3,3.0,3.0,1.0,68c15a0ca22cd55577fcabeee08d599336d7d998c21abacc9df1351cded420c0,899,899,0.5194660734149054505005561735,1.107785672506667473407367420,35,35,0.3285754659500727771739171674,-0.0949571167407254853623042482,508,0.5275590551181102362204724409,28,28,391,0.5089514066496163682864450128,7,7,run_6e26a90fc5f846469ce6d157a2af24bc,ema_pullback:b87f36e1f5d2cd75075af8fc
w06-lb050-sym4,lab_ema500_3d_symmetric_exit,6,50,4,4.0,4.0,1.0,68c15a0ca22cd55577fcabeee08d599336d7d998c21abacc9df1351cded420c0,889,889,0.5388076490438695163104611924,1.141003443594754943641556540,69,69,0.6472855484742626834097117515,-0.1246620079121214253014162020,501,0.5449101796407185628742514970,45,45,388,0.5309278350515463917525773196,24,24,run_7407781e9b5448feb568f5b11323fc1e,ema_pullback:f03cef6adaf54006a49adfa6
w06-lb050-sym5,lab_ema500_3d_symmetric_exit,6,50,5,5.0,5.0,1.0,68c15a0ca22cd55577fcabeee08d599336d7d998c21abacc9df1351cded420c0,862,862,0.5092807424593967517401392111,1.077990966635065952553214301,16,16,0.3872256956608405699921473734,-0.1876740991005871895694114962,486,0.5226337448559670781893004115,22,22,376,0.4920212765957446808510638298,-6,-6,run_3a9f2c41b5684b929f213e0590230d5b,ema_pullback:da15bce67b1725a880d7bf85
w06-lb060-sym3,lab_ema500_3d_symmetric_exit,6,60,3,3.0,3.0,1.0,68c15a0ca22cd55577fcabeee08d599336d7d998c21abacc9df1351cded420c0,835,835,0.5185628742514970059880239521,1.099606124141552830108824779,31,31,0.270101940047774070160520879,-0.1095207882848626465985910390,471,0.5350318471337579617834394904,33,33,364,0.4972527472527472527472527473,-2,-2,run_ec508f7c60fc48219feba0c998cc1577,ema_pullback:4b8d38c3cd075e37c260d52e
w06-lb060-sym4,lab_ema500_3d_symmetric_exit,6,60,4,4.0,4.0,1.0,68c15a0ca22cd55577fcabeee08d599336d7d998c21abacc9df1351cded420c0,829,829,0.5392038600723763570566948130,1.128415480390363945198996743,65,65,0.5270597794396886028586622556,-0.1541652359566058799964116413,467,0.5503211991434689507494646681,47,47,362,0.5248618784530386740331491713,18,18,run_0242fb6c707e48eba1a46ee8775a7d1b,ema_pullback:01c8a082c78e81bcb891a795
w06-lb060-sym5,lab_ema500_3d_symmetric_exit,6,60,5,5.0,5.0,1.0,68c15a0ca22cd55577fcabeee08d599336d7d998c21abacc9df1351cded420c0,815,815,0.5116564417177914110429447853,1.072418251617309874178249938,19,19,0.336145313212933204982441486,-0.2104436407553529947680607525,458,0.5262008733624454148471615721,24,24,357,0.4929971988795518207282913165,-5,-5,run_06f3883d32334919ab48011d12d77180,ema_pullback:4cc61e5a1efea7b7c6df4da6
w06-lb070-sym3,lab_ema500_3d_symmetric_exit,6,70,3,3.0,3.0,1.0,68c15a0ca22cd55577fcabeee08d599336d7d998c21abacc9df1351cded420c0,794,794,0.5226700251889168765743073048,1.108829473970894290937340379,36,36,0.2827694460188062019202128288,-0.1112928149106983828687157217,448,0.5357142857142857142857142857,32,32,346,0.5057803468208092485549132948,4,4,run_a5c7c00a1ec54bc884c1b2184a36f00b,ema_pullback:9b2c2d681b6e1b47ba3df628
w06-lb070-sym4,lab_ema500_3d_symmetric_exit,6,70,4,4.0,4.0,1.0,68c15a0ca22cd55577fcabeee08d599336d7d998c21abacc9df1351cded420c0,790,790,0.5417721518987341772151898734,1.132458418037570831510304449,66,66,0.5228826248233388778881676055,-0.1544775410177531955490542263,446,0.5493273542600896860986547085,44,44,344,0.5319767441860465116279069767,22,22,run_4c4a5e1b7f9a44e4899e2c718cd364e0,ema_pullback:5b489143d414154e74e70188
w06-lb070-sym5,lab_ema500_3d_symmetric_exit,6,70,5,5.0,5.0,1.0,68c15a0ca22cd55577fcabeee08d599336d7d998c21abacc9df1351cded420c0,779,779,0.5121951219512195121951219512,1.065489088854409938010116768,19,19,0.2869986234177134822916697729,-0.1992740057704368644186165442,438,0.5228310502283105022831050228,20,20,341,0.4985337243401759530791788856,-1,-1,run_123b1d8e3b044200b63e44bd369c2862,ema_pullback:6e5326bfed38a72b144ba15f
w06-lb080-sym3,lab_ema500_3d_symmetric_exit,6,80,3,3.0,3.0,1.0,68c15a0ca22cd55577fcabeee08d599336d7d998c21abacc9df1351cded420c0,764,764,0.5248691099476439790575916230,1.117087616264120212734892076,38,38,0.2939232876614486706976767693,-0.1048648987281984753464798355,429,0.5407925407925407925407925408,35,35,335,0.5044776119402985074626865672,3,3,run_ad6a9b601b4844a2b2ef96e5ba69316a,ema_pullback:768e1502545d86ebc825f1a0
w06-lb080-sym4,lab_ema500_3d_symmetric_exit,6,80,4,4.0,4.0,1.0,68c15a0ca22cd55577fcabeee08d599336d7d998c21abacc9df1351cded420c0,761,761,0.5427069645203679369250985545,1.138123586285298255555981264,65,65,0.524463552826449620135993691,-0.1510843851465348429332296660,428,0.5514018691588785046728971963,44,44,333,0.5315315315315315315315315315,21,21,run_fb276db7ecbb4d37848374c303c2484f,ema_pullback:035c6775150988435eb83238
w06-lb080-sym5,lab_ema500_3d_symmetric_exit,6,80,5,5.0,5.0,1.0,68c15a0ca22cd55577fcabeee08d599336d7d998c21abacc9df1351cded420c0,752,752,0.5146276595744680851063829787,1.067277171433985138794006025,22,22,0.2921984106190031847667747439,-0.2157002823511965874171561479,422,0.5284360189573459715639810427,24,24,330,0.4969696969696969696969696970,-2,-2,run_f970d9f7329f4ac28077214b082ff579,ema_pullback:3885ae0c4ab50b324db77ca1
w06-lb090-sym3,lab_ema500_3d_symmetric_exit,6,90,3,3.0,3.0,1.0,68c15a0ca22cd55577fcabeee08d599336d7d998c21abacc9df1351cded420c0,728,728,0.5233516483516483516483516484,1.120183541597283467469370643,34,34,0.2901583075730712618724307504,-0.0791160181648931251802389635,411,0.5352798053527980535279805353,29,29,317,0.5078864353312302839116719243,5,5,run_a7c20d5593004a2ea34a2635d19facdc,ema_pullback:064267f18a08037eec3299f7
w06-lb090-sym4,lab_ema500_3d_symmetric_exit,6,90,4,4.0,4.0,1.0,68c15a0ca22cd55577fcabeee08d599336d7d998c21abacc9df1351cded420c0,726,726,0.5371900826446280991735537190,1.120358440287675212223926810,54,54,0.4274544303965404685118966626,-0.1080584895324046193318350578,411,0.5425790754257907542579075426,35,35,315,0.5301587301587301587301587302,19,19,run_f862c0fb9a254c50b0575555d96aa403,ema_pullback:8d4aa48a33cf29e30d421151
w06-lb090-sym5,lab_ema500_3d_symmetric_exit,6,90,5,5.0,5.0,1.0,68c15a0ca22cd55577fcabeee08d599336d7d998c21abacc9df1351cded420c0,720,720,0.5097222222222222222222222222,1.048823194291664078725953569,14,14,0.2004289077562467654914926323,-0.2246797938028478505981013407,407,0.5233415233415233415233415233,19,19,313,0.4920127795527156549520766773,-5,-5,run_ad8ed3c98cb54332aea722dc2352e9ee,ema_pullback:5c1ea8f6bb295e3aa859468d
w06-lb100-sym3,lab_ema500_3d_symmetric_exit,6,100,3,3.0,3.0,1.0,68c15a0ca22cd55577fcabeee08d599336d7d998c21abacc9df1351cded420c0,700,700,0.5285714285714285714285714286,1.149657244955240426389567938,40,40,0.3532015128826611973259368203,-0.0816106711586272993349179952,396,0.5404040404040404040404040404,32,32,304,0.5131578947368421052631578947,8,8,run_33a8e967536540fb8349fa3f4ec0db00,ema_pullback:ae8d1516e5c209fc46ab9f6a
w06-lb100-sym4,lab_ema500_3d_symmetric_exit,6,100,4,4.0,4.0,1.0,68c15a0ca22cd55577fcabeee08d599336d7d998c21abacc9df1351cded420c0,698,698,0.5401146131805157593123209169,1.141969798093268245492770355,56,56,0.4910277044232803414788328306,-0.1036395028871463048812680886,396,0.5454545454545454545454545455,36,36,302,0.5331125827814569536423841060,20,20,run_0a052646c7f54ccbad3f75ce3d53caad,ema_pullback:8da956536a9207bdb58df899
w06-lb100-sym5,lab_ema500_3d_symmetric_exit,6,100,5,5.0,5.0,1.0,68c15a0ca22cd55577fcabeee08d599336d7d998c21abacc9df1351cded420c0,693,693,0.5122655122655122655122655123,1.066495161867972141923269164,17,17,0.2666281696446115504373359744,-0.2162103664577798270451149497,393,0.5267175572519083969465648855,21,21,300,0.4933333333333333333333333333,-4,-4,run_6dcda0d725a5451d8f6b942d758283c4,ema_pullback:4ea29c343a81f8c86cc3d481
w06-lb110-sym3,lab_ema500_3d_symmetric_exit,6,110,3,3.0,3.0,1.0,68c15a0ca22cd55577fcabeee08d599336d7d998c21abacc9df1351cded420c0,677,677,0.5361890694239290989660265879,1.180360055835990200092346103,49,49,0.4214317414903981917684935859,-0.0812878210977607222890539646,385,0.5506493506493506493506493506,39,39,292,0.5171232876712328767123287671,10,10,run_05fbf5ffb15444dcb93e3d7998965c2c,ema_pullback:1e3d1d60eb68e076e6e3e522
w06-lb110-sym4,lab_ema500_3d_symmetric_exit,6,110,4,4.0,4.0,1.0,68c15a0ca22cd55577fcabeee08d599336d7d998c21abacc9df1351cded420c0,675,675,0.5422222222222222222222222222,1.146022016049465620288527188,57,57,0.4841923125842545234926655257,-0.1014805019866864393433491226,385,0.5480519480519480519480519481,37,37,290,0.5344827586206896551724137931,20,20,run_67752a2d943f41d3a58c5656d631dc64,ema_pullback:dcdd73623df0c257824c7ef6
w06-lb110-sym5,lab_ema500_3d_symmetric_exit,6,110,5,5.0,5.0,1.0,68c15a0ca22cd55577fcabeee08d599336d7d998c21abacc9df1351cded420c0,673,673,0.5111441307578008915304606241,1.061117570236442136318507976,15,15,0.2356553264709321361302822976,-0.2241316039950260010562799389,383,0.5274151436031331592689295039,21,21,290,0.4896551724137931034482758621,-6,-6,run_f3a4eb43ae7d478683e86cb99d7619b3,ema_pullback:c24a7960151e7ae79362029d
w06-lb120-sym3,lab_ema500_3d_symmetric_exit,6,120,3,3.0,3.0,1.0,68c15a0ca22cd55577fcabeee08d599336d7d998c21abacc9df1351cded420c0,656,656,0.5350609756097560975609756098,1.164047191251856313301437420,46,46,0.3718311865484373449013543832,-0.0842810711586957554617643571,373,0.5442359249329758713136729223,33,33,283,0.5229681978798586572438162544,13,13,run_fcda744c6c774b0f93e25ad95fbb8300,ema_pullback:9363ac177396f87cfa79b273
w06-lb120-sym4,lab_ema500_3d_symmetric_exit,6,120,4,4.0,4.0,1.0,68c15a0ca22cd55577fcabeee08d599336d7d998c21abacc9df1351cded420c0,654,654,0.5443425076452599388379204893,1.140940224467718264190033910,58,58,0.4494840971411133914490567515,-0.1088503969868640445070043564,373,0.5469168900804289544235924933,35,35,281,0.5409252669039145907473309609,23,23,run_29f7cb78ac4747f68d07da54327b31b3,ema_pullback:239622a57c92cdcfc84f2896
w06-lb120-sym5,lab_ema500_3d_symmetric_exit,6,120,5,5.0,5.0,1.0,68c15a0ca22cd55577fcabeee08d599336d7d998c21abacc9df1351cded420c0,653,653,0.5130168453292496171516079632,1.054812839246229119186363843,17,17,0.2025315452972783986803195673,-0.2316390443090938132473830728,372,0.5268817204301075268817204301,20,20,281,0.4946619217081850533807829181,-3,-3,run_14ebf120d39a4961a3dbe59111101e52,ema_pullback:fa575d71e5469e760f688a54
w06-lb130-sym3,lab_ema500_3d_symmetric_exit,6,130,3,3.0,3.0,1.0,68c15a0ca22cd55577fcabeee08d599336d7d998c21abacc9df1351cded420c0,632,632,0.5363924050632911392405063291,1.168686426353538472797001528,46,46,0.3688943317146291013301846618,-0.0842810711586957554617643587,358,0.5474860335195530726256983240,34,34,274,0.5218978102189781021897810219,12,12,run_a2981b2e7957410388465580c4e8ce36,ema_pullback:e1fd89a141ca388c1b1440a3
w06-lb130-sym4,lab_ema500_3d_symmetric_exit,6,130,4,4.0,4.0,1.0,68c15a0ca22cd55577fcabeee08d599336d7d998c21abacc9df1351cded420c0,630,630,0.5412698412698412698412698413,1.124134410193973571947291282,52,52,0.3703606721350560603417927248,-0.1088503969868640445070043563,358,0.5474860335195530726256983240,34,34,272,0.5330882352941176470588235294,18,18,run_088de5c05972410697c313a98ff71c91,ema_pullback:cda9019f92c1ce1c9f9b83f4
w06-lb130-sym5,lab_ema500_3d_symmetric_exit,6,130,5,5.0,5.0,1.0,68c15a0ca22cd55577fcabeee08d599336d7d998c21abacc9df1351cded420c0,629,629,0.5151033386327503974562798092,1.059090898980433063065878433,19,19,0.2100526245535965122004743705,-0.2269892144610031665188133968,357,0.5294117647058823529411764706,21,21,272,0.4963235294117647058823529412,-2,-2,run_76d02a3b5a40454bbeb6e1a835f5e914,ema_pullback:06ff84543d1a22fce9643d9b
w06-lb140-sym3,lab_ema500_3d_symmetric_exit,6,140,3,3.0,3.0,1.0,68c15a0ca22cd55577fcabeee08d599336d7d998c21abacc9df1351cded420c0,612,612,0.5310457516339869281045751634,1.151196770187069443611249658,38,38,0.3156453698946272398979464116,-0.0842810711586957554617643590,346,0.5404624277456647398843930636,28,28,266,0.5187969924812030075187969925,10,10,run_fbdba9aa4bc047bda4675a6bcc73914f,ema_pullback:ce4fe904802689b3c55f79ab
w06-lb140-sym4,lab_ema500_3d_symmetric_exit,6,140,4,4.0,4.0,1.0,68c15a0ca22cd55577fcabeee08d599336d7d998c21abacc9df1351cded420c0,610,610,0.5377049180327868852459016393,1.135355238726002969922015641,46,46,0.402859762789173205399066555,-0.0955534543624171868199065163,346,0.5433526011560693641618497110,30,30,264,0.5303030303030303030303030303,16,16,run_677366e52fa34681a98a7d3f7d657d65,ema_pullback:57c272b6e49a4d0254d78b2c
w06-lb140-sym5,lab_ema500_3d_symmetric_exit,6,140,5,5.0,5.0,1.0,68c15a0ca22cd55577fcabeee08d599336d7d998c21abacc9df1351cded420c0,609,609,0.5155993431855500821018062397,1.077224400982287322308713104,19,19,0.279754995458086661751275735,-0.2250266831561550765492855947,345,0.5304347826086956521739130435,21,21,264,0.4962121212121212121212121212,-2,-2,run_75587c3b585b43ccb50a7892bc4c5bf9,ema_pullback:074219075f574b6a3ed504a5
w06-lb150-sym3,lab_ema500_3d_symmetric_exit,6,150,3,3.0,3.0,1.0,68c15a0ca22cd55577fcabeee08d599336d7d998c21abacc9df1351cded420c0,588,588,0.5289115646258503401360544218,1.151176508718756439265935273,34,34,0.3075020171533648170756365802,-0.0757916955907916223434070723,330,0.5393939393939393939393939394,26,26,258,0.5155038759689922480620155039,8,8,run_46d595c194b04554bab39f6f13bb465e,ema_pullback:6b7cb2d3f7396654a3e7181e
w06-lb150-sym4,lab_ema500_3d_symmetric_exit,6,150,4,4.0,4.0,1.0,68c15a0ca22cd55577fcabeee08d599336d7d998c21abacc9df1351cded420c0,586,586,0.5341296928327645051194539249,1.135387940394787394410962665,40,40,0.3903977752493062550651818122,-0.0945460944764529171262217348,330,0.5363636363636363636363636364,24,24,256,0.53125,16,16,run_4c7450ccae034d01a28ffcfbb5b3a5a8,ema_pullback:95d95d929d0aca2bf5145e50
w06-lb150-sym5,lab_ema500_3d_symmetric_exit,6,150,5,5.0,5.0,1.0,68c15a0ca22cd55577fcabeee08d599336d7d998c21abacc9df1351cded420c0,585,585,0.5145299145299145299145299145,1.081797754228267341333931661,17,17,0.2906650104394091426184641066,-0.2167132862934122019461313131,329,0.5288753799392097264437689970,19,19,256,0.49609375,-2,-2,run_3a74a4dd2e4a4a37892cb5b43b93f942,ema_pullback:ef9c985fc611eb2bb7f67076
w06-lb160-sym3,lab_ema500_3d_symmetric_exit,6,160,3,3.0,3.0,1.0,68c15a0ca22cd55577fcabeee08d599336d7d998c21abacc9df1351cded420c0,569,569,0.5272407732864674868189806678,1.145819395421889018321045260,31,31,0.2925205940214665420504060786,-0.0810209061514743383522026911,314,0.5382165605095541401273885350,24,24,255,0.5137254901960784313725490196,7,7,run_5a3acf4119754e6686c9387564ac7158,ema_pullback:55ce87f68f732ef51023c828
w06-lb160-sym4,lab_ema500_3d_symmetric_exit,6,160,4,4.0,4.0,1.0,68c15a0ca22cd55577fcabeee08d599336d7d998c21abacc9df1351cded420c0,567,567,0.5326278659611992945326278660,1.129898305127044841636399554,37,37,0.3677074300147354887159286706,-0.1013640322283720582833455076,314,0.5350318471337579617834394904,22,22,253,0.5296442687747035573122529644,15,15,run_b8b0bd9c1acf469d96003f40f39bc0db,ema_pullback:c92123eb948ba245fef911a2
w06-lb160-sym5,lab_ema500_3d_symmetric_exit,6,160,5,5.0,5.0,1.0,68c15a0ca22cd55577fcabeee08d599336d7d998c21abacc9df1351cded420c0,566,566,0.5159010600706713780918727915,1.082150914025198241075496428,18,18,0.2924431961010371159244146402,-0.2408694179346839256527102613,313,0.5335463258785942492012779553,21,21,253,0.4940711462450592885375494071,-3,-3,run_2f2dc70308b54ec2b663044bae722de8,ema_pullback:af7d0a60d6635ff457369ccc
w06-lb170-sym3,lab_ema500_3d_symmetric_exit,6,170,3,3.0,3.0,1.0,68c15a0ca22cd55577fcabeee08d599336d7d998c21abacc9df1351cded420c0,556,556,0.5233812949640287769784172662,1.130582199839246756225779678,26,26,0.2536939129806296573077341077,-0.0810209061514743383522026886,306,0.5359477124183006535947712418,22,22,250,0.508,4,4,run_4457bdef9db340e583dd6fff7f6704dd,ema_pullback:a54691cb58d0df483028a2d6
w06-lb170-sym4,lab_ema500_3d_symmetric_exit,6,170,4,4.0,4.0,1.0,68c15a0ca22cd55577fcabeee08d599336d7d998c21abacc9df1351cded420c0,554,554,0.5324909747292418772563176895,1.126346668084930049482725161,36,36,0.3507456039118268090644918333,-0.1013640322283720582833455076,306,0.5392156862745098039215686275,24,24,248,0.5241935483870967741935483871,12,12,run_41daaf41c781476bb6ed4496539074da,ema_pullback:0d52e3b52921c19919967cd1
w06-lb170-sym5,lab_ema500_3d_symmetric_exit,6,170,5,5.0,5.0,1.0,68c15a0ca22cd55577fcabeee08d599336d7d998c21abacc9df1351cded420c0,553,553,0.5135623869801084990958408680,1.073291765973312211863967507,15,15,0.2526523794587107729013136192,-0.2362344913070095758992447309,305,0.5344262295081967213114754098,21,21,248,0.4879032258064516129032258065,-6,-6,run_8470d112626d410987932de0a23a9714,ema_pullback:394da6ee5bcf6ebf10a29d1c
w06-lb180-sym3,lab_ema500_3d_symmetric_exit,6,180,3,3.0,3.0,1.0,68c15a0ca22cd55577fcabeee08d599336d7d998c21abacc9df1351cded420c0,541,541,0.5175600739371534195933456562,1.105339103670404959378477509,19,19,0.199448228646480857413974801,-0.1048683776851751788083739052,301,0.5282392026578073089700996678,17,17,240,0.5041666666666666666666666667,2,2,run_ca8cf7b9904346589293727e68d833d7,ema_pullback:816d774d4e0cb880add9de5d
w06-lb180-sym4,lab_ema500_3d_symmetric_exit,6,180,4,4.0,4.0,1.0,68c15a0ca22cd55577fcabeee08d599336d7d998c21abacc9df1351cded420c0,539,539,0.5269016697588126159554730983,1.101622710830903730289967912,29,29,0.2735709573032361562527417931,-0.1315560490306805883832857652,301,0.5315614617940199335548172757,19,19,238,0.5210084033613445378151260504,10,10,run_82df19ae36d944fe830ab8c46e4b8299,ema_pullback:e2b23aaca490511f535582c0
w06-lb180-sym5,lab_ema500_3d_symmetric_exit,6,180,5,5.0,5.0,1.0,68c15a0ca22cd55577fcabeee08d599336d7d998c21abacc9df1351cded420c0,538,538,0.5111524163568773234200743494,1.058635407041674377878958415,12,12,0.1979222613632282840810140205,-0.2306743830015826291942019060,300,0.5266666666666666666666666667,16,16,238,0.4915966386554621848739495798,-4,-4,run_2d5d53738e894d71bcd46f2279f368b0,ema_pullback:8836784d164d99c3e31438cb
w06-lb190-sym3,lab_ema500_3d_symmetric_exit,6,190,3,3.0,3.0,1.0,68c15a0ca22cd55577fcabeee08d599336d7d998c21abacc9df1351cded420c0,526,526,0.5152091254752851711026615970,1.083425029345237984011874257,16,16,0.1509392323932972438441419147,-0.1132703041360366370971664608,294,0.5238095238095238095238095238,14,14,232,0.5043103448275862068965517241,2,2,run_5852d00bcce047fcab05bd0aa9ef8322,ema_pullback:9b696c374c8d318ae59b912f
w06-lb190-sym4,lab_ema500_3d_symmetric_exit,6,190,4,4.0,4.0,1.0,68c15a0ca22cd55577fcabeee08d599336d7d998c21abacc9df1351cded420c0,524,524,0.5209923664122137404580152672,1.070872792175544562101191394,22,22,0.1794260820370051520805157645,-0.1490208679869826052548049777,294,0.5238095238095238095238095238,14,14,230,0.5173913043478260869565217391,8,8,run_6c555b2ecab142cc9f2f8374b94de956,ema_pullback:e2ee790c4241da18901d6fa4
w06-lb190-sym5,lab_ema500_3d_symmetric_exit,6,190,5,5.0,5.0,1.0,68c15a0ca22cd55577fcabeee08d599336d7d998c21abacc9df1351cded420c0,523,523,0.5028680688336520076481835564,1.022277336924290975230188994,3,3,0.06983671470948022400582419452,-0.2697166937682765248187623772,293,0.5187713310580204778156996587,11,11,230,0.4826086956521739130434782609,-8,-8,run_b734052acba9403bac323c96f538a0a1,ema_pullback:9c5a991f1b7e344c8ea88f81
w06-lb200-sym3,lab_ema500_3d_symmetric_exit,6,200,3,3.0,3.0,1.0,68c15a0ca22cd55577fcabeee08d599336d7d998c21abacc9df1351cded420c0,511,511,0.5107632093933463796477495108,1.054418211388519014145434546,11,11,0.09472029141170923241056615046,-0.1339929645136571639678749009,286,0.5244755244755244755244755245,14,14,225,0.4933333333333333333333333333,-3,-3,run_9671b50cba504eb9a688268d022a7e49,ema_pullback:c88c2e7333fb17e06de72386
w06-lb200-sym4,lab_ema500_3d_symmetric_exit,6,200,4,4.0,4.0,1.0,68c15a0ca22cd55577fcabeee08d599336d7d998c21abacc9df1351cded420c0,510,510,0.5156862745098039215686274510,1.040712299182989009612359587,16,16,0.09829832233842039835335221322,-0.1841078095531946649699139654,286,0.5244755244755244755244755245,14,14,224,0.5044642857142857142857142857,2,2,run_770f1bc35b9b4dab994686ace43068f4,ema_pullback:0f7b48eb9384c71c167712ec
w06-lb200-sym5,lab_ema500_3d_symmetric_exit,6,200,5,5.0,5.0,1.0,68c15a0ca22cd55577fcabeee08d599336d7d998c21abacc9df1351cded420c0,509,509,0.5029469548133595284872298625,1.010347210339341630189690038,3,3,0.03141808259416699042479030136,-0.3027637670097284477395714182,285,0.5228070175438596491228070175,13,13,224,0.4776785714285714285714285714,-10,-10,run_de86f0755660463ba80f564e1591155f,ema_pullback:98ed90cb68d108d2beb234c3
w06-lb210-sym3,lab_ema500_3d_symmetric_exit,6,210,3,3.0,3.0,1.0,68c15a0ca22cd55577fcabeee08d599336d7d998c21abacc9df1351cded420c0,497,497,0.5070422535211267605633802817,1.043469303707636027129419505,7,7,0.0729744002482119394066011681,-0.1340338307740123231507850876,278,0.5215827338129496402877697842,12,12,219,0.4885844748858447488584474886,-5,-5,run_5cec4aca43834cee881d67fbb3d858e2,ema_pullback:ca881495677a24e17514e009
w06-lb210-sym4,lab_ema500_3d_symmetric_exit,6,210,4,4.0,4.0,1.0,68c15a0ca22cd55577fcabeee08d599336d7d998c21abacc9df1351cded420c0,496,496,0.5141129032258064516129032258,1.034483937517292389911456049,14,14,0.0802578923227039615115454526,-0.1840859454720430786020138131,278,0.5251798561151079136690647482,14,14,218,0.5,0,0,run_38327202e0854c82b2617d76a0d74629,ema_pullback:45da721b94015193dd6685b7
w06-lb210-sym5,lab_ema500_3d_symmetric_exit,6,210,5,5.0,5.0,1.0,68c15a0ca22cd55577fcabeee08d599336d7d998c21abacc9df1351cded420c0,495,495,0.5010101010101010101010101010,1.005917346321126513660661121,1,1,0.01734904461836269554673631114,-0.2949167428560786764221821776,277,0.5234657039711191335740072202,13,13,218,0.4724770642201834862385321101,-12,-12,run_620d7afddaae43ea9b4a400d4d5ce919,ema_pullback:11d08e51ab20d0d425a34ba4
w06-lb220-sym3,lab_ema500_3d_symmetric_exit,6,220,3,3.0,3.0,1.0,68c15a0ca22cd55577fcabeee08d599336d7d998c21abacc9df1351cded420c0,479,479,0.5052192066805845511482254697,1.022589509418767335083006648,5,5,0.03551839938688546313476296868,-0.1149503281590114592541329327,268,0.5223880597014925373134328358,12,12,211,0.4834123222748815165876777251,-7,-7,run_66ec7e7c12c4487da6b27522ef87019a,ema_pullback:fddf0225a33976cdcd1c2565
w06-lb220-sym4,lab_ema500_3d_symmetric_exit,6,220,4,4.0,4.0,1.0,68c15a0ca22cd55577fcabeee08d599336d7d998c21abacc9df1351cded420c0,478,478,0.5209205020920502092050209205,1.030859725215653547225590766,20,20,0.0670491858689025435620875836,-0.1450656778550627524612052066,268,0.5335820895522388059701492537,18,18,210,0.5047619047619047619047619048,2,2,run_bfcd89effe204ee28d3dadebe864cde6,ema_pullback:ba61d150c0f13bbeedc14ecc
w06-lb220-sym5,lab_ema500_3d_symmetric_exit,6,220,5,5.0,5.0,1.0,68c15a0ca22cd55577fcabeee08d599336d7d998c21abacc9df1351cded420c0,477,477,0.5094339622641509433962264151,1.017238283406601941278792165,9,9,0.0480313987610750543044649785,-0.2824180922577154925027046604,267,0.5355805243445692883895131086,19,19,210,0.4761904761904761904761904762,-10,-10,run_2f42e868821a416d9ee78e378300a1e1,ema_pullback:ce5f763909e918cc5f6b5f6e
w06-lb230-sym3,lab_ema500_3d_symmetric_exit,6,230,3,3.0,3.0,1.0,68c15a0ca22cd55577fcabeee08d599336d7d998c21abacc9df1351cded420c0,464,464,0.5043103448275862068965517241,1.019662430269390439927040357,4,4,0.0301385491042005370083563548,-0.1147395059383239836826858865,256,0.5234375,12,12,208,0.4807692307692307692307692308,-8,-8,run_7fc1cda5be3a4975a1f42984abe579e5,ema_pullback:301e4b6826643ae1e045e090
w06-lb230-sym4,lab_ema500_3d_symmetric_exit,6,230,4,4.0,4.0,1.0,68c15a0ca22cd55577fcabeee08d599336d7d998c21abacc9df1351cded420c0,463,463,0.5205183585313174946004319654,1.026704045999549844293321426,19,19,0.05615108463118609099694178699,-0.1354648023941165097280762361,256,0.53515625,18,18,207,0.5024154589371980676328502415,1,1,run_86f820b30806432188e3323fd2c77dc1,ema_pullback:ff539aa71b4f55cf836a3b34
w06-lb230-sym5,lab_ema500_3d_symmetric_exit,6,230,5,5.0,5.0,1.0,68c15a0ca22cd55577fcabeee08d599336d7d998c21abacc9df1351cded420c0,462,462,0.5064935064935064935064935065,1.011808953512683704776070240,6,6,0.031581508483607903291756094,-0.2598469993036753942204576422,255,0.5333333333333333333333333333,17,17,207,0.4734299516908212560386473430,-11,-11,run_9a0640ae372444cea16ba42fa7ea1cdd,ema_pullback:5c5386b5a49e461d633cb0c7
w06-lb240-sym3,lab_ema500_3d_symmetric_exit,6,240,3,3.0,3.0,1.0,68c15a0ca22cd55577fcabeee08d599336d7d998c21abacc9df1351cded420c0,456,456,0.5021929824561403508771929825,1.012072628529817077944611331,2,2,0.01830118767003488594916886221,-0.1251786516466344141207639500,251,0.5219123505976095617529880478,11,11,205,0.4780487804878048780487804878,-9,-9,run_218ce9e1c8a54fed85b13a2f22b2e6a7,ema_pullback:10af2a3055a5ad25722c66fa
w06-lb240-sym4,lab_ema500_3d_symmetric_exit,6,240,4,4.0,4.0,1.0,68c15a0ca22cd55577fcabeee08d599336d7d998c21abacc9df1351cded420c0,455,455,0.5186813186813186813186813187,1.019263469718587874103618483,17,17,0.04006478209819030112912584132,-0.1562465747559114592599976403,251,0.5338645418326693227091633466,17,17,204,0.5,0,0,run_4d488a71b6e74bcdb0d3e070154c12a6,ema_pullback:9ff33e96b8be50773a408cfd
w06-lb240-sym5,lab_ema500_3d_symmetric_exit,6,240,5,5.0,5.0,1.0,68c15a0ca22cd55577fcabeee08d599336d7d998c21abacc9df1351cded420c0,454,454,0.5044052863436123348017621145,1.004556868365433545330171696,4,4,0.01205708938806717020265001595,-0.2628365210490350485995032624,250,0.532,16,16,204,0.4705882352941176470588235294,-12,-12,run_3b4c3692515a49a0969f5160119f506a,ema_pullback:743ee510f42eaeba67b54047
w06-lb250-sym3,lab_ema500_3d_symmetric_exit,6,250,3,3.0,3.0,1.0,68c15a0ca22cd55577fcabeee08d599336d7d998c21abacc9df1351cded420c0,442,442,0.5,1.011856867678598260212049461,0,0,0.01764814561953868262273654198,-0.1293173960775522301613384287,243,0.5226337448559670781893004115,11,11,199,0.4723618090452261306532663317,-11,-11,run_21567665ebd34a97babd7c0a9f0e41d5,ema_pullback:4a9e8985e5e2061ed14d2a61
w06-lb250-sym4,lab_ema500_3d_symmetric_exit,6,250,4,4.0,4.0,1.0,68c15a0ca22cd55577fcabeee08d599336d7d998c21abacc9df1351cded420c0,441,441,0.5124716553287981859410430839,1.008807943052754802888237592,11,11,0.01803941099469206696088175994,-0.1786297631996535187646647982,243,0.5267489711934156378600823045,13,13,198,0.4949494949494949494949494949,-2,-2,run_fcc28da4b4534558ae7d44c73685fa80,ema_pullback:0743ef68d264b9269a823257
w06-lb250-sym5,lab_ema500_3d_symmetric_exit,6,250,5,5.0,5.0,1.0,68c15a0ca22cd55577fcabeee08d599336d7d998c21abacc9df1351cded420c0,440,440,0.4977272727272727272727272727,0.9932737942153663342959542048,-2,-2,-0.01733612526785903627548064786,-0.2794209243578091647958097549,242,0.5206611570247933884297520661,10,10,198,0.4696969696969696969696969697,-12,-12,run_7607d911a82242f1ab8fd499c1c481b0,ema_pullback:7e9df2dbeee1288b1784378b
w06-lb260-sym3,lab_ema500_3d_symmetric_exit,6,260,3,3.0,3.0,1.0,68c15a0ca22cd55577fcabeee08d599336d7d998c21abacc9df1351cded420c0,429,429,0.5081585081585081585081585082,1.030796272607382377492900863,7,7,0.04450125978080900734574395765,-0.1128172362719532402592285748,236,0.5296610169491525423728813559,14,14,193,0.4818652849740932642487046632,-7,-7,run_cbd798edc8864bf29958e0a503ea2fa7,ema_pullback:2023179119d410889d25164b
w06-lb260-sym4,lab_ema500_3d_symmetric_exit,6,260,4,4.0,4.0,1.0,68c15a0ca22cd55577fcabeee08d599336d7d998c21abacc9df1351cded420c0,428,428,0.5233644859813084112149532710,1.040639893382241666427772563,20,20,0.08164056954303200848375686289,-0.1461920541329978021802014743,236,0.5338983050847457627118644068,16,16,192,0.5104166666666666666666666667,4,4,run_fc18ce8602884185bcbfc1d0e634d62b,ema_pullback:e0629f99d94a74149b5047aa
w06-lb260-sym5,lab_ema500_3d_symmetric_exit,6,260,5,5.0,5.0,1.0,68c15a0ca22cd55577fcabeee08d599336d7d998c21abacc9df1351cded420c0,427,427,0.5081967213114754098360655738,1.023654463034797684288017826,7,7,0.06009842110030440690832854005,-0.2538851128153390132668249381,235,0.5276595744680851063829787234,13,13,192,0.484375,-6,-6,run_776c84a21c724974b33ac3d81f25eb74,ema_pullback:c3bfdf65c03da416ea3e3452
w06-lb270-sym3,lab_ema500_3d_symmetric_exit,6,270,3,3.0,3.0,1.0,68c15a0ca22cd55577fcabeee08d599336d7d998c21abacc9df1351cded420c0,417,417,0.5035971223021582733812949640,0.9965641302945245693901202501,3,3,-0.004711000986837385604124105601,-0.1112220828772383372383577132,233,0.5278969957081545064377682403,13,13,184,0.4728260869565217391304347826,-10,-10,run_90106ecb7f68476fa728fe2d21a9fc80,ema_pullback:f0a4f04a807fe9898fc3ca55
w06-lb270-sym4,lab_ema500_3d_symmetric_exit,6,270,4,4.0,4.0,1.0,68c15a0ca22cd55577fcabeee08d599336d7d998c21abacc9df1351cded420c0,416,416,0.5168269230769230769230769231,1.000577661114567637363633630,14,14,0.001088762050804569390598305717,-0.1471283189870983510489092129,233,0.5321888412017167381974248927,15,15,183,0.4972677595628415300546448087,-1,-1,run_2660e6171262442e89e5e31079ed42ab,ema_pullback:12c48a4bb83e4e9275e3129e
w06-lb270-sym5,lab_ema500_3d_symmetric_exit,6,270,5,5.0,5.0,1.0,68c15a0ca22cd55577fcabeee08d599336d7d998c21abacc9df1351cded420c0,415,415,0.5036144578313253012048192771,1.017952033822656832183828433,3,3,0.04425635872309250781995567353,-0.2575832252727143448370024764,232,0.5258620689655172413793103448,12,12,183,0.4754098360655737704918032787,-9,-9,run_2375d77de4794d2ea08ca48bd4866021,ema_pullback:37c5358c219b118e1f559a7a
w06-lb280-sym3,lab_ema500_3d_symmetric_exit,6,280,3,3.0,3.0,1.0,68c15a0ca22cd55577fcabeee08d599336d7d998c21abacc9df1351cded420c0,391,391,0.5115089514066496163682864450,1.003620668064210410020664925,9,9,0.004696591080779013807281042212,-0.1009855896495203750679188802,221,0.5339366515837104072398190045,15,15,170,0.4823529411764705882352941176,-6,-6,run_637dff1e0d3843cd84d77a32e659aa2e,ema_pullback:1d341a78b369859ebff09d4c
w06-lb280-sym4,lab_ema500_3d_symmetric_exit,6,280,4,4.0,4.0,1.0,68c15a0ca22cd55577fcabeee08d599336d7d998c21abacc9df1351cded420c0,390,390,0.5230769230769230769230769231,1.008471153000708474360942090,18,18,0.01509194244754269916185212471,-0.1397793482491208327145671672,221,0.5429864253393665158371040724,19,19,169,0.4970414201183431952662721893,-1,-1,run_36293159cbcb4fd5a41ab21fa389377e,ema_pullback:f97efa5af9cf7366ca9b0f40
w06-lb280-sym5,lab_ema500_3d_symmetric_exit,6,280,5,5.0,5.0,1.0,68c15a0ca22cd55577fcabeee08d599336d7d998c21abacc9df1351cded420c0,389,389,0.5089974293059125964010282776,1.020852285975723444224534063,7,7,0.04815133077946319840486073568,-0.2346444439750714557226339956,220,0.5363636363636363636363636364,16,16,169,0.4733727810650887573964497041,-9,-9,run_7c4ee877eb9f4e60badb059739a8afdf,ema_pullback:24b0e8e8693ff337cfea96f9
w06-lb290-sym3,lab_ema500_3d_symmetric_exit,6,290,3,3.0,3.0,1.0,68c15a0ca22cd55577fcabeee08d599336d7d998c21abacc9df1351cded420c0,377,377,0.5092838196286472148541114058,0.9988910593958266684865368771,7,7,-0.001394477072674225286865257147,-0.1068878901677853922974131412,213,0.5305164319248826291079812207,13,13,164,0.4817073170731707317073170732,-6,-6,run_22d823ca804c4e829d5d1f7caf82fea3,ema_pullback:e55d031ffb7863d0e54ceb73
w06-lb290-sym4,lab_ema500_3d_symmetric_exit,6,290,4,4.0,4.0,1.0,68c15a0ca22cd55577fcabeee08d599336d7d998c21abacc9df1351cded420c0,376,376,0.5239361702127659574468085106,1.021756002870902178370050481,18,18,0.03786229038444810932645472385,-0.1418788718579956994046529200,213,0.5446009389671361502347417840,19,19,163,0.4969325153374233128834355828,-1,-1,run_be89fa01e787490d952e5edbaa5e0055,ema_pullback:7c56438e26e4155adb50ebbe
w06-lb290-sym5,lab_ema500_3d_symmetric_exit,6,290,5,5.0,5.0,1.0,68c15a0ca22cd55577fcabeee08d599336d7d998c21abacc9df1351cded420c0,375,375,0.512,1.043821133585997122677152045,9,9,0.09939223389226447929187800867,-0.2007018007783971057261405329,212,0.5424528301886792452830188679,18,18,163,0.4723926380368098159509202454,-9,-9,run_eb70dbfd17c141c28f4ea95011dcef9e,ema_pullback:8bd462e4e6b44214c97e8bf1
w06-lb300-sym3,lab_ema500_3d_symmetric_exit,6,300,3,3.0,3.0,1.0,68c15a0ca22cd55577fcabeee08d599336d7d998c21abacc9df1351cded420c0,365,365,0.5095890410958904109589041096,1.019258942704748207095544143,7,7,0.02342950992727477674784551974,-0.0931721385408681174310629405,209,0.5311004784688995215311004785,13,13,156,0.4807692307692307692307692308,-6,-6,run_615b213df00147318deebe9bc142529a,ema_pullback:af5c18c4221d285092dd9c33
w06-lb300-sym4,lab_ema500_3d_symmetric_exit,6,300,4,4.0,4.0,1.0,68c15a0ca22cd55577fcabeee08d599336d7d998c21abacc9df1351cded420c0,364,364,0.5219780219780219780219780220,1.027763568501757387852511685,16,16,0.04645598311686611940375289444,-0.1302705324469755311015047659,209,0.5406698564593301435406698565,17,17,155,0.4967741935483870967741935484,-1,-1,run_41628eadaacc4b758fa51ba350af98f7,ema_pullback:7f83f4483bc6a1a0dfb31297
w06-lb300-sym5,lab_ema500_3d_symmetric_exit,6,300,5,5.0,5.0,1.0,68c15a0ca22cd55577fcabeee08d599336d7d998c21abacc9df1351cded420c0,363,363,0.5068870523415977961432506887,1.033999086651372453562020414,5,5,0.07452772991730906338340966385,-0.2121903912788186667277893034,208,0.5384615384615384615384615385,16,16,155,0.4645161290322580645161290323,-11,-11,run_7c1b480e5eb344fc83c36309f8090157,ema_pullback:b9f4d19c56d29c5621b143b5
w07-lb020-sym3,lab_ema500_3d_symmetric_exit,7,20,3,3.0,3.0,1.0,68c15a0ca22cd55577fcabeee08d599336d7d998c21abacc9df1351cded420c0,950,950,0.5452631578947368421052631579,1.265312638873235818726164773,86,86,0.8583126678591853305419054029,-0.0772346358191801934131829047,554,0.5523465703971119133574007220,58,58,396,0.5353535353535353535353535354,28,28,run_f5f9791ae755430b98c78eee6d08e9cc,ema_pullback:dd7b3940dc8dd6f0d2d6d4cd
w07-lb020-sym4,lab_ema500_3d_symmetric_exit,7,20,4,4.0,4.0,1.0,68c15a0ca22cd55577fcabeee08d599336d7d998c21abacc9df1351cded420c0,913,913,0.5564074479737130339539978094,1.225261050425435213435515093,103,103,0.9894192254494232818025533874,-0.1393767568930131211374092330,527,0.5692599620493358633776091082,73,73,386,0.5388601036269430051813471503,30,30,run_ab4f4881107e4298adcf42af84cfcc78,ema_pullback:efe835c1a749bbed489201b1
w07-lb020-sym5,lab_ema500_3d_symmetric_exit,7,20,5,5.0,5.0,1.0,68c15a0ca22cd55577fcabeee08d599336d7d998c21abacc9df1351cded420c0,842,842,0.5237529691211401425178147268,1.120888574876839336597480955,40,40,0.5930051729576028602364388565,-0.2097399253831941602312516226,486,0.5349794238683127572016460905,34,34,356,0.5084269662921348314606741573,6,6,run_b7da0ea799ad427484a687fd1401acef,ema_pullback:1ebcfed70d6575c175536cbb
w07-lb030-sym3,lab_ema500_3d_symmetric_exit,7,30,3,3.0,3.0,1.0,68c15a0ca22cd55577fcabeee08d599336d7d998c21abacc9df1351cded420c0,868,868,0.5472350230414746543778801843,1.270846569803273145489855703,82,82,0.812837696036179308418309234,-0.0617973801310016134887354193,509,0.5500982318271119842829076621,51,51,359,0.5431754874651810584958217270,31,31,run_f7a0444949404f2daf176c6bb9f1b15a,ema_pullback:4540bdf2779474b6b991205b
w07-lb030-sym4,lab_ema500_3d_symmetric_exit,7,30,4,4.0,4.0,1.0,68c15a0ca22cd55577fcabeee08d599336d7d998c21abacc9df1351cded420c0,845,845,0.5573964497041420118343195266,1.226587407911887807753075973,97,97,0.9401857266248901251538487921,-0.1096135697412250620681635926,490,0.5653061224489795918367346939,64,64,355,0.5464788732394366197183098592,33,33,run_318522055f3d4783adf6ad4acff49d52,ema_pullback:8b95eff3cbe6e9bf747e64d0
w07-lb030-sym5,lab_ema500_3d_symmetric_exit,7,30,5,5.0,5.0,1.0,68c15a0ca22cd55577fcabeee08d599336d7d998c21abacc9df1351cded420c0,794,794,0.5201511335012594458438287154,1.106614159951542660076208998,32,32,0.492011380597022435118681579,-0.1999713891752597728665944531,458,0.5327510917030567685589519651,30,30,336,0.5029761904761904761904761905,2,2,run_f130237354874c7aa4cb038187b7a040,ema_pullback:b4df6a89372adc4d5800f4c0
w07-lb040-sym3,lab_ema500_3d_symmetric_exit,7,40,3,3.0,3.0,1.0,68c15a0ca22cd55577fcabeee08d599336d7d998c21abacc9df1351cded420c0,806,806,0.5434243176178660049627791563,1.256112907054014244333179942,70,70,0.6942187609671498877277973279,-0.0692557154373332497871446945,469,0.5479744136460554371002132196,45,45,337,0.5370919881305637982195845697,25,25,run_f4fc387e12594819b9e11d935d1d4f58,ema_pullback:dc967d087d59441762efd272
w07-lb040-sym4,lab_ema500_3d_symmetric_exit,7,40,4,4.0,4.0,1.0,68c15a0ca22cd55577fcabeee08d599336d7d998c21abacc9df1351cded420c0,794,794,0.5617128463476070528967254408,1.234019328628959039271545194,98,98,0.9048542362561380776698012609,-0.1199045394161258464328014774,459,0.5686274509803921568627450980,63,63,335,0.5522388059701492537313432836,35,35,run_5c394f8dc74c4002a3a263a2df24de65,ema_pullback:ea91291b10343559e6887dd5
w07-lb040-sym5,lab_ema500_3d_symmetric_exit,7,40,5,5.0,5.0,1.0,68c15a0ca22cd55577fcabeee08d599336d7d998c21abacc9df1351cded420c0,763,763,0.5268676277850589777195281782,1.126889834216768728110748085,41,41,0.5673062709372464577687039342,-0.1869385236918899991083214604,439,0.5398633257403189066059225513,35,35,324,0.5092592592592592592592592593,6,6,run_4c3b226874e74189816134d386f16115,ema_pullback:35aaa9537695a55acf8cc690
w07-lb050-sym3,lab_ema500_3d_symmetric_exit,7,50,3,3.0,3.0,1.0,68c15a0ca22cd55577fcabeee08d599336d7d998c21abacc9df1351cded420c0,763,763,0.5399737876802096985583224115,1.241392977810379429942248291,61,61,0.6231142092934466438869729165,-0.0800340577738539940336370073,446,0.5448430493273542600896860987,40,40,317,0.5331230283911671924290220820,21,21,run_d088d661d9b849deae334d1c77d4a5c1,ema_pullback:ef57a49efdfea4702bc61b96
w07-lb050-sym4,lab_ema500_3d_symmetric_exit,7,50,4,4.0,4.0,1.0,68c15a0ca22cd55577fcabeee08d599336d7d998c21abacc9df1351cded420c0,755,755,0.5589403973509933774834437086,1.222377963854714015164010854,89,89,0.8191419969311812734994684014,-0.1246931179518030017919234368,440,0.5659090909090909090909090909,58,58,315,0.5492063492063492063492063492,31,31,run_5dd9b99601ec4d99bc1723036acf397a,ema_pullback:87edef5b984656eecfb77b99
w07-lb050-sym5,lab_ema500_3d_symmetric_exit,7,50,5,5.0,5.0,1.0,68c15a0ca22cd55577fcabeee08d599336d7d998c21abacc9df1351cded420c0,732,732,0.5259562841530054644808743169,1.127098151079610307157267066,38,38,0.5488006046446640375106385138,-0.1846404025389147375871919877,425,0.5435294117647058823529411765,37,37,307,0.5016286644951140065146579805,1,1,run_8b630cff6dec4aea95c2294fba34e311,ema_pullback:6dd240a24d65fa52c248c1cb
w07-lb060-sym3,lab_ema500_3d_symmetric_exit,7,60,3,3.0,3.0,1.0,68c15a0ca22cd55577fcabeee08d599336d7d998c21abacc9df1351cded420c0,711,711,0.5372714486638537271448663854,1.226981925028825233684709094,53,53,0.5258790576465780856740300773,-0.0885318588079908041321205438,412,0.5509708737864077669902912621,42,42,299,0.5183946488294314381270903010,11,11,run_786ca57ae93648229f1a2d2c5be7beae,ema_pullback:fa1711dd8c952ef446b182ec
w07-lb060-sym4,lab_ema500_3d_symmetric_exit,7,60,4,4.0,4.0,1.0,68c15a0ca22cd55577fcabeee08d599336d7d998c21abacc9df1351cded420c0,707,707,0.5586987270155586987270155587,1.218342361725351327311971027,83,83,0.739569498009249592376231613,-0.1359113822170030555895798085,409,0.5721271393643031784841075795,59,59,298,0.5402684563758389261744966443,24,24,run_35bf4165673d4ca292983abc82a1fd1a,ema_pullback:41f4b79999ea0c31e99aac1a
w07-lb060-sym5,lab_ema500_3d_symmetric_exit,7,60,5,5.0,5.0,1.0,68c15a0ca22cd55577fcabeee08d599336d7d998c21abacc9df1351cded420c0,693,693,0.5266955266955266955266955267,1.122400437962231508163974027,37,37,0.493115411888659033592595817,-0.1941518773460169844217304217,400,0.5475,38,38,293,0.4982935153583617747440273038,-1,-1,run_651a100cb4aa4b0db10471de04bb0d23,ema_pullback:abd316cbeae3344028ba2692
w07-lb070-sym3,lab_ema500_3d_symmetric_exit,7,70,3,3.0,3.0,1.0,68c15a0ca22cd55577fcabeee08d599336d7d998c21abacc9df1351cded420c0,677,677,0.5391432791728212703101920236,1.224187590235216201889886920,53,53,0.4915601820297298668026268131,-0.0897762553104332840862245156,390,0.5538461538461538461538461538,42,42,287,0.5191637630662020905923344948,11,11,run_9284588e84a745e68350461459bd8e58,ema_pullback:aed6c10b3e74ea86d23d4fe2
w07-lb070-sym4,lab_ema500_3d_symmetric_exit,7,70,4,4.0,4.0,1.0,68c15a0ca22cd55577fcabeee08d599336d7d998c21abacc9df1351cded420c0,675,675,0.56,1.213343290237462237195801348,81,81,0.681813515242727525645600017,-0.1374801988305304626289634559,389,0.5732647814910025706940874036,57,57,286,0.5419580419580419580419580420,24,24,run_13371f62474f448db62564a39055b21a,ema_pullback:208ff8ab44a8e63aad7dcea9
w07-lb070-sym5,lab_ema500_3d_symmetric_exit,7,70,5,5.0,5.0,1.0,68c15a0ca22cd55577fcabeee08d599336d7d998c21abacc9df1351cded420c0,664,664,0.5271084337349397590361445783,1.118945512116501564551850556,36,36,0.4525428391045953428903293371,-0.1941518773460169844217304218,381,0.5459317585301837270341207349,35,35,283,0.5017667844522968197879858657,1,1,run_ec75362386f645e7912f31641624e191,ema_pullback:8e45f9ac5d58807bc204c411
w07-lb080-sym3,lab_ema500_3d_symmetric_exit,7,80,3,3.0,3.0,1.0,68c15a0ca22cd55577fcabeee08d599336d7d998c21abacc9df1351cded420c0,651,651,0.5391705069124423963133640553,1.223803568683959211935264102,51,51,0.4708463346874858585542626757,-0.0855383014319359305722514404,375,0.5546666666666666666666666667,41,41,276,0.5181159420289855072463768116,10,10,run_bf6b1db5ef464f65ae75956eb3e4d04d,ema_pullback:39c086742bf0b5da18684eea
w07-lb080-sym4,lab_ema500_3d_symmetric_exit,7,80,4,4.0,4.0,1.0,68c15a0ca22cd55577fcabeee08d599336d7d998c21abacc9df1351cded420c0,650,650,0.5584615384615384615384615385,1.208151478913688040831741431,76,76,0.6334284757290394545215504654,-0.1340188311326184642688108089,375,0.5706666666666666666666666667,53,53,275,0.5418181818181818181818181818,23,23,run_eb8f0811c030430aa51e60e8e5498973,ema_pullback:021a535497c00b40345f8d04
w07-lb080-sym5,lab_ema500_3d_symmetric_exit,7,80,5,5.0,5.0,1.0,68c15a0ca22cd55577fcabeee08d599336d7d998c21abacc9df1351cded420c0,641,641,0.5288611544461778471138845554,1.123598802338818282091687982,37,37,0.4569790678858238921497085704,-0.1872076847524429665767515939,369,0.5474254742547425474254742547,35,35,272,0.5036764705882352941176470588,2,2,run_1b254ba5d03445bda2555da3b7a1cafb,ema_pullback:f2ae251ed621e58408cb5361
w07-lb090-sym3,lab_ema500_3d_symmetric_exit,7,90,3,3.0,3.0,1.0,68c15a0ca22cd55577fcabeee08d599336d7d998c21abacc9df1351cded420c0,622,622,0.5369774919614147909967845659,1.217389333038406256328488578,46,46,0.4372912384336266330135294027,-0.0791580674046724583287258437,360,0.55,36,36,262,0.5190839694656488549618320611,10,10,run_015920a2f41044a4a18c362eee6b615a,ema_pullback:d1e8d5f6ebcda68f50d7f469
w07-lb090-sym4,lab_ema500_3d_symmetric_exit,7,90,4,4.0,4.0,1.0,68c15a0ca22cd55577fcabeee08d599336d7d998c21abacc9df1351cded420c0,621,621,0.5523349436392914653784219002,1.189402899463413303429708869,65,65,0.5501247666736808062459468256,-0.1285269916834390573721687119,360,0.5638888888888888888888888889,46,46,261,0.5363984674329501915708812261,19,19,run_9596bc959f7242daa785edf4a39d774d,ema_pullback:a0dfcc2f34f7b3ac05d63752
w07-lb090-sym5,lab_ema500_3d_symmetric_exit,7,90,5,5.0,5.0,1.0,68c15a0ca22cd55577fcabeee08d599336d7d998c21abacc9df1351cded420c0,615,615,0.5252032520325203252032520325,1.114179387726417124453887310,31,31,0.412771091886473780516197067,-0.1900089852989116635656186276,356,0.5449438202247191011235955056,32,32,259,0.4980694980694980694980694981,-1,-1,run_dff0c0992bfe43b0b611d9b10cdb5004,ema_pullback:f145b72756cbcd05d5c39061
w07-lb100-sym3,lab_ema500_3d_symmetric_exit,7,100,3,3.0,3.0,1.0,68c15a0ca22cd55577fcabeee08d599336d7d998c21abacc9df1351cded420c0,596,596,0.5436241610738255033557046980,1.258150078101431162652721113,52,52,0.5013606038700780444964141918,-0.0799691876331483256532529310,345,0.5565217391304347826086956522,39,39,251,0.5258964143426294820717131474,13,13,run_d63b8328f98c437ca3650ace8e87e9c5,ema_pullback:ef3868ceb33f79d2a1a113f8
w07-lb100-sym4,lab_ema500_3d_symmetric_exit,7,100,4,4.0,4.0,1.0,68c15a0ca22cd55577fcabeee08d599336d7d998c21abacc9df1351cded420c0,595,595,0.5563025210084033613445378151,1.218568869156081593849708806,67,67,0.6103105241271825424289021783,-0.1234558066334764371929492425,345,0.5681159420289855072463768116,47,47,250,0.54,20,20,run_ebbfd0978425466e964223c205858ed0,ema_pullback:b5ada7b5347b210a69f4ade7
w07-lb100-sym5,lab_ema500_3d_symmetric_exit,7,100,5,5.0,5.0,1.0,68c15a0ca22cd55577fcabeee08d599336d7d998c21abacc9df1351cded420c0,590,590,0.5288135593220338983050847458,1.137908936867173605840797704,34,34,0.4804667242036279550271739067,-0.1841103925353937318014519399,342,0.5497076023391812865497076023,34,34,248,0.5,0,0,run_6175f40289d441ddb5ed1f78c7b60b39,ema_pullback:6de693b25da9b9c109da5d55
w07-lb110-sym3,lab_ema500_3d_symmetric_exit,7,110,3,3.0,3.0,1.0,68c15a0ca22cd55577fcabeee08d599336d7d998c21abacc9df1351cded420c0,575,575,0.5530434782608695652173913043,1.299672163562602225921222732,61,61,0.5707903201850866716746591741,-0.0735737549637473794288626676,334,0.5688622754491017964071856287,46,46,241,0.5311203319502074688796680498,15,15,run_8fb4d21d38f54fa98ac7c55c672b0d6f,ema_pullback:a8ea98f9e187edec02e33f06
w07-lb110-sym4,lab_ema500_3d_symmetric_exit,7,110,4,4.0,4.0,1.0,68c15a0ca22cd55577fcabeee08d599336d7d998c21abacc9df1351cded420c0,574,574,0.5592334494773519163763066202,1.223432611323517385600902202,68,68,0.5944197126170093146894966919,-0.1147635656059159099368968675,334,0.5718562874251497005988023952,48,48,240,0.5416666666666666666666666667,20,20,run_45a7b0a09df940f4a035a37b6f5420f6,ema_pullback:aeaa7f171e29fd53cc810c29
w07-lb110-sym5,lab_ema500_3d_symmetric_exit,7,110,5,5.0,5.0,1.0,68c15a0ca22cd55577fcabeee08d599336d7d998c21abacc9df1351cded420c0,572,572,0.5279720279720279720279720280,1.130415851189440030107216290,32,32,0.434670368399254758690081255,-0.1795997176725463152442622251,332,0.5512048192771084337349397590,34,34,240,0.4958333333333333333333333333,-2,-2,run_ddf779457a3f40eb9319d2bda61c7c2d,ema_pullback:7a4d0d2ae771677124a02aaa
w07-lb120-sym3,lab_ema500_3d_symmetric_exit,7,120,3,3.0,3.0,1.0,68c15a0ca22cd55577fcabeee08d599336d7d998c21abacc9df1351cded420c0,557,557,0.5511669658886894075403949731,1.274845364617424909148097576,57,57,0.5091887115497358426659810208,-0.0796662924989135561181898913,323,0.5634674922600619195046439628,41,41,234,0.5341880341880341880341880342,16,16,run_57a85ada1c6445a2ade505ccc15ad541,ema_pullback:b8baf0b5187b0614695d1709
w07-lb120-sym4,lab_ema500_3d_symmetric_exit,7,120,4,4.0,4.0,1.0,68c15a0ca22cd55577fcabeee08d599336d7d998c21abacc9df1351cded420c0,556,556,0.5593525179856115107913669065,1.211014635411249629165178616,66,66,0.5408529244391409665532844006,-0.1130685583734563860171244308,323,0.5696594427244582043343653251,45,45,233,0.5450643776824034334763948498,21,21,run_815dc1389bf64538b20ae7c970b07473,ema_pullback:276a03a9c351f113e2912ca0
w07-lb120-sym5,lab_ema500_3d_symmetric_exit,7,120,5,5.0,5.0,1.0,68c15a0ca22cd55577fcabeee08d599336d7d998c21abacc9df1351cded420c0,555,555,0.5279279279279279279279279279,1.118245014747946896532588101,31,31,0.3779771946879111145357003021,-0.1820668875675689318194946190,322,0.5496894409937888198757763975,32,32,233,0.4978540772532188841201716738,-1,-1,run_6f0970e1b49f4ecbbd1a6f07e61b90a0,ema_pullback:464fadd8b8b021d6d782de7c
w07-lb130-sym3,lab_ema500_3d_symmetric_exit,7,130,3,3.0,3.0,1.0,68c15a0ca22cd55577fcabeee08d599336d7d998c21abacc9df1351cded420c0,545,545,0.5486238532110091743119266055,1.263441776791387889741900654,53,53,0.4753112346719932326080655143,-0.0764955218222784141506354306,314,0.5605095541401273885350318471,38,38,231,0.5324675324675324675324675325,15,15,run_a9ba910ff74f4552bfc5cfb492945120,ema_pullback:3f59dd6de812154dc71a125c
w07-lb130-sym4,lab_ema500_3d_symmetric_exit,7,130,4,4.0,4.0,1.0,68c15a0ca22cd55577fcabeee08d599336d7d998c21abacc9df1351cded420c0,544,544,0.5569852941176470588235294118,1.199281767216547716175952829,62,62,0.4950201281873796791111745153,-0.1113336012458875143776936799,314,0.5668789808917197452229299363,42,42,230,0.5434782608695652173913043478,20,20,run_2b021c4da9de4474b1f61f2390bb9966,ema_pullback:4a5fea1a5f41a84410ecb0d5
w07-lb130-sym5,lab_ema500_3d_symmetric_exit,7,130,5,5.0,5.0,1.0,68c15a0ca22cd55577fcabeee08d599336d7d998c21abacc9df1351cded420c0,543,543,0.5285451197053406998158379374,1.113059929785919221993346072,31,31,0.3481637756008002452875673607,-0.1790679251879793926218918796,313,0.5495207667731629392971246006,31,31,230,0.5,0,0,run_556623c8f44446a4aee6a1784121bd18,ema_pullback:69cdeb64d953f01fee904b2c
w07-lb140-sym3,lab_ema500_3d_symmetric_exit,7,140,3,3.0,3.0,1.0,68c15a0ca22cd55577fcabeee08d599336d7d998c21abacc9df1351cded420c0,530,530,0.5433962264150943396226415094,1.241169097748343376612741554,46,46,0.4176796668535103835494219188,-0.0746050972512957709668652069,305,0.5540983606557377049180327869,33,33,225,0.5288888888888888888888888889,13,13,run_59453a23342e4085b278ce97ce6aa36e,ema_pullback:cb2d6be8faa46171ae66e88c
w07-lb140-sym4,lab_ema500_3d_symmetric_exit,7,140,4,4.0,4.0,1.0,68c15a0ca22cd55577fcabeee08d599336d7d998c21abacc9df1351cded420c0,529,529,0.5538752362948960302457466919,1.213537436229379991822559822,57,57,0.5301009957926481270691139346,-0.1065490920791409707537137338,305,0.5639344262295081967213114754,39,39,224,0.5401785714285714285714285714,18,18,run_1b2c5a5b5c0f471ba497ac57e6538368,ema_pullback:71641cf93b50ea554677c788
w07-lb140-sym5,lab_ema500_3d_symmetric_exit,7,140,5,5.0,5.0,1.0,68c15a0ca22cd55577fcabeee08d599336d7d998c21abacc9df1351cded420c0,528,528,0.5284090909090909090909090909,1.132157331135760141507026947,30,30,0.4158287917114118696901337648,-0.1729300986194663226144951972,304,0.5493421052631578947368421053,30,30,224,0.5,0,0,run_acd9763647a7491aba93c8593b56dae4,ema_pullback:533b07e127357e4814e0ae91
w07-lb150-sym3,lab_ema500_3d_symmetric_exit,7,150,3,3.0,3.0,1.0,68c15a0ca22cd55577fcabeee08d599336d7d998c21abacc9df1351cded420c0,511,511,0.5420743639921722113502935421,1.244379192258997464212399170,43,43,0.4139417787895897228200015232,-0.0650173665750838960228503441,292,0.5513698630136986301369863014,30,30,219,0.5296803652968036529680365297,13,13,run_0e96085dcdb64814b2706eba83162255,ema_pullback:6755e16d874a97a57a55e337
w07-lb150-sym4,lab_ema500_3d_symmetric_exit,7,150,4,4.0,4.0,1.0,68c15a0ca22cd55577fcabeee08d599336d7d998c21abacc9df1351cded420c0,510,510,0.5490196078431372549019607843,1.207660227671787931874537036,50,50,0.5028005307322587350746761398,-0.0941747398185520097344279346,292,0.5547945205479452054794520548,32,32,218,0.5412844036697247706422018349,18,18,run_6f1a8b2bcf114876878dd22ffe334087,ema_pullback:bac651043ef0df86c8061926
w07-lb150-sym5,lab_ema500_3d_symmetric_exit,7,150,5,5.0,5.0,1.0,68c15a0ca22cd55577fcabeee08d599336d7d998c21abacc9df1351cded420c0,509,509,0.5284872298624754420432220039,1.141271154649117709201070439,29,29,0.437032273567963145537001796,-0.1585741929139981696628509508,291,0.5498281786941580756013745704,29,29,218,0.5,0,0,run_5e15b8e0255c41808f94dea6dd2eae09,ema_pullback:6f0185fd3eb221aaa8f19ebf
w07-lb160-sym3,lab_ema500_3d_symmetric_exit,7,160,3,3.0,3.0,1.0,68c15a0ca22cd55577fcabeee08d599336d7d998c21abacc9df1351cded420c0,494,494,0.5404858299595141700404858300,1.237433962209184055708057497,40,40,0.3971306961546851802437250736,-0.0764927309413363890665994212,277,0.5523465703971119133574007220,29,29,217,0.5253456221198156682027649770,11,11,run_61fcf0fb20a046358aa02c6e1be60fe4,ema_pullback:f58efa7a8aa39678a28e0443
w07-lb160-sym4,lab_ema500_3d_symmetric_exit,7,160,4,4.0,4.0,1.0,68c15a0ca22cd55577fcabeee08d599336d7d998c21abacc9df1351cded420c0,493,493,0.5456389452332657200811359026,1.193133985150564461415062526,45,45,0.4586516140424740171445644762,-0.1043642001062408191070090280,277,0.5523465703971119133574007220,29,29,216,0.5370370370370370370370370370,16,16,run_2d2ff6e102aa4e5491fcbeb8aed6844d,ema_pullback:d0bb55100bdce3d19177e2b3
w07-lb160-sym5,lab_ema500_3d_symmetric_exit,7,160,5,5.0,5.0,1.0,68c15a0ca22cd55577fcabeee08d599336d7d998c21abacc9df1351cded420c0,492,492,0.5284552845528455284552845528,1.134301893997398677290721976,28,28,0.4151532670481130221396573662,-0.1746887437433508691281495639,276,0.5543478260869565217391304348,30,30,216,0.4953703703703703703703703704,-2,-2,run_855ece63aaf34e2cb58e6902a20216cf,ema_pullback:1452aae297d7733b305082a4
w07-lb170-sym3,lab_ema500_3d_symmetric_exit,7,170,3,3.0,3.0,1.0,68c15a0ca22cd55577fcabeee08d599336d7d998c21abacc9df1351cded420c0,483,483,0.5362318840579710144927536232,1.222995157797059261502929137,35,35,0.3617296192626724332247351162,-0.0806146383701973343106672502,270,0.5481481481481481481481481481,26,26,213,0.5211267605633802816901408451,9,9,run_ade0238afec248239b589443f914e0f3,ema_pullback:80a6118ad2ef21a13b94a616
w07-lb170-sym4,lab_ema500_3d_symmetric_exit,7,170,4,4.0,4.0,1.0,68c15a0ca22cd55577fcabeee08d599336d7d998c21abacc9df1351cded420c0,482,482,0.5456431535269709543568464730,1.193227417851007745128291715,44,44,0.4498314495326633659633031764,-0.1096862929395711763999380410,270,0.5555555555555555555555555556,30,30,212,0.5330188679245283018867924528,14,14,run_0fdf85a1e1134e7fb987ee247697018f,ema_pullback:9b02e7fa5ecb7a0b11cf66f4
w07-lb170-sym5,lab_ema500_3d_symmetric_exit,7,170,5,5.0,5.0,1.0,68c15a0ca22cd55577fcabeee08d599336d7d998c21abacc9df1351cded420c0,481,481,0.5259875259875259875259875260,1.127844125894729834474417257,25,25,0.3825693297277458855694981579,-0.1808099087874849307653249123,269,0.5539033457249070631970260223,29,29,212,0.4905660377358490566037735849,-4,-4,run_05fe3ffcf2bc41ab9723ea59870ab155,ema_pullback:5c84f6f2f1a0dac0de0046cf
w07-lb180-sym3,lab_ema500_3d_symmetric_exit,7,180,3,3.0,3.0,1.0,68c15a0ca22cd55577fcabeee08d599336d7d998c21abacc9df1351cded420c0,469,469,0.5287846481876332622601279318,1.187094234635142357047802769,27,27,0.2959572555319624573430436114,-0.0731133687920546818712220614,265,0.5396226415094339622641509434,21,21,204,0.5147058823529411764705882353,6,6,run_583148de01474751a493d8a5b9caa5b9,ema_pullback:f125bd15a3d02a4ba0708da5
w07-lb180-sym4,lab_ema500_3d_symmetric_exit,7,180,4,4.0,4.0,1.0,68c15a0ca22cd55577fcabeee08d599336d7d998c21abacc9df1351cded420c0,468,468,0.5384615384615384615384615385,1.158306886978825286233811507,36,36,0.3574092768322413434255409187,-0.1145281666229748474032011408,265,0.5471698113207547169811320755,25,25,203,0.5270935960591133004926108374,11,11,run_cfc1cd246fa34400b78c61d6054e430b,ema_pullback:46ab95e4bacc5929f452a726
w07-lb180-sym5,lab_ema500_3d_symmetric_exit,7,180,5,5.0,5.0,1.0,68c15a0ca22cd55577fcabeee08d599336d7d998c21abacc9df1351cded420c0,467,467,0.5224839400428265524625267666,1.106203273495078488929971777,21,21,0.310573115496845746000114903,-0.1759099004281436552231214483,264,0.5454545454545454545454545455,24,24,203,0.4926108374384236453201970443,-3,-3,run_58b1c9222cdc43f784a72ca8ebbbaa06,ema_pullback:d1a61bc898e8616802aada94
w07-lb190-sym3,lab_ema500_3d_symmetric_exit,7,190,3,3.0,3.0,1.0,68c15a0ca22cd55577fcabeee08d599336d7d998c21abacc9df1351cded420c0,456,456,0.5241228070175438596491228070,1.154186393144102096436988021,22,22,0.2332307471813449177348365857,-0.0925445863631723917176997303,260,0.5307692307692307692307692308,16,16,196,0.5153061224489795918367346939,6,6,run_ffc8dafdf81148b18ea51b38536f43fc,ema_pullback:6b92d28b32274f38211ac508
w07-lb190-sym4,lab_ema500_3d_symmetric_exit,7,190,4,4.0,4.0,1.0,68c15a0ca22cd55577fcabeee08d599336d7d998c21abacc9df1351cded420c0,455,455,0.5318681318681318681318681319,1.123782482881243699574850069,29,29,0.2636508814529679678366559911,-0.1370278065895007083829531259,260,0.5384615384615384615384615385,20,20,195,0.5230769230769230769230769231,9,9,run_5cc61852c9e84f79b56b3fbbfd6a440a,ema_pullback:5e4fb664575e8dcbb7a6da05
w07-lb190-sym5,lab_ema500_3d_symmetric_exit,7,190,5,5.0,5.0,1.0,68c15a0ca22cd55577fcabeee08d599336d7d998c21abacc9df1351cded420c0,454,454,0.5132158590308370044052863436,1.065339568267891368259154834,12,12,0.1780967443873825271850270674,-0.2056784030137601830166241404,259,0.5366795366795366795366795367,19,19,195,0.4820512820512820512820512821,-7,-7,run_b2d4cac2643f49e99e932aefd6990e69,ema_pullback:6ea1d0e8c611e64410df419c
w07-lb200-sym3,lab_ema500_3d_symmetric_exit,7,200,3,3.0,3.0,1.0,68c15a0ca22cd55577fcabeee08d599336d7d998c21abacc9df1351cded420c0,444,444,0.5225225225225225225225225225,1.135685530194090936959848612,20,20,0.1995170163810653335266984939,-0.0944027320283502368771181227,253,0.5335968379446640316205533597,17,17,191,0.5078534031413612565445026178,3,3,run_0b8cd81a6491424b94dfa891261aad15,ema_pullback:ea04a59cc1c7e6a2ef5e31a0
w07-lb200-sym4,lab_ema500_3d_symmetric_exit,7,200,4,4.0,4.0,1.0,68c15a0ca22cd55577fcabeee08d599336d7d998c21abacc9df1351cded420c0,443,443,0.5282167042889390519187358916,1.099620597665929656682066027,25,25,0.2048069067207872554274558317,-0.1411626788586883569500003646,253,0.5415019762845849802371541502,21,21,190,0.5105263157894736842105263158,4,4,run_374a2f40b2944a5e91c5d25d16cc24ee,ema_pullback:adc5aa27225c4ef98fa63897
w07-lb200-sym5,lab_ema500_3d_symmetric_exit,7,200,5,5.0,5.0,1.0,68c15a0ca22cd55577fcabeee08d599336d7d998c21abacc9df1351cded420c0,442,442,0.5158371040723981900452488688,1.063439978123652059005180122,14,14,0.1696925917229388741128265827,-0.2189865987621537405366633867,252,0.5436507936507936507936507937,22,22,190,0.4789473684210526315789473684,-8,-8,run_fb96c6107bd04fee84bd4ced966f4ef3,ema_pullback:5844d3811d26afca14910587
w07-lb210-sym3,lab_ema500_3d_symmetric_exit,7,210,3,3.0,3.0,1.0,68c15a0ca22cd55577fcabeee08d599336d7d998c21abacc9df1351cded420c0,433,433,0.5196304849884526558891454965,1.127693531723461894453270436,17,17,0.1826281220896623171019840586,-0.0943940726020238280034582674,248,0.5322580645161290322580645161,16,16,185,0.5027027027027027027027027027,1,1,run_f2f5fa5a90184092accbaec29dded8d9,ema_pullback:5333a0121b50f7be5901f044
w07-lb210-sym4,lab_ema500_3d_symmetric_exit,7,210,4,4.0,4.0,1.0,68c15a0ca22cd55577fcabeee08d599336d7d998c21abacc9df1351cded420c0,432,432,0.5277777777777777777777777778,1.097032077844954910771977498,24,24,0.1943087901601312191943713613,-0.1431121765647111182682105100,248,0.5443548387096774193548387097,22,22,184,0.5054347826086956521739130435,2,2,run_916842b4676f48b88aa545476bfd145b,ema_pullback:445738655fcf3fae1a41f0c0
w07-lb210-sym5,lab_ema500_3d_symmetric_exit,7,210,5,5.0,5.0,1.0,68c15a0ca22cd55577fcabeee08d599336d7d998c21abacc9df1351cded420c0,431,431,0.5150812064965197215777262181,1.063073737622344818442669631,13,13,0.1650050507135079881094300632,-0.2148438661175872134259657899,247,0.5465587044534412955465587045,23,23,184,0.4728260869565217391304347826,-10,-10,run_eb284058fade441faf62176cdf7dfb1c,ema_pullback:b582bff49e5660fac3317066
w07-lb220-sym3,lab_ema500_3d_symmetric_exit,7,220,3,3.0,3.0,1.0,68c15a0ca22cd55577fcabeee08d599336d7d998c21abacc9df1351cded420c0,420,420,0.5214285714285714285714285714,1.117920744205006181314153300,18,18,0.1608526719134379716583619893,-0.0955746985510670915188601404,240,0.5375,18,18,180,0.5,0,0,run_3c04ebd2a5c8420fb57c4d7a04e6137b,ema_pullback:ff43dd046bdbed6364f48236
w07-lb220-sym4,lab_ema500_3d_symmetric_exit,7,220,4,4.0,4.0,1.0,68c15a0ca22cd55577fcabeee08d599336d7d998c21abacc9df1351cded420c0,419,419,0.5346062052505966587112171838,1.098922144051922458672852362,29,29,0.1884050344021656736895511758,-0.1445961869683973735527286436,240,0.5541666666666666666666666667,26,26,179,0.5083798882681564245810055866,3,3,run_6c50498338ba43bfa4b4a9b4f46d0ca0,ema_pullback:3dfe6777a288bfd9efc051f3
w07-lb220-sym5,lab_ema500_3d_symmetric_exit,7,220,5,5.0,5.0,1.0,68c15a0ca22cd55577fcabeee08d599336d7d998c21abacc9df1351cded420c0,418,418,0.5215311004784688995215311005,1.063949442288248679265691421,18,18,0.1581057060845152164447245634,-0.2084779262996473753281710467,239,0.5564853556485355648535564854,27,27,179,0.4748603351955307262569832402,-9,-9,run_d48e96248b5c47c48e197ee6f1bf149c,ema_pullback:5339a66a6a18c325fcef4fad
w07-lb230-sym3,lab_ema500_3d_symmetric_exit,7,230,3,3.0,3.0,1.0,68c15a0ca22cd55577fcabeee08d599336d7d998c21abacc9df1351cded420c0,410,410,0.5219512195121951219512195122,1.116980707549964662337226051,18,18,0.1561589235104029982213166026,-0.0858854125884886751888593290,233,0.5407725321888412017167381974,19,19,177,0.4971751412429378531073446328,-1,-1,run_50b59a7d5a5f436dbc154f2d017207df,ema_pullback:781fb5c9050ca06d20f5217c
w07-lb230-sym4,lab_ema500_3d_symmetric_exit,7,230,4,4.0,4.0,1.0,68c15a0ca22cd55577fcabeee08d599336d7d998c21abacc9df1351cded420c0,409,409,0.5330073349633251833740831296,1.091959878975617196434090136,27,27,0.170097677790720325749755942,-0.1457792485964650982245268380,233,0.5536480686695278969957081545,25,25,176,0.5056818181818181818181818182,2,2,run_c0664849e372485f9e74770588777d47,ema_pullback:a9de6b9dc5020740a5017d86
w07-lb230-sym5,lab_ema500_3d_symmetric_exit,7,230,5,5.0,5.0,1.0,68c15a0ca22cd55577fcabeee08d599336d7d998c21abacc9df1351cded420c0,408,408,0.5171568627450980392156862745,1.050597015061265189097125549,14,14,0.1208222525265675594916086127,-0.2009885436495634184507423460,232,0.5517241379310344827586206897,24,24,176,0.4715909090909090909090909091,-10,-10,run_e95b5a6a7e474e55834c228ae069cf0e,ema_pullback:2f95aed5eae83d62094a4ecc
w07-lb240-sym3,lab_ema500_3d_symmetric_exit,7,240,3,3.0,3.0,1.0,68c15a0ca22cd55577fcabeee08d599336d7d998c21abacc9df1351cded420c0,406,406,0.5246305418719211822660098522,1.127437235952717093676942065,20,20,0.1692727335944072785200609399,-0.0848474694067550658050382596,230,0.5434782608695652173913043478,20,20,176,0.5,0,0,run_2c93d1ae461e4d6186bc75ad07dbcd8d,ema_pullback:69fcd4764bea16650dc6b883
w07-lb240-sym4,lab_ema500_3d_symmetric_exit,7,240,4,4.0,4.0,1.0,68c15a0ca22cd55577fcabeee08d599336d7d998c21abacc9df1351cded420c0,405,405,0.5358024691358024691358024691,1.101743598398019963634294418,29,29,0.1878591756265142038234746613,-0.1444733937778499273233746302,230,0.5565217391304347826086956522,26,26,175,0.5085714285714285714285714286,3,3,run_463482b54584443499040879a854fcec,ema_pullback:3c583c2894ddb20b30aef67b
w07-lb240-sym5,lab_ema500_3d_symmetric_exit,7,240,5,5.0,5.0,1.0,68c15a0ca22cd55577fcabeee08d599336d7d998c21abacc9df1351cded420c0,404,404,0.5198019801980198019801980198,1.059478110710220739636210156,16,16,0.1421681782898567717338532091,-0.1948737677473093423716642909,229,0.5545851528384279475982532751,25,25,175,0.4742857142857142857142857143,-9,-9,run_1eaff65bf29a4627b0f796fcfcfa8187,ema_pullback:27d66bc8d8647584e33ee04b
w07-lb250-sym3,lab_ema500_3d_symmetric_exit,7,250,3,3.0,3.0,1.0,68c15a0ca22cd55577fcabeee08d599336d7d998c21abacc9df1351cded420c0,395,395,0.5265822784810126582278481013,1.143285526520037556183013470,21,21,0.1872945905756156170069683353,-0.0913245799088844170305048307,224,0.5491071428571428571428571429,22,22,171,0.4970760233918128654970760234,-1,-1,run_0286c9ee26cb49548db9016a80ed168c,ema_pullback:ba7716f619b46ea2350e5319
w07-lb250-sym4,lab_ema500_3d_symmetric_exit,7,250,4,4.0,4.0,1.0,68c15a0ca22cd55577fcabeee08d599336d7d998c21abacc9df1351cded420c0,394,394,0.5329949238578680203045685279,1.102554604417623972915815292,26,26,0.1876517289872099539534986601,-0.1444733937778499273233746303,224,0.5535714285714285714285714286,24,24,170,0.5058823529411764705882352941,2,2,run_e121110bf3e44ca8ae89977e6578ef73,ema_pullback:4a42829381d0865d138c246e
w07-lb250-sym5,lab_ema500_3d_symmetric_exit,7,250,5,5.0,5.0,1.0,68c15a0ca22cd55577fcabeee08d599336d7d998c21abacc9df1351cded420c0,393,393,0.5165394402035623409669211196,1.059122356254262352312520503,13,13,0.1387921908956219811019210185,-0.2043370186196989543476314474,223,0.5470852017937219730941704036,21,21,170,0.4764705882352941176470588235,-8,-8,run_8c326b0b125443469290777a2e7775da,ema_pullback:7f782ab0bdba1187290f5248
w07-lb260-sym3,lab_ema500_3d_symmetric_exit,7,260,3,3.0,3.0,1.0,68c15a0ca22cd55577fcabeee08d599336d7d998c21abacc9df1351cded420c0,385,385,0.5324675324675324675324675325,1.161473480088743039317875057,25,25,0.2048497637020159654252484734,-0.0932145038721905414629478638,218,0.5550458715596330275229357798,24,24,167,0.5029940119760479041916167665,1,1,run_e79ac0029c3e4cd480fb34aa3fcc83c9,ema_pullback:9c3bfbd3abbb4e80a6e30984
w07-lb260-sym4,lab_ema500_3d_symmetric_exit,7,260,4,4.0,4.0,1.0,68c15a0ca22cd55577fcabeee08d599336d7d998c21abacc9df1351cded420c0,384,384,0.5416666666666666666666666667,1.135582660993761166741752390,32,32,0.2428525799802965202487341038,-0.1246897676090297826393471509,218,0.5596330275229357798165137615,26,26,166,0.5180722891566265060240963855,6,6,run_774b01bea01a447cb14b955a92809b96,ema_pullback:eb7d5cd2ada820f40f1f0d4a
w07-lb260-sym5,lab_ema500_3d_symmetric_exit,7,260,5,5.0,5.0,1.0,68c15a0ca22cd55577fcabeee08d599336d7d998c21abacc9df1351cded420c0,383,383,0.5248041775456919060052219321,1.088985940973805546547939838,19,19,0.2054360950581367659324605128,-0.1871871221920057574655065998,217,0.5529953917050691244239631336,23,23,166,0.4879518072289156626506024096,-4,-4,run_8b186febc6534e23aef57a4a84ad00a2,ema_pullback:4a3a7d1d18d61b7b3777de72
w07-lb270-sym3,lab_ema500_3d_symmetric_exit,7,270,3,3.0,3.0,1.0,68c15a0ca22cd55577fcabeee08d599336d7d998c21abacc9df1351cded420c0,375,375,0.528,1.123300496109581739166120838,21,21,0.1494176614502734213706695319,-0.0974668493850198403404978220,216,0.5509259259259259259259259259,22,22,159,0.4968553459119496855345911950,-1,-1,run_1812c8adba064dd09c53de42a5090f3b,ema_pullback:6fa096aba96c1b215275a7a5
w07-lb270-sym4,lab_ema500_3d_symmetric_exit,7,270,4,4.0,4.0,1.0,68c15a0ca22cd55577fcabeee08d599336d7d998c21abacc9df1351cded420c0,374,374,0.5347593582887700534759358289,1.089703692020396320477274089,26,26,0.1520530773717285964258447134,-0.1296747582857095331541143329,216,0.5555555555555555555555555556,24,24,158,0.5063291139240506329113924051,2,2,run_da0a3c9e74d94df7ba13d14563125fe5,ema_pullback:2f9579e8c2c8321f4a82086f
w07-lb270-sym5,lab_ema500_3d_symmetric_exit,7,270,5,5.0,5.0,1.0,68c15a0ca22cd55577fcabeee08d599336d7d998c21abacc9df1351cded420c0,373,373,0.5201072386058981233243967828,1.084095806201605560616889073,15,15,0.189657780829174049646727032,-0.1999450673376453412047039717,215,0.5488372093023255813953488372,21,21,158,0.4810126582278481012658227848,-6,-6,run_b1158ef081834b00bd57e6745b4a9881,ema_pullback:38655eafc50109f903d2c846
w07-lb280-sym3,lab_ema500_3d_symmetric_exit,7,280,3,3.0,3.0,1.0,68c15a0ca22cd55577fcabeee08d599336d7d998c21abacc9df1351cded420c0,356,356,0.5337078651685393258426966292,1.134001184742032248233139160,24,24,0.1548592035531686336935359989,-0.0840985478421633138364374648,205,0.5560975609756097560975609756,23,23,151,0.5033112582781456953642384106,1,1,run_670c6fd79bca44578e4c1723eef58d9b,ema_pullback:dab6033ac87bed09a498fb28
w07-lb280-sym4,lab_ema500_3d_symmetric_exit,7,280,4,4.0,4.0,1.0,68c15a0ca22cd55577fcabeee08d599336d7d998c21abacc9df1351cded420c0,355,355,0.5408450704225352112676056338,1.105243212402751330832322308,29,29,0.1698711827718082048712740537,-0.1155962130813754769777547954,205,0.5658536585365853658536585366,27,27,150,0.5066666666666666666666666667,2,2,run_c380b8de0ca146708c45ad435cdaa91a,ema_pullback:d275e3d534e348b320c645e3
w07-lb280-sym5,lab_ema500_3d_symmetric_exit,7,280,5,5.0,5.0,1.0,68c15a0ca22cd55577fcabeee08d599336d7d998c21abacc9df1351cded420c0,354,354,0.5254237288135593220338983051,1.092047699000662507697474191,18,18,0.1962344665959933404965760029,-0.1781127334319636843248953956,204,0.5588235294117647058823529412,24,24,150,0.48,-6,-6,run_cd2bb365e1804387b3d5d39af625e755,ema_pullback:f6ce4469432861e1a96e20ff
w07-lb290-sym3,lab_ema500_3d_symmetric_exit,7,290,3,3.0,3.0,1.0,68c15a0ca22cd55577fcabeee08d599336d7d998c21abacc9df1351cded420c0,345,345,0.5304347826086956521739130435,1.122066764502054275871077694,21,21,0.1369470117573090101410090761,-0.0858750282793004934796893275,198,0.5505050505050505050505050505,20,20,147,0.5034013605442176870748299320,1,1,run_ac4ca647afa147aab87e0e48cd558d2f,ema_pullback:085d121e6a729035690da49f
w07-lb290-sym4,lab_ema500_3d_symmetric_exit,7,290,4,4.0,4.0,1.0,68c15a0ca22cd55577fcabeee08d599336d7d998c21abacc9df1351cded420c0,344,344,0.5406976744186046511627906977,1.114998601284892917464684330,28,28,0.1809383999492491572361082282,-0.1103006962058703581960609397,198,0.5656565656565656565656565657,26,26,146,0.5068493150684931506849315068,2,2,run_7aa40a72224a492a856f317ed795f3f9,ema_pullback:86b090ad8f4535f2fb23ff5a
w07-lb290-sym5,lab_ema500_3d_symmetric_exit,7,290,5,5.0,5.0,1.0,68c15a0ca22cd55577fcabeee08d599336d7d998c21abacc9df1351cded420c0,343,343,0.5276967930029154518950437318,1.112692460656254664892035252,19,19,0.2347957859082850730490883356,-0.1507162856311305146018030879,197,0.5634517766497461928934010152,25,25,146,0.4794520547945205479452054795,-6,-6,run_50fab3363e864e0e8c4c785ac93af3fd,ema_pullback:2d36e6ab56b7a568b3ae2edf
w07-lb300-sym3,lab_ema500_3d_symmetric_exit,7,300,3,3.0,3.0,1.0,68c15a0ca22cd55577fcabeee08d599336d7d998c21abacc9df1351cded420c0,335,335,0.5313432835820895522388059701,1.151521873642859332981142504,21,21,0.164195241259900882685528898,-0.0829042753676202069053487787,195,0.5538461538461538461538461538,21,21,140,0.5,0,0,run_eb78f0705c454d63bb1aad513aa41462,ema_pullback:e79af5275cbb6a35211bfb1b
w07-lb300-sym4,lab_ema500_3d_symmetric_exit,7,300,4,4.0,4.0,1.0,68c15a0ca22cd55577fcabeee08d599336d7d998c21abacc9df1351cded420c0,334,334,0.5419161676646706586826347305,1.140026573211736414181557794,28,28,0.2128970247111859450324992464,-0.1063144178422646717688294349,195,0.5641025641025641025641025641,25,25,139,0.5107913669064748201438848921,3,3,run_f16296309e7c4bf89276f5566c25655d,ema_pullback:8caadeea2de46064cba8f444
w07-lb300-sym5,lab_ema500_3d_symmetric_exit,7,300,5,5.0,5.0,1.0,68c15a0ca22cd55577fcabeee08d599336d7d998c21abacc9df1351cded420c0,333,333,0.5255255255255255255255255255,1.115509688320250809081383555,17,17,0.2350026069086246181498845347,-0.1507162856311305146018030896,194,0.5618556701030927835051546392,24,24,139,0.4748201438848920863309352518,-7,-7,run_82431fe2ee9d4daca4a625ffac2472be,ema_pullback:5268c01e4b4125a1951d20a3
w08-lb020-sym3,lab_ema500_3d_symmetric_exit,8,20,3,3.0,3.0,1.0,68c15a0ca22cd55577fcabeee08d599336d7d998c21abacc9df1351cded420c0,800,800,0.55,1.274173882165127425621620467,80,80,0.6831358907748120735629217984,-0.0714347144580734338596261758,476,0.5630252100840336134453781513,60,60,324,0.5308641975308641975308641975,20,20,run_5912c277c7ee419dbd487ccfdd3457c9,ema_pullback:6625b890b3702ffa79d2239b
w08-lb020-sym4,lab_ema500_3d_symmetric_exit,8,20,4,4.0,4.0,1.0,68c15a0ca22cd55577fcabeee08d599336d7d998c21abacc9df1351cded420c0,767,767,0.5580182529335071707953063885,1.247247325297332144711340396,89,89,0.8457802470053535192865611176,-0.0829137997951714413305985642,453,0.5761589403973509933774834437,69,69,314,0.5318471337579617834394904459,20,20,run_d27c33e1a9074b31b997b9ce1b196375,ema_pullback:4c2bfa6ac4516995dca28882
w08-lb020-sym5,lab_ema500_3d_symmetric_exit,8,20,5,5.0,5.0,1.0,68c15a0ca22cd55577fcabeee08d599336d7d998c21abacc9df1351cded420c0,711,711,0.5260196905766526019690576653,1.152307329045706557442718037,37,37,0.5935221416333374392070650444,-0.1429332316576138697382715090,421,0.5439429928741092636579572447,37,37,290,0.5,0,0,run_b847b5c655de4aa1b681e5f8f2a90298,ema_pullback:1ccc69f048f3eea59d919e9c
w08-lb030-sym3,lab_ema500_3d_symmetric_exit,8,30,3,3.0,3.0,1.0,68c15a0ca22cd55577fcabeee08d599336d7d998c21abacc9df1351cded420c0,737,737,0.5590230664857530529172320217,1.305543550653862035553809608,87,87,0.7106206059663960376291074436,-0.0571714796764506219397300064,440,0.5659090909090909090909090909,58,58,297,0.5488215488215488215488215488,29,29,run_fc299503046943d8800fa6f063a7bce1,ema_pullback:08b04e641bc33dc3a352dd84
w08-lb030-sym4,lab_ema500_3d_symmetric_exit,8,30,4,4.0,4.0,1.0,68c15a0ca22cd55577fcabeee08d599336d7d998c21abacc9df1351cded420c0,716,716,0.5642458100558659217877094972,1.272357066972497023184759718,92,92,0.8888824289404104257442125315,-0.0851529853010983982951794033,423,0.5768321513002364066193853428,65,65,293,0.5460750853242320819112627986,27,27,run_b914a7c1c5504f38a4754ed861e06f2a,ema_pullback:eb5fb5d452e055a834db83ba
w08-lb030-sym5,lab_ema500_3d_symmetric_exit,8,30,5,5.0,5.0,1.0,68c15a0ca22cd55577fcabeee08d599336d7d998c21abacc9df1351cded420c0,673,673,0.5289747399702823179791976226,1.170898594908013316376012945,39,39,0.6492242106406166993890787428,-0.1325463875923317184581330671,397,0.5465994962216624685138539043,37,37,276,0.5036231884057971014492753623,2,2,run_8e421d751c954c47b92be987972bd1da,ema_pullback:35aacdc42cd46ca739628430
w08-lb040-sym3,lab_ema500_3d_symmetric_exit,8,40,3,3.0,3.0,1.0,68c15a0ca22cd55577fcabeee08d599336d7d998c21abacc9df1351cded420c0,685,685,0.5532846715328467153284671533,1.261302785859372024457975695,73,73,0.5447094092792063223299886539,-0.0641244092780585836428364807,408,0.5588235294117647058823529412,48,48,277,0.5451263537906137184115523466,25,25,run_3086692825a6434d87b09e7e5ca6b9d7,ema_pullback:d99ccbf2ca21b25b6413461b
w08-lb040-sym4,lab_ema500_3d_symmetric_exit,8,40,4,4.0,4.0,1.0,68c15a0ca22cd55577fcabeee08d599336d7d998c21abacc9df1351cded420c0,675,675,0.5703703703703703703703703704,1.273160882617386787384328008,95,95,0.8309830385608768191443469282,-0.0877056815388997932031466808,400,0.58,64,64,275,0.5563636363636363636363636364,31,31,run_d3eb7d4e987b4769ace2cb6c44d3ea4d,ema_pullback:5a0a974af71a3452095c9aae
w08-lb040-sym5,lab_ema500_3d_symmetric_exit,8,40,5,5.0,5.0,1.0,68c15a0ca22cd55577fcabeee08d599336d7d998c21abacc9df1351cded420c0,648,648,0.5354938271604938271604938272,1.181019321043670437927780805,46,46,0.6548068452705770023689822066,-0.1325463875923317184581330688,384,0.5494791666666666666666666667,38,38,264,0.5151515151515151515151515152,8,8,run_7db4c1cfb7ad43a69a6edd44ec1a6670,ema_pullback:fd8c9831d0780e7f06174bb0
w08-lb050-sym3,lab_ema500_3d_symmetric_exit,8,50,3,3.0,3.0,1.0,68c15a0ca22cd55577fcabeee08d599336d7d998c21abacc9df1351cded420c0,652,652,0.5460122699386503067484662577,1.229846344562471901945203270,60,60,0.4556315305299683261301910258,-0.0749621739235158228824642593,388,0.5541237113402061855670103093,42,42,264,0.5340909090909090909090909091,18,18,run_7ce2fcfda386465ba00f9d660d7ceac9,ema_pullback:17ccab7ea2c776cc6c225567
w08-lb050-sym4,lab_ema500_3d_symmetric_exit,8,50,4,4.0,4.0,1.0,68c15a0ca22cd55577fcabeee08d599336d7d998c21abacc9df1351cded420c0,644,644,0.5652173913043478260869565217,1.250575895239475309679327672,84,84,0.7280828785193596461658955734,-0.0897230889140334993438710090,382,0.5759162303664921465968586387,58,58,262,0.5496183206106870229007633588,26,26,run_22729353895c473ca784c011ba6b7fe6,ema_pullback:2e2e57604202d3dc9bb6a9f3
w08-lb050-sym5,lab_ema500_3d_symmetric_exit,8,50,5,5.0,5.0,1.0,68c15a0ca22cd55577fcabeee08d599336d7d998c21abacc9df1351cded420c0,624,624,0.5336538461538461538461538462,1.171938172301251982531240223,42,42,0.601954236214076402107337738,-0.1325463875923317184581330687,370,0.5513513513513513513513513514,38,38,254,0.5078740157480314960629921260,4,4,run_ce83cb77f2d44823a6c6a5758ea676c2,ema_pullback:3812e9f840ca1d04d16cdae6
w08-lb060-sym3,lab_ema500_3d_symmetric_exit,8,60,3,3.0,3.0,1.0,68c15a0ca22cd55577fcabeee08d599336d7d998c21abacc9df1351cded420c0,608,608,0.5460526315789473684210526316,1.227159207546034362739021982,56,56,0.4127376017825049271426998034,-0.0847464847738447901634536760,356,0.5617977528089887640449438202,44,44,252,0.5238095238095238095238095238,12,12,run_913297866a4c4d6594d391239566f692,ema_pullback:b8dda4385d2b071e9d513505
w08-lb060-sym4,lab_ema500_3d_symmetric_exit,8,60,4,4.0,4.0,1.0,68c15a0ca22cd55577fcabeee08d599336d7d998c21abacc9df1351cded420c0,604,604,0.5678807947019867549668874172,1.263790708544894333835987385,82,82,0.7240091752795893988800039355,-0.0881181530882275533506041081,353,0.5835694050991501416430594901,59,59,251,0.5458167330677290836653386454,23,23,run_c9c52d7f5e61408a9aaad7755a4e9f62,ema_pullback:db2e1618f79945fcc940435f
w08-lb060-sym5,lab_ema500_3d_symmetric_exit,8,60,5,5.0,5.0,1.0,68c15a0ca22cd55577fcabeee08d599336d7d998c21abacc9df1351cded420c0,593,593,0.5379426644182124789207419899,1.185352528295768696090824880,45,45,0.6281058917223035370010532941,-0.1332631689638795974272499844,347,0.5561959654178674351585014409,39,39,246,0.5121951219512195121951219512,6,6,run_bdf1948e73554b3083ab20561fac8533,ema_pullback:d71f80248dd140658ee06cf7
w08-lb070-sym3,lab_ema500_3d_symmetric_exit,8,70,3,3.0,3.0,1.0,68c15a0ca22cd55577fcabeee08d599336d7d998c21abacc9df1351cded420c0,577,577,0.5476603119584055459272097054,1.215996262778346088664102641,55,55,0.3716416784841591549196378737,-0.0859960493189161298889266256,336,0.5654761904761904761904761905,44,44,241,0.5228215767634854771784232365,11,11,run_18516164b26e41028961f553689b138b,ema_pullback:01905d735f76958264564f7f
w08-lb070-sym4,lab_ema500_3d_symmetric_exit,8,70,4,4.0,4.0,1.0,68c15a0ca22cd55577fcabeee08d599336d7d998c21abacc9df1351cded420c0,575,575,0.5686956521739130434782608696,1.251500417462524660763967367,79,79,0.6517386365966595507357986983,-0.0881181530882275533506041072,335,0.5850746268656716417910447761,57,57,240,0.5458333333333333333333333333,22,22,run_e06ba04293b548eaa09cef53ee9e53ed,ema_pullback:fec3a07c3aad7a52a11b5a55
w08-lb070-sym5,lab_ema500_3d_symmetric_exit,8,70,5,5.0,5.0,1.0,68c15a0ca22cd55577fcabeee08d599336d7d998c21abacc9df1351cded420c0,567,567,0.5379188712522045855379188713,1.176844386934746966374485007,43,43,0.5659754611414225950319060113,-0.1332631689638795974272499865,330,0.5545454545454545454545454545,36,36,237,0.5147679324894514767932489451,7,7,run_a33d5af3362a4df09aaf62790c74f1e7,ema_pullback:2ddf7dfc36f30f04bc46975d
w08-lb080-sym3,lab_ema500_3d_symmetric_exit,8,80,3,3.0,3.0,1.0,68c15a0ca22cd55577fcabeee08d599336d7d998c21abacc9df1351cded420c0,557,557,0.5475763016157989228007181329,1.215832553285585756845554335,53,53,0.3593814813004480559411858705,-0.0817404950001569890712843634,323,0.5665634674922600619195046440,43,43,234,0.5213675213675213675213675214,10,10,run_bc2a3cebc52e4e23a346118f8da8becc,ema_pullback:288a6ef60fce2988d523a091
w08-lb080-sym4,lab_ema500_3d_symmetric_exit,8,80,4,4.0,4.0,1.0,68c15a0ca22cd55577fcabeee08d599336d7d998c21abacc9df1351cded420c0,556,556,0.5665467625899280575539568345,1.246710763103515398620393743,74,74,0.6149258268122630357848707609,-0.0881181530882275533506041090,323,0.5820433436532507739938080495,53,53,233,0.5450643776824034334763948498,21,21,run_1c4eb884b32f4958958e4171930a5ff3,ema_pullback:59c9e30424ec687f96c27996
w08-lb080-sym5,lab_ema500_3d_symmetric_exit,8,80,5,5.0,5.0,1.0,68c15a0ca22cd55577fcabeee08d599336d7d998c21abacc9df1351cded420c0,549,549,0.5391621129326047358834244080,1.177917895842464247105448692,43,43,0.5521792881983885102072468894,-0.1257942833097980981098742651,319,0.5548589341692789968652037618,35,35,230,0.5173913043478260869565217391,8,8,run_9b4ecdd69d5f478e929ffade64c089ec,ema_pullback:6cf2ccf005c1692f140ecaa4
w08-lb090-sym3,lab_ema500_3d_symmetric_exit,8,90,3,3.0,3.0,1.0,68c15a0ca22cd55577fcabeee08d599336d7d998c21abacc9df1351cded420c0,529,529,0.5463137996219281663516068053,1.212740820961440017366931046,49,49,0.3384691025888404208504524231,-0.0753337635330740703605822769,309,0.5631067961165048543689320388,39,39,220,0.5227272727272727272727272727,10,10,run_f8debe0085d8470b8952e51edeef3b71,ema_pullback:df2505c3ef629e4cca719cd1
w08-lb090-sym4,lab_ema500_3d_symmetric_exit,8,90,4,4.0,4.0,1.0,68c15a0ca22cd55577fcabeee08d599336d7d998c21abacc9df1351cded420c0,528,528,0.5606060606060606060606060606,1.230029833836846965721824754,64,64,0.5481022184417811984351221258,-0.1052717371804063835964618569,309,0.5760517799352750809061488673,47,47,219,0.5388127853881278538812785388,17,17,run_e563b7cb0bc443789508e7cfeab88ff1,ema_pullback:06cc4734ba01cebd42371e11
w08-lb090-sym5,lab_ema500_3d_symmetric_exit,8,90,5,5.0,5.0,1.0,68c15a0ca22cd55577fcabeee08d599336d7d998c21abacc9df1351cded420c0,523,523,0.5353728489483747609942638623,1.169758122768253019446417466,37,37,0.5140747131475224870189113677,-0.1288072460383451087601708018,306,0.5522875816993464052287581699,32,32,217,0.5115207373271889400921658986,5,5,run_b19e85c5b95f4a90bad0ed7f696843c3,ema_pullback:342b6732fdd3c6f591787a9a
w08-lb100-sym3,lab_ema500_3d_symmetric_exit,8,100,3,3.0,3.0,1.0,68c15a0ca22cd55577fcabeee08d599336d7d998c21abacc9df1351cded420c0,508,508,0.5492125984251968503937007874,1.230899521600220907056959376,50,50,0.3546557599954904081960325614,-0.0724574753131983859730740466,297,0.5656565656565656565656565657,39,39,211,0.5260663507109004739336492891,11,11,run_ec6940e537c544b2a99ef2927d5d1c84,ema_pullback:198cccb0470a63b0f250d81a
w08-lb100-sym4,lab_ema500_3d_symmetric_exit,8,100,4,4.0,4.0,1.0,68c15a0ca22cd55577fcabeee08d599336d7d998c21abacc9df1351cded420c0,507,507,0.5621301775147928994082840237,1.241175406694922024542712876,63,63,0.5531312717124245300375355021,-0.0975511881535055631321999106,297,0.5791245791245791245791245791,47,47,210,0.5380952380952380952380952381,16,16,run_7d5d1f3cff6045149a403f22bd484eb3,ema_pullback:ca2644c65d9e2b25da647d91
w08-lb100-sym5,lab_ema500_3d_symmetric_exit,8,100,5,5.0,5.0,1.0,68c15a0ca22cd55577fcabeee08d599336d7d998c21abacc9df1351cded420c0,503,503,0.5367793240556660039761431412,1.177913623903505006764990689,37,37,0.5188777888782191227753197771,-0.1242812730303368612056479964,295,0.5559322033898305084745762712,33,33,208,0.5096153846153846153846153846,4,4,run_9b50a7ca67584efeb0f4e05408c255cd,ema_pullback:b5de28bd2c7dd9423edc78de
w08-lb110-sym3,lab_ema500_3d_symmetric_exit,8,110,3,3.0,3.0,1.0,68c15a0ca22cd55577fcabeee08d599336d7d998c21abacc9df1351cded420c0,489,489,0.5582822085889570552147239264,1.272473132172848895288786275,57,57,0.4058429680983480829064629236,-0.0693874931113649726430529276,288,0.5763888888888888888888888889,44,44,201,0.5323383084577114427860696517,13,13,run_eb9f74554de547ccb7d3124185d9e1ff,ema_pullback:61a85ba9a1f296c6b3167e18
w08-lb110-sym4,lab_ema500_3d_symmetric_exit,8,110,4,4.0,4.0,1.0,68c15a0ca22cd55577fcabeee08d599336d7d998c21abacc9df1351cded420c0,488,488,0.5655737704918032786885245902,1.246448626409007525409906952,64,64,0.5376247461528281617399339544,-0.0884373052678172912906902759,288,0.5833333333333333333333333333,48,48,200,0.54,16,16,run_6e21daa4ac1d43ee8249d35b301f0772,ema_pullback:cc541f6f9c9e2ec5a760a1db
w08-lb110-sym5,lab_ema500_3d_symmetric_exit,8,110,5,5.0,5.0,1.0,68c15a0ca22cd55577fcabeee08d599336d7d998c21abacc9df1351cded420c0,487,487,0.5359342915811088295687885010,1.168935655770871861121032564,35,35,0.4716645022693570512228126502,-0.1194398307414201510913461467,287,0.5574912891986062717770034843,33,33,200,0.505,2,2,run_92aebf56bdf049219833a4da73cff5b3,ema_pullback:4ba4e72cf0b89871ffb90508
w08-lb120-sym3,lab_ema500_3d_symmetric_exit,8,120,3,3.0,3.0,1.0,68c15a0ca22cd55577fcabeee08d599336d7d998c21abacc9df1351cded420c0,474,474,0.5569620253164556962025316456,1.254270227601314302756237674,54,54,0.3721501024899466279267058015,-0.0698971194950410696559313169,278,0.5683453237410071942446043165,38,38,196,0.5408163265306122448979591837,16,16,run_064fdc04aaf04d67af0aa4e074d1c8e5,ema_pullback:11f3eddb91d78bb14d39363b
w08-lb120-sym4,lab_ema500_3d_symmetric_exit,8,120,4,4.0,4.0,1.0,68c15a0ca22cd55577fcabeee08d599336d7d998c21abacc9df1351cded420c0,473,473,0.5665961945031712473572938689,1.243313148461215622933085386,63,63,0.5174396484448955667607875724,-0.0870230631371926100292697180,278,0.5791366906474820143884892086,44,44,195,0.5487179487179487179487179487,19,19,run_fa58fdbd07314f70a73df0312d617c2b,ema_pullback:e3b03b6196cbb1c331606969
w08-lb120-sym5,lab_ema500_3d_symmetric_exit,8,120,5,5.0,5.0,1.0,68c15a0ca22cd55577fcabeee08d599336d7d998c21abacc9df1351cded420c0,472,472,0.5360169491525423728813559322,1.164838333938779622181484115,34,34,0.4476257796862078751015766235,-0.1198167941587745817470910202,277,0.5523465703971119133574007220,29,29,195,0.5128205128205128205128205128,5,5,run_e59aca9fb4f44d14a3b072851f058853,ema_pullback:fe6856c8736ab475591cf85f
w08-lb130-sym3,lab_ema500_3d_symmetric_exit,8,130,3,3.0,3.0,1.0,68c15a0ca22cd55577fcabeee08d599336d7d998c21abacc9df1351cded420c0,465,465,0.5548387096774193548387096774,1.242906980261089409563105878,51,51,0.347464455755244733981864642,-0.0704969884598610893805204202,270,0.5629629629629629629629629630,34,34,195,0.5435897435897435897435897436,17,17,run_53e9561e05ff4d1e832212102683f848,ema_pullback:5ec9e100383bb66f3cef2f62
w08-lb130-sym4,lab_ema500_3d_symmetric_exit,8,130,4,4.0,4.0,1.0,68c15a0ca22cd55577fcabeee08d599336d7d998c21abacc9df1351cded420c0,464,464,0.5646551724137931034482758621,1.232785193683986102462326514,60,60,0.4812425973381766977340544866,-0.0870230631371926100292697165,270,0.5740740740740740740740740741,40,40,194,0.5515463917525773195876288660,20,20,run_9bc666987b114fb7b0c98adc40d15d40,ema_pullback:0adf4f1592197e5b65363a72
w08-lb130-sym5,lab_ema500_3d_symmetric_exit,8,130,5,5.0,5.0,1.0,68c15a0ca22cd55577fcabeee08d599336d7d998c21abacc9df1351cded420c0,463,463,0.5356371490280777537796976242,1.154991977305414971077383141,33,33,0.4077251832633872357373199877,-0.1188690419565940347033633999,269,0.5501858736059479553903345725,27,27,194,0.5154639175257731958762886598,6,6,run_1e41338a37234f10b7b4fd3b80b7bdb2,ema_pullback:c5e0f66b0f603621d302882b
w08-lb140-sym3,lab_ema500_3d_symmetric_exit,8,140,3,3.0,3.0,1.0,68c15a0ca22cd55577fcabeee08d599336d7d998c21abacc9df1351cded420c0,452,452,0.5486725663716814159292035398,1.232741510052223249094575066,44,44,0.3262633276087700690483171638,-0.0685942848202587154890530337,263,0.5551330798479087452471482890,29,29,189,0.5396825396825396825396825397,15,15,run_2de9548ae33a4be18c6ceaf0d3fbc1f4,ema_pullback:2638515629e1cd737ae593f1
w08-lb140-sym4,lab_ema500_3d_symmetric_exit,8,140,4,4.0,4.0,1.0,68c15a0ca22cd55577fcabeee08d599336d7d998c21abacc9df1351cded420c0,451,451,0.5587583148558758314855875831,1.222891487132646974047815401,53,53,0.4503167081517213820148280856,-0.0870230631371926100292697169,263,0.5665399239543726235741444867,35,35,188,0.5478723404255319148936170213,18,18,run_4ed641abd77f44acb4d53c54f402c2cb,ema_pullback:7b1626b67102806d3ecb8f5d
w08-lb140-sym5,lab_ema500_3d_symmetric_exit,8,140,5,5.0,5.0,1.0,68c15a0ca22cd55577fcabeee08d599336d7d998c21abacc9df1351cded420c0,450,450,0.5333333333333333333333333333,1.153135074399913327235854030,30,30,0.3984094678997681796810932452,-0.1151894600009340163132933485,262,0.5458015267175572519083969466,24,24,188,0.5159574468085106382978723404,6,6,run_60869e42d67f4f3d800839087a9622cd,ema_pullback:8a10ab9bc654048ec74432b9
w08-lb150-sym3,lab_ema500_3d_symmetric_exit,8,150,3,3.0,3.0,1.0,68c15a0ca22cd55577fcabeee08d599336d7d998c21abacc9df1351cded420c0,441,441,0.5442176870748299319727891156,1.220338220219449933640410881,39,39,0.3042730905876261235475941439,-0.0685942848202587154890530312,256,0.546875,24,24,185,0.5405405405405405405405405405,15,15,run_e31a9703a7df4daea395c2a858561ff3,ema_pullback:1044c95b31992dfad2088590
w08-lb150-sym4,lab_ema500_3d_symmetric_exit,8,150,4,4.0,4.0,1.0,68c15a0ca22cd55577fcabeee08d599336d7d998c21abacc9df1351cded420c0,440,440,0.5545454545454545454545454545,1.216070891422222653321544177,48,48,0.4279607772957374812316022545,-0.0866847416541075790019343395,256,0.55859375,30,30,184,0.5489130434782608695652173913,18,18,run_5b5bcdcdfd9d4c3eb05f46d38be74a0d,ema_pullback:d2fef6f0760b62e95e3285c0
w08-lb150-sym5,lab_ema500_3d_symmetric_exit,8,150,5,5.0,5.0,1.0,68c15a0ca22cd55577fcabeee08d599336d7d998c21abacc9df1351cded420c0,439,439,0.5330296127562642369020501139,1.154615334621190483044278790,29,29,0.3950891768207039181294048273,-0.1151894600009340163132933493,255,0.5450980392156862745098039216,23,23,184,0.5163043478260869565217391304,6,6,run_855e7b2fac3644caadb1857961602b09,ema_pullback:f84f81d79e88f81de7f2fa3b
w08-lb160-sym3,lab_ema500_3d_symmetric_exit,8,160,3,3.0,3.0,1.0,68c15a0ca22cd55577fcabeee08d599336d7d998c21abacc9df1351cded420c0,428,428,0.5443925233644859813084112150,1.217272450086124409887961886,38,38,0.294826426908960226670494049,-0.0800257484350915579546902436,245,0.5510204081632653061224489796,25,25,183,0.5355191256830601092896174863,13,13,run_c0dca470ce1647e686283a01796a4bff,ema_pullback:9759229a1f7d4ddf1a2c064b
w08-lb160-sym4,lab_ema500_3d_symmetric_exit,8,160,4,4.0,4.0,1.0,68c15a0ca22cd55577fcabeee08d599336d7d998c21abacc9df1351cded420c0,427,427,0.5526932084309133489461358314,1.204498644256010693783831427,45,45,0.3946782440428082611682079573,-0.0866847416541075790019343382,245,0.5591836734693877551020408163,29,29,182,0.5439560439560439560439560440,16,16,run_8c5dd85066c040a4828517ee505c725b,ema_pullback:f946327ca368c8243a207a1e
w08-lb160-sym5,lab_ema500_3d_symmetric_exit,8,160,5,5.0,5.0,1.0,68c15a0ca22cd55577fcabeee08d599336d7d998c21abacc9df1351cded420c0,426,426,0.5352112676056338028169014085,1.152072738406056208145298831,30,30,0.3845601972446477430257457038,-0.1269437334184373396538638951,244,0.5532786885245901639344262295,26,26,182,0.5109890109890109890109890110,4,4,run_59f06121de7945d99bb35acdee688130,ema_pullback:8a07fca7e34a91cdc91b5b68
w08-lb170-sym3,lab_ema500_3d_symmetric_exit,8,170,3,3.0,3.0,1.0,68c15a0ca22cd55577fcabeee08d599336d7d998c21abacc9df1351cded420c0,418,418,0.5406698564593301435406698565,1.206317578778560616120641875,34,34,0.273067147195247923681313639,-0.0841318868802728738797404714,239,0.5481171548117154811715481172,23,23,179,0.5307262569832402234636871508,11,11,run_1806462ad9d647ce9625f224932abed7,ema_pullback:83bd94dfd390bab52e30de2f
w08-lb170-sym4,lab_ema500_3d_symmetric_exit,8,170,4,4.0,4.0,1.0,68c15a0ca22cd55577fcabeee08d599336d7d998c21abacc9df1351cded420c0,417,417,0.5539568345323741007194244604,1.211468741248612995398853176,45,45,0.4024278987134365585041033904,-0.0866847416541075790019343411,239,0.5648535564853556485355648536,31,31,178,0.5393258426966292134831460674,14,14,run_2186f7736cb149798e0c4136c0455f02,ema_pullback:31bfca376cc6eae2c661cb50
w08-lb170-sym5,lab_ema500_3d_symmetric_exit,8,170,5,5.0,5.0,1.0,68c15a0ca22cd55577fcabeee08d599336d7d998c21abacc9df1351cded420c0,416,416,0.5336538461538461538461538462,1.150792182922710828355678604,28,28,0.3724196127508501757939432034,-0.1334190134537545546787787209,238,0.5546218487394957983193277311,26,26,178,0.5056179775280898876404494382,2,2,run_e00ca5826e6e4c289794e2d9877ff2e6,ema_pullback:1643c62cbbeafd426454401c
w08-lb180-sym3,lab_ema500_3d_symmetric_exit,8,180,3,3.0,3.0,1.0,68c15a0ca22cd55577fcabeee08d599336d7d998c21abacc9df1351cded420c0,410,410,0.5341463414634146341463414634,1.193368478560456545396705400,28,28,0.2535761058067342419408994275,-0.0788621472669784961033631442,236,0.5423728813559322033898305085,20,20,174,0.5229885057471264367816091954,8,8,run_4d5b64d8b36a49f4aa3f84b8010f61d0,ema_pullback:6f072f8198dbee63e34c9210
w08-lb180-sym4,lab_ema500_3d_symmetric_exit,8,180,4,4.0,4.0,1.0,68c15a0ca22cd55577fcabeee08d599336d7d998c21abacc9df1351cded420c0,409,409,0.5476772616136919315403422983,1.198652073733724676771479474,39,39,0.3739053124839742079121625703,-0.0996584275633003447555211756,236,0.5593220338983050847457627119,28,28,173,0.5317919075144508670520231214,11,11,run_f3e274975f5548979219812069cedd7f,ema_pullback:8be8ba81a867d8d1cde33d63
w08-lb180-sym5,lab_ema500_3d_symmetric_exit,8,180,5,5.0,5.0,1.0,68c15a0ca22cd55577fcabeee08d599336d7d998c21abacc9df1351cded420c0,408,408,0.5294117647058823529411764706,1.139962423448337591951604342,24,24,0.3416765521265451895695168924,-0.1334190134537545546787787211,235,0.5489361702127659574468085106,23,23,173,0.5028901734104046242774566474,1,1,run_c21414aa83c04498a79e617ef8582a86,ema_pullback:2ff60aa80e2d7b3a9419d8f1
w08-lb190-sym3,lab_ema500_3d_symmetric_exit,8,190,3,3.0,3.0,1.0,68c15a0ca22cd55577fcabeee08d599336d7d998c21abacc9df1351cded420c0,399,399,0.5288220551378446115288220551,1.152559572990904607564107416,23,23,0.1920030516364112065435938589,-0.0981382855187883450750132593,232,0.5344827586206896551724137931,16,16,167,0.5209580838323353293413173653,7,7,run_c663d6daf78d4de9bae4ffe0d384e979,ema_pullback:36ec5e9e76dcc7ea55f6a9e9
w08-lb190-sym4,lab_ema500_3d_symmetric_exit,8,190,4,4.0,4.0,1.0,68c15a0ca22cd55577fcabeee08d599336d7d998c21abacc9df1351cded420c0,398,398,0.5402010050251256281407035176,1.155881097035212223119956135,32,32,0.2777140389581360005183535074,-0.1058552727386168367394469014,232,0.5517241379310344827586206897,24,24,166,0.5240963855421686746987951807,8,8,run_fac4dd3047f74cabaf76953dadbeed38,ema_pullback:77f50a054fdc7c7aad7f4248
w08-lb190-sym5,lab_ema500_3d_symmetric_exit,8,190,5,5.0,5.0,1.0,68c15a0ca22cd55577fcabeee08d599336d7d998c21abacc9df1351cded420c0,397,397,0.5188916876574307304785894207,1.089563474724663899418622563,15,15,0.2045198663004474283757996559,-0.1437884910824306371162880738,231,0.5411255411255411255411255411,19,19,166,0.4879518072289156626506024096,-4,-4,run_3a35689565014f4390396441c1d88867,ema_pullback:9c2d29c58347fb44c89cb80c
w08-lb200-sym3,lab_ema500_3d_symmetric_exit,8,200,3,3.0,3.0,1.0,68c15a0ca22cd55577fcabeee08d599336d7d998c21abacc9df1351cded420c0,388,388,0.5283505154639175257731958763,1.134412345463391534017963834,22,22,0.164722030566897249723200436,-0.0999849772792540447863439695,225,0.5377777777777777777777777778,17,17,163,0.5153374233128834355828220859,5,5,run_6acdd752fb5547ccbd68a94ae95655aa,ema_pullback:3d6cb2c99f287423a25315d2
w08-lb200-sym4,lab_ema500_3d_symmetric_exit,8,200,4,4.0,4.0,1.0,68c15a0ca22cd55577fcabeee08d599336d7d998c21abacc9df1351cded420c0,387,387,0.5374677002583979328165374677,1.130820614310780655852452142,29,29,0.2256481354506083725579691047,-0.1200625365946309836365132611,225,0.5555555555555555555555555556,25,25,162,0.5123456790123456790123456790,4,4,run_abcbe5eb4d104c2bbe3453ad86f6bc6f,ema_pullback:d42548dc84fe40b49e3dfeba
w08-lb200-sym5,lab_ema500_3d_symmetric_exit,8,200,5,5.0,5.0,1.0,68c15a0ca22cd55577fcabeee08d599336d7d998c21abacc9df1351cded420c0,386,386,0.5207253886010362694300518135,1.083806172096972684183908855,16,16,0.1868060259957368289680118732,-0.1562676955985342715175269789,224,0.5491071428571428571428571429,22,22,162,0.4814814814814814814814814815,-6,-6,run_b17dcbf8787e42109087689af815f555,ema_pullback:aa328a03ccce4f85974b4088
w08-lb210-sym3,lab_ema500_3d_symmetric_exit,8,210,3,3.0,3.0,1.0,68c15a0ca22cd55577fcabeee08d599336d7d998c21abacc9df1351cded420c0,380,380,0.5263157894736842105263157895,1.136810672697861467855631500,20,20,0.1641127894903786569394600553,-0.0979947394691785202352529137,222,0.5360360360360360360360360360,16,16,158,0.5126582278481012658227848101,4,4,run_ccf1cb68a1674ee6976addb4fbccf038,ema_pullback:06118274b972d423d40930fb
w08-lb210-sym4,lab_ema500_3d_symmetric_exit,8,210,4,4.0,4.0,1.0,68c15a0ca22cd55577fcabeee08d599336d7d998c21abacc9df1351cded420c0,379,379,0.5382585751978891820580474934,1.140182555025555650981505819,29,29,0.2372448863295765324629492827,-0.1289011488923407245174841536,222,0.5585585585585585585585585586,26,26,157,0.5095541401273885350318471338,3,3,run_d5a02b7ffdfa42aea28d4de4fb88d4f9,ema_pullback:adaf84b977e11fc26a6236a5
w08-lb210-sym5,lab_ema500_3d_symmetric_exit,8,210,5,5.0,5.0,1.0,68c15a0ca22cd55577fcabeee08d599336d7d998c21abacc9df1351cded420c0,378,378,0.5211640211640211640211640212,1.095100202077669843071379952,16,16,0.209142874201788935532934459,-0.1501608876309616168325782898,221,0.5520361990950226244343891403,23,23,157,0.4777070063694267515923566879,-7,-7,run_f60d96af53af464e89560cd8a0d58fc8,ema_pullback:4e19803ddbb1b4c8a62fed1c
w08-lb220-sym3,lab_ema500_3d_symmetric_exit,8,220,3,3.0,3.0,1.0,68c15a0ca22cd55577fcabeee08d599336d7d998c21abacc9df1351cded420c0,370,370,0.5270270270270270270270270270,1.112395481951991439923680844,20,20,0.1299008145368667770536108111,-0.0941538133535122063547532979,215,0.5395348837209302325581395349,17,17,155,0.5096774193548387096774193548,3,3,run_5155b1f35909412a9d84d3f24b94d70f,ema_pullback:484fa116c233595a35c9c23b
w08-lb220-sym4,lab_ema500_3d_symmetric_exit,8,220,4,4.0,4.0,1.0,68c15a0ca22cd55577fcabeee08d599336d7d998c21abacc9df1351cded420c0,369,369,0.5447154471544715447154471545,1.131049795482762243152134754,33,33,0.2127844305116209964781634559,-0.1286126468386496422413201791,215,0.5674418604651162790697674419,29,29,154,0.5129870129870129870129870130,4,4,run_d74eff2b4f384edeb5a3668e010b585a,ema_pullback:8947e3cd9522a4160ab98c95
w08-lb220-sym5,lab_ema500_3d_symmetric_exit,8,220,5,5.0,5.0,1.0,68c15a0ca22cd55577fcabeee08d599336d7d998c21abacc9df1351cded420c0,368,368,0.5271739130434782608695652174,1.085694202051517667624420380,20,20,0.1796077488931542239611818256,-0.1419945392630587037316346810,214,0.5607476635514018691588785047,26,26,154,0.4805194805194805194805194805,-6,-6,run_47a8fe31abfb42c39706b81964e85918,ema_pullback:d328c028265938ccb6197bea
w08-lb230-sym3,lab_ema500_3d_symmetric_exit,8,230,3,3.0,3.0,1.0,68c15a0ca22cd55577fcabeee08d599336d7d998c21abacc9df1351cded420c0,363,363,0.5261707988980716253443526171,1.105554780045591630523875121,19,19,0.1198919354488107864787886325,-0.0972362342054137956356908029,210,0.5380952380952380952380952381,16,16,153,0.5098039215686274509803921569,3,3,run_659bb72a703d432d927420eb13561f4d,ema_pullback:0cbe37be906605800c83671c
w08-lb230-sym4,lab_ema500_3d_symmetric_exit,8,230,4,4.0,4.0,1.0,68c15a0ca22cd55577fcabeee08d599336d7d998c21abacc9df1351cded420c0,362,362,0.5414364640883977900552486188,1.117778464957497450079907054,30,30,0.1863885938145393757233802812,-0.1254006280925017900439711237,210,0.5619047619047619047619047619,26,26,152,0.5131578947368421052631578947,4,4,run_f835d3a25fe94f5a8b216eeeb1d242c6,ema_pullback:d0d4f7779fb653858b038751
w08-lb230-sym5,lab_ema500_3d_symmetric_exit,8,230,5,5.0,5.0,1.0,68c15a0ca22cd55577fcabeee08d599336d7d998c21abacc9df1351cded420c0,361,361,0.5235457063711911357340720222,1.072608212920176886230398852,17,17,0.147654238170123290638609631,-0.1419945392630587037316346787,209,0.5550239234449760765550239234,23,23,152,0.4802631578947368421052631579,-6,-6,run_2cac494146444d14a7afb21271279b7d,ema_pullback:be62f65ff32d1709da81e241
w08-lb240-sym3,lab_ema500_3d_symmetric_exit,8,240,3,3.0,3.0,1.0,68c15a0ca22cd55577fcabeee08d599336d7d998c21abacc9df1351cded420c0,360,360,0.5277777777777777777777777778,1.113888043766865187856643806,20,20,0.1287344386054436471830461666,-0.0962111794602795008568208074,207,0.5410628019323671497584541063,17,17,153,0.5098039215686274509803921569,3,3,run_2b07f44a0a5c41d189b9e07d44ddc9e3,ema_pullback:f746f055f8026c811c63b40e
w08-lb240-sym4,lab_ema500_3d_symmetric_exit,8,240,4,4.0,4.0,1.0,68c15a0ca22cd55577fcabeee08d599336d7d998c21abacc9df1351cded420c0,359,359,0.5431754874651810584958217270,1.125962310650838860907070585,31,31,0.1989245064370767538320985093,-0.1254006280925017900439711294,207,0.5652173913043478260869565217,27,27,152,0.5131578947368421052631578947,4,4,run_fa77b66fd0d24e2cb2eb5c4f2982f953,ema_pullback:1224469d3917db3b400fa566
w08-lb240-sym5,lab_ema500_3d_symmetric_exit,8,240,5,5.0,5.0,1.0,68c15a0ca22cd55577fcabeee08d599336d7d998c21abacc9df1351cded420c0,358,358,0.5251396648044692737430167598,1.080069688619278571460178424,18,18,0.1628682413719994031619849481,-0.1414275085488442414980684984,206,0.5582524271844660194174757282,24,24,152,0.4802631578947368421052631579,-6,-6,run_9a0b648766ff4e0fb27673056d71d1eb,ema_pullback:f8f6348223025e0f2c0a7c1e
w08-lb250-sym3,lab_ema500_3d_symmetric_exit,8,250,3,3.0,3.0,1.0,68c15a0ca22cd55577fcabeee08d599336d7d998c21abacc9df1351cded420c0,352,352,0.53125,1.130940834499776847313683821,22,22,0.1459451061581101401330432852,-0.1026078618334682891029684871,202,0.5445544554455445544554455446,18,18,150,0.5133333333333333333333333333,4,4,run_ec9fb70dd6e14e6b86b20671dde58ff0,ema_pullback:dcf8d0a2cfbbb97509a4554b
w08-lb250-sym4,lab_ema500_3d_symmetric_exit,8,250,4,4.0,4.0,1.0,68c15a0ca22cd55577fcabeee08d599336d7d998c21abacc9df1351cded420c0,351,351,0.5441595441595441595441595442,1.136419641557163916379551123,31,31,0.2133032215708981415581332303,-0.1239128209249215377100112290,202,0.5643564356435643564356435644,26,26,149,0.5167785234899328859060402685,5,5,run_0427383c1aa64a388a91bcf2df90798c,ema_pullback:a75e01f0998b7438b5b706fa
w08-lb250-sym5,lab_ema500_3d_symmetric_exit,8,250,5,5.0,5.0,1.0,68c15a0ca22cd55577fcabeee08d599336d7d998c21abacc9df1351cded420c0,350,350,0.5228571428571428571428571429,1.081918065059807336390335137,16,16,0.1640857705556930219340214548,-0.1444763142343251150661068505,201,0.5522388059701492537313432836,21,21,149,0.4832214765100671140939597315,-5,-5,run_2049186f31b34f3593fffcc3a9a78602,ema_pullback:2e40dd8038ee9b17eab35f84
w08-lb260-sym3,lab_ema500_3d_symmetric_exit,8,260,3,3.0,3.0,1.0,68c15a0ca22cd55577fcabeee08d599336d7d998c21abacc9df1351cded420c0,345,345,0.5333333333333333333333333333,1.129732785469346756047501442,23,23,0.1414613395742371372584872753,-0.1063055461487529425613097528,197,0.5482233502538071065989847716,19,19,148,0.5135135135135135135135135135,4,4,run_63c5f5aaae704c24b7115afa3891aab4,ema_pullback:9d164c81e107012d44b452a6
w08-lb260-sym4,lab_ema500_3d_symmetric_exit,8,260,4,4.0,4.0,1.0,68c15a0ca22cd55577fcabeee08d599336d7d998c21abacc9df1351cded420c0,344,344,0.5494186046511627906976744186,1.155343172481496075328666083,34,34,0.2385646505510886989764065403,-0.1188303589725583656971200431,197,0.5685279187817258883248730964,27,27,147,0.5238095238095238095238095238,7,7,run_a1858db9c05c45668cb7c93526c2d232,ema_pullback:4997b5f3243e6879715d964c
w08-lb260-sym5,lab_ema500_3d_symmetric_exit,8,260,5,5.0,5.0,1.0,68c15a0ca22cd55577fcabeee08d599336d7d998c21abacc9df1351cded420c0,343,343,0.5276967930029154518950437318,1.098680912160134293147855789,19,19,0.1945198787186953221951969334,-0.1442603738556955698592966794,196,0.5561224489795918367346938776,22,22,147,0.4897959183673469387755102041,-3,-3,run_9ab088336c454f74bec8f181d0c657bd,ema_pullback:bad32ec069484892080328cc
w08-lb270-sym3,lab_ema500_3d_symmetric_exit,8,270,3,3.0,3.0,1.0,68c15a0ca22cd55577fcabeee08d599336d7d998c21abacc9df1351cded420c0,338,338,0.5295857988165680473372781065,1.098826605954749640286414317,20,20,0.1044907814223304170208996484,-0.1104965015807740317067789966,195,0.5435897435897435897435897436,17,17,143,0.5104895104895104895104895105,3,3,run_9678364b602c4ff6b37ad4ebae7efb69,ema_pullback:325654da46080dfe38517d16
w08-lb270-sym4,lab_ema500_3d_symmetric_exit,8,270,4,4.0,4.0,1.0,68c15a0ca22cd55577fcabeee08d599336d7d998c21abacc9df1351cded420c0,337,337,0.5430267062314540059347181009,1.114645017966414725241848243,29,29,0.1699208011597360792718920292,-0.1246371760199067289617629405,195,0.5641025641025641025641025641,25,25,142,0.5140845070422535211267605634,4,4,run_3d86d7e22ff8413791861e242b26d0ce,ema_pullback:18352bd92a467be73cb5d328
w08-lb270-sym5,lab_ema500_3d_symmetric_exit,8,270,5,5.0,5.0,1.0,68c15a0ca22cd55577fcabeee08d599336d7d998c21abacc9df1351cded420c0,336,336,0.5238095238095238095238095238,1.105311117271212431184742629,16,16,0.2069070087777966866191295814,-0.1456691048515785026908004257,194,0.5515463917525773195876288660,20,20,142,0.4859154929577464788732394366,-4,-4,run_03a1c19d40f249a68bef4a82f2209853,ema_pullback:51cbef48e3f79330ba366ddc
w08-lb280-sym3,lab_ema500_3d_symmetric_exit,8,280,3,3.0,3.0,1.0,68c15a0ca22cd55577fcabeee08d599336d7d998c21abacc9df1351cded420c0,323,323,0.5386996904024767801857585139,1.135383728219726723393296005,25,25,0.1385644268746448776955574718,-0.0911534983575573361562537845,186,0.5537634408602150537634408602,20,20,137,0.5182481751824817518248175182,5,5,run_5819b4c900c14b6694347c37891cf886,ema_pullback:d58aac40881f867a8f244146
w08-lb280-sym4,lab_ema500_3d_symmetric_exit,8,280,4,4.0,4.0,1.0,68c15a0ca22cd55577fcabeee08d599336d7d998c21abacc9df1351cded420c0,322,322,0.5527950310559006211180124224,1.153691509128680283825165990,34,34,0.2215530247670047054735024332,-0.1218377097215365853733021684,186,0.5752688172043010752688172043,28,28,136,0.5220588235294117647058823529,6,6,run_3b9e1342b4a4464db9a587651738bf60,ema_pullback:b96fabb77df0cfd65811baa9
w08-lb280-sym5,lab_ema500_3d_symmetric_exit,8,280,5,5.0,5.0,1.0,68c15a0ca22cd55577fcabeee08d599336d7d998c21abacc9df1351cded420c0,321,321,0.5358255451713395638629283489,1.148241913977848240000868701,23,23,0.2853387367991911864379206408,-0.1339924270125643440138443916,185,0.5675675675675675675675675676,25,25,136,0.4926470588235294117647058824,-2,-2,run_644c463c3e1843d8bd43201b50d2cede,ema_pullback:2377e9fe713d97f23dd127f0
w08-lb290-sym3,lab_ema500_3d_symmetric_exit,8,290,3,3.0,3.0,1.0,68c15a0ca22cd55577fcabeee08d599336d7d998c21abacc9df1351cded420c0,316,316,0.5379746835443037974683544304,1.137177976475322974922521470,24,24,0.1389597008608001860773868722,-0.0903247333266830444700083841,183,0.5519125683060109289617486339,19,19,133,0.5187969924812030075187969925,5,5,run_df6c9617062246beb21a3a420fd69b61,ema_pullback:2f7db6344a0f6c5f97f1e30f
w08-lb290-sym4,lab_ema500_3d_symmetric_exit,8,290,4,4.0,4.0,1.0,68c15a0ca22cd55577fcabeee08d599336d7d998c21abacc9df1351cded420c0,315,315,0.5523809523809523809523809524,1.155432050898716471851729867,33,33,0.2221580255901063062427734448,-0.1239810231343343076388582365,183,0.5737704918032786885245901639,27,27,132,0.5227272727272727272727272727,6,6,run_4327fd025ed5482984f5f39f5316faf7,ema_pullback:64577065505af5301a6480d2
w08-lb290-sym5,lab_ema500_3d_symmetric_exit,8,290,5,5.0,5.0,1.0,68c15a0ca22cd55577fcabeee08d599336d7d998c21abacc9df1351cded420c0,314,314,0.5382165605095541401273885350,1.162956858944195351787522767,24,24,0.3119485748084210086899496767,-0.1339924270125643440138443935,182,0.5714285714285714285714285714,26,26,132,0.4924242424242424242424242424,-2,-2,run_9f6f6bbd7d6043478e4d2a12d65f2dd2,ema_pullback:0ac4dd7872c1e83d19a9bf73
w08-lb300-sym3,lab_ema500_3d_symmetric_exit,8,300,3,3.0,3.0,1.0,68c15a0ca22cd55577fcabeee08d599336d7d998c21abacc9df1351cded420c0,308,308,0.5389610389610389610389610390,1.160353308506998776236174803,24,24,0.1580541621145514039953767031,-0.0825062726045604704700748370,181,0.5524861878453038674033149171,19,19,127,0.5196850393700787401574803150,5,5,run_745ec1d20c0b4f35adf9ed0718295c66,ema_pullback:9e5ef2610a792263ef123e7d
w08-lb300-sym4,lab_ema500_3d_symmetric_exit,8,300,4,4.0,4.0,1.0,68c15a0ca22cd55577fcabeee08d599336d7d998c21abacc9df1351cded420c0,307,307,0.5537459283387622149837133550,1.175042018342076461657148306,33,33,0.2434307686510726281554646612,-0.1121305683669876905949511758,181,0.5690607734806629834254143646,25,25,126,0.5317460317460317460317460317,8,8,run_d86f0f33f4cb4ab386103d2b98bd816c,ema_pullback:c2c872768cd81c79a61be408
w08-lb300-sym5,lab_ema500_3d_symmetric_exit,8,300,5,5.0,5.0,1.0,68c15a0ca22cd55577fcabeee08d599336d7d998c21abacc9df1351cded420c0,306,306,0.5359477124183006535947712418,1.157558695026290417837753965,22,22,0.2967069300237478676842689398,-0.1339924270125643440138443906,180,0.5666666666666666666666666667,24,24,126,0.4920634920634920634920634921,-2,-2,run_a9a60b1fcb434523b286f75c8c334b4b,ema_pullback:f5ec6c5dbda48c2594f4281b
w09-lb020-sym3,lab_ema500_3d_symmetric_exit,9,20,3,3.0,3.0,1.0,68c15a0ca22cd55577fcabeee08d599336d7d998c21abacc9df1351cded420c0,650,650,0.5523076923076923076923076923,1.322936675000574344021880171,68,68,0.588139755433140835493484457,-0.0790902875885252526830855738,389,0.5681233933161953727506426735,53,53,261,0.5287356321839080459770114943,15,15,run_810d9e92880d4257b190a8a23dc0390b,ema_pullback:c4f044dffb666d062191e935
w09-lb020-sym4,lab_ema500_3d_symmetric_exit,9,20,4,4.0,4.0,1.0,68c15a0ca22cd55577fcabeee08d599336d7d998c21abacc9df1351cded420c0,626,626,0.5670926517571884984025559105,1.328476658400381375513653193,84,84,0.8126051828487166837031789808,-0.0859546781838502909757939530,372,0.5833333333333333333333333333,62,62,254,0.5433070866141732283464566929,22,22,run_b7c3d21603c640a6bc4dcdc7c483a7ac,ema_pullback:369ed8400caab1ed84039833
w09-lb020-sym5,lab_ema500_3d_symmetric_exit,9,20,5,5.0,5.0,1.0,68c15a0ca22cd55577fcabeee08d599336d7d998c21abacc9df1351cded420c0,590,590,0.5338983050847457627118644068,1.162087664457086001543654590,40,40,0.4759276781996747719112425143,-0.1482550879234761587788103044,352,0.5539772727272727272727272727,38,38,238,0.5042016806722689075630252101,2,2,run_05ac7f17696944d7ab7c395ad0a6d1f7,ema_pullback:c116746b84b53733aed65ade
w09-lb030-sym3,lab_ema500_3d_symmetric_exit,9,30,3,3.0,3.0,1.0,68c15a0ca22cd55577fcabeee08d599336d7d998c21abacc9df1351cded420c0,609,609,0.5550082101806239737274220033,1.308035707208730428399131209,67,67,0.5253889983541172329402245036,-0.0790902875885252526830855733,368,0.5625,46,46,241,0.5435684647302904564315352697,21,21,run_60ea129d0a8a419ab23adc78abf9b87e,ema_pullback:18b1c677b9bbc10b5272663a
w09-lb030-sym4,lab_ema500_3d_symmetric_exit,9,30,4,4.0,4.0,1.0,68c15a0ca22cd55577fcabeee08d599336d7d998c21abacc9df1351cded420c0,594,594,0.5707070707070707070707070707,1.332059638509016038098570553,84,84,0.7955812329989674333416663184,-0.0859546781838502909757939528,356,0.5814606741573033707865168539,58,58,238,0.5546218487394957983193277311,26,26,run_e4c496ddb5f943fba6ebab5a3fccdce1,ema_pullback:3d6a22cb14dd965e6daf9cbc
w09-lb030-sym5,lab_ema500_3d_symmetric_exit,9,30,5,5.0,5.0,1.0,68c15a0ca22cd55577fcabeee08d599336d7d998c21abacc9df1351cded420c0,565,565,0.5345132743362831858407079646,1.165281480495578778404435532,39,39,0.4748395040995929748155023453,-0.1377265274143578191180868761,339,0.5545722713864306784660766962,37,37,226,0.5044247787610619469026548673,2,2,run_3d29a2acb0a5468bb7b87f7675eef780,ema_pullback:79a964d3764d45e859ce9b06
w09-lb040-sym3,lab_ema500_3d_symmetric_exit,9,40,3,3.0,3.0,1.0,68c15a0ca22cd55577fcabeee08d599336d7d998c21abacc9df1351cded420c0,572,572,0.5506993006993006993006993007,1.278693336588281594170145543,58,58,0.4445867935177214452357336996,-0.0790902875885252526830855740,344,0.5552325581395348837209302326,38,38,228,0.5438596491228070175438596491,20,20,run_7299600aae1a4edca3c7fb6ea2ecaa8e,ema_pullback:d3fb55f178f0462546fa3144
w09-lb040-sym4,lab_ema500_3d_symmetric_exit,9,40,4,4.0,4.0,1.0,68c15a0ca22cd55577fcabeee08d599336d7d998c21abacc9df1351cded420c0,565,565,0.5769911504424778761061946903,1.339946279944010929605302478,87,87,0.7758529240643393644559966623,-0.0859546781838502909757939532,339,0.5840707964601769911504424779,57,57,226,0.5663716814159292035398230088,30,30,run_72692a0196b148f6a3ff1254d2bdd928,ema_pullback:e88f4c348b48521601b4da35
w09-lb040-sym5,lab_ema500_3d_symmetric_exit,9,40,5,5.0,5.0,1.0,68c15a0ca22cd55577fcabeee08d599336d7d998c21abacc9df1351cded420c0,546,546,0.5421245421245421245421245421,1.177123215859302357271279221,46,46,0.4957790174235825624373045567,-0.1327356155540415689434043780,329,0.5592705167173252279635258359,39,39,217,0.5161290322580645161290322581,7,7,run_55ead3f47a5447f0ae6d848201d79e85,ema_pullback:9e6f7f912b92d10ea592a2a9
w09-lb050-sym3,lab_ema500_3d_symmetric_exit,9,50,3,3.0,3.0,1.0,68c15a0ca22cd55577fcabeee08d599336d7d998c21abacc9df1351cded420c0,544,544,0.5441176470588235294117647059,1.250864871304700461326476673,48,48,0.3825231381284587413497810116,-0.0790902875885252526830855735,327,0.5504587155963302752293577982,33,33,217,0.5345622119815668202764976959,15,15,run_507d58db96364442864481c648abc00c,ema_pullback:567d4876fceb11559bf958a2
w09-lb050-sym4,lab_ema500_3d_symmetric_exit,9,50,4,4.0,4.0,1.0,68c15a0ca22cd55577fcabeee08d599336d7d998c21abacc9df1351cded420c0,538,538,0.5706319702602230483271375465,1.308486414471693724636756753,76,76,0.6734876884652434316383741607,-0.0859546781838502909757939525,323,0.5789473684210526315789473684,51,51,215,0.5581395348837209302325581395,25,25,run_6be83cd9a5e24f96ae818bcb54fb0257,ema_pullback:eac6bf7ecce58d08730d1b8c
w09-lb050-sym5,lab_ema500_3d_symmetric_exit,9,50,5,5.0,5.0,1.0,68c15a0ca22cd55577fcabeee08d599336d7d998c21abacc9df1351cded420c0,525,525,0.5390476190476190476190476190,1.160761432170277045044985459,41,41,0.4349682021544123439619701846,-0.1324843497651543352117527508,316,0.5601265822784810126582278481,38,38,209,0.5071770334928229665071770335,3,3,run_fda9cd47fb9440959156b4ad166d6d14,ema_pullback:40c3b24aa9e0e9066cbd5888
w09-lb060-sym3,lab_ema500_3d_symmetric_exit,9,60,3,3.0,3.0,1.0,68c15a0ca22cd55577fcabeee08d599336d7d998c21abacc9df1351cded420c0,508,508,0.5433070866141732283464566929,1.239835291859622724687145969,44,44,0.3397447567438129950158138725,-0.0891850225826404847611869179,300,0.5533333333333333333333333333,32,32,208,0.5288461538461538461538461538,12,12,run_c6796b57827b494dbc92d0e53199c691,ema_pullback:e1e47cba624121709bee89e5
w09-lb060-sym4,lab_ema500_3d_symmetric_exit,9,60,4,4.0,4.0,1.0,68c15a0ca22cd55577fcabeee08d599336d7d998c21abacc9df1351cded420c0,506,506,0.5711462450592885375494071146,1.309482639465590386470190441,72,72,0.6419860196902233050792301803,-0.0865167104479214259134198113,299,0.5819397993311036789297658863,49,49,207,0.5555555555555555555555555556,23,23,run_7c8980380a9a47eeafdd0fc349ded6f2,ema_pullback:cb8199dd90ee2a47622e7f77
w09-lb060-sym5,lab_ema500_3d_symmetric_exit,9,60,5,5.0,5.0,1.0,68c15a0ca22cd55577fcabeee08d599336d7d998c21abacc9df1351cded420c0,500,500,0.542,1.168417489030871174948772404,42,42,0.442390027509031060867502519,-0.1205209134897784609962649631,297,0.5622895622895622895622895623,37,37,203,0.5123152709359605911330049261,5,5,run_73c11392abbb40e49cebe200bf47a414,ema_pullback:e2b62435c8ed5415d917d476
w09-lb070-sym3,lab_ema500_3d_symmetric_exit,9,70,3,3.0,3.0,1.0,68c15a0ca22cd55577fcabeee08d599336d7d998c21abacc9df1351cded420c0,482,482,0.5435684647302904564315352697,1.224549396158060822197360646,42,42,0.3026206558225082105811827267,-0.0883035725741227112779030238,284,0.5563380281690140845070422535,32,32,198,0.5252525252525252525252525253,10,10,run_4469b0592bec40d4b0d108fa2f200184,ema_pullback:641ca99e089a0f565ce8e7e8
w09-lb070-sym4,lab_ema500_3d_symmetric_exit,9,70,4,4.0,4.0,1.0,68c15a0ca22cd55577fcabeee08d599336d7d998c21abacc9df1351cded420c0,481,481,0.5717255717255717255717255717,1.298383932380961890976117504,69,69,0.5856567747264883514400616551,-0.0779881628174171669206733754,284,0.5845070422535211267605633803,48,48,197,0.5532994923857868020304568528,21,21,run_fcb7b6248ea6488ea002a923abcc24c1,ema_pullback:f5c9cb5b4f3f31cbd95c3a7b
w09-lb070-sym5,lab_ema500_3d_symmetric_exit,9,70,5,5.0,5.0,1.0,68c15a0ca22cd55577fcabeee08d599336d7d998c21abacc9df1351cded420c0,477,477,0.5408805031446540880503144654,1.158110845017804918560748529,39,39,0.3923707316518614087155423767,-0.1210390242819449324335948650,283,0.5618374558303886925795053004,35,35,194,0.5103092783505154639175257732,4,4,run_eeaae5968c0840a5ac097c3b12c8c450,ema_pullback:72a0c3ebc7294e03f5fce03d
w09-lb080-sym3,lab_ema500_3d_symmetric_exit,9,80,3,3.0,3.0,1.0,68c15a0ca22cd55577fcabeee08d599336d7d998c21abacc9df1351cded420c0,464,464,0.5431034482758620689655172414,1.225396602549681624225776748,40,40,0.2947949596077608510141187312,-0.0866370573113526365724487520,273,0.5567765567765567765567765568,31,31,191,0.5235602094240837696335078534,9,9,run_2e283177216a4278b0d908e73135cefb,ema_pullback:26c589044041f03eed019f31
w09-lb080-sym4,lab_ema500_3d_symmetric_exit,9,80,4,4.0,4.0,1.0,68c15a0ca22cd55577fcabeee08d599336d7d998c21abacc9df1351cded420c0,463,463,0.5701943844492440604751619870,1.295117443624578504612826751,65,65,0.5598319915213324961310376123,-0.0779881628174171669206733753,273,0.5824175824175824175824175824,45,45,190,0.5526315789473684210526315789,20,20,run_7376e991c7ef4d8cb42b8fb9a9926ab1,ema_pullback:309182f4a61efa208fefab5f
w09-lb080-sym5,lab_ema500_3d_symmetric_exit,9,80,5,5.0,5.0,1.0,68c15a0ca22cd55577fcabeee08d599336d7d998c21abacc9df1351cded420c0,460,460,0.5434782608695652173913043478,1.161228499486315176137680333,40,40,0.3906819728962892043238559193,-0.1166794861279844304942438470,273,0.5641025641025641025641025641,35,35,187,0.5133689839572192513368983957,5,5,run_a3c10912de874f9c8627c2d8a78e5ee8,ema_pullback:0926fcce5d05a64f46bb6ac5
w09-lb090-sym3,lab_ema500_3d_symmetric_exit,9,90,3,3.0,3.0,1.0,68c15a0ca22cd55577fcabeee08d599336d7d998c21abacc9df1351cded420c0,442,442,0.5384615384615384615384615385,1.218956441580108442252162177,34,34,0.2744781135004734580587332014,-0.0885829281473235269073564352,262,0.5534351145038167938931297710,28,28,180,0.5166666666666666666666666667,6,6,run_5d2a5b3b8af94c4ebdc1686698d14304,ema_pullback:0d65e0aa3e14426851bae943
w09-lb090-sym4,lab_ema500_3d_symmetric_exit,9,90,4,4.0,4.0,1.0,68c15a0ca22cd55577fcabeee08d599336d7d998c21abacc9df1351cded420c0,441,441,0.5623582766439909297052154195,1.278498059836302307251811562,55,55,0.5065292727202616717527783547,-0.0826018223937554623796730174,262,0.5763358778625954198473282443,40,40,179,0.5418994413407821229050279330,15,15,run_1c8f85a32f6b4a0d824e41bb566e36bd,ema_pullback:60cb4586ff57b0dea2879fde
w09-lb090-sym5,lab_ema500_3d_symmetric_exit,9,90,5,5.0,5.0,1.0,68c15a0ca22cd55577fcabeee08d599336d7d998c21abacc9df1351cded420c0,439,439,0.5375854214123006833712984055,1.151622364829341141046730072,33,33,0.3551169654926135113451107351,-0.1166794861279844304942438468,262,0.5610687022900763358778625954,32,32,177,0.5028248587570621468926553672,1,1,run_e9f7834b25564cd89f75fd834613f693,ema_pullback:0fab89745f569e8619887293
w09-lb100-sym3,lab_ema500_3d_symmetric_exit,9,100,3,3.0,3.0,1.0,68c15a0ca22cd55577fcabeee08d599336d7d998c21abacc9df1351cded420c0,428,428,0.5420560747663551401869158879,1.244230799365637518794488382,36,36,0.3002887798561789916823779636,-0.0799963132865133891030658243,253,0.5573122529644268774703557312,29,29,175,0.52,7,7,run_37957640a01f498bacb002a715e365a2,ema_pullback:f1ad546085aed629b8b071ba
w09-lb100-sym4,lab_ema500_3d_symmetric_exit,9,100,4,4.0,4.0,1.0,68c15a0ca22cd55577fcabeee08d599336d7d998c21abacc9df1351cded420c0,427,427,0.5644028103044496487119437939,1.295060409746911247893610304,55,55,0.5276294973718694407453183233,-0.0826018223937554623796730164,253,0.5810276679841897233201581028,41,41,174,0.5402298850574712643678160920,14,14,run_36e53a9423a1463b9479c4e660600961,ema_pullback:98e6d386527a677653914c28
w09-lb100-sym5,lab_ema500_3d_symmetric_exit,9,100,5,5.0,5.0,1.0,68c15a0ca22cd55577fcabeee08d599336d7d998c21abacc9df1351cded420c0,425,425,0.5388235294117647058823529412,1.158375774792570127268831217,33,33,0.3651146048682390861022687447,-0.1166794861279844304942438479,253,0.5652173913043478260869565217,33,33,172,0.5,0,0,run_5821fecc88c74a71afa89ce508decffc,ema_pullback:4d9fe652078636cde44ef920
w09-lb110-sym3,lab_ema500_3d_symmetric_exit,9,110,3,3.0,3.0,1.0,68c15a0ca22cd55577fcabeee08d599336d7d998c21abacc9df1351cded420c0,411,411,0.5523114355231143552311435523,1.295377334798610097732800072,43,43,0.3491689989375772761175332464,-0.0660201584346779640199195506,244,0.5696721311475409836065573770,34,34,167,0.5269461077844311377245508982,9,9,run_ca08a1c10ffa461c93276d10f4aca622,ema_pullback:f6e60b4ab90741bf5a6ea389
w09-lb110-sym4,lab_ema500_3d_symmetric_exit,9,110,4,4.0,4.0,1.0,68c15a0ca22cd55577fcabeee08d599336d7d998c21abacc9df1351cded420c0,410,410,0.5682926829268292682926829268,1.302665576040254308689340355,56,56,0.5119930821641496802916820406,-0.0922983141967461618695847233,244,0.5860655737704918032786885246,42,42,166,0.5421686746987951807228915663,14,14,run_9c2ce78efc494e6b94032cf1a74fa816,ema_pullback:3be09c324d77e5146a51ba3b
w09-lb110-sym5,lab_ema500_3d_symmetric_exit,9,110,5,5.0,5.0,1.0,68c15a0ca22cd55577fcabeee08d599336d7d998c21abacc9df1351cded420c0,410,410,0.5365853658536585365853658537,1.143321524715143223571937459,30,30,0.3143311575865768974666677344,-0.1079900746570519425697172121,244,0.5655737704918032786885245902,32,32,166,0.4939759036144578313253012048,-2,-2,run_264c72f36a99400c89dd0fce9397a53f,ema_pullback:7e958ac07bde25ceaf85e251
w09-lb120-sym3,lab_ema500_3d_symmetric_exit,9,120,3,3.0,3.0,1.0,68c15a0ca22cd55577fcabeee08d599336d7d998c21abacc9df1351cded420c0,400,400,0.5525,1.285393272887711507902869456,42,42,0.3329712636918018984803698968,-0.0660201584346779640199195507,237,0.5611814345991561181434599156,29,29,163,0.5398773006134969325153374233,13,13,run_5225f392b2e24901987d61f0dac40438,ema_pullback:0f22af9fef6a8397e7de6c0e
w09-lb120-sym4,lab_ema500_3d_symmetric_exit,9,120,4,4.0,4.0,1.0,68c15a0ca22cd55577fcabeee08d599336d7d998c21abacc9df1351cded420c0,399,399,0.5689223057644110275689223058,1.292795427288459057878505337,55,55,0.4878767656422001035489095483,-0.0922983141967461618695847231,237,0.5780590717299578059071729958,37,37,162,0.5555555555555555555555555556,18,18,run_7d647b22e14040d0ac69d4ee60e1b773,ema_pullback:899baab9686e90ded56a51a6
w09-lb120-sym5,lab_ema500_3d_symmetric_exit,9,120,5,5.0,5.0,1.0,68c15a0ca22cd55577fcabeee08d599336d7d998c21abacc9df1351cded420c0,399,399,0.5363408521303258145363408521,1.133537433086180860588319854,29,29,0.2882207157130516090890646928,-0.1092085136154845710666833192,237,0.5569620253164556962025316456,27,27,162,0.5061728395061728395061728395,2,2,run_1d647863c377433aa8d71dfbcabb9170,ema_pullback:9724a5510e194d68b5b90f90
w09-lb130-sym3,lab_ema500_3d_symmetric_exit,9,130,3,3.0,3.0,1.0,68c15a0ca22cd55577fcabeee08d599336d7d998c21abacc9df1351cded420c0,392,392,0.5510204081632653061224489796,1.282806823130888747357512304,40,40,0.3234381665616898138004601547,-0.0711495185221912676281436164,230,0.5565217391304347826086956522,26,26,162,0.5432098765432098765432098765,14,14,run_2d47206bb6b4468c877d5f05abd540fc,ema_pullback:a6fc3b7566b747f1fda7abf9
w09-lb130-sym4,lab_ema500_3d_symmetric_exit,9,130,4,4.0,4.0,1.0,68c15a0ca22cd55577fcabeee08d599336d7d998c21abacc9df1351cded420c0,391,391,0.5677749360613810741687979540,1.291033702562744774406362668,53,53,0.4737587602932175902001841486,-0.0922983141967461618695847231,230,0.5739130434782608695652173913,34,34,161,0.5590062111801242236024844720,19,19,run_8abc5da9d2c34a2f876c1328388c9c48,ema_pullback:63cec5b3eb1b7a5dde090529
w09-lb130-sym5,lab_ema500_3d_symmetric_exit,9,130,5,5.0,5.0,1.0,68c15a0ca22cd55577fcabeee08d599336d7d998c21abacc9df1351cded420c0,391,391,0.5370843989769820971867007673,1.130917291766638875904956600,29,29,0.2757580353109361359286569068,-0.1082493387672236058702240437,230,0.5565217391304347826086956522,26,26,161,0.5093167701863354037267080745,3,3,run_e928669666fc4300b584505f3317323d,ema_pullback:69ef6565c8009062896278d1
w09-lb140-sym3,lab_ema500_3d_symmetric_exit,9,140,3,3.0,3.0,1.0,68c15a0ca22cd55577fcabeee08d599336d7d998c21abacc9df1351cded420c0,380,380,0.5421052631578947368421052632,1.263955330427061274070988129,32,32,0.2957939841962037770622085911,-0.0755490104568531988080522667,223,0.5470852017937219730941704036,21,21,157,0.5350318471337579617834394904,11,11,run_88320af1c50f4a29b0038567d99af985,ema_pullback:92ce214d4c46d5102ef88dc9
w09-lb140-sym4,lab_ema500_3d_symmetric_exit,9,140,4,4.0,4.0,1.0,68c15a0ca22cd55577fcabeee08d599336d7d998c21abacc9df1351cded420c0,379,379,0.5593667546174142480211081794,1.272519493270608092257358263,45,45,0.4329142565115005405375704557,-0.0922983141967461618695847229,223,0.5650224215246636771300448430,29,29,156,0.5512820512820512820512820513,16,16,run_829279b261694833822ca3c4b121bae5,ema_pullback:50bfd81d134acdf5783f4a98
w09-lb140-sym5,lab_ema500_3d_symmetric_exit,9,140,5,5.0,5.0,1.0,68c15a0ca22cd55577fcabeee08d599336d7d998c21abacc9df1351cded420c0,379,379,0.5329815303430079155672823219,1.123362632345726324242659953,25,25,0.2562552179618314636450007915,-0.1139321995399060487286728876,223,0.5515695067264573991031390135,23,23,156,0.5064102564102564102564102564,2,2,run_78d947b7440043029a05293fb4aef652,ema_pullback:00a15ca1f29e03a6a73ce372
w09-lb150-sym3,lab_ema500_3d_symmetric_exit,9,150,3,3.0,3.0,1.0,68c15a0ca22cd55577fcabeee08d599336d7d998c21abacc9df1351cded420c0,373,373,0.5415549597855227882037533512,1.268101450726583005099057750,31,31,0.2968857474488281038091561906,-0.0740406260032802059667192675,220,0.5454545454545454545454545455,20,20,153,0.5359477124183006535947712418,11,11,run_ed75fd7ab22c4ad5a8d4874825dff4da,ema_pullback:a264cc4635c6e936baae33aa
w09-lb150-sym4,lab_ema500_3d_symmetric_exit,9,150,4,4.0,4.0,1.0,68c15a0ca22cd55577fcabeee08d599336d7d998c21abacc9df1351cded420c0,372,372,0.5564516129032258064516129032,1.266322623209349862297395392,42,42,0.4185721709942239250295816171,-0.0922983141967461618695847227,220,0.5590909090909090909090909091,26,26,152,0.5526315789473684210526315789,16,16,run_ab5d92a81c294f198a323337f564d750,ema_pullback:53c7c3e2b6470ce95647bdc3
w09-lb150-sym5,lab_ema500_3d_symmetric_exit,9,150,5,5.0,5.0,1.0,68c15a0ca22cd55577fcabeee08d599336d7d998c21abacc9df1351cded420c0,372,372,0.5322580645161290322580645161,1.123727380771921994046970643,24,24,0.2546811448566193814211045421,-0.1129973329297676535907015854,220,0.55,22,22,152,0.5065789473684210526315789474,2,2,run_35a80132fa324ba196d2b3934d101fb1,ema_pullback:89652926555d815078ef548a
w09-lb160-sym3,lab_ema500_3d_symmetric_exit,9,160,3,3.0,3.0,1.0,68c15a0ca22cd55577fcabeee08d599336d7d998c21abacc9df1351cded420c0,363,363,0.5454545454545454545454545455,1.285023335362224700189533605,33,33,0.3109732285286945258125034398,-0.0636691896800937107966762425,211,0.5545023696682464454976303318,23,23,152,0.5328947368421052631578947368,10,10,run_69a2ad43c7404df4a96ae41f921a4b8e,ema_pullback:39c1d46bc0c154ba88fcb744
w09-lb160-sym4,lab_ema500_3d_symmetric_exit,9,160,4,4.0,4.0,1.0,68c15a0ca22cd55577fcabeee08d599336d7d998c21abacc9df1351cded420c0,362,362,0.5580110497237569060773480663,1.271908588180447741553505147,42,42,0.4192658337266202690558725366,-0.0841980409893230040384407323,211,0.5639810426540284360189573460,27,27,151,0.5496688741721854304635761589,15,15,run_d16c68e0317444ebbb549e1b76c096d0,ema_pullback:0e74f359bdb52693601e029d
w09-lb160-sym5,lab_ema500_3d_symmetric_exit,9,160,5,5.0,5.0,1.0,68c15a0ca22cd55577fcabeee08d599336d7d998c21abacc9df1351cded420c0,362,362,0.5386740331491712707182320442,1.137823781661637987095007797,28,28,0.2832104466279775901888399947,-0.1158890260137199237213219561,211,0.5639810426540284360189573460,27,27,151,0.5033112582781456953642384106,1,1,run_8e488486c61f472bb6d2b8b96fad429d,ema_pullback:3ea0ff71147976106205d53c
w09-lb170-sym3,lab_ema500_3d_symmetric_exit,9,170,3,3.0,3.0,1.0,68c15a0ca22cd55577fcabeee08d599336d7d998c21abacc9df1351cded420c0,354,354,0.5395480225988700564971751412,1.267017500292502841026727051,28,28,0.2843681231615661562082502424,-0.0683358485275351354942692167,206,0.5485436893203883495145631068,20,20,148,0.5270270270270270270270270270,8,8,run_edc1a0b298854381bd0296da299e89de,ema_pullback:1341f404bd65d343a21453cd
w09-lb170-sym4,lab_ema500_3d_symmetric_exit,9,170,4,4.0,4.0,1.0,68c15a0ca22cd55577fcabeee08d599336d7d998c21abacc9df1351cded420c0,353,353,0.5580736543909348441926345609,1.276886732627656061167828285,41,41,0.4203987911129920098683625726,-0.0841980409893230040384407327,206,0.5679611650485436893203883495,28,28,147,0.5442176870748299319727891156,13,13,run_96c2cf22590a4ca68b207a56f5654712,ema_pullback:617c414c179003cf4e91402e
w09-lb170-sym5,lab_ema500_3d_symmetric_exit,9,170,5,5.0,5.0,1.0,68c15a0ca22cd55577fcabeee08d599336d7d998c21abacc9df1351cded420c0,353,353,0.5354107648725212464589235127,1.131808896133577970944224675,25,25,0.2644348767743286251483194709,-0.1242972832690543949632522562,206,0.5631067961165048543689320388,26,26,147,0.4965986394557823129251700680,-1,-1,run_2846635f319d4327b9e661400729dff0,ema_pullback:18d673475589d090bc8c346c
w09-lb180-sym3,lab_ema500_3d_symmetric_exit,9,180,3,3.0,3.0,1.0,68c15a0ca22cd55577fcabeee08d599336d7d998c21abacc9df1351cded420c0,347,347,0.5331412103746397694524495677,1.256268007092002609274497320,23,23,0.2701236182314345989792565615,-0.0727501876132405761065678786,203,0.5418719211822660098522167488,17,17,144,0.5208333333333333333333333333,6,6,run_ef21713354e2444b9d720c3eeb12df49,ema_pullback:0dddde0bba5557c57d806f3b
w09-lb180-sym4,lab_ema500_3d_symmetric_exit,9,180,4,4.0,4.0,1.0,68c15a0ca22cd55577fcabeee08d599336d7d998c21abacc9df1351cded420c0,346,346,0.5520231213872832369942196532,1.266256186705159746849546142,36,36,0.3994613187486206315170975979,-0.0841980409893230040384407323,203,0.5615763546798029556650246305,25,25,143,0.5384615384615384615384615385,11,11,run_a43a3fa92fc744c4aac78d266b1222b3,ema_pullback:fbfe2cfc22c3c2417e9c268d
w09-lb180-sym5,lab_ema500_3d_symmetric_exit,9,180,5,5.0,5.0,1.0,68c15a0ca22cd55577fcabeee08d599336d7d998c21abacc9df1351cded420c0,346,346,0.5317919075144508670520231214,1.123581523708264271597805470,22,22,0.2449391230563410714920723462,-0.1247743041923892955591491625,203,0.5566502463054187192118226601,23,23,143,0.4965034965034965034965034965,-1,-1,run_68fd0c41a4a84cdfbb97ca68d0ee6882,ema_pullback:beba33db58380034d397764d
w09-lb190-sym3,lab_ema500_3d_symmetric_exit,9,190,3,3.0,3.0,1.0,68c15a0ca22cd55577fcabeee08d599336d7d998c21abacc9df1351cded420c0,339,339,0.5280235988200589970501474926,1.210829625073267441909531399,19,19,0.2151196247225260707672667578,-0.0896215695797042518947831528,199,0.5326633165829145728643216080,13,13,140,0.5214285714285714285714285714,6,6,run_4c2271cb8bc548948c8e0e7754fc928c,ema_pullback:37a42235f58c256857ca5e1d
w09-lb190-sym4,lab_ema500_3d_symmetric_exit,9,190,4,4.0,4.0,1.0,68c15a0ca22cd55577fcabeee08d599336d7d998c21abacc9df1351cded420c0,338,338,0.5443786982248520710059171598,1.217413815085332112110863729,30,30,0.312069622077870493611333583,-0.1063144178422646717688294348,199,0.5527638190954773869346733668,21,21,139,0.5323741007194244604316546763,9,9,run_d72cfe9d367740a88da61737fb16fe4f,ema_pullback:1faeabb934a7e74006d007d5
w09-lb190-sym5,lab_ema500_3d_symmetric_exit,9,190,5,5.0,5.0,1.0,68c15a0ca22cd55577fcabeee08d599336d7d998c21abacc9df1351cded420c0,338,338,0.5236686390532544378698224852,1.079241645914228206649288736,16,16,0.14870090068408330432295442,-0.1479233629983113438955643703,199,0.5477386934673366834170854271,19,19,139,0.4892086330935251798561151079,-3,-3,run_ae989afd1c0e4fdfb04f6c7d05ada02b,ema_pullback:54859e1f7422e2f1604051bd
w09-lb200-sym3,lab_ema500_3d_symmetric_exit,9,200,3,3.0,3.0,1.0,68c15a0ca22cd55577fcabeee08d599336d7d998c21abacc9df1351cded420c0,333,333,0.5315315315315315315315315315,1.211825916363256650445606220,21,21,0.2148728195048639564018812394,-0.0853700798753079837799294910,193,0.5388601036269430051813471503,15,15,140,0.5214285714285714285714285714,6,6,run_57fb323595fd45319f29eb73e0b70435,ema_pullback:b7b56e1cf20a7ada1c10dce6
w09-lb200-sym4,lab_ema500_3d_symmetric_exit,9,200,4,4.0,4.0,1.0,68c15a0ca22cd55577fcabeee08d599336d7d998c21abacc9df1351cded420c0,332,332,0.5481927710843373493975903614,1.218065398354682696719139757,32,32,0.31173915081054415379801982,-0.1063144178422646717688294347,193,0.5595854922279792746113989637,23,23,139,0.5323741007194244604316546763,9,9,run_65729b574d9d4c9c9e35a16650f032da,ema_pullback:892399fcaedaab119537f191
w09-lb200-sym5,lab_ema500_3d_symmetric_exit,9,200,5,5.0,5.0,1.0,68c15a0ca22cd55577fcabeee08d599336d7d998c21abacc9df1351cded420c0,332,332,0.5301204819277108433734939759,1.087460239706580159451377093,20,20,0.163352918412895403579562428,-0.1437351636432033198085124281,193,0.5595854922279792746113989637,23,23,139,0.4892086330935251798561151079,-3,-3,run_f27be2787785462ba695bb293c54a4eb,ema_pullback:4d31f1267b0a82e5a8387a73
w09-lb210-sym3,lab_ema500_3d_symmetric_exit,9,210,3,3.0,3.0,1.0,68c15a0ca22cd55577fcabeee08d599336d7d998c21abacc9df1351cded420c0,328,328,0.5335365853658536585365853659,1.229621793844875579778581428,22,22,0.2287998727284234448108783909,-0.0853700798753079837799294910,191,0.5392670157068062827225130890,15,15,137,0.5255474452554744525547445255,7,7,run_8b42f323376c44c98498815fb17e947f,ema_pullback:8d013be07c382df13cb7ec9b
w09-lb210-sym4,lab_ema500_3d_symmetric_exit,9,210,4,4.0,4.0,1.0,68c15a0ca22cd55577fcabeee08d599336d7d998c21abacc9df1351cded420c0,327,327,0.5504587155963302752293577982,1.236046043331572737924474690,33,33,0.3318852099317102834897854968,-0.1063144178422646717688294347,191,0.5602094240837696335078534031,23,23,136,0.5367647058823529411764705882,10,10,run_afa6e013312e4f298375a50bd062664b,ema_pullback:4c674ba3e32c568c27365fda
w09-lb210-sym5,lab_ema500_3d_symmetric_exit,9,210,5,5.0,5.0,1.0,68c15a0ca22cd55577fcabeee08d599336d7d998c21abacc9df1351cded420c0,327,327,0.5290519877675840978593272171,1.096166777926124185277233712,19,19,0.1771046987786953959255615103,-0.1336134148787779775623946996,191,0.5602094240837696335078534031,23,23,136,0.4852941176470588235294117647,-4,-4,run_e58cb5a1b449498fa0ee8c5e4d91bef0,ema_pullback:2197f7b9d9a55135a29eb668
w09-lb220-sym3,lab_ema500_3d_symmetric_exit,9,220,3,3.0,3.0,1.0,68c15a0ca22cd55577fcabeee08d599336d7d998c21abacc9df1351cded420c0,323,323,0.5356037151702786377708978328,1.227460267996326365531584788,23,23,0.2245548558085375725663549805,-0.0842604052047562606523119162,188,0.5425531914893617021276595745,16,16,135,0.5259259259259259259259259259,7,7,run_fdc83157e46a45d3af7b5961c3201b70,ema_pullback:b6fece767e4d987702e557ab
w09-lb220-sym4,lab_ema500_3d_symmetric_exit,9,220,4,4.0,4.0,1.0,68c15a0ca22cd55577fcabeee08d599336d7d998c21abacc9df1351cded420c0,322,322,0.5559006211180124223602484472,1.246001896541603224482514694,36,36,0.3438343831967956117211198246,-0.1063144178422646717688294347,188,0.5691489361702127659574468085,26,26,134,0.5373134328358208955223880597,10,10,run_a609420216e849dbbbe70326b7f8afab,ema_pullback:385d00342c7409a0bc948196
w09-lb220-sym5,lab_ema500_3d_symmetric_exit,9,220,5,5.0,5.0,1.0,68c15a0ca22cd55577fcabeee08d599336d7d998c21abacc9df1351cded420c0,322,322,0.5341614906832298136645962733,1.103778692148117203288058169,22,22,0.1903372408061933054112076703,-0.1274513956450658426463060169,188,0.5691489361702127659574468085,26,26,134,0.4850746268656716417910447761,-4,-4,run_ca08ca86a1d146b7946a551ce9c0ce24,ema_pullback:29af0f69620756d1504d8723
w09-lb230-sym3,lab_ema500_3d_symmetric_exit,9,230,3,3.0,3.0,1.0,68c15a0ca22cd55577fcabeee08d599336d7d998c21abacc9df1351cded420c0,317,317,0.5362776025236593059936908517,1.221649533129807249290168041,23,23,0.2147657614631664182014167099,-0.0842604052047562606523119162,183,0.5409836065573770491803278689,15,15,134,0.5298507462686567164179104478,8,8,run_0d105423a42f4ce0bcda1164dcbfb92d,ema_pullback:115b9136c4e0a7e30d1e270c
w09-lb230-sym4,lab_ema500_3d_symmetric_exit,9,230,4,4.0,4.0,1.0,68c15a0ca22cd55577fcabeee08d599336d7d998c21abacc9df1351cded420c0,316,316,0.5537974683544303797468354430,1.232095528811898231462612246,34,34,0.3161145640572878344280798402,-0.1063144178422646717688294347,183,0.5628415300546448087431693989,23,23,133,0.5413533834586466165413533835,11,11,run_af11c4b97a154acaa34659d3187ce99b,ema_pullback:fe2427e7474714228e8c2c66
w09-lb230-sym5,lab_ema500_3d_symmetric_exit,9,230,5,5.0,5.0,1.0,68c15a0ca22cd55577fcabeee08d599336d7d998c21abacc9df1351cded420c0,316,316,0.5316455696202531645569620253,1.089723006013079903355618676,20,20,0.1597760160518763879227688989,-0.1193306451321268989214961808,183,0.5628415300546448087431693989,23,23,133,0.4887218045112781954887218045,-3,-3,run_73c9bef7cc484536aa357a6d80552314,ema_pullback:e22c247293655bb74fbf76af
w09-lb240-sym3,lab_ema500_3d_symmetric_exit,9,240,3,3.0,3.0,1.0,68c15a0ca22cd55577fcabeee08d599336d7d998c21abacc9df1351cded420c0,315,315,0.5365079365079365079365079365,1.224429639948030468469273156,23,23,0.2167431846775948428530220675,-0.0780766688328850446181625410,181,0.5414364640883977900552486188,15,15,134,0.5298507462686567164179104478,8,8,run_8cd964fe6c7044349ef7cc2f667c7c76,ema_pullback:38aff261c23db900b377046b
w09-lb240-sym4,lab_ema500_3d_symmetric_exit,9,240,4,4.0,4.0,1.0,68c15a0ca22cd55577fcabeee08d599336d7d998c21abacc9df1351cded420c0,314,314,0.5541401273885350318471337580,1.234659730909048419310442959,34,34,0.3189928118327416991930272216,-0.1063144178422646717688294349,181,0.5635359116022099447513812155,23,23,133,0.5413533834586466165413533835,11,11,run_58d13472ead048d2b02b9972f2b0aa93,ema_pullback:43e406f793bd1330156de335
w09-lb240-sym5,lab_ema500_3d_symmetric_exit,9,240,5,5.0,5.0,1.0,68c15a0ca22cd55577fcabeee08d599336d7d998c21abacc9df1351cded420c0,314,314,0.5318471337579617834394904459,1.091534045914786596503516809,20,20,0.1629704176670145707713422405,-0.1267771578248457030505423526,181,0.5635359116022099447513812155,23,23,133,0.4887218045112781954887218045,-3,-3,run_227020c489a24eb3904209a26cf62f16,ema_pullback:a5929f0f18f9ea7f9747be43
w09-lb250-sym3,lab_ema500_3d_symmetric_exit,9,250,3,3.0,3.0,1.0,68c15a0ca22cd55577fcabeee08d599336d7d998c21abacc9df1351cded420c0,307,307,0.5407166123778501628664495114,1.248394944079841776972783001,25,25,0.2352957881352614902098799949,-0.0742168350341045247238615039,176,0.5454545454545454545454545455,16,16,131,0.5343511450381679389312977099,9,9,run_1479f852a2944ae9b34717bdf13f43b5,ema_pullback:e8fd589e3bf71286ecd07f98
w09-lb250-sym4,lab_ema500_3d_symmetric_exit,9,250,4,4.0,4.0,1.0,68c15a0ca22cd55577fcabeee08d599336d7d998c21abacc9df1351cded420c0,306,306,0.5555555555555555555555555556,1.249900162043230428256157856,34,34,0.334811507507969714663959499,-0.1063144178422646717688294347,176,0.5625,22,22,130,0.5461538461538461538461538462,12,12,run_0670678151b04e7f952deb298aca9844,ema_pullback:3114c83be5c9024d4f165352
w09-lb250-sym5,lab_ema500_3d_symmetric_exit,9,250,5,5.0,5.0,1.0,68c15a0ca22cd55577fcabeee08d599336d7d998c21abacc9df1351cded420c0,306,306,0.5294117647058823529411764706,1.093871422393800005322492679,18,18,0.1641880538298281248166128046,-0.1313277946190247389753292894,176,0.5568181818181818181818181818,20,20,130,0.4923076923076923076923076923,-2,-2,run_4ff3a7d9acc840bcb0e5a48adc112915,ema_pullback:bfa739b11ac90b1a45f5c275
w09-lb260-sym3,lab_ema500_3d_symmetric_exit,9,260,3,3.0,3.0,1.0,68c15a0ca22cd55577fcabeee08d599336d7d998c21abacc9df1351cded420c0,301,301,0.5415282392026578073089700997,1.246098729915746134834117106,25,25,0.2278359663320984656743162202,-0.0742168350341045247238615041,172,0.5465116279069767441860465116,16,16,129,0.5348837209302325581395348837,9,9,run_774e501758d644c284f1c22694482414,ema_pullback:9ddc57c4c3cfcdae2e4e590c
w09-lb260-sym4,lab_ema500_3d_symmetric_exit,9,260,4,4.0,4.0,1.0,68c15a0ca22cd55577fcabeee08d599336d7d998c21abacc9df1351cded420c0,300,300,0.56,1.273528164198007807095572713,36,36,0.3587247748188628227784291494,-0.1063144178422646717688294344,172,0.5639534883720930232558139535,22,22,128,0.5546875,14,14,run_a5afc8940b9247b6a64440b33ca1f9cd,ema_pullback:9d26efa5a84be19dd17b5209
w09-lb260-sym5,lab_ema500_3d_symmetric_exit,9,260,5,5.0,5.0,1.0,68c15a0ca22cd55577fcabeee08d599336d7d998c21abacc9df1351cded420c0,300,300,0.5333333333333333333333333333,1.110873817845377993831049595,20,20,0.1903749118811441729567571473,-0.1267771578248457030505423546,172,0.5581395348837209302325581395,20,20,128,0.5,0,0,run_89f5e5f42b684d06b12f90ac4259b63a,ema_pullback:feb38612758dc0bd0ce71c76
w09-lb270-sym3,lab_ema500_3d_symmetric_exit,9,270,3,3.0,3.0,1.0,68c15a0ca22cd55577fcabeee08d599336d7d998c21abacc9df1351cded420c0,296,296,0.5405405405405405405405405405,1.220759756286532262553500454,24,24,0.1982944547706766278905160182,-0.0742168350341045247238615041,171,0.5438596491228070175438596491,15,15,125,0.536,9,9,run_3af04e7b0db748b9a7991adc5fc4d4e8,ema_pullback:d61bcb3cb9db86efb6a42a5a
w09-lb270-sym4,lab_ema500_3d_symmetric_exit,9,270,4,4.0,4.0,1.0,68c15a0ca22cd55577fcabeee08d599336d7d998c21abacc9df1351cded420c0,295,295,0.5559322033898305084745762712,1.234802842964551936673474697,33,33,0.2981607909316418425529822046,-0.1063144178422646717688294344,171,0.5614035087719298245614035088,21,21,124,0.5483870967741935483870967742,12,12,run_31e68fdc7a6645e1b20f7e2bc8acb7e8,ema_pullback:7c652b947f2221ad7efd2342
w09-lb270-sym5,lab_ema500_3d_symmetric_exit,9,270,5,5.0,5.0,1.0,68c15a0ca22cd55577fcabeee08d599336d7d998c21abacc9df1351cded420c0,295,295,0.5322033898305084745762711864,1.128579928985644505511027646,19,19,0.2199959302718716479170451727,-0.1267771578248457030505423526,171,0.5555555555555555555555555556,19,19,124,0.5,0,0,run_00b076116733428a9186c40450cb8ca4,ema_pullback:6527a34b368f3a2b6529701b
w09-lb280-sym3,lab_ema500_3d_symmetric_exit,9,280,3,3.0,3.0,1.0,68c15a0ca22cd55577fcabeee08d599336d7d998c21abacc9df1351cded420c0,284,284,0.5457746478873239436619718310,1.248311259459455605479770989,26,26,0.2163375061504540084380668668,-0.0742168350341045247238615041,165,0.5454545454545454545454545455,15,15,119,0.5462184873949579831932773109,11,11,run_e3ea82504ea74ab0a5928a088a9f183c,ema_pullback:c1be17f96c8bb575cc940bf0
w09-lb280-sym4,lab_ema500_3d_symmetric_exit,9,280,4,4.0,4.0,1.0,68c15a0ca22cd55577fcabeee08d599336d7d998c21abacc9df1351cded420c0,283,283,0.5653710247349823321554770318,1.275895242681467444757917907,37,37,0.3402663969659224754382806855,-0.1063144178422646717688294344,165,0.5696969696969696969696969697,23,23,118,0.5593220338983050847457627119,14,14,run_cb5527aa3d8a42c38b948bfc450a80fe,ema_pullback:0123728058739650bbd25b4a
w09-lb280-sym5,lab_ema500_3d_symmetric_exit,9,280,5,5.0,5.0,1.0,68c15a0ca22cd55577fcabeee08d599336d7d998c21abacc9df1351cded420c0,283,283,0.5441696113074204946996466431,1.167837556113938739293016665,25,25,0.2810729798873667569448583176,-0.1241391411550479450738036078,165,0.5696969696969696969696969697,23,23,118,0.5084745762711864406779661017,2,2,run_48929ec3e576469986860f4213f7c8fc,ema_pullback:c414801d6c7bb4304b1d88c0
w09-lb290-sym3,lab_ema500_3d_symmetric_exit,9,290,3,3.0,3.0,1.0,68c15a0ca22cd55577fcabeee08d599336d7d998c21abacc9df1351cded420c0,279,279,0.5448028673835125448028673835,1.247068439203044590433942765,25,25,0.2134721602085777206380645588,-0.0711528474849537151778413190,163,0.5460122699386503067484662577,15,15,116,0.5431034482758620689655172414,10,10,run_788676eb5c904e4ba3ae13bcf4ebe4eb,ema_pullback:46244bdd4748572a74a14b2e
w09-lb290-sym4,lab_ema500_3d_symmetric_exit,9,290,4,4.0,4.0,1.0,68c15a0ca22cd55577fcabeee08d599336d7d998c21abacc9df1351cded420c0,278,278,0.5647482014388489208633093525,1.274612043806806851126431617,36,36,0.3360842188398235138409069893,-0.1063144178422646717688294352,163,0.5705521472392638036809815951,23,23,115,0.5565217391304347826086956522,13,13,run_d4cd02607cf64720bad3d05db0a87d68,ema_pullback:5790c59feeeb66cd88f44400
w09-lb290-sym5,lab_ema500_3d_symmetric_exit,9,290,5,5.0,5.0,1.0,68c15a0ca22cd55577fcabeee08d599336d7d998c21abacc9df1351cded420c0,278,278,0.5467625899280575539568345324,1.181309921783904855565558830,26,26,0.3016691668060545718642416023,-0.1241391411550479450738036069,163,0.5766871165644171779141104294,25,25,115,0.5043478260869565217391304348,1,1,run_419aba685d3c4917ba881b69e66babe4,ema_pullback:ccd8e5144c4fabdd0e6def6d
w09-lb300-sym3,lab_ema500_3d_symmetric_exit,9,300,3,3.0,3.0,1.0,68c15a0ca22cd55577fcabeee08d599336d7d998c21abacc9df1351cded420c0,274,274,0.5401459854014598540145985401,1.233148171320270719785589584,22,22,0.2000023568649264147818586959,-0.0711528474849537151778413189,161,0.5465838509316770186335403727,15,15,113,0.5309734513274336283185840708,7,7,run_6ad72eefbea7488286a69f0c4d29ea22,ema_pullback:405a36a2529651f5ebe37283
w09-lb300-sym4,lab_ema500_3d_symmetric_exit,9,300,4,4.0,4.0,1.0,68c15a0ca22cd55577fcabeee08d599336d7d998c21abacc9df1351cded420c0,273,273,0.5604395604395604395604395604,1.255808980478591208554062775,33,33,0.3098033686939886990453928347,-0.1063144178422646717688294353,161,0.5652173913043478260869565217,21,21,112,0.5535714285714285714285714286,12,12,run_272ca6d1a9f546dcb8a5dbbedaa15456,ema_pullback:25a54a22d5e16710d28b1734
w09-lb300-sym5,lab_ema500_3d_symmetric_exit,9,300,5,5.0,5.0,1.0,68c15a0ca22cd55577fcabeee08d599336d7d998c21abacc9df1351cded420c0,273,273,0.5421245421245421245421245421,1.164025833866876323381694132,23,23,0.2697754778691440061388705438,-0.1241391411550479450738036058,161,0.5714285714285714285714285714,23,23,112,0.5,0,0,run_97fbd8355816411abb61a4780c750875,ema_pullback:8c290f0b664ee617e6fb1f65
w10-lb020-sym3,lab_ema500_3d_symmetric_exit,10,20,3,3.0,3.0,1.0,68c15a0ca22cd55577fcabeee08d599336d7d998c21abacc9df1351cded420c0,526,526,0.5475285171102661596958174905,1.346414703905935033623996124,50,50,0.4613713664781403122010593033,-0.0622500819159839856236195366,319,0.5705329153605015673981191223,45,45,207,0.5120772946859903381642512077,5,5,run_a01f2fa9924c44d88b8a1f35d96a1829,ema_pullback:1f53e7cab8c530a17c7ce7c7
w10-lb020-sym4,lab_ema500_3d_symmetric_exit,10,20,4,4.0,4.0,1.0,68c15a0ca22cd55577fcabeee08d599336d7d998c21abacc9df1351cded420c0,508,508,0.5728346456692913385826771654,1.382033102365468042093195102,74,74,0.6861523572255627190071169955,-0.0872572351761180742621761095,306,0.5915032679738562091503267974,56,56,202,0.5445544554455445544554455446,18,18,run_195ee75dec2f4a9cac268b71f158936b,ema_pullback:74ec7af7e8996374c2566034
w10-lb020-sym5,lab_ema500_3d_symmetric_exit,10,20,5,5.0,5.0,1.0,68c15a0ca22cd55577fcabeee08d599336d7d998c21abacc9df1351cded420c0,482,482,0.5456431535269709543568464730,1.241477485164402320736391074,44,44,0.5284729865945923036567592165,-0.1155832352596360170873380523,292,0.5719178082191780821917808219,42,42,190,0.5052631578947368421052631579,2,2,run_85233b4e5fb941e692758c57f0800200,ema_pullback:3d80fcd0048ceebeaa3d6080
w10-lb030-sym3,lab_ema500_3d_symmetric_exit,10,30,3,3.0,3.0,1.0,68c15a0ca22cd55577fcabeee08d599336d7d998c21abacc9df1351cded420c0,491,491,0.5478615071283095723014256619,1.329170087624082248116500791,47,47,0.4124787708431271694596194056,-0.0639191745837448788215605805,300,0.56,36,36,191,0.5287958115183246073298429319,11,11,run_9297a85fd86941f992b2ebc0fb272991,ema_pullback:94baa06b802c69463124dfac
w10-lb030-sym4,lab_ema500_3d_symmetric_exit,10,30,4,4.0,4.0,1.0,68c15a0ca22cd55577fcabeee08d599336d7d998c21abacc9df1351cded420c0,479,479,0.5720250521920668058455114823,1.376031713283372724095984968,69,69,0.6506563866996004595842408619,-0.0872572351761180742621761101,290,0.5827586206896551724137931034,48,48,189,0.5555555555555555555555555556,21,21,run_01819d9b8be04fd08b0b5f0568124ca3,ema_pullback:cc69221311b7b16733db766a
w10-lb030-sym5,lab_ema500_3d_symmetric_exit,10,30,5,5.0,5.0,1.0,68c15a0ca22cd55577fcabeee08d599336d7d998c21abacc9df1351cded420c0,457,457,0.5426695842450765864332603939,1.241998453883554192149533993,39,39,0.5138557819545629086740990677,-0.1046508125461898456956256381,277,0.5631768953068592057761732852,35,35,180,0.5111111111111111111111111111,4,4,run_05fbd738adab422b8d3926445ccc3cc4,ema_pullback:e87dbbe7cb9e1c2d9e3501cf
w10-lb040-sym3,lab_ema500_3d_symmetric_exit,10,40,3,3.0,3.0,1.0,68c15a0ca22cd55577fcabeee08d599336d7d998c21abacc9df1351cded420c0,459,459,0.5424836601307189542483660131,1.307209859123147528875337109,39,39,0.3610034324394398804499841009,-0.0717943625572914386396308716,279,0.5519713261648745519713261649,29,29,180,0.5277777777777777777777777778,10,10,run_6f0a98e35be241f68a426bb37bbf6d21,ema_pullback:1b787619d5f46b3838a5b0b3
w10-lb040-sym4,lab_ema500_3d_symmetric_exit,10,40,4,4.0,4.0,1.0,68c15a0ca22cd55577fcabeee08d599336d7d998c21abacc9df1351cded420c0,454,454,0.5814977973568281938325991189,1.412824128305314512092048516,74,74,0.6788782418651171319766211663,-0.0872572351761180742621761098,275,0.5890909090909090909090909091,49,49,179,0.5698324022346368715083798883,25,25,run_0deb6829249c4d6eb9c84bb47ee131a4,ema_pullback:bddb19ec2b2c2a6f0f54ec33
w10-lb040-sym5,lab_ema500_3d_symmetric_exit,10,40,5,5.0,5.0,1.0,68c15a0ca22cd55577fcabeee08d599336d7d998c21abacc9df1351cded420c0,441,441,0.5532879818594104308390022676,1.282993311032515594893657803,47,47,0.5854071732510366874538723986,-0.0994684556479913912704025676,268,0.5708955223880597014925373134,38,38,173,0.5260115606936416184971098266,9,9,run_8d5cc5a6bff74303bef960fda202e2da,ema_pullback:dcb955d2b5902f805bb818b0
w10-lb050-sym3,lab_ema500_3d_symmetric_exit,10,50,3,3.0,3.0,1.0,68c15a0ca22cd55577fcabeee08d599336d7d998c21abacc9df1351cded420c0,441,441,0.5351473922902494331065759637,1.275619759120371992563684332,31,31,0.313997293595620911621053448,-0.0733650599387992905912532789,266,0.5488721804511278195488721805,26,26,175,0.5142857142857142857142857143,5,5,run_26e5611aecc645ea88a4becc431c5ed2,ema_pullback:dd3ec71efa99e6a583ae01d7
w10-lb050-sym4,lab_ema500_3d_symmetric_exit,10,50,4,4.0,4.0,1.0,68c15a0ca22cd55577fcabeee08d599336d7d998c21abacc9df1351cded420c0,436,436,0.5733944954128440366972477064,1.367244366701749028665408513,64,64,0.5821885019732632278558387689,-0.0872572351761180742621761088,262,0.5839694656488549618320610687,44,44,174,0.5574712643678160919540229885,20,20,run_e772734a0a2a401f9eed75f34d227531,ema_pullback:af4d6d7c3c2cfcd65843850c
w10-lb050-sym5,lab_ema500_3d_symmetric_exit,10,50,5,5.0,5.0,1.0,68c15a0ca22cd55577fcabeee08d599336d7d998c21abacc9df1351cded420c0,427,427,0.5503512880562060889929742389,1.261129184895696224172926259,43,43,0.5235575485807479165246972417,-0.0954708461748213307402415685,258,0.5736434108527131782945736434,38,38,169,0.5147928994082840236686390533,5,5,run_387a3e10298d4471ad2ac1c4bb4e7a11,ema_pullback:4fe1b66c99becdb5c32e0fff
w10-lb060-sym3,lab_ema500_3d_symmetric_exit,10,60,3,3.0,3.0,1.0,68c15a0ca22cd55577fcabeee08d599336d7d998c21abacc9df1351cded420c0,414,414,0.5362318840579710144927536232,1.279358984217236616621629585,30,30,0.2993984289604321600170747689,-0.0672631451182689632024266682,243,0.5514403292181069958847736626,25,25,171,0.5146198830409356725146198830,5,5,run_a3248d6393294954bea12841e37d92c4,ema_pullback:a0215f4f9bd619c5274c326f
w10-lb060-sym4,lab_ema500_3d_symmetric_exit,10,60,4,4.0,4.0,1.0,68c15a0ca22cd55577fcabeee08d599336d7d998c21abacc9df1351cded420c0,412,412,0.5728155339805825242718446602,1.364428995413688596066641444,60,60,0.5443114216531681383889220608,-0.0872572351761180742621761089,242,0.5867768595041322314049586777,42,42,170,0.5529411764705882352941176471,18,18,run_ef15cfec28774390b737bd8de4b774ff,ema_pullback:c3efc81becb91e74293135f7
w10-lb060-sym5,lab_ema500_3d_symmetric_exit,10,60,5,5.0,5.0,1.0,68c15a0ca22cd55577fcabeee08d599336d7d998c21abacc9df1351cded420c0,407,407,0.5503685503685503685503685504,1.256116033878233266891885438,41,41,0.4874525124138324584514291357,-0.1002383691407148889539021985,241,0.5726141078838174273858921162,35,35,166,0.5180722891566265060240963855,6,6,run_dd6bce5263fa4c29b8d4a392c12b4f70,ema_pullback:6cc4d0fefb67cbb9cabad314
w10-lb070-sym3,lab_ema500_3d_symmetric_exit,10,70,3,3.0,3.0,1.0,68c15a0ca22cd55577fcabeee08d599336d7d998c21abacc9df1351cded420c0,393,393,0.5394402035623409669211195929,1.272881190360400957468023019,31,31,0.2774589083910263122695777163,-0.0580457959194165631958227154,231,0.5584415584415584415584415584,27,27,162,0.5123456790123456790123456790,4,4,run_3a84af63b4724f4897dad32974ec636d,ema_pullback:e9b40a2f76380ac968d762f2
w10-lb070-sym4,lab_ema500_3d_symmetric_exit,10,70,4,4.0,4.0,1.0,68c15a0ca22cd55577fcabeee08d599336d7d998c21abacc9df1351cded420c0,392,392,0.5765306122448979591836734694,1.359098732953616025262886083,60,60,0.5112902106694718465445509229,-0.0769203757866201536574064018,231,0.5930735930735930735930735931,43,43,161,0.5527950310559006211180124224,17,17,run_9e6a7f3451284ec7bae80c02b7e3ed10,ema_pullback:998d8a49d7ef6d5afbb01b13
w10-lb070-sym5,lab_ema500_3d_symmetric_exit,10,70,5,5.0,5.0,1.0,68c15a0ca22cd55577fcabeee08d599336d7d998c21abacc9df1351cded420c0,388,388,0.5515463917525773195876288660,1.243733455582918595391142263,40,40,0.4420562551979698360540467263,-0.1002383691407148889539021968,230,0.5782608695652173913043478261,36,36,158,0.5126582278481012658227848101,4,4,run_190d87ccdfa34103b75bab441aba2dcc,ema_pullback:1d098887feea5d98fd1a86e7
w10-lb080-sym3,lab_ema500_3d_symmetric_exit,10,80,3,3.0,3.0,1.0,68c15a0ca22cd55577fcabeee08d599336d7d998c21abacc9df1351cded420c0,377,377,0.5384615384615384615384615385,1.266525686002551186266159487,29,29,0.2631089664817220700862832553,-0.0578532781070847430415750231,221,0.5565610859728506787330316742,25,25,156,0.5128205128205128205128205128,4,4,run_4862897bfdd54b3e83906abd78e5d02a,ema_pullback:5dc93ad41bb430572c204ba9
w10-lb080-sym4,lab_ema500_3d_symmetric_exit,10,80,4,4.0,4.0,1.0,68c15a0ca22cd55577fcabeee08d599336d7d998c21abacc9df1351cded420c0,376,376,0.5744680851063829787234042553,1.345382216327651616227232857,56,56,0.4762512761235709105691621741,-0.0769203757866201536574064015,221,0.5882352941176470588235294118,39,39,155,0.5548387096774193548387096774,17,17,run_33554880e6eb4248ac3074e00f2ec11c,ema_pullback:5b07649b569a3afafd1fba3d
w10-lb080-sym5,lab_ema500_3d_symmetric_exit,10,80,5,5.0,5.0,1.0,68c15a0ca22cd55577fcabeee08d599336d7d998c21abacc9df1351cded420c0,373,373,0.5522788203753351206434316354,1.238978894291034180930865844,39,39,0.4225902284793391609384901622,-0.1002383691407148889539021971,221,0.5791855203619909502262443439,35,35,152,0.5131578947368421052631578947,4,4,run_965bb70f7194446c9aa0c3b5b1dd6c1c,ema_pullback:4050eb59c5ca42264d047bab
w10-lb090-sym3,lab_ema500_3d_symmetric_exit,10,90,3,3.0,3.0,1.0,68c15a0ca22cd55577fcabeee08d599336d7d998c21abacc9df1351cded420c0,359,359,0.5348189415041782729805013928,1.250376399107438888673082379,25,25,0.2381005202686825234465155797,-0.0578532781070847430415750227,213,0.5586854460093896713615023474,25,25,146,0.5,0,0,run_04b4ece389984c71bd95e5ef1bdd558d,ema_pullback:c0bf353fbf60d0e2857782ad
w10-lb090-sym4,lab_ema500_3d_symmetric_exit,10,90,4,4.0,4.0,1.0,68c15a0ca22cd55577fcabeee08d599336d7d998c21abacc9df1351cded420c0,358,358,0.5670391061452513966480446927,1.314420986416594182782316905,48,48,0.4177521410800964426013890462,-0.0769203757866201536574064007,213,0.5868544600938967136150234742,37,37,145,0.5379310344827586206896551724,11,11,run_eafe08c0737a4e86890b36bf53684351,ema_pullback:a1cceb367c7802f7d8516976
w10-lb090-sym5,lab_ema500_3d_symmetric_exit,10,90,5,5.0,5.0,1.0,68c15a0ca22cd55577fcabeee08d599336d7d998c21abacc9df1351cded420c0,356,356,0.5477528089887640449438202247,1.219788261105171828341900252,34,34,0.3762784634236777919257122653,-0.0955487826223702310380733121,213,0.5821596244131455399061032864,35,35,143,0.4965034965034965034965034965,-1,-1,run_421a9e730af641e28f6d94a700854611,ema_pullback:c3a8c885d3f11c5b0f753f0e
w10-lb100-sym3,lab_ema500_3d_symmetric_exit,10,100,3,3.0,3.0,1.0,68c15a0ca22cd55577fcabeee08d599336d7d998c21abacc9df1351cded420c0,346,346,0.5375722543352601156069364162,1.270970539027842302778406615,26,26,0.250492310784162727726841544,-0.0578532781070847430415750225,205,0.5609756097560975609756097561,25,25,141,0.5035460992907801418439716312,1,1,run_45353d4219894fc5a8eb57f659ba9815,ema_pullback:4cacd929433bae0976143264
w10-lb100-sym4,lab_ema500_3d_symmetric_exit,10,100,4,4.0,4.0,1.0,68c15a0ca22cd55577fcabeee08d599336d7d998c21abacc9df1351cded420c0,345,345,0.5681159420289855072463768116,1.323860398812610976170374296,47,47,0.4183643459074655863402567263,-0.0769203757866201536574064011,205,0.5902439024390243902439024390,37,37,140,0.5357142857142857142857142857,10,10,run_6640b1ef82b34d45860345f3bdb97f02,ema_pullback:d09beaf03bfad6dfb129e277
w10-lb100-sym5,lab_ema500_3d_symmetric_exit,10,100,5,5.0,5.0,1.0,68c15a0ca22cd55577fcabeee08d599336d7d998c21abacc9df1351cded420c0,343,343,0.5481049562682215743440233236,1.218470097022205969085619059,33,33,0.3632328000269590714521738435,-0.0955487826223702310380733109,205,0.5853658536585365853658536585,35,35,138,0.4927536231884057971014492754,-2,-2,run_519a40799e4d40afb3d3c42db85852e4,ema_pullback:9a12739303fde4f8f3899067
w10-lb110-sym3,lab_ema500_3d_symmetric_exit,10,110,3,3.0,3.0,1.0,68c15a0ca22cd55577fcabeee08d599336d7d998c21abacc9df1351cded420c0,332,332,0.5512048192771084337349397590,1.348151426553873801622043954,34,34,0.3077577583534083056900486624,-0.0527896408786901782359587502,197,0.5736040609137055837563451777,29,29,135,0.5185185185185185185185185185,5,5,run_a39cfd8fc4de48579c040bf881a3c747,ema_pullback:e5430f6ce2615edc7cf26a79
w10-lb110-sym4,lab_ema500_3d_symmetric_exit,10,110,4,4.0,4.0,1.0,68c15a0ca22cd55577fcabeee08d599336d7d998c21abacc9df1351cded420c0,331,331,0.5740181268882175226586102719,1.340896093967699812567471442,49,49,0.4186197859964784934775900139,-0.0749382651762898791190396759,197,0.5939086294416243654822335025,37,37,134,0.5447761194029850746268656716,12,12,run_a33585a35d6c4eea85fbfe938298ce27,ema_pullback:e6cba623b5d792a05f91b5be
w10-lb110-sym5,lab_ema500_3d_symmetric_exit,10,110,5,5.0,5.0,1.0,68c15a0ca22cd55577fcabeee08d599336d7d998c21abacc9df1351cded420c0,331,331,0.5498489425981873111782477341,1.219189407268713032073462880,33,33,0.3490263566552832257892334217,-0.0848005711194751053478092380,197,0.5888324873096446700507614213,35,35,134,0.4925373134328358208955223881,-2,-2,run_0037d635187d49668260e9a73c65eeff,ema_pullback:240a8a4b2c540295be9c455b
w10-lb120-sym3,lab_ema500_3d_symmetric_exit,10,120,3,3.0,3.0,1.0,68c15a0ca22cd55577fcabeee08d599336d7d998c21abacc9df1351cded420c0,324,324,0.5493827160493827160493827160,1.331068283341259332800865176,32,32,0.2894970498126355111550731007,-0.0602036222002439568331530403,191,0.5654450261780104712041884817,25,25,133,0.5263157894736842105263157895,7,7,run_3a6dc358c0044cb2bde3d22e981fe087,ema_pullback:50f4ec5f6523ed2815cac33f
w10-lb120-sym4,lab_ema500_3d_symmetric_exit,10,120,4,4.0,4.0,1.0,68c15a0ca22cd55577fcabeee08d599336d7d998c21abacc9df1351cded420c0,323,323,0.5727554179566563467492260062,1.323633620516588154682979615,47,47,0.3922993421543224619422704323,-0.0749382651762898791190396764,191,0.5863874345549738219895287958,33,33,132,0.5530303030303030303030303030,14,14,run_1074e1d63ecd4d069117b80d1487dfa5,ema_pullback:ce5cbad5809f23f441cd277d
w10-lb120-sym5,lab_ema500_3d_symmetric_exit,10,120,5,5.0,5.0,1.0,68c15a0ca22cd55577fcabeee08d599336d7d998c21abacc9df1351cded420c0,323,323,0.5479876160990712074303405573,1.202643595981531732306312350,31,31,0.3178475368172325351490780027,-0.0971954946918888533854161784,191,0.5811518324607329842931937173,31,31,132,0.5,0,0,run_93f9af1632c44d0b9af1b2450aa7520a,ema_pullback:6230487151bde7501630ebda
w10-lb130-sym3,lab_ema500_3d_symmetric_exit,10,130,3,3.0,3.0,1.0,68c15a0ca22cd55577fcabeee08d599336d7d998c21abacc9df1351cded420c0,317,317,0.5457413249211356466876971609,1.317683113303381755322775309,29,29,0.2735503135591398285101673261,-0.0608097429768899529458905385,185,0.5567567567567567567567567568,21,21,132,0.5303030303030303030303030303,8,8,run_efef3aa8f40a4d01b363444436eb46a8,ema_pullback:a2bbe1dc1c0da2079ab2621e
w10-lb130-sym4,lab_ema500_3d_symmetric_exit,10,130,4,4.0,4.0,1.0,68c15a0ca22cd55577fcabeee08d599336d7d998c21abacc9df1351cded420c0,316,316,0.5696202531645569620253164557,1.310392278445352614470344459,44,44,0.3694301522961682300502541728,-0.0749382651762898791190396767,185,0.5783783783783783783783783784,29,29,131,0.5572519083969465648854961832,15,15,run_a76eb491ed2246cdb0ef952c34b5e61d,ema_pullback:00d3064195c8da590adfb5cb
w10-lb130-sym5,lab_ema500_3d_symmetric_exit,10,130,5,5.0,5.0,1.0,68c15a0ca22cd55577fcabeee08d599336d7d998c21abacc9df1351cded420c0,316,316,0.5474683544303797468354430380,1.191141084439316415607718216,30,30,0.2936733373816522293769362242,-0.0962233846216603286185226572,185,0.5783783783783783783783783784,29,29,131,0.5038167938931297709923664122,1,1,run_b39b3b8364a54da3abd1f4880f2a43ca,ema_pullback:6aabb0201897d24f7d22c898
w10-lb140-sym3,lab_ema500_3d_symmetric_exit,10,140,3,3.0,3.0,1.0,68c15a0ca22cd55577fcabeee08d599336d7d998c21abacc9df1351cded420c0,306,306,0.5326797385620915032679738562,1.287955015454532384383291525,20,20,0.2424656625032278125010362132,-0.0638153048146267808419912355,178,0.5449438202247191011235955056,16,16,128,0.515625,4,4,run_b0c084d025db479ba92c2f646fd83d58,ema_pullback:4c5cbe0f79ffe54815b532d6
w10-lb140-sym4,lab_ema500_3d_symmetric_exit,10,140,4,4.0,4.0,1.0,68c15a0ca22cd55577fcabeee08d599336d7d998c21abacc9df1351cded420c0,305,305,0.5573770491803278688524590164,1.280759482503242718441862648,35,35,0.3250952000814151095384232252,-0.0749382651762898791190396761,178,0.5674157303370786516853932584,24,24,127,0.5433070866141732283464566929,11,11,run_3f64eda6b7184a0d8bf95f3382a21b69,ema_pullback:c4e8ee949daed3950e4b32f1
w10-lb140-sym5,lab_ema500_3d_symmetric_exit,10,140,5,5.0,5.0,1.0,68c15a0ca22cd55577fcabeee08d599336d7d998c21abacc9df1351cded420c0,305,305,0.5409836065573770491803278689,1.176819784893853319214016870,25,25,0.2662642973592782826600910141,-0.1010354091937845852889943421,178,0.5730337078651685393258426966,26,26,127,0.4960629921259842519685039370,-1,-1,run_ab9c59655556424894afc4fe3bd04c9c,ema_pullback:7af1a1f252231494f736fd3e
w10-lb150-sym3,lab_ema500_3d_symmetric_exit,10,150,3,3.0,3.0,1.0,68c15a0ca22cd55577fcabeee08d599336d7d998c21abacc9df1351cded420c0,300,300,0.53,1.284475190940478987430067534,18,18,0.2372868701447060945746149622,-0.0638153048146267808419912326,175,0.5428571428571428571428571429,15,15,125,0.512,3,3,run_86d461aa31fa4ac1a6dc8fa2cd48ed94,ema_pullback:2fef58f2ff97a93ff9d41509
w10-lb150-sym4,lab_ema500_3d_symmetric_exit,10,150,4,4.0,4.0,1.0,68c15a0ca22cd55577fcabeee08d599336d7d998c21abacc9df1351cded420c0,299,299,0.5518394648829431438127090301,1.263574100581911390761727255,31,31,0.3030753910126077996927475636,-0.0749382651762898791190396766,175,0.56,21,21,124,0.5403225806451612903225806452,10,10,run_e9a0d7e1db214ff88ef5aaa1dec6c1f0,ema_pullback:08bb12f739d4ace48d9e259f
w10-lb150-sym5,lab_ema500_3d_symmetric_exit,10,150,5,5.0,5.0,1.0,68c15a0ca22cd55577fcabeee08d599336d7d998c21abacc9df1351cded420c0,299,299,0.5384615384615384615384615385,1.170079997964656493534623180,23,23,0.254125037462910031550511915,-0.1010354091937845852889943405,175,0.5714285714285714285714285714,25,25,124,0.4919354838709677419354838710,-2,-2,run_0c8ad1b9b2d44370a2c9ed2ff602bd34,ema_pullback:de5cf94578e075c347385721
w10-lb160-sym3,lab_ema500_3d_symmetric_exit,10,160,3,3.0,3.0,1.0,68c15a0ca22cd55577fcabeee08d599336d7d998c21abacc9df1351cded420c0,292,292,0.5376712328767123287671232877,1.314895363943741260461101245,22,22,0.2571831421422629859557321804,-0.0601583033171834450472833574,168,0.5595238095238095238095238095,20,20,124,0.5080645161290322580645161290,2,2,run_3de9c0282a0141839fdb047efa34c9e7,ema_pullback:d74749085ae15f867a4ea1c4
w10-lb160-sym4,lab_ema500_3d_symmetric_exit,10,160,4,4.0,4.0,1.0,68c15a0ca22cd55577fcabeee08d599336d7d998c21abacc9df1351cded420c0,291,291,0.5567010309278350515463917526,1.278241208029928662151222826,33,33,0.3126884108255078101805365641,-0.0666830719746006375108519850,168,0.5714285714285714285714285714,24,24,123,0.5365853658536585365853658537,9,9,run_6afad19535684246bc05ea017461127e,ema_pullback:b8e5e5c0d1e4754b15f5d250
w10-lb160-sym5,lab_ema500_3d_symmetric_exit,10,160,5,5.0,5.0,1.0,68c15a0ca22cd55577fcabeee08d599336d7d998c21abacc9df1351cded420c0,291,291,0.5463917525773195876288659794,1.194529343217611463852659260,27,27,0.2880871585545412774615586816,-0.0951674457957294253453149127,168,0.5892857142857142857142857143,30,30,123,0.4878048780487804878048780488,-3,-3,run_df4115af4b08496aaa12c31b17bde9c2,ema_pullback:fe25a7935e4e325d9dc7b4d5
w10-lb170-sym3,lab_ema500_3d_symmetric_exit,10,170,3,3.0,3.0,1.0,68c15a0ca22cd55577fcabeee08d599336d7d998c21abacc9df1351cded420c0,285,285,0.5333333333333333333333333333,1.300173896364721144836448329,19,19,0.2391018629823252623285434597,-0.0643531165052365364495930876,163,0.5521472392638036809815950920,17,17,122,0.5081967213114754098360655738,2,2,run_16347467f12c4ba39400f111dfe32055,ema_pullback:b80230b44b39b77b88b189c5
w10-lb170-sym4,lab_ema500_3d_symmetric_exit,10,170,4,4.0,4.0,1.0,68c15a0ca22cd55577fcabeee08d599336d7d998c21abacc9df1351cded420c0,284,284,0.5598591549295774647887323944,1.294203213813787890624379139,34,34,0.3243096978807887324284698288,-0.0700584463599902065048537895,163,0.5766871165644171779141104294,25,25,121,0.5371900826446280991735537190,9,9,run_27ff63c3736941878f80b4a755f3118d,ema_pullback:ac025d3bfd733f5b88cd5379
w10-lb170-sym5,lab_ema500_3d_symmetric_exit,10,170,5,5.0,5.0,1.0,68c15a0ca22cd55577fcabeee08d599336d7d998c21abacc9df1351cded420c0,284,284,0.5457746478873239436619718310,1.195417229448270344049270653,26,26,0.2820136000939098359503781529,-0.1018784040670502250740277976,163,0.5889570552147239263803680982,29,29,121,0.4876033057851239669421487603,-3,-3,run_2f2da3a1c2b54a819da0a0d7048e8a20,ema_pullback:e2387abfcdd42f66e0c4e39d
w10-lb180-sym3,lab_ema500_3d_symmetric_exit,10,180,3,3.0,3.0,1.0,68c15a0ca22cd55577fcabeee08d599336d7d998c21abacc9df1351cded420c0,280,280,0.5285714285714285714285714286,1.296899235518865603345987722,16,16,0.2344770539448867269580728948,-0.0589695734214920886185843644,162,0.5493827160493827160493827160,16,16,118,0.5,0,0,run_3cc27e1bdfe74d6e86b6eed1893b464c,ema_pullback:770224e9ee4484455066bf74
w10-lb180-sym4,lab_ema500_3d_symmetric_exit,10,180,4,4.0,4.0,1.0,68c15a0ca22cd55577fcabeee08d599336d7d998c21abacc9df1351cded420c0,279,279,0.5555555555555555555555555556,1.290754246051797887172310726,31,31,0.3177411734184298212811767084,-0.0700584463599902065048537901,162,0.5740740740740740740740740741,24,24,117,0.5299145299145299145299145299,7,7,run_6088a7dc57be42d39bbd11a4afb14a92,ema_pullback:f2db8a147fe5783696bcbf48
w10-lb180-sym5,lab_ema500_3d_symmetric_exit,10,180,5,5.0,5.0,1.0,68c15a0ca22cd55577fcabeee08d599336d7d998c21abacc9df1351cded420c0,279,279,0.5448028673835125448028673835,1.194201271223008399423050976,25,25,0.2779188283371996696645819555,-0.1018784040670502250740277961,162,0.5864197530864197530864197531,28,28,117,0.4871794871794871794871794872,-3,-3,run_c1b6da26949e40f6898270983c52e7a6,ema_pullback:22e51851f2d69a54993a1301
w10-lb190-sym3,lab_ema500_3d_symmetric_exit,10,190,3,3.0,3.0,1.0,68c15a0ca22cd55577fcabeee08d599336d7d998c21abacc9df1351cded420c0,274,274,0.5255474452554744525547445255,1.264029656322042694933531593,14,14,0.2039916341985618172970252834,-0.0589695734214920886185843618,160,0.54375,14,14,114,0.5,0,0,run_c3c478182539448abfe95d5e4c3bb633,ema_pullback:b50e762b7c06e5b4f960954c
w10-lb190-sym4,lab_ema500_3d_symmetric_exit,10,190,4,4.0,4.0,1.0,68c15a0ca22cd55577fcabeee08d599336d7d998c21abacc9df1351cded420c0,273,273,0.5494505494505494505494505495,1.251692230544617316414077975,27,27,0.2675486416587948277564792794,-0.0700584463599902065048537892,160,0.56875,22,22,113,0.5221238938053097345132743363,5,5,run_91a4c2afa5954e0183ce4d497861f428,ema_pullback:2ada0383370b46edcb745768
w10-lb190-sym5,lab_ema500_3d_symmetric_exit,10,190,5,5.0,5.0,1.0,68c15a0ca22cd55577fcabeee08d599336d7d998c21abacc9df1351cded420c0,273,273,0.5384615384615384615384615385,1.157172483715814563118267999,21,21,0.2174829300516767545050394899,-0.1018784040670502250740277964,160,0.58125,26,26,113,0.4778761061946902654867256637,-5,-5,run_9fb68823848747949e0021225896e33c,ema_pullback:46d60a2e96bb8b3ac2fbe23e
w10-lb200-sym3,lab_ema500_3d_symmetric_exit,10,200,3,3.0,3.0,1.0,68c15a0ca22cd55577fcabeee08d599336d7d998c21abacc9df1351cded420c0,269,269,0.5315985130111524163568773234,1.272238879959996825396055953,17,17,0.2084293093459047015335747943,-0.0589695734214920886185843622,155,0.5548387096774193548387096774,17,17,114,0.5,0,0,run_b4bf9cfa3cbe4d31bdb568692203104a,ema_pullback:e07af7c1ed7796599fdcf52e
w10-lb200-sym4,lab_ema500_3d_symmetric_exit,10,200,4,4.0,4.0,1.0,68c15a0ca22cd55577fcabeee08d599336d7d998c21abacc9df1351cded420c0,268,268,0.5559701492537313432835820896,1.259443361228468045192170888,30,30,0.2738015805512337959954825417,-0.0700584463599902065048537912,155,0.5806451612903225806451612903,25,25,113,0.5221238938053097345132743363,5,5,run_dc99e7c7a2814502b5e50634c008c8ac,ema_pullback:c2b13429a0f7e5cbdff61891
w10-lb200-sym5,lab_ema500_3d_symmetric_exit,10,200,5,5.0,5.0,1.0,68c15a0ca22cd55577fcabeee08d599336d7d998c21abacc9df1351cded420c0,268,268,0.5447761194029850746268656716,1.163341499415651705387636349,24,24,0.2250188609797475328431395772,-0.1018784040670502250740277963,155,0.5935483870967741935483870968,29,29,113,0.4778761061946902654867256637,-5,-5,run_f610d89e03244f00abd92811abcb12e2,ema_pullback:d25496e1f0255fa6ebab549c
w10-lb210-sym3,lab_ema500_3d_symmetric_exit,10,210,3,3.0,3.0,1.0,68c15a0ca22cd55577fcabeee08d599336d7d998c21abacc9df1351cded420c0,265,265,0.5320754716981132075471698113,1.274723555932919573571996617,17,17,0.2084282957336942523548114516,-0.0607078030191872886749520786,154,0.5519480519480519480519480519,16,16,111,0.5045045045045045045045045045,1,1,run_d0469d0a2f2c463898372bd322b3a887,ema_pullback:a04b07e24a1b8c74934981ed
w10-lb210-sym4,lab_ema500_3d_symmetric_exit,10,210,4,4.0,4.0,1.0,68c15a0ca22cd55577fcabeee08d599336d7d998c21abacc9df1351cded420c0,264,264,0.5568181818181818181818181818,1.261595506047081201575794421,30,30,0.2738184529805375179389274979,-0.0781678560621234503493591204,154,0.5779220779220779220779220779,24,24,110,0.5272727272727272727272727273,6,6,run_eadc6e331c2b4a818482c0d7ab98e558,ema_pullback:fdb9943a66f84d13fd24155e
w10-lb210-sym5,lab_ema500_3d_symmetric_exit,10,210,5,5.0,5.0,1.0,68c15a0ca22cd55577fcabeee08d599336d7d998c21abacc9df1351cded420c0,264,264,0.5416666666666666666666666667,1.158071695833802256712537860,22,22,0.2160839994201600265151855505,-0.1051690839199205485098032564,154,0.5909090909090909090909090909,28,28,110,0.4727272727272727272727272727,-6,-6,run_da1e5e3f2ddb4a46b0041fbb60a1b5ab,ema_pullback:2bc57e8b70b1521a77b2f86a
w10-lb220-sym3,lab_ema500_3d_symmetric_exit,10,220,3,3.0,3.0,1.0,68c15a0ca22cd55577fcabeee08d599336d7d998c21abacc9df1351cded420c0,261,261,0.5363984674329501915708812261,1.277742604006562471824179186,19,19,0.2089108175167117848576793608,-0.0607078030191872886749520755,151,0.5562913907284768211920529801,17,17,110,0.5090909090909090909090909091,2,2,run_33450358a57c462f9bef58b1ece8b8e5,ema_pullback:f16e9e7f4664b5eb014f8fb5
w10-lb220-sym4,lab_ema500_3d_symmetric_exit,10,220,4,4.0,4.0,1.0,68c15a0ca22cd55577fcabeee08d599336d7d998c21abacc9df1351cded420c0,260,260,0.5653846153846153846153846154,1.280588649841898929970210576,34,34,0.2918738519367040039251862848,-0.0781678560621234503493591210,151,0.5894039735099337748344370861,27,27,109,0.5321100917431192660550458716,7,7,run_79df8d312e3d4e06a5fd38b2449f8be4,ema_pullback:9b76cc72afedccec3a355534
w10-lb220-sym5,lab_ema500_3d_symmetric_exit,10,220,5,5.0,5.0,1.0,68c15a0ca22cd55577fcabeee08d599336d7d998c21abacc9df1351cded420c0,260,260,0.55,1.174463533893987135008847808,26,26,0.2376810350260753381029842167,-0.1025903204730038935679329874,151,0.6026490066225165562913907285,31,31,109,0.4770642201834862385321100917,-5,-5,run_7464379df90b43e7847495246f28089e,ema_pullback:2db1f1607681048c09477cf8
w10-lb230-sym3,lab_ema500_3d_symmetric_exit,10,230,3,3.0,3.0,1.0,68c15a0ca22cd55577fcabeee08d599336d7d998c21abacc9df1351cded420c0,256,256,0.5390625,1.275937621906459066669963831,20,20,0.2033415220749158677115504165,-0.0581134518110486039928654457,147,0.5578231292517006802721088435,17,17,109,0.5137614678899082568807339450,3,3,run_8654d79b4aae49a88d9f9361a4b17097,ema_pullback:f86d3b8ab91ee9dbe3b567e7
w10-lb230-sym4,lab_ema500_3d_symmetric_exit,10,230,4,4.0,4.0,1.0,68c15a0ca22cd55577fcabeee08d599336d7d998c21abacc9df1351cded420c0,255,255,0.5607843137254901960784313725,1.255559518816169177476057217,31,31,0.2594658156945307533048523269,-0.0747698928986830210355910844,147,0.5782312925170068027210884354,23,23,108,0.5370370370370370370370370370,8,8,run_17b98bd1a3d448abb21d7fd252247d75,ema_pullback:8280a515e6e90ce6094f102b
w10-lb230-sym5,lab_ema500_3d_symmetric_exit,10,230,5,5.0,5.0,1.0,68c15a0ca22cd55577fcabeee08d599336d7d998c21abacc9df1351cded420c0,255,255,0.5450980392156862745098039216,1.150368083724989648445384460,23,23,0.1990418322471557679682153893,-0.1025903204730038935679329865,147,0.5918367346938775510204081633,27,27,108,0.4814814814814814814814814815,-4,-4,run_8e41d5279c1b4c04b51048bfb899283c,ema_pullback:3e18fd24b08cfb165fd481c5
w10-lb240-sym3,lab_ema500_3d_symmetric_exit,10,240,3,3.0,3.0,1.0,68c15a0ca22cd55577fcabeee08d599336d7d998c21abacc9df1351cded420c0,256,256,0.5390625,1.275937621906459066669963831,20,20,0.2033415220749158677115504165,-0.0581134518110486039928654457,147,0.5578231292517006802721088435,17,17,109,0.5137614678899082568807339450,3,3,run_ebd4bf9ed5d34b9d86d11518b9ab4a99,ema_pullback:021dcc6ceb53ffad57906133
w10-lb240-sym4,lab_ema500_3d_symmetric_exit,10,240,4,4.0,4.0,1.0,68c15a0ca22cd55577fcabeee08d599336d7d998c21abacc9df1351cded420c0,255,255,0.5607843137254901960784313725,1.255559518816169177476057217,31,31,0.2594658156945307533048523269,-0.0747698928986830210355910844,147,0.5782312925170068027210884354,23,23,108,0.5370370370370370370370370370,8,8,run_41dc4590f14646ebaad897829699b6ef,ema_pullback:82bb0963039828efce3d8a44
w10-lb240-sym5,lab_ema500_3d_symmetric_exit,10,240,5,5.0,5.0,1.0,68c15a0ca22cd55577fcabeee08d599336d7d998c21abacc9df1351cded420c0,255,255,0.5450980392156862745098039216,1.150368083724989648445384460,23,23,0.1990418322471557679682153893,-0.1025903204730038935679329865,147,0.5918367346938775510204081633,27,27,108,0.4814814814814814814814814815,-4,-4,run_d7dbeb298c9148ec84cd0a3aae3273ab,ema_pullback:764f4948c53a4e40109f5569
w10-lb250-sym3,lab_ema500_3d_symmetric_exit,10,250,3,3.0,3.0,1.0,68c15a0ca22cd55577fcabeee08d599336d7d998c21abacc9df1351cded420c0,251,251,0.5418326693227091633466135458,1.296802474908730426675935995,21,21,0.2144577301776925337074991473,-0.0555834348115902566327700799,144,0.5625,18,18,107,0.5140186915887850467289719626,3,3,run_fc4c4d1d5fa44f6a9e8b084dc4408803,ema_pullback:a3dfb5f6fe61deb46c1746a2
w10-lb250-sym4,lab_ema500_3d_symmetric_exit,10,250,4,4.0,4.0,1.0,68c15a0ca22cd55577fcabeee08d599336d7d998c21abacc9df1351cded420c0,250,250,0.56,1.264526486210245556151371910,30,30,0.2645070351249582375545255163,-0.0731959562721289650593085381,144,0.5763888888888888888888888889,22,22,106,0.5377358490566037735849056604,8,8,run_9fe1f87e1afd4fd2a34b3623c610205d,ema_pullback:3377312ff073c684ea03ec3a
w10-lb250-sym5,lab_ema500_3d_symmetric_exit,10,250,5,5.0,5.0,1.0,68c15a0ca22cd55577fcabeee08d599336d7d998c21abacc9df1351cded420c0,250,250,0.54,1.145232892258852392412823521,20,20,0.1884467830083089049575900337,-0.1025903204730038935679329872,144,0.5833333333333333333333333333,24,24,106,0.4811320754716981132075471698,-4,-4,run_dcd54e03be9d4b75829dc1fac63a2eb0,ema_pullback:b7981a4846d8e6e5113b0ab3
w10-lb260-sym3,lab_ema500_3d_symmetric_exit,10,260,3,3.0,3.0,1.0,68c15a0ca22cd55577fcabeee08d599336d7d998c21abacc9df1351cded420c0,248,248,0.5362903225806451612903225806,1.270740721405491156802495763,18,18,0.1934043200183953595845971766,-0.0589709120437062445713252523,142,0.5563380281690140845070422535,16,16,106,0.5094339622641509433962264151,2,2,run_4aaadcd08e2f4e5aba7c165ef4165f00,ema_pullback:d9724b83f27a5ee6e308cd1e
w10-lb260-sym4,lab_ema500_3d_symmetric_exit,10,260,4,4.0,4.0,1.0,68c15a0ca22cd55577fcabeee08d599336d7d998c21abacc9df1351cded420c0,247,247,0.5587044534412955465587044534,1.271578523203090637256748990,29,29,0.2676785582856524350961688366,-0.0731959562721289650593085423,142,0.5704225352112676056338028169,20,20,105,0.5428571428571428571428571429,9,9,run_2d82d828d785434398c2e675e76e5929,ema_pullback:e89353fa3d26ea466678329d
w10-lb260-sym5,lab_ema500_3d_symmetric_exit,10,260,5,5.0,5.0,1.0,68c15a0ca22cd55577fcabeee08d599336d7d998c21abacc9df1351cded420c0,247,247,0.5384615384615384615384615385,1.150208136011665449298786114,19,19,0.192215755242997255548791378,-0.1025903204730038935679329850,142,0.5774647887323943661971830986,22,22,105,0.4857142857142857142857142857,-3,-3,run_f6ab6ca43f3b4113af9eafb7760cb3b9,ema_pullback:e6c3079e477b5ad8c7b04b5b
w10-lb270-sym3,lab_ema500_3d_symmetric_exit,10,270,3,3.0,3.0,1.0,68c15a0ca22cd55577fcabeee08d599336d7d998c21abacc9df1351cded420c0,246,246,0.5406504065040650406504065041,1.286536876437124327955490445,20,20,0.202439099730693113481054167,-0.0565640230627385618878539872,142,0.5563380281690140845070422535,16,16,104,0.5192307692307692307692307692,4,4,run_4a9195660d7b4c43b84444102226a165,ema_pullback:0a0e42d3fb1e7cdb2017b037
w10-lb270-sym4,lab_ema500_3d_symmetric_exit,10,270,4,4.0,4.0,1.0,68c15a0ca22cd55577fcabeee08d599336d7d998c21abacc9df1351cded420c0,245,245,0.5591836734693877551020408163,1.268366229191371318389102141,29,29,0.2636230186788501870851292266,-0.0793034993263758810332154087,142,0.5704225352112676056338028169,20,20,103,0.5436893203883495145631067961,9,9,run_3eef4239270c41d6bd2c6fabcbc035f5,ema_pullback:b9bd5f7db93fda093bc75053
w10-lb270-sym5,lab_ema500_3d_symmetric_exit,10,270,5,5.0,5.0,1.0,68c15a0ca22cd55577fcabeee08d599336d7d998c21abacc9df1351cded420c0,245,245,0.5387755102040816326530612245,1.146924154385412865447474192,19,19,0.1874602552095216056735908,-0.1025903204730038935679329850,142,0.5774647887323943661971830986,22,22,103,0.4854368932038834951456310680,-3,-3,run_eb4be7ed31f64d75af3d86b3bfd2e5f9,ema_pullback:e6b5bd7be082a50947bb4ab5
w10-lb280-sym3,lab_ema500_3d_symmetric_exit,10,280,3,3.0,3.0,1.0,68c15a0ca22cd55577fcabeee08d599336d7d998c21abacc9df1351cded420c0,241,241,0.5477178423236514522821576763,1.332477443898942025230227019,23,23,0.2286634004332810312758561809,-0.0552597742142670733956611583,140,0.5642857142857142857142857143,18,18,101,0.5247524752475247524752475248,5,5,run_dbb1a3cc2fda46eba7d381536699d26a,ema_pullback:c651db83ecc4f44467c3a9cf
w10-lb280-sym4,lab_ema500_3d_symmetric_exit,10,280,4,4.0,4.0,1.0,68c15a0ca22cd55577fcabeee08d599336d7d998c21abacc9df1351cded420c0,240,240,0.5666666666666666666666666667,1.312618828275264949203900157,32,32,0.3005743233483229088235913155,-0.0793034993263758810332154109,140,0.5785714285714285714285714286,22,22,100,0.55,10,10,run_693fc53e442c42ab87e1abe43224c3ee,ema_pullback:8409f2df1776887365bf05dd
w10-lb280-sym5,lab_ema500_3d_symmetric_exit,10,280,5,5.0,5.0,1.0,68c15a0ca22cd55577fcabeee08d599336d7d998c21abacc9df1351cded420c0,240,240,0.5458333333333333333333333333,1.183979450776684453036066108,22,22,0.2311102727366738122582522978,-0.1025903204730038935679329874,140,0.5857142857142857142857142857,24,24,100,0.49,-2,-2,run_04988d13f8764e42af61a3cdd27309e5,ema_pullback:997b9f812991fd6dfc171e38
w10-lb290-sym3,lab_ema500_3d_symmetric_exit,10,290,3,3.0,3.0,1.0,68c15a0ca22cd55577fcabeee08d599336d7d998c21abacc9df1351cded420c0,238,238,0.5504201680672268907563025210,1.340667855586099416850821628,24,24,0.2320650903734731497622802606,-0.0552597742142670733956611576,138,0.5652173913043478260869565217,18,18,100,0.53,6,6,run_0d3cb83014794dc1b69c2fa31c09726f,ema_pullback:a27ff0cd8cddef2fe010f472
w10-lb290-sym4,lab_ema500_3d_symmetric_exit,10,290,4,4.0,4.0,1.0,68c15a0ca22cd55577fcabeee08d599336d7d998c21abacc9df1351cded420c0,237,237,0.5696202531645569620253164557,1.320202075887880457805215337,33,33,0.305398763619058881372651089,-0.0793034993263758810332154080,138,0.5797101449275362318840579710,22,22,99,0.5555555555555555555555555556,11,11,run_c006b756b5564cd3bb12261025c1b127,ema_pullback:906c3bc0017695dcbae3f889
w10-lb290-sym5,lab_ema500_3d_symmetric_exit,10,290,5,5.0,5.0,1.0,68c15a0ca22cd55577fcabeee08d599336d7d998c21abacc9df1351cded420c0,237,237,0.5527426160337552742616033755,1.210053378815047895860209441,25,25,0.2616202192674042007018522748,-0.1025903204730038935679329861,138,0.5942028985507246376811594203,26,26,99,0.4949494949494949494949494949,-1,-1,run_86ed5786b73d408685d1f1967fcf263e,ema_pullback:0676e98be6ce32837937ea16
w10-lb300-sym3,lab_ema500_3d_symmetric_exit,10,300,3,3.0,3.0,1.0,68c15a0ca22cd55577fcabeee08d599336d7d998c21abacc9df1351cded420c0,234,234,0.5427350427350427350427350427,1.314063202713864725114721858,20,20,0.2125798656513395140408368817,-0.0552597742142670733956611554,137,0.5620437956204379562043795620,17,17,97,0.5154639175257731958762886598,3,3,run_c9cc28a260794243b69a697aafcd3a9a,ema_pullback:2b176cae33ce971964042971
w10-lb300-sym4,lab_ema500_3d_symmetric_exit,10,300,4,4.0,4.0,1.0,68c15a0ca22cd55577fcabeee08d599336d7d998c21abacc9df1351cded420c0,233,233,0.5665236051502145922746781116,1.303517622095994215150242635,31,31,0.2878567746662426685881793058,-0.0793034993263758810332154075,137,0.5766423357664233576642335766,21,21,96,0.5520833333333333333333333333,10,10,run_384a15394ff543408761052897c2f8ef,ema_pullback:56d4790fb19aa01300858490
w10-lb300-sym5,lab_ema500_3d_symmetric_exit,10,300,5,5.0,5.0,1.0,68c15a0ca22cd55577fcabeee08d599336d7d998c21abacc9df1351cded420c0,233,233,0.5493562231759656652360515021,1.194133200876808236759654106,23,23,0.2404874321274031562475802132,-0.1025903204730038935679329865,137,0.5912408759124087591240875912,25,25,96,0.4895833333333333333333333333,-2,-2,run_38b12b33ab0c4d1d9cb909d222435486,ema_pullback:72880028746837e176287398
w11-lb020-sym3,lab_ema500_3d_symmetric_exit,11,20,3,3.0,3.0,1.0,68c15a0ca22cd55577fcabeee08d599336d7d998c21abacc9df1351cded420c0,419,419,0.5346062052505966587112171838,1.230049391451774825334146666,29,29,0.2285020214532004951722375229,-0.0851077654297406701813027405,259,0.5598455598455598455598455598,31,31,160,0.49375,-2,-2,run_2e9d041b0f9147dc89a3038bd99d729e,ema_pullback:39f334c329022d74c8abe49e
w11-lb020-sym4,lab_ema500_3d_symmetric_exit,11,20,4,4.0,4.0,1.0,68c15a0ca22cd55577fcabeee08d599336d7d998c21abacc9df1351cded420c0,407,407,0.5675675675675675675675675676,1.306523287352655518578483178,55,55,0.4085181525359469123021969301,-0.0936593859288560082571324720,251,0.5776892430278884462151394422,39,39,156,0.5512820512820512820512820513,16,16,run_0449409f6296428d8fb7db9293c65c5a,ema_pullback:d7253e023254db8df84a55d5
w11-lb020-sym5,lab_ema500_3d_symmetric_exit,11,20,5,5.0,5.0,1.0,68c15a0ca22cd55577fcabeee08d599336d7d998c21abacc9df1351cded420c0,385,385,0.5376623376623376623376623377,1.193435979796295323160841752,29,29,0.320356018169605155753836106,-0.1215721531585767436349590031,240,0.5625,30,30,145,0.4965517241379310344827586207,-1,-1,run_87607b454b304951a651b0f9099e309e,ema_pullback:7863c94db8fd802798a7bfb1
w11-lb030-sym3,lab_ema500_3d_symmetric_exit,11,30,3,3.0,3.0,1.0,68c15a0ca22cd55577fcabeee08d599336d7d998c21abacc9df1351cded420c0,396,396,0.5328282828282828282828282828,1.213831790238956876106791236,26,26,0.2036516885344357664192113698,-0.0887534170460310421358386093,246,0.5528455284552845528455284553,26,26,150,0.5,0,0,run_a8ee466a7be04f58b45965f541746966,ema_pullback:dcb4cfcf56041dd3b4f65bbb
w11-lb030-sym4,lab_ema500_3d_symmetric_exit,11,30,4,4.0,4.0,1.0,68c15a0ca22cd55577fcabeee08d599336d7d998c21abacc9df1351cded420c0,389,389,0.5655526992287917737789203085,1.299551441939541903833857455,51,51,0.3933384977794135387383384062,-0.0936593859288560082571324716,241,0.5726141078838174273858921162,35,35,148,0.5540540540540540540540540541,16,16,run_310ca708227c45dc9423432e257522fa,ema_pullback:b04ea920ab6a101de811dc50
w11-lb030-sym5,lab_ema500_3d_symmetric_exit,11,30,5,5.0,5.0,1.0,68c15a0ca22cd55577fcabeee08d599336d7d998c21abacc9df1351cded420c0,371,371,0.5363881401617250673854447439,1.193761090450506459819401051,27,27,0.317354379290247918015290614,-0.1215721531585767436349590043,231,0.5584415584415584415584415584,27,27,140,0.5,0,0,run_d43305f2f7f243d8870a2185b487a91f,ema_pullback:5e9c15df895cf5a97e0d9b0c
w11-lb040-sym3,lab_ema500_3d_symmetric_exit,11,40,3,3.0,3.0,1.0,68c15a0ca22cd55577fcabeee08d599336d7d998c21abacc9df1351cded420c0,371,371,0.5229110512129380053908355795,1.180154415373039348682131909,17,17,0.1613619778491645825845551257,-0.0927460369811760029463350458,231,0.5454545454545454545454545455,21,21,140,0.4857142857142857142857142857,-4,-4,run_d687f7f015044617aa7eb3dd3f6191bf,ema_pullback:3be2ed8000b6825170196232
w11-lb040-sym4,lab_ema500_3d_symmetric_exit,11,40,4,4.0,4.0,1.0,68c15a0ca22cd55577fcabeee08d599336d7d998c21abacc9df1351cded420c0,368,368,0.5679347826086956521739130435,1.308663881014649874610003839,50,50,0.38056892530542955881139988,-0.0949513447273387339953490128,229,0.5764192139737991266375545852,35,35,139,0.5539568345323741007194244604,15,15,run_eeecbdff56ab4f089cd9b7a46a1bb80f,ema_pullback:e891b6b11bd57981faf64669
w11-lb040-sym5,lab_ema500_3d_symmetric_exit,11,40,5,5.0,5.0,1.0,68c15a0ca22cd55577fcabeee08d599336d7d998c21abacc9df1351cded420c0,357,357,0.5406162464985994397759103641,1.208295367853585560789478177,29,29,0.3284756826748637378538597116,-0.1264177598658891698433230970,224,0.5625,28,28,133,0.5037593984962406015037593985,1,1,run_edb61346e0554cfbbb11511094dbb190,ema_pullback:bdcd82d9fe8b269986a76d60
w11-lb050-sym3,lab_ema500_3d_symmetric_exit,11,50,3,3.0,3.0,1.0,68c15a0ca22cd55577fcabeee08d599336d7d998c21abacc9df1351cded420c0,360,360,0.5166666666666666666666666667,1.150221024088685307429463507,12,12,0.1319751866325234346555964628,-0.0949501063350470612469002762,222,0.5405405405405405405405405405,18,18,138,0.4782608695652173913043478261,-6,-6,run_cb3e3cff914f42b08eb534cc2c641686,ema_pullback:02e940fd1eec99c79510b32a
w11-lb050-sym4,lab_ema500_3d_symmetric_exit,11,50,4,4.0,4.0,1.0,68c15a0ca22cd55577fcabeee08d599336d7d998c21abacc9df1351cded420c0,357,357,0.5630252100840336134453781513,1.277817603123960995088282278,45,45,0.334247800520753686674185321,-0.0978805883894185760229127302,220,0.5727272727272727272727272727,32,32,137,0.5474452554744525547445255474,13,13,run_76ee2c5e99ac483ea81fcc428e025c27,ema_pullback:20ff8e397b9fda5e570b87f9
w11-lb050-sym5,lab_ema500_3d_symmetric_exit,11,50,5,5.0,5.0,1.0,68c15a0ca22cd55577fcabeee08d599336d7d998c21abacc9df1351cded420c0,349,349,0.5415472779369627507163323782,1.201889330774383483867210840,29,29,0.3129768740378403977132502093,-0.1299491534032627530306431540,217,0.5668202764976958525345622120,29,29,132,0.5,0,0,run_c74935b5e55145078bf375e5af98579a,ema_pullback:8fba73a53ec279c7af68d29d
w11-lb060-sym3,lab_ema500_3d_symmetric_exit,11,60,3,3.0,3.0,1.0,68c15a0ca22cd55577fcabeee08d599336d7d998c21abacc9df1351cded420c0,336,336,0.5148809523809523809523809524,1.138734160081140883409725735,10,10,0.1135626634472110732254392431,-0.0807661280036413213654492076,202,0.5396039603960396039603960396,16,16,134,0.4776119402985074626865671642,-6,-6,run_3ef87bb4c3794a8c9eec65a5d1a6473b,ema_pullback:b89b1eb6e8c6aefe553a696d
w11-lb060-sym4,lab_ema500_3d_symmetric_exit,11,60,4,4.0,4.0,1.0,68c15a0ca22cd55577fcabeee08d599336d7d998c21abacc9df1351cded420c0,334,334,0.5568862275449101796407185629,1.254254479035060802876747400,38,38,0.2829210154728032165045431328,-0.0902430136233350236075683914,201,0.5671641791044776119402985075,27,27,133,0.5413533834586466165413533835,11,11,run_916092eb1a084023adc7e21f2f16c26c,ema_pullback:4d813a90cca5b4f033352fd6
w11-lb060-sym5,lab_ema500_3d_symmetric_exit,11,60,5,5.0,5.0,1.0,68c15a0ca22cd55577fcabeee08d599336d7d998c21abacc9df1351cded420c0,329,329,0.5379939209726443768996960486,1.184888522516296036319295834,25,25,0.2669396792753127808699699055,-0.1156513230607411457902097255,200,0.56,24,24,129,0.5038759689922480620155038760,1,1,run_4111b2429e9d44fa8e47fcd2e7ccb618,ema_pullback:fc4aaaf0fee8818065b1ae7e
w11-lb070-sym3,lab_ema500_3d_symmetric_exit,11,70,3,3.0,3.0,1.0,68c15a0ca22cd55577fcabeee08d599336d7d998c21abacc9df1351cded420c0,319,319,0.5235109717868338557993730408,1.156017091004285274513395718,15,15,0.1219465664082302904594648599,-0.0802320548689755459393036155,192,0.5520833333333333333333333333,20,20,127,0.4803149606299212598425196850,-5,-5,run_7c8453cda18441d5b057cedfdcef34fd,ema_pullback:d03e57751ef23c961985bfd6
w11-lb070-sym4,lab_ema500_3d_symmetric_exit,11,70,4,4.0,4.0,1.0,68c15a0ca22cd55577fcabeee08d599336d7d998c21abacc9df1351cded420c0,318,318,0.5660377358490566037735849057,1.276503077213761206153451485,42,42,0.2971641144700315265185021567,-0.0960621362879892162137586221,192,0.578125,30,30,126,0.5476190476190476190476190476,12,12,run_780e0a66f07b4cbca6b7698b96155f68,ema_pullback:5a7eb88069a8709040d9ff80
w11-lb070-sym5,lab_ema500_3d_symmetric_exit,11,70,5,5.0,5.0,1.0,68c15a0ca22cd55577fcabeee08d599336d7d998c21abacc9df1351cded420c0,314,314,0.5445859872611464968152866242,1.199092196242583032258105180,28,28,0.2793676783123796525416494337,-0.1125269471484236995075637016,191,0.5706806282722513089005235602,27,27,123,0.5040650406504065040650406504,1,1,run_3cff005a90194db0b88e27b3f6afe9bd,ema_pullback:fe562e843eac8d0af87a06f5
w11-lb080-sym3,lab_ema500_3d_symmetric_exit,11,80,3,3.0,3.0,1.0,68c15a0ca22cd55577fcabeee08d599336d7d998c21abacc9df1351cded420c0,306,306,0.5228758169934640522875816993,1.150049216710597692225531382,14,14,0.1137449070216741212701598136,-0.0790447701913563439306831807,185,0.5513513513513513513513513514,19,19,121,0.4793388429752066115702479339,-5,-5,run_8dde22507e5542d5a575fed0c401d7ab,ema_pullback:71d5641d57abb1b6d43a075e
w11-lb080-sym4,lab_ema500_3d_symmetric_exit,11,80,4,4.0,4.0,1.0,68c15a0ca22cd55577fcabeee08d599336d7d998c21abacc9df1351cded420c0,305,305,0.5672131147540983606557377049,1.274053662077462129029994950,41,41,0.2845865085462926417046585644,-0.0945056660585832701438276199,185,0.5783783783783783783783783784,29,29,120,0.55,12,12,run_a2631242bcca428680df88b61181861c,ema_pullback:95f31d63becff2af5eab1cb4
w11-lb080-sym5,lab_ema500_3d_symmetric_exit,11,80,5,5.0,5.0,1.0,68c15a0ca22cd55577fcabeee08d599336d7d998c21abacc9df1351cded420c0,302,302,0.5496688741721854304635761589,1.208006898273541382347116287,30,30,0.2837906427339200130459506288,-0.1040233253661195613059030063,185,0.5783783783783783783783783784,29,29,117,0.5042735042735042735042735043,1,1,run_2b5764b80fda4d07b6fde2237b14c1d3,ema_pullback:b0aeabbdcaf68307cd7b87d8
w11-lb090-sym3,lab_ema500_3d_symmetric_exit,11,90,3,3.0,3.0,1.0,68c15a0ca22cd55577fcabeee08d599336d7d998c21abacc9df1351cded420c0,292,292,0.5205479452054794520547945205,1.133272073834030506310638075,12,12,0.09704621311575347123816200947,-0.0797094633540024597979962819,179,0.5530726256983240223463687151,19,19,113,0.4690265486725663716814159292,-7,-7,run_84461d86b3ce4cba89b8636f18fb5c80,ema_pullback:1737e2e06857db084c8c9917
w11-lb090-sym4,lab_ema500_3d_symmetric_exit,11,90,4,4.0,4.0,1.0,68c15a0ca22cd55577fcabeee08d599336d7d998c21abacc9df1351cded420c0,291,291,0.5601374570446735395189003436,1.242488598958613785595224673,35,35,0.2417414963511941281752052732,-0.0976601070628379031635303698,179,0.5754189944134078212290502793,27,27,112,0.5357142857142857142857142857,8,8,run_d5acf87277aa4ff9944e65aa7075f14d,ema_pullback:3a31d3ee42f175a6c51d8e4e
w11-lb090-sym5,lab_ema500_3d_symmetric_exit,11,90,5,5.0,5.0,1.0,68c15a0ca22cd55577fcabeee08d599336d7d998c21abacc9df1351cded420c0,289,289,0.5467128027681660899653979239,1.191960341379282062871915229,27,27,0.2521318353982861253458363432,-0.1071113220181433195547892112,179,0.5810055865921787709497206704,29,29,110,0.4909090909090909090909090909,-2,-2,run_af55ef054eb34a309fd17f3c9757b15f,ema_pullback:9f743f7a8d3532e47c206811
w11-lb100-sym3,lab_ema500_3d_symmetric_exit,11,100,3,3.0,3.0,1.0,68c15a0ca22cd55577fcabeee08d599336d7d998c21abacc9df1351cded420c0,281,281,0.5195729537366548042704626335,1.131455441501928575974612280,11,11,0.09324882617827462736020556896,-0.0856101844407927088965447978,172,0.5523255813953488372093023256,18,18,109,0.4678899082568807339449541284,-7,-7,run_787a7d16f70949a9a32c72cd87b15551,ema_pullback:f871b8fc79cd3a766db9052c
w11-lb100-sym4,lab_ema500_3d_symmetric_exit,11,100,4,4.0,4.0,1.0,68c15a0ca22cd55577fcabeee08d599336d7d998c21abacc9df1351cded420c0,280,280,0.5571428571428571428571428571,1.227265505976531349377304130,32,32,0.22019963069282058358873913,-0.0976601070628379031635303694,172,0.5755813953488372093023255814,26,26,108,0.5277777777777777777777777778,6,6,run_c3fd717fe42c457e98b12960e0debf3d,ema_pullback:a99a9acdd74deda9f55f6a85
w11-lb100-sym5,lab_ema500_3d_symmetric_exit,11,100,5,5.0,5.0,1.0,68c15a0ca22cd55577fcabeee08d599336d7d998c21abacc9df1351cded420c0,278,278,0.5431654676258992805755395683,1.167422843278857160040779720,24,24,0.2127256439952532138854553134,-0.1151988804297175851117842957,172,0.5813953488372093023255813953,28,28,106,0.4811320754716981132075471698,-4,-4,run_d01a5783316c4a10a62a86ad91abf5a3,ema_pullback:f5e7d205dabbf85f21d2b1b1
w11-lb110-sym3,lab_ema500_3d_symmetric_exit,11,110,3,3.0,3.0,1.0,68c15a0ca22cd55577fcabeee08d599336d7d998c21abacc9df1351cded420c0,269,269,0.5315985130111524163568773234,1.176506025149218700477331441,17,17,0.1194432367930122298903828387,-0.0777208553921361922150412612,165,0.5636363636363636363636363636,21,21,104,0.4807692307692307692307692308,-4,-4,run_806cacf631ca4cad937133bf0d1f2d62,ema_pullback:9afa9adabc85fb16cc9bcc9f
w11-lb110-sym4,lab_ema500_3d_symmetric_exit,11,110,4,4.0,4.0,1.0,68c15a0ca22cd55577fcabeee08d599336d7d998c21abacc9df1351cded420c0,268,268,0.5597014925373134328358208955,1.203006367021236051810382506,32,32,0.1865012262234136149401460855,-0.0920585661568680333600523903,165,0.5757575757575757575757575758,25,25,103,0.5339805825242718446601941748,7,7,run_dfb2b036bcd248e583cc8e4b4b964e7a,ema_pullback:cc234a828a9e86bd8234418e
w11-lb110-sym5,lab_ema500_3d_symmetric_exit,11,110,5,5.0,5.0,1.0,68c15a0ca22cd55577fcabeee08d599336d7d998c21abacc9df1351cded420c0,268,268,0.5410447761194029850746268657,1.131248048085101117334811780,22,22,0.1584641173501825887559268084,-0.1219733359686499329892202785,165,0.5818181818181818181818181818,27,27,103,0.4757281553398058252427184466,-5,-5,run_e785f1b89a9943039d0af1dfa9b204be,ema_pullback:b79e6fd74f401a62934849c1
w11-lb120-sym3,lab_ema500_3d_symmetric_exit,11,120,3,3.0,3.0,1.0,68c15a0ca22cd55577fcabeee08d599336d7d998c21abacc9df1351cded420c0,263,263,0.5323193916349809885931558935,1.173431021914838548091268968,17,17,0.1168205598063648680740178807,-0.0799403189919951580914228429,161,0.5590062111801242236024844720,19,19,102,0.4901960784313725490196078431,-2,-2,run_7afcc5ae22304d2bb2268d15d7b1a7dc,ema_pullback:3720fc4942a5eef1e42e89b2
w11-lb120-sym4,lab_ema500_3d_symmetric_exit,11,120,4,4.0,4.0,1.0,68c15a0ca22cd55577fcabeee08d599336d7d998c21abacc9df1351cded420c0,262,262,0.5610687022900763358778625954,1.199879026887795911568767554,32,32,0.1828005288945488223738836653,-0.0954258231008023098595717011,161,0.5714285714285714285714285714,23,23,101,0.5445544554455445544554455446,9,9,run_a3ec017aa7d64431be1d8bac7eea9e15,ema_pullback:d00de388f232d1c5e22feeea
w11-lb120-sym5,lab_ema500_3d_symmetric_exit,11,120,5,5.0,5.0,1.0,68c15a0ca22cd55577fcabeee08d599336d7d998c21abacc9df1351cded420c0,262,262,0.5419847328244274809160305344,1.128031067672435182788278951,22,22,0.1539544769237446583008164913,-0.1283436212062634609216590509,161,0.5776397515527950310559006211,25,25,101,0.4851485148514851485148514851,-3,-3,run_2366fee50cfd4a229c7459fa644fd4af,ema_pullback:5dd23da9aa9a24166a08ca32
w11-lb130-sym3,lab_ema500_3d_symmetric_exit,11,130,3,3.0,3.0,1.0,68c15a0ca22cd55577fcabeee08d599336d7d998c21abacc9df1351cded420c0,256,256,0.52734375,1.155590195172435937206328819,14,14,0.1030092502633913104194038026,-0.0791922488265510958596667105,155,0.5483870967741935483870967742,15,15,101,0.4950495049504950495049504950,-1,-1,run_e1972f3217ef46b0863e2b7268eda3b5,ema_pullback:07e2ed166f75d4604250baf0
w11-lb130-sym4,lab_ema500_3d_symmetric_exit,11,130,4,4.0,4.0,1.0,68c15a0ca22cd55577fcabeee08d599336d7d998c21abacc9df1351cded420c0,255,255,0.5568627450980392156862745098,1.182292528622642490835566466,29,29,0.1633724583348368938710796945,-0.0954258231008023098595717007,155,0.5612903225806451612903225806,19,19,100,0.55,10,10,run_2fbce1e419e7452f89b95daf455c2e8d,ema_pullback:399adf2844b6c39be83aa5a2
w11-lb130-sym5,lab_ema500_3d_symmetric_exit,11,130,5,5.0,5.0,1.0,68c15a0ca22cd55577fcabeee08d599336d7d998c21abacc9df1351cded420c0,255,255,0.5411764705882352941176470588,1.112991377013538289047866758,21,21,0.1327866825580113335564092236,-0.1319009939777403157009702151,155,0.5741935483870967741935483871,23,23,100,0.49,-2,-2,run_c85286afaf2f4440a28be1179c14c665,ema_pullback:161fe97b5177a21b482c7dc9
w11-lb140-sym3,lab_ema500_3d_symmetric_exit,11,140,3,3.0,3.0,1.0,68c15a0ca22cd55577fcabeee08d599336d7d998c21abacc9df1351cded420c0,247,247,0.5141700404858299595141700405,1.128082572559216285313323230,7,7,0.08280822480620767792700338845,-0.0848364919332795603882677144,148,0.5337837837837837837837837838,10,10,99,0.4848484848484848484848484848,-3,-3,run_5b3bf08f8d6d4dbcaf9a80ba126af38d,ema_pullback:683bf67ff182f197856ec8c5
w11-lb140-sym4,lab_ema500_3d_symmetric_exit,11,140,4,4.0,4.0,1.0,68c15a0ca22cd55577fcabeee08d599336d7d998c21abacc9df1351cded420c0,246,246,0.5447154471544715447154471545,1.155041548306706429742873688,22,22,0.1350878703601478744363362158,-0.0954258231008023098595716980,148,0.5472972972972972972972972973,14,14,98,0.5408163265306122448979591837,8,8,run_9785ba5ec0f544ed835c296a719d1a51,ema_pullback:82f732e52675c3a96faf5493
w11-lb140-sym5,lab_ema500_3d_symmetric_exit,11,140,5,5.0,5.0,1.0,68c15a0ca22cd55577fcabeee08d599336d7d998c21abacc9df1351cded420c0,246,246,0.5365853658536585365853658537,1.104712689697274296102011065,18,18,0.1203399142129220445162824337,-0.1407406408069574112879311273,148,0.5675675675675675675675675676,20,20,98,0.4897959183673469387755102041,-2,-2,run_fbf56c0622db43c7a0d81d42afa9f419,ema_pullback:19d9d9197153e64dea46bb08
w11-lb150-sym3,lab_ema500_3d_symmetric_exit,11,150,3,3.0,3.0,1.0,68c15a0ca22cd55577fcabeee08d599336d7d998c21abacc9df1351cded420c0,242,242,0.5123966942148760330578512397,1.127725178612729598365879656,6,6,0.08166841732610870832339092371,-0.0879278581059160681440435517,145,0.5310344827586206896551724138,9,9,97,0.4845360824742268041237113402,-3,-3,run_d8c9c785bf01400a922c0cae3cfcad10,ema_pullback:1a930afe3e96df62a7edbf27
w11-lb150-sym4,lab_ema500_3d_symmetric_exit,11,150,4,4.0,4.0,1.0,68c15a0ca22cd55577fcabeee08d599336d7d998c21abacc9df1351cded420c0,241,241,0.5394190871369294605809128631,1.139783645024015189008374876,19,19,0.1208817479451910996321043372,-0.0967434073028007930831129293,145,0.5379310344827586206896551724,11,11,96,0.5416666666666666666666666667,8,8,run_1ca237705d024d66969754181c165bfc,ema_pullback:4d32354fa445e526ade16b7d
w11-lb150-sym5,lab_ema500_3d_symmetric_exit,11,150,5,5.0,5.0,1.0,68c15a0ca22cd55577fcabeee08d599336d7d998c21abacc9df1351cded420c0,241,241,0.5352697095435684647302904564,1.101337319422146589039306180,17,17,0.115385326828248696938952737,-0.1434280766043654724007085157,145,0.5655172413793103448275862069,19,19,96,0.4895833333333333333333333333,-2,-2,run_c89e6bcc146f4a97a6f6146cff370954,ema_pullback:0e2707caef147f9101d1d57c
w11-lb160-sym3,lab_ema500_3d_symmetric_exit,11,160,3,3.0,3.0,1.0,68c15a0ca22cd55577fcabeee08d599336d7d998c21abacc9df1351cded420c0,235,235,0.5191489361702127659574468085,1.150075057869474965702912362,9,9,0.09330338627353475327503600613,-0.0843650470432735990464638170,139,0.5467625899280575539568345324,13,13,96,0.4791666666666666666666666667,-4,-4,run_a0496528a9704c4a831cd74220812110,ema_pullback:4c64f1199c688b572ba5afd6
w11-lb160-sym4,lab_ema500_3d_symmetric_exit,11,160,4,4.0,4.0,1.0,68c15a0ca22cd55577fcabeee08d599336d7d998c21abacc9df1351cded420c0,234,234,0.5470085470085470085470085470,1.162326151484896001692036990,22,22,0.1370393965817826369327497998,-0.0967434073028007930831129277,139,0.5539568345323741007194244604,15,15,95,0.5368421052631578947368421053,7,7,run_cd8471f5f9a24915be4a44e5bd909e0a,ema_pullback:81d1ec732fe3558a83a94398
w11-lb160-sym5,lab_ema500_3d_symmetric_exit,11,160,5,5.0,5.0,1.0,68c15a0ca22cd55577fcabeee08d599336d7d998c21abacc9df1351cded420c0,234,234,0.5427350427350427350427350427,1.121418631325207506097965512,20,20,0.1355858833578294305286815593,-0.1458851598553301211412771681,139,0.5827338129496402877697841727,23,23,95,0.4842105263157894736842105263,-3,-3,run_f7805a91aa2047138e3730671622cf8e,ema_pullback:981b1f1412602fb4f8db8d54
w11-lb170-sym3,lab_ema500_3d_symmetric_exit,11,170,3,3.0,3.0,1.0,68c15a0ca22cd55577fcabeee08d599336d7d998c21abacc9df1351cded420c0,232,232,0.5172413793103448275862068966,1.144431294428371952264717388,8,8,0.08895231043328507153332638541,-0.0843650470432735990464638213,136,0.5441176470588235294117647059,12,12,96,0.4791666666666666666666666667,-4,-4,run_98074a2b6c4d4ca4ac1f5232181d3604,ema_pullback:0c5786b323923bf5f31e1bfd
w11-lb170-sym4,lab_ema500_3d_symmetric_exit,11,170,4,4.0,4.0,1.0,68c15a0ca22cd55577fcabeee08d599336d7d998c21abacc9df1351cded420c0,231,231,0.5454545454545454545454545455,1.156837642203972536267678387,21,21,0.13102005720826505314471654,-0.0967434073028007930831129252,136,0.5514705882352941176470588235,14,14,95,0.5368421052631578947368421053,7,7,run_69bb6f328f5d4d53bad656230f811b33,ema_pullback:0e15259cd6822ab80e085833
w11-lb170-sym5,lab_ema500_3d_symmetric_exit,11,170,5,5.0,5.0,1.0,68c15a0ca22cd55577fcabeee08d599336d7d998c21abacc9df1351cded420c0,231,231,0.5411255411255411255411255411,1.116032719993002924956339943,19,19,0.12808897463342338604120563,-0.1458851598553301211412771692,136,0.5808823529411764705882352941,22,22,95,0.4842105263157894736842105263,-3,-3,run_84442d46bf7349f1a92acc5c531e848e,ema_pullback:337203387f5ba20e59f04708
w11-lb180-sym3,lab_ema500_3d_symmetric_exit,11,180,3,3.0,3.0,1.0,68c15a0ca22cd55577fcabeee08d599336d7d998c21abacc9df1351cded420c0,228,228,0.5131578947368421052631578947,1.146520619803639415356518509,6,6,0.08931529855933294215085837025,-0.0799245318364801874211355397,135,0.5407407407407407407407407407,11,11,93,0.4731182795698924731182795699,-5,-5,run_b23a8f7fd5ee4dfb80a01ca1dd04bbb9,ema_pullback:bdab9b64193fd4d90f909de3
w11-lb180-sym4,lab_ema500_3d_symmetric_exit,11,180,4,4.0,4.0,1.0,68c15a0ca22cd55577fcabeee08d599336d7d998c21abacc9df1351cded420c0,227,227,0.5418502202643171806167400881,1.159117128144151720233150113,19,19,0.1315339093156832972283258904,-0.0967434073028007930831129276,135,0.5481481481481481481481481481,13,13,92,0.5326086956521739130434782609,6,6,run_d17066e2b7024e09bfce8d3100e0785c,ema_pullback:8503a8a3035f5ce4139517e0
w11-lb180-sym5,lab_ema500_3d_symmetric_exit,11,180,5,5.0,5.0,1.0,68c15a0ca22cd55577fcabeee08d599336d7d998c21abacc9df1351cded420c0,227,227,0.5418502202643171806167400881,1.120967588769227266741781155,19,19,0.1321341375284905715928956295,-0.1402018928819561022397690708,135,0.5777777777777777777777777778,21,21,92,0.4891304347826086956521739130,-2,-2,run_a2d977191db04b69b630b3f4276f414c,ema_pullback:a2e50bb6ac43594f8de40c43
w11-lb190-sym3,lab_ema500_3d_symmetric_exit,11,190,3,3.0,3.0,1.0,68c15a0ca22cd55577fcabeee08d599336d7d998c21abacc9df1351cded420c0,224,224,0.5133928571428571428571428571,1.139235666449949096430063357,6,6,0.08368910531860104273360310839,-0.0802226240306141049224547067,134,0.5373134328358208955223880597,10,10,90,0.4777777777777777777777777778,-4,-4,run_bb892bd594d54cd49eb8392bd47d8da4,ema_pullback:6b1992f7877751c0fd6e3fcd
w11-lb190-sym4,lab_ema500_3d_symmetric_exit,11,190,4,4.0,4.0,1.0,68c15a0ca22cd55577fcabeee08d599336d7d998c21abacc9df1351cded420c0,223,223,0.5381165919282511210762331839,1.144497445727590609435303895,17,17,0.1175317126195304658747157283,-0.0967434073028007930831129276,134,0.5447761194029850746268656716,12,12,89,0.5280898876404494382022471910,5,5,run_e59c0b8fe26b476fad498d87fc875d30,ema_pullback:53c29af5f39ff4d70c9637df
w11-lb190-sym5,lab_ema500_3d_symmetric_exit,11,190,5,5.0,5.0,1.0,68c15a0ca22cd55577fcabeee08d599336d7d998c21abacc9df1351cded420c0,223,223,0.5381165919282511210762331839,1.107021741443416622555273470,17,17,0.1146819962576291072084478151,-0.1406660645119902691267913083,134,0.5746268656716417910447761194,20,20,89,0.4831460674157303370786516854,-3,-3,run_5f00b18b8ae64963924c585550051fd4,ema_pullback:33602b8e5e5538cd6a3ca411
w11-lb200-sym3,lab_ema500_3d_symmetric_exit,11,200,3,3.0,3.0,1.0,68c15a0ca22cd55577fcabeee08d599336d7d998c21abacc9df1351cded420c0,220,220,0.5227272727272727272727272727,1.159682094284551014385068286,10,10,0.09480481305472998642215016842,-0.0802226240306141049224547090,130,0.5538461538461538461538461538,14,14,90,0.4777777777777777777777777778,-4,-4,run_e57cb71f844e419e8b64f4db25ae100e,ema_pullback:c1b6a03f13d2222cc7883e67
w11-lb200-sym4,lab_ema500_3d_symmetric_exit,11,200,4,4.0,4.0,1.0,68c15a0ca22cd55577fcabeee08d599336d7d998c21abacc9df1351cded420c0,219,219,0.5479452054794520547945205479,1.165047966707402167951739321,21,21,0.132848558712779436702968973,-0.0967434073028007930831129275,130,0.5615384615384615384615384615,16,16,89,0.5280898876404494382022471910,5,5,run_21be00f5bb4b4acab79f6579f20e3449,ema_pullback:5e038aa6a19ea0a4ac718b58
w11-lb200-sym5,lab_ema500_3d_symmetric_exit,11,200,5,5.0,5.0,1.0,68c15a0ca22cd55577fcabeee08d599336d7d998c21abacc9df1351cded420c0,219,219,0.5479452054794520547945205479,1.125832564591198318257486766,21,21,0.1338205931022746454162145197,-0.1326782320467605275899702555,130,0.5923076923076923076923076923,24,24,89,0.4831460674157303370786516854,-3,-3,run_7a95772ef45d4e3fac29aab186fa41d3,ema_pullback:27f3bddc0f15c80a97b23c5e
w11-lb210-sym3,lab_ema500_3d_symmetric_exit,11,210,3,3.0,3.0,1.0,68c15a0ca22cd55577fcabeee08d599336d7d998c21abacc9df1351cded420c0,217,217,0.5207373271889400921658986175,1.150327095617019177000784786,9,9,0.08894388497464391529022555808,-0.0819470798582918936275170586,129,0.5503875968992248062015503876,13,13,88,0.4772727272727272727272727273,-4,-4,run_573f7075540f45209338d2d75d127f16,ema_pullback:2ec69f168a8387a1fe8f7d63
w11-lb210-sym4,lab_ema500_3d_symmetric_exit,11,210,4,4.0,4.0,1.0,68c15a0ca22cd55577fcabeee08d599336d7d998c21abacc9df1351cded420c0,216,216,0.5462962962962962962962962963,1.155522696160469381215142127,20,20,0.1247785952431395892860335739,-0.1058162507265873921351385369,129,0.5581395348837209302325581395,15,15,87,0.5287356321839080459770114943,5,5,run_37149f28f8eb4ab68c0a3c4adae5b394,ema_pullback:2a04fff8ccceb790ba6274c4
w11-lb210-sym5,lab_ema500_3d_symmetric_exit,11,210,5,5.0,5.0,1.0,68c15a0ca22cd55577fcabeee08d599336d7d998c21abacc9df1351cded420c0,216,216,0.5416666666666666666666666667,1.108950747156141618346874206,18,18,0.1155099247601417987956214396,-0.1466850699323302497580818005,129,0.5891472868217054263565891473,23,23,87,0.4712643678160919540229885057,-5,-5,run_0130211b5d8643fcab80c8442f904a20,ema_pullback:c873abcffb77704fd04f92ae
w11-lb220-sym3,lab_ema500_3d_symmetric_exit,11,220,3,3.0,3.0,1.0,68c15a0ca22cd55577fcabeee08d599336d7d998c21abacc9df1351cded420c0,213,213,0.5258215962441314553990610329,1.152705005300251888475260585,11,11,0.08937869699190554762039421727,-0.0819470798582918936275170625,126,0.5555555555555555555555555556,14,14,87,0.4827586206896551724137931034,-3,-3,run_1b06e07bccd24867b94b971609a32b6d,ema_pullback:a9bf9d59bf5309afd04057ef
w11-lb220-sym4,lab_ema500_3d_symmetric_exit,11,220,4,4.0,4.0,1.0,68c15a0ca22cd55577fcabeee08d599336d7d998c21abacc9df1351cded420c0,212,212,0.5566037735849056603773584906,1.177091751366213531339744419,24,24,0.140721468599192060341736886,-0.1058162507265873921351385373,126,0.5714285714285714285714285714,18,18,86,0.5348837209302325581395348837,6,6,run_4b88e1d6a1c049b7851a280f2f843077,ema_pullback:46fe7876893672fbc9dc922f
w11-lb220-sym5,lab_ema500_3d_symmetric_exit,11,220,5,5.0,5.0,1.0,68c15a0ca22cd55577fcabeee08d599336d7d998c21abacc9df1351cded420c0,212,212,0.5518867924528301886792452830,1.128497697178332395373109740,22,22,0.1353208157637927301360080117,-0.1406160205012901743830695128,126,0.6031746031746031746031746032,26,26,86,0.4767441860465116279069767442,-4,-4,run_ab5eccd48e2a4fb8b50f6dbcacb3d9c6,ema_pullback:48aee373203f85d0e5a43e6a
w11-lb230-sym3,lab_ema500_3d_symmetric_exit,11,230,3,3.0,3.0,1.0,68c15a0ca22cd55577fcabeee08d599336d7d998c21abacc9df1351cded420c0,211,211,0.5260663507109004739336492891,1.142368610633198922038660459,11,11,0.08232379814361038854460552964,-0.0794113921243145391804208076,125,0.552,13,13,86,0.4883720930232558139534883721,-2,-2,run_6f21d67f43c2404fa21c224f963cd86e,ema_pullback:eb23c1ff804fa72ded367a77
w11-lb230-sym4,lab_ema500_3d_symmetric_exit,11,230,4,4.0,4.0,1.0,68c15a0ca22cd55577fcabeee08d599336d7d998c21abacc9df1351cded420c0,210,210,0.5571428571428571428571428571,1.167147692504028017232290618,24,24,0.130905582973066036665231365,-0.1025202022416661821232845101,125,0.568,17,17,85,0.5411764705882352941176470588,7,7,run_fed1ae4a3bff4643a92cd50717ddc62a,ema_pullback:d3dc491a50280d9b15a5433d
w11-lb230-sym5,lab_ema500_3d_symmetric_exit,11,230,5,5.0,5.0,1.0,68c15a0ca22cd55577fcabeee08d599336d7d998c21abacc9df1351cded420c0,210,210,0.5523809523809523809523809524,1.118939232088833941702209642,22,22,0.123151072820593454878040191,-0.1366526517347759087916092200,125,0.6,25,25,85,0.4823529411764705882352941176,-3,-3,run_6dfd08e063624802b84e6d40ace21531,ema_pullback:73af65500cd5a2de4cf59c50
w11-lb240-sym3,lab_ema500_3d_symmetric_exit,11,240,3,3.0,3.0,1.0,68c15a0ca22cd55577fcabeee08d599336d7d998c21abacc9df1351cded420c0,211,211,0.5260663507109004739336492891,1.142368610633198922038660459,11,11,0.08232379814361038854460552964,-0.0794113921243145391804208076,125,0.552,13,13,86,0.4883720930232558139534883721,-2,-2,run_976073321e5d465d97781041a4d32ae3,ema_pullback:6f18ef2e7aa60d6d7d89bf11
w11-lb240-sym4,lab_ema500_3d_symmetric_exit,11,240,4,4.0,4.0,1.0,68c15a0ca22cd55577fcabeee08d599336d7d998c21abacc9df1351cded420c0,210,210,0.5571428571428571428571428571,1.167147692504028017232290618,24,24,0.130905582973066036665231365,-0.1025202022416661821232845101,125,0.568,17,17,85,0.5411764705882352941176470588,7,7,run_bf18806a5a08439e87d0bd2e62b74870,ema_pullback:633d91288a51a5856d9ee803
w11-lb240-sym5,lab_ema500_3d_symmetric_exit,11,240,5,5.0,5.0,1.0,68c15a0ca22cd55577fcabeee08d599336d7d998c21abacc9df1351cded420c0,210,210,0.5523809523809523809523809524,1.118939232088833941702209642,22,22,0.123151072820593454878040191,-0.1366526517347759087916092200,125,0.6,25,25,85,0.4823529411764705882352941176,-3,-3,run_399f1a3066d645278279aaee6626614c,ema_pullback:b44989ff29b2729ae8f68916
w11-lb250-sym3,lab_ema500_3d_symmetric_exit,11,250,3,3.0,3.0,1.0,68c15a0ca22cd55577fcabeee08d599336d7d998c21abacc9df1351cded420c0,207,207,0.5265700483091787439613526570,1.156699120068258635530898191,11,11,0.08892677649347573095411454625,-0.0782515411766069800027982766,123,0.5528455284552845528455284553,13,13,84,0.4880952380952380952380952381,-2,-2,run_cf0f19b3ffcb412d86a15d78a4b8d141,ema_pullback:28d9964b8cd5d01285e54b7f
w11-lb250-sym4,lab_ema500_3d_symmetric_exit,11,250,4,4.0,4.0,1.0,68c15a0ca22cd55577fcabeee08d599336d7d998c21abacc9df1351cded420c0,206,206,0.5582524271844660194174757282,1.182191394636909193222293154,24,24,0.1401379451517071692980791377,-0.0950325505103341143597336984,123,0.5691056910569105691056910569,17,17,83,0.5421686746987951807228915663,7,7,run_f09168ad31cf4f129fd0a4f0b5a9750c,ema_pullback:2ec9e6fb332ca3e985033803
w11-lb250-sym5,lab_ema500_3d_symmetric_exit,11,250,5,5.0,5.0,1.0,68c15a0ca22cd55577fcabeee08d599336d7d998c21abacc9df1351cded420c0,206,206,0.5485436893203883495145631068,1.117426526025828525685494265,20,20,0.1189937349974219560339129359,-0.1338713293893096126927998873,123,0.5934959349593495934959349593,23,23,83,0.4819277108433734939759036145,-3,-3,run_c9406beeb7bc46cca76ef02e2500f7ad,ema_pullback:cd750e259321b9ea6f32c8c5
w11-lb260-sym3,lab_ema500_3d_symmetric_exit,11,260,3,3.0,3.0,1.0,68c15a0ca22cd55577fcabeee08d599336d7d998c21abacc9df1351cded420c0,205,205,0.5219512195121951219512195122,1.142473191898834058057145508,9,9,0.08039946596191044421116496677,-0.0815577113912085529709430215,121,0.5454545454545454545454545455,11,11,84,0.4880952380952380952380952381,-2,-2,run_684a1dcdb3334f429d3e92d9e522aaee,ema_pullback:863a9edcdf21f456e9c8193c
w11-lb260-sym4,lab_ema500_3d_symmetric_exit,11,260,4,4.0,4.0,1.0,68c15a0ca22cd55577fcabeee08d599336d7d998c21abacc9df1351cded420c0,204,204,0.5539215686274509803921568627,1.168015502279393889510023642,22,22,0.128256842013382059259705951,-0.0950325505103341143597337012,121,0.5619834710743801652892561983,15,15,83,0.5421686746987951807228915663,7,7,run_2dce74fddc6d40efba5c477f36c37ac4,ema_pullback:20145624e6e69da9652a0b7e
w11-lb260-sym5,lab_ema500_3d_symmetric_exit,11,260,5,5.0,5.0,1.0,68c15a0ca22cd55577fcabeee08d599336d7d998c21abacc9df1351cded420c0,204,204,0.5441176470588235294117647059,1.104067294805853175466448090,18,18,0.1044463286076505936363623018,-0.1390367619353724891002784763,121,0.5867768595041322314049586777,21,21,83,0.4819277108433734939759036145,-3,-3,run_88c4e1f1bf6e474d9072e69ee87b7349,ema_pullback:a15f6a451e9bc9f4a95cf139
w11-lb270-sym3,lab_ema500_3d_symmetric_exit,11,270,3,3.0,3.0,1.0,68c15a0ca22cd55577fcabeee08d599336d7d998c21abacc9df1351cded420c0,204,204,0.5245098039215686274509803922,1.153475517733345416055446642,10,10,0.08580155536616730001076811662,-0.0815577113912085529709430215,121,0.5454545454545454545454545455,11,11,83,0.4939759036144578313253012048,-1,-1,run_22ca5f88ee1a4369bd987d32ac916cd1,ema_pullback:e2d2947ead51ef37e149c384
w11-lb270-sym4,lab_ema500_3d_symmetric_exit,11,270,4,4.0,4.0,1.0,68c15a0ca22cd55577fcabeee08d599336d7d998c21abacc9df1351cded420c0,203,203,0.5517241379310344827586206897,1.158422197524254234162689919,21,21,0.1208217457970035551467889395,-0.1009961926608565341887234151,121,0.5619834710743801652892561983,15,15,82,0.5365853658536585365853658537,6,6,run_9653cb3e10494ddbb887018b87c4c0f5,ema_pullback:3051846b950414962259287c
w11-lb270-sym5,lab_ema500_3d_symmetric_exit,11,270,5,5.0,5.0,1.0,68c15a0ca22cd55577fcabeee08d599336d7d998c21abacc9df1351cded420c0,203,203,0.5418719211822660098522167488,1.095116767613483503644554702,17,17,0.09536355800184474842240060025,-0.1461171708143002881998079267,121,0.5867768595041322314049586777,21,21,82,0.4756097560975609756097560976,-4,-4,run_2a33b1e6b6fc4b3a9a8756567ee8193d,ema_pullback:de4daa44882ba3de9eb94dd2
w11-lb280-sym3,lab_ema500_3d_symmetric_exit,11,280,3,3.0,3.0,1.0,68c15a0ca22cd55577fcabeee08d599336d7d998c21abacc9df1351cded420c0,201,201,0.5273631840796019900497512438,1.160178773626906927079856058,11,11,0.08834356822387196978978744282,-0.0787705135236795545323975263,120,0.55,12,12,81,0.4938271604938271604938271605,-1,-1,run_20f6602c6bc3465c99b340b185985044,ema_pullback:324308790bcbf935f50b09e8
w11-lb280-sym4,lab_ema500_3d_symmetric_exit,11,280,4,4.0,4.0,1.0,68c15a0ca22cd55577fcabeee08d599336d7d998c21abacc9df1351cded420c0,200,200,0.555,1.165296339954911832778305234,22,22,0.1243316911691903789573793361,-0.1009961926608565341887234158,120,0.5666666666666666666666666667,16,16,80,0.5375,6,6,run_a7982d97d47846cdb7985fd600f4697a,ema_pullback:ae7868e78aae080836b9d682
w11-lb280-sym5,lab_ema500_3d_symmetric_exit,11,280,5,5.0,5.0,1.0,68c15a0ca22cd55577fcabeee08d599336d7d998c21abacc9df1351cded420c0,200,200,0.545,1.100816701721819991366292802,18,18,0.099665131883533568227299763,-0.1366994132325221959934479231,120,0.5916666666666666666666666667,22,22,80,0.475,-4,-4,run_eb1f45f08c054577863603590f238fa9,ema_pullback:312ffa4e854c97f50c0f1933
w11-lb290-sym3,lab_ema500_3d_symmetric_exit,11,290,3,3.0,3.0,1.0,68c15a0ca22cd55577fcabeee08d599336d7d998c21abacc9df1351cded420c0,199,199,0.5276381909547738693467336683,1.158099453421082131811157096,11,11,0.0864620560667369314818531354,-0.0748918774795554552927311968,119,0.5462184873949579831932773109,11,11,80,0.5,0,0,run_30b50a70c89c45f9af4fd66b9d724e75,ema_pullback:16a6a3bf109180f9bf0e79a8
w11-lb290-sym4,lab_ema500_3d_symmetric_exit,11,290,4,4.0,4.0,1.0,68c15a0ca22cd55577fcabeee08d599336d7d998c21abacc9df1351cded420c0,198,198,0.5555555555555555555555555556,1.163293401191880575425509549,22,22,0.121753953668527359179387108,-0.1009961926608565341887234147,119,0.5630252100840336134453781513,15,15,79,0.5443037974683544303797468354,7,7,run_61f1e9c536484cd18e12c549445ab1a2,ema_pullback:d2861a3b8cf41c33779ac9b4
w11-lb290-sym5,lab_ema500_3d_symmetric_exit,11,290,5,5.0,5.0,1.0,68c15a0ca22cd55577fcabeee08d599336d7d998c21abacc9df1351cded420c0,198,198,0.5505050505050505050505050505,1.121413488609283584708820063,20,20,0.1184938764011715416508306775,-0.1219177622381598873101835818,119,0.5966386554621848739495798319,23,23,79,0.4810126582278481012658227848,-3,-3,run_c83a4df9237548edb0250e31ea1adbcf,ema_pullback:ed78872059d40fca3009363a
w11-lb300-sym3,lab_ema500_3d_symmetric_exit,11,300,3,3.0,3.0,1.0,68c15a0ca22cd55577fcabeee08d599336d7d998c21abacc9df1351cded420c0,199,199,0.5276381909547738693467336683,1.158099453421082131811157096,11,11,0.0864620560667369314818531354,-0.0748918774795554552927311968,119,0.5462184873949579831932773109,11,11,80,0.5,0,0,run_f13778cfc95644b5a7aeff8abda25df6,ema_pullback:5e0dd36a0b62cbbc28f78a79
w11-lb300-sym4,lab_ema500_3d_symmetric_exit,11,300,4,4.0,4.0,1.0,68c15a0ca22cd55577fcabeee08d599336d7d998c21abacc9df1351cded420c0,198,198,0.5555555555555555555555555556,1.163293401191880575425509549,22,22,0.121753953668527359179387108,-0.1009961926608565341887234147,119,0.5630252100840336134453781513,15,15,79,0.5443037974683544303797468354,7,7,run_8342197059064c1880126769db1cc5fd,ema_pullback:92f7e07496a06c1b3ec8a5b2
w11-lb300-sym5,lab_ema500_3d_symmetric_exit,11,300,5,5.0,5.0,1.0,68c15a0ca22cd55577fcabeee08d599336d7d998c21abacc9df1351cded420c0,198,198,0.5505050505050505050505050505,1.121413488609283584708820063,20,20,0.1184938764011715416508306775,-0.1219177622381598873101835818,119,0.5966386554621848739495798319,23,23,79,0.4810126582278481012658227848,-3,-3,run_5aabd18939e34480becdba99a563a51c,ema_pullback:2f2257e6dff6d072abdb694a
w12-lb020-sym3,lab_ema500_3d_symmetric_exit,12,20,3,3.0,3.0,1.0,68c15a0ca22cd55577fcabeee08d599336d7d998c21abacc9df1351cded420c0,320,320,0.525,1.121157476987617477702529041,16,16,0.08783480146400594409100523333,-0.0893235775147189091061947120,184,0.5543478260869565217391304348,20,20,136,0.4852941176470588235294117647,-4,-4,run_55c06f385f3646a585e0e8e1fea1be8e,ema_pullback:d01301d65290b8e66896a5d0
w12-lb020-sym4,lab_ema500_3d_symmetric_exit,12,20,4,4.0,4.0,1.0,68c15a0ca22cd55577fcabeee08d599336d7d998c21abacc9df1351cded420c0,312,312,0.5608974358974358974358974359,1.254963897181279928619955260,38,38,0.2420980931660931011169215997,-0.0893486756004296423079855582,179,0.5810055865921787709497206704,29,29,133,0.5338345864661654135338345865,9,9,run_1debc0992aca40089b1b290b996ee524,ema_pullback:1e17cd4bee50f3cc29ef136b
w12-lb020-sym5,lab_ema500_3d_symmetric_exit,12,20,5,5.0,5.0,1.0,68c15a0ca22cd55577fcabeee08d599336d7d998c21abacc9df1351cded420c0,296,296,0.5304054054054054054054054054,1.096088024078874428027464666,18,18,0.1124538521521712950642488182,-0.1163252096699828030568704582,171,0.5555555555555555555555555556,19,19,125,0.496,-1,-1,run_81395e3a642240d9b47c515eed11b973,ema_pullback:11bd94837c0b3e482ab045b2
w12-lb030-sym3,lab_ema500_3d_symmetric_exit,12,30,3,3.0,3.0,1.0,68c15a0ca22cd55577fcabeee08d599336d7d998c21abacc9df1351cded420c0,307,307,0.5244299674267100977198697068,1.118103969872701871107009468,15,15,0.08288959256946729573954939818,-0.0893235775147189091061947091,177,0.5480225988700564971751412429,17,17,130,0.4923076923076923076923076923,-2,-2,run_f07909f3560e4b51a52d9826a1494e05,ema_pullback:d87aae6cdf475f9083ae6537
w12-lb030-sym4,lab_ema500_3d_symmetric_exit,12,30,4,4.0,4.0,1.0,68c15a0ca22cd55577fcabeee08d599336d7d998c21abacc9df1351cded420c0,302,302,0.5562913907284768211920529801,1.241663195427552039271192452,34,34,0.2256793017310539577576375356,-0.0893486756004296423079855583,174,0.5747126436781609195402298851,26,26,128,0.53125,8,8,run_f91e8f0eff034e3082272e64c0013400,ema_pullback:c317a2e2a40a4851e899c4a8
w12-lb030-sym5,lab_ema500_3d_symmetric_exit,12,30,5,5.0,5.0,1.0,68c15a0ca22cd55577fcabeee08d599336d7d998c21abacc9df1351cded420c0,288,288,0.5277777777777777777777777778,1.090557455599223349224964420,16,16,0.1043679060462993162709297054,-0.1163252096699828030568704575,166,0.5481927710843373493975903614,16,16,122,0.5,0,0,run_0a26253174fd45c4bbce3d18cc17d058,ema_pullback:b7d99e7503d13874ecb5d1d5
w12-lb040-sym3,lab_ema500_3d_symmetric_exit,12,40,3,3.0,3.0,1.0,68c15a0ca22cd55577fcabeee08d599336d7d998c21abacc9df1351cded420c0,286,286,0.5139860139860139860139860140,1.085257370311510488773969605,8,8,0.05643602069962256250076957353,-0.0967555556922795380088466992,165,0.5393939393939393939393939394,13,13,121,0.4793388429752066115702479339,-5,-5,run_86d3d039d07b410993a00c94daec385c,ema_pullback:a91c25e15a608deff8fc9440
w12-lb040-sym4,lab_ema500_3d_symmetric_exit,12,40,4,4.0,4.0,1.0,68c15a0ca22cd55577fcabeee08d599336d7d998c21abacc9df1351cded420c0,284,284,0.5633802816901408450704225352,1.274375270594097780250938680,36,36,0.2390903993572878947503089749,-0.0906467791750043325622147826,164,0.5853658536585365853658536585,28,28,120,0.5333333333333333333333333333,8,8,run_83a05dc6f0924f82ac2462e932765944,ema_pullback:180cfffae6dba66bcbe180fd
w12-lb040-sym5,lab_ema500_3d_symmetric_exit,12,40,5,5.0,5.0,1.0,68c15a0ca22cd55577fcabeee08d599336d7d998c21abacc9df1351cded420c0,276,276,0.5289855072463768115942028986,1.091012371169399427324538222,16,16,0.1004107740511449233037374525,-0.1211997597044593666263034747,160,0.55,16,16,116,0.5,0,0,run_ac82619c296f4f91b467031990a6c4ed,ema_pullback:b791a6172033eb391fdbadf9
w12-lb050-sym3,lab_ema500_3d_symmetric_exit,12,50,3,3.0,3.0,1.0,68c15a0ca22cd55577fcabeee08d599336d7d998c21abacc9df1351cded420c0,278,278,0.5071942446043165467625899281,1.049155338724836965783164597,4,4,0.03193473194712657469020796761,-0.0967555556922795380088466998,159,0.5345911949685534591194968553,11,11,119,0.4705882352941176470588235294,-7,-7,run_3625e78bee9e4e25ab12e9d91e0fcf77,ema_pullback:4abc21768e435cb390ec63ed
w12-lb050-sym4,lab_ema500_3d_symmetric_exit,12,50,4,4.0,4.0,1.0,68c15a0ca22cd55577fcabeee08d599336d7d998c21abacc9df1351cded420c0,276,276,0.5579710144927536231884057971,1.236272337979896244375791021,32,32,0.2009718335834799903749052067,-0.0906467791750043325622147853,158,0.5822784810126582278481012658,26,26,118,0.5254237288135593220338983051,6,6,run_7e1d9dcaffe0425fae5300bd2f0ffa3c,ema_pullback:d3964c12a9bda066c8200c0c
w12-lb050-sym5,lab_ema500_3d_symmetric_exit,12,50,5,5.0,5.0,1.0,68c15a0ca22cd55577fcabeee08d599336d7d998c21abacc9df1351cded420c0,271,271,0.5313653136531365313653136531,1.084371671611191874177295221,17,17,0.0914922675276033035999676653,-0.1211997597044593666263034757,156,0.5576923076923076923076923077,18,18,115,0.4956521739130434782608695652,-1,-1,run_f570c0e4ef1440019d2951eaee0a9e50,ema_pullback:cab991661e0d3469c8fc9ed3
w12-lb060-sym3,lab_ema500_3d_symmetric_exit,12,60,3,3.0,3.0,1.0,68c15a0ca22cd55577fcabeee08d599336d7d998c21abacc9df1351cded420c0,261,261,0.5095785440613026819923371648,1.054484471942038228869761908,5,5,0.03331647492014760522896993146,-0.0812325055460053926304825155,144,0.5416666666666666666666666667,12,12,117,0.4700854700854700854700854701,-7,-7,run_13fcc454d58341e9909c9aef4f239e6f,ema_pullback:6e2c286e400d4037e43b9b53
w12-lb060-sym4,lab_ema500_3d_symmetric_exit,12,60,4,4.0,4.0,1.0,68c15a0ca22cd55577fcabeee08d599336d7d998c21abacc9df1351cded420c0,260,260,0.5538461538461538461538461538,1.227780800974238772044203970,28,28,0.1823548069004340814496077192,-0.0795780864282957941604392423,144,0.5833333333333333333333333333,24,24,116,0.5172413793103448275862068966,4,4,run_8f7869e5eddb4d0a8089261076a23d2d,ema_pullback:d090d0821de737166cf2ae97
w12-lb060-sym5,lab_ema500_3d_symmetric_exit,12,60,5,5.0,5.0,1.0,68c15a0ca22cd55577fcabeee08d599336d7d998c21abacc9df1351cded420c0,256,256,0.52734375,1.068159920058487075925102916,14,14,0.06984554444998847524389275907,-0.1163722388272597522907574510,143,0.5524475524475524475524475524,15,15,113,0.4955752212389380530973451327,-1,-1,run_198b73516ca846519a8d9af8ebe4ec6d,ema_pullback:32529a0f82cf807090d65cf2
w12-lb070-sym3,lab_ema500_3d_symmetric_exit,12,70,3,3.0,3.0,1.0,68c15a0ca22cd55577fcabeee08d599336d7d998c21abacc9df1351cded420c0,247,247,0.5222672064777327935222672065,1.087464621872520935693449859,11,11,0.05146701734310717659642065253,-0.0770025309910694019514882323,136,0.5588235294117647058823529412,16,16,111,0.4774774774774774774774774775,-5,-5,run_3dd1c48beddd4e46a53e4a1743318e04,ema_pullback:9686bc6686ed8a26fe24d8b5
w12-lb070-sym4,lab_ema500_3d_symmetric_exit,12,70,4,4.0,4.0,1.0,68c15a0ca22cd55577fcabeee08d599336d7d998c21abacc9df1351cded420c0,246,246,0.5650406504065040650406504065,1.255776247904666088186492312,32,32,0.198107709852813537560750188,-0.0779194638899068110947847417,136,0.5955882352941176470588235294,26,26,110,0.5272727272727272727272727273,6,6,run_8321d6b8a677461ebd4f69ff376ffe2b,ema_pullback:664e50ab86849e7d225868f9
w12-lb070-sym5,lab_ema500_3d_symmetric_exit,12,70,5,5.0,5.0,1.0,68c15a0ca22cd55577fcabeee08d599336d7d998c21abacc9df1351cded420c0,243,243,0.5349794238683127572016460905,1.083335090310678954142136537,17,17,0.08324200293741219796130551618,-0.1132504098875498935788166187,135,0.5629629629629629629629629630,17,17,108,0.5,0,0,run_140c0cfae3b74d629c6432d86ab04181,ema_pullback:52ae4c515c8aaa7befd5031d
w12-lb080-sym3,lab_ema500_3d_symmetric_exit,12,80,3,3.0,3.0,1.0,68c15a0ca22cd55577fcabeee08d599336d7d998c21abacc9df1351cded420c0,237,237,0.5232067510548523206751054852,1.080501760456987192552197889,11,11,0.04613206583398894720854081539,-0.0718318268760461941259480726,132,0.5606060606060606060606060606,16,16,105,0.4761904761904761904761904762,-5,-5,run_20a51a2ff5304b209a5caf578a9d3038,ema_pullback:d8ea44ca9f3a760148825d9f
w12-lb080-sym4,lab_ema500_3d_symmetric_exit,12,80,4,4.0,4.0,1.0,68c15a0ca22cd55577fcabeee08d599336d7d998c21abacc9df1351cded420c0,236,236,0.5677966101694915254237288136,1.252644613803087338636177339,32,32,0.1900458306644301992761973087,-0.0728897172850918067608129996,132,0.5984848484848484848484848485,26,26,104,0.5288461538461538461538461538,6,6,run_ae5f3e2028f34f9fa77050974bd3f837,ema_pullback:13ebdf784011077d94b6898c
w12-lb080-sym5,lab_ema500_3d_symmetric_exit,12,80,5,5.0,5.0,1.0,68c15a0ca22cd55577fcabeee08d599336d7d998c21abacc9df1351cded420c0,234,234,0.5384615384615384615384615385,1.081191042890366398982503279,18,18,0.0791317816955349724406958261,-0.1047537202070006779667833725,132,0.5681818181818181818181818182,18,18,102,0.5,0,0,run_216768efdf0446a6aeebc7cb0e8a0455,ema_pullback:69b7bed092381de7b1ce73bf
w12-lb090-sym3,lab_ema500_3d_symmetric_exit,12,90,3,3.0,3.0,1.0,68c15a0ca22cd55577fcabeee08d599336d7d998c21abacc9df1351cded420c0,226,226,0.5221238938053097345132743363,1.080628686745436721453982861,10,10,0.04480574249300180352962404657,-0.0736344948119215957308312491,126,0.5634920634920634920634920635,16,16,100,0.47,-6,-6,run_d7ff00d2e5c64e34800aac9c0167cc3f,ema_pullback:24ce5f6f8644aac24adb5f1d
w12-lb090-sym4,lab_ema500_3d_symmetric_exit,12,90,4,4.0,4.0,1.0,68c15a0ca22cd55577fcabeee08d599336d7d998c21abacc9df1351cded420c0,225,225,0.56,1.234212646340134507075436572,27,27,0.1717080059065373657619893839,-0.0780941382632416262160038990,126,0.5952380952380952380952380952,24,24,99,0.5151515151515151515151515152,3,3,run_db9bd830b6c04c46b894da006f8368d2,ema_pullback:4c69f71738ec3999c824177a
w12-lb090-sym5,lab_ema500_3d_symmetric_exit,12,90,5,5.0,5.0,1.0,68c15a0ca22cd55577fcabeee08d599336d7d998c21abacc9df1351cded420c0,224,224,0.5357142857142857142857142857,1.080439824842462101477086427,16,16,0.0769208772488971597142807513,-0.1146646913959572597619038192,126,0.5714285714285714285714285714,18,18,98,0.4897959183673469387755102041,-2,-2,run_960758efa3684f18b3eff61b701c0993,ema_pullback:4b8bc370b47f9751c86c2693
w12-lb100-sym3,lab_ema500_3d_symmetric_exit,12,100,3,3.0,3.0,1.0,68c15a0ca22cd55577fcabeee08d599336d7d998c21abacc9df1351cded420c0,220,220,0.5227272727272727272727272727,1.076042980348631868617295637,10,10,0.04162201512715554204451304595,-0.0736344948119215957308312490,123,0.5609756097560975609756097561,15,15,97,0.4742268041237113402061855670,-5,-5,run_9bc1a427ca2740df9dbf3a8f72d7d96b,ema_pullback:36f4d7464694e4db11b3ed30
w12-lb100-sym4,lab_ema500_3d_symmetric_exit,12,100,4,4.0,4.0,1.0,68c15a0ca22cd55577fcabeee08d599336d7d998c21abacc9df1351cded420c0,219,219,0.5570776255707762557077625571,1.210655723556874483892420635,25,25,0.1519860863931624310158759178,-0.0780941382632416262160038963,123,0.5934959349593495934959349593,23,23,96,0.5104166666666666666666666667,2,2,run_7e29a8e41ea846438fd155f0be5b953a,ema_pullback:a776c7d33e1896fe49d55292
w12-lb100-sym5,lab_ema500_3d_symmetric_exit,12,100,5,5.0,5.0,1.0,68c15a0ca22cd55577fcabeee08d599336d7d998c21abacc9df1351cded420c0,218,218,0.5366972477064220183486238532,1.078574836118769745911557746,16,16,0.07394779922943770202143952447,-0.1196296375544107861768749599,123,0.5772357723577235772357723577,19,19,95,0.4842105263157894736842105263,-3,-3,run_e0525e6e75dd4d6dbc530e133e11800b,ema_pullback:d56acc79c371ed06a8ed2026
w12-lb110-sym3,lab_ema500_3d_symmetric_exit,12,110,3,3.0,3.0,1.0,68c15a0ca22cd55577fcabeee08d599336d7d998c21abacc9df1351cded420c0,211,211,0.5308056872037914691943127962,1.114032122253282922229144591,13,13,0.05922024419559462465743496879,-0.0702722425274178302255967490,117,0.5726495726495726495726495726,17,17,94,0.4787234042553191489361702128,-4,-4,run_407cd56296df4b20b0a8d580f06e05b3,ema_pullback:25f201ba4c958dbf0e443e44
w12-lb110-sym4,lab_ema500_3d_symmetric_exit,12,110,4,4.0,4.0,1.0,68c15a0ca22cd55577fcabeee08d599336d7d998c21abacc9df1351cded420c0,210,210,0.5571428571428571428571428571,1.177054789927282317602502603,24,24,0.1211527967694169997897336391,-0.0778719811388475674040873496,117,0.5897435897435897435897435897,21,21,93,0.5161290322580645161290322581,3,3,run_25aa91d8460e4261972c257d3ed140a3,ema_pullback:2434eebd78b6f1c1b07cd200
w12-lb110-sym5,lab_ema500_3d_symmetric_exit,12,110,5,5.0,5.0,1.0,68c15a0ca22cd55577fcabeee08d599336d7d998c21abacc9df1351cded420c0,210,210,0.5333333333333333333333333333,1.036140357369792439522969191,14,14,0.03225293056113747140883830681,-0.1187237911414600702858314783,117,0.5726495726495726495726495726,17,17,93,0.4838709677419354838709677419,-3,-3,run_c2f744d21c5943f5a10aff10254d6d75,ema_pullback:0369371699dedcd08676f085
w12-lb120-sym3,lab_ema500_3d_symmetric_exit,12,120,3,3.0,3.0,1.0,68c15a0ca22cd55577fcabeee08d599336d7d998c21abacc9df1351cded420c0,206,206,0.5339805825242718446601941748,1.113655805059030229567417008,14,14,0.05869214129177373376117746211,-0.0703797695529914613697905323,114,0.5701754385964912280701754386,16,16,92,0.4891304347826086956521739130,-2,-2,run_e32771a55a7443c78365716c15df254d,ema_pullback:7f1cfd9b42ed37a5524c4e96
w12-lb120-sym4,lab_ema500_3d_symmetric_exit,12,120,4,4.0,4.0,1.0,68c15a0ca22cd55577fcabeee08d599336d7d998c21abacc9df1351cded420c0,205,205,0.5609756097560975609756097561,1.176951217924900560197668499,25,25,0.1204107112259856748814818155,-0.0778719811388475674040873489,114,0.5877192982456140350877192982,20,20,91,0.5274725274725274725274725275,5,5,run_45acdf57665d4d39a3b9fa76da05ba26,ema_pullback:d9a70c06bd62bd6b04b7e20c
w12-lb120-sym5,lab_ema500_3d_symmetric_exit,12,120,5,5.0,5.0,1.0,68c15a0ca22cd55577fcabeee08d599336d7d998c21abacc9df1351cded420c0,205,205,0.5365853658536585365853658537,1.035358637891787316705508767,15,15,0.03140258320262904459670895244,-0.1224221481638045199150448935,114,0.5701754385964912280701754386,16,16,91,0.4945054945054945054945054945,-1,-1,run_b0a7bc1d8e3742fa9a6ddc5e2ec3d051,ema_pullback:daae05927d6d825dd322c6a8
w12-lb130-sym3,lab_ema500_3d_symmetric_exit,12,130,3,3.0,3.0,1.0,68c15a0ca22cd55577fcabeee08d599336d7d998c21abacc9df1351cded420c0,199,199,0.5276381909547738693467336683,1.090030425252309533075381361,11,11,0.04559968454417468866230173107,-0.0708718695569962454658029193,108,0.5555555555555555555555555556,12,12,91,0.4945054945054945054945054945,-1,-1,run_0ed5c83d78de421e92b8900154f024a7,ema_pullback:4dd4cabc2c22bc0038783cd5
w12-lb130-sym4,lab_ema500_3d_symmetric_exit,12,130,4,4.0,4.0,1.0,68c15a0ca22cd55577fcabeee08d599336d7d998c21abacc9df1351cded420c0,198,198,0.5555555555555555555555555556,1.153300835434332389750811092,22,22,0.1020074235863534780650728184,-0.0786647781481779801818549394,108,0.5740740740740740740740740741,16,16,90,0.5333333333333333333333333333,6,6,run_67514fc3ba1843f0b59d37c86ac550ed,ema_pullback:20f082872510b623c92dc57c
w12-lb130-sym5,lab_ema500_3d_symmetric_exit,12,130,5,5.0,5.0,1.0,68c15a0ca22cd55577fcabeee08d599336d7d998c21abacc9df1351cded420c0,198,198,0.5353535353535353535353535354,1.014411050908952382488152631,14,14,0.01248284397017564950568423538,-0.1260036874388265318083876717,108,0.5648148148148148148148148148,14,14,90,0.5,0,0,run_bbec39afe0ed4a10bd3c56f8bbe54142,ema_pullback:0a2bbc1b994afe3b2f1fdb74
w12-lb140-sym3,lab_ema500_3d_symmetric_exit,12,140,3,3.0,3.0,1.0,68c15a0ca22cd55577fcabeee08d599336d7d998c21abacc9df1351cded420c0,194,194,0.5206185567010309278350515464,1.083187249154636381457475604,8,8,0.04147932095322491830088010237,-0.0716059079208180539715717912,104,0.5480769230769230769230769231,10,10,90,0.4888888888888888888888888889,-2,-2,run_a4f129534eb4480dbd2521560418b065,ema_pullback:2e21e3f43b34aa2126b25c28
w12-lb140-sym4,lab_ema500_3d_symmetric_exit,12,140,4,4.0,4.0,1.0,68c15a0ca22cd55577fcabeee08d599336d7d998c21abacc9df1351cded420c0,193,193,0.5492227979274611398963730570,1.147039822262602511709892212,19,19,0.09624310496355440572737842988,-0.0796350316231769198200740446,104,0.5673076923076923076923076923,14,14,89,0.5280898876404494382022471910,5,5,run_61a5b7b869584278a10c8ad57deb3f9f,ema_pullback:914ebb913cb3e568e7571855
w12-lb140-sym5,lab_ema500_3d_symmetric_exit,12,140,5,5.0,5.0,1.0,68c15a0ca22cd55577fcabeee08d599336d7d998c21abacc9df1351cded420c0,193,193,0.5284974093264248704663212435,1.006917246703481133623667153,11,11,0.005892459901477281574203824253,-0.1281863693894983902421853128,104,0.5576923076923076923076923077,12,12,89,0.4943820224719101123595505618,-1,-1,run_1535dede98df419a869497a7e1322b49,ema_pullback:e90d7ced9b94c8554c4486cf
w12-lb150-sym3,lab_ema500_3d_symmetric_exit,12,150,3,3.0,3.0,1.0,68c15a0ca22cd55577fcabeee08d599336d7d998c21abacc9df1351cded420c0,189,189,0.5185185185185185185185185185,1.082134209652892046460396797,7,7,0.04038301793926938947735540233,-0.0741571026570288499945105426,101,0.5445544554455445544554455446,9,9,88,0.4886363636363636363636363636,-2,-2,run_464beb3e80194b5ea51b849308d37a11,ema_pullback:9737b3fda8e8ecb31a446a46
w12-lb150-sym4,lab_ema500_3d_symmetric_exit,12,150,4,4.0,4.0,1.0,68c15a0ca22cd55577fcabeee08d599336d7d998c21abacc9df1351cded420c0,188,188,0.5425531914893617021276595745,1.127170821793768742224606400,16,16,0.08252314182032801646548247321,-0.0796350316231769198200740449,101,0.5544554455445544554455445545,11,11,87,0.5287356321839080459770114943,5,5,run_f441034fb0b14618a484d6faa3e3ace1,ema_pullback:f509af9db7a4bb3256dd3580
w12-lb150-sym5,lab_ema500_3d_symmetric_exit,12,150,5,5.0,5.0,1.0,68c15a0ca22cd55577fcabeee08d599336d7d998c21abacc9df1351cded420c0,188,188,0.5265957446808510638297872340,1.001715260097770293143144562,10,10,0.001444004545258734616504721261,-0.1309130701632569462481154578,101,0.5544554455445544554455445545,11,11,87,0.4942528735632183908045977011,-1,-1,run_d7d57e4187d240ff9ab1c2f0f81fc94f,ema_pullback:9e523a693bafbd39ac756bef
w12-lb160-sym3,lab_ema500_3d_symmetric_exit,12,160,3,3.0,3.0,1.0,68c15a0ca22cd55577fcabeee08d599336d7d998c21abacc9df1351cded420c0,184,184,0.5217391304347826086956521739,1.079408720528466460658968735,8,8,0.03814556413100062926431116752,-0.0705404991391620035618833548,97,0.5567010309278350515463917526,11,11,87,0.4827586206896551724137931034,-3,-3,run_a1f0dada2e204d80b3d11ab5efb5e92a,ema_pullback:94ba3f0f7fc51887d914e2f2
w12-lb160-sym4,lab_ema500_3d_symmetric_exit,12,160,4,4.0,4.0,1.0,68c15a0ca22cd55577fcabeee08d599336d7d998c21abacc9df1351cded420c0,183,183,0.5464480874316939890710382514,1.125396601331314411050242934,17,17,0.07945075391603069906011454079,-0.0768420137266823428965398075,97,0.5670103092783505154639175258,13,13,86,0.5232558139534883720930232558,4,4,run_9c246147448844d49e9219541bb2f127,ema_pullback:d4e02c08d871ef670800112f
w12-lb160-sym5,lab_ema500_3d_symmetric_exit,12,160,5,5.0,5.0,1.0,68c15a0ca22cd55577fcabeee08d599336d7d998c21abacc9df1351cded420c0,183,183,0.5300546448087431693989071038,0.9974805439610732151875048062,11,11,-0.002072248057342961241934641608,-0.1334060528079237154544922180,97,0.5670103092783505154639175258,13,13,86,0.4883720930232558139534883721,-2,-2,run_833318dd0adf441ca87176dbf2c89804,ema_pullback:a39619f3b680f49936f36afa
w12-lb170-sym3,lab_ema500_3d_symmetric_exit,12,170,3,3.0,3.0,1.0,68c15a0ca22cd55577fcabeee08d599336d7d998c21abacc9df1351cded420c0,183,183,0.5245901639344262295081967213,1.087368455482131864358776998,9,9,0.0417999924390162270119088669,-0.0705404991391620035618833528,96,0.5625,12,12,87,0.4827586206896551724137931034,-3,-3,run_91a64dc077784652a45040f598f4751e,ema_pullback:74e88e7f11420cc598016a92
w12-lb170-sym4,lab_ema500_3d_symmetric_exit,12,170,4,4.0,4.0,1.0,68c15a0ca22cd55577fcabeee08d599336d7d998c21abacc9df1351cded420c0,182,182,0.5494505494505494505494505495,1.133805955549907863051028830,18,18,0.08452314414759818919701216898,-0.0768420137266823428965398075,96,0.5729166666666666666666666667,14,14,86,0.5232558139534883720930232558,4,4,run_e0d68d7fedc44b058b4a0a1cdf8ce1bc,ema_pullback:4b0cc1e29e56258776e77c20
w12-lb170-sym5,lab_ema500_3d_symmetric_exit,12,170,5,5.0,5.0,1.0,68c15a0ca22cd55577fcabeee08d599336d7d998c21abacc9df1351cded420c0,182,182,0.5329670329670329670329670330,1.004623078097194022776721319,12,12,0.003796283298306391558484502093,-0.1334060528079237154544922204,96,0.5729166666666666666666666667,14,14,86,0.4883720930232558139534883721,-2,-2,run_84e19f0dc58049c38e3188776ea70b78,ema_pullback:9990c630db4527bb5f4ac5bc
w12-lb180-sym3,lab_ema500_3d_symmetric_exit,12,180,3,3.0,3.0,1.0,68c15a0ca22cd55577fcabeee08d599336d7d998c21abacc9df1351cded420c0,179,179,0.5195530726256983240223463687,1.089267848512635441919436975,7,7,0.04216434597516289610305424879,-0.0689713034510190824519618854,95,0.5578947368421052631578947368,11,11,84,0.4761904761904761904761904762,-4,-4,run_a178692c1c7d4455ada652668815bf32,ema_pullback:dffb51b2f38641f69edf2bc9
w12-lb180-sym4,lab_ema500_3d_symmetric_exit,12,180,4,4.0,4.0,1.0,68c15a0ca22cd55577fcabeee08d599336d7d998c21abacc9df1351cded420c0,178,178,0.5505617977528089887640449438,1.140678897478535813285052561,18,18,0.08759863443135723988401453011,-0.0768420137266823428965398054,95,0.5684210526315789473684210526,13,13,83,0.5301204819277108433734939759,5,5,run_7e0a34e95894471b8fc7bc48d0cf4905,ema_pullback:2cc0e3f1fe2f59a48b5519c2
w12-lb180-sym5,lab_ema500_3d_symmetric_exit,12,180,5,5.0,5.0,1.0,68c15a0ca22cd55577fcabeee08d599336d7d998c21abacc9df1351cded420c0,178,178,0.5337078651685393258426966292,1.009092237830658449156150307,12,12,0.0073681634734494655358417362,-0.1276636393606692446597229630,95,0.5684210526315789473684210526,13,13,83,0.4939759036144578313253012048,-1,-1,run_a3d5fa59b8ef44bea0d3a2c5913eb1ac,ema_pullback:05c6b052cbdbbd0022f59779
w12-lb190-sym3,lab_ema500_3d_symmetric_exit,12,190,3,3.0,3.0,1.0,68c15a0ca22cd55577fcabeee08d599336d7d998c21abacc9df1351cded420c0,177,177,0.5141242937853107344632768362,1.067787051943358433298190129,5,5,0.03175229920472231451366205883,-0.0689713034510190824519618873,94,0.5531914893617021276595744681,10,10,83,0.4698795180722891566265060241,-5,-5,run_03ae6a4661504aa39b9e1af6c26d1569,ema_pullback:2c8ce4c49efac6d3d910475b
w12-lb190-sym4,lab_ema500_3d_symmetric_exit,12,190,4,4.0,4.0,1.0,68c15a0ca22cd55577fcabeee08d599336d7d998c21abacc9df1351cded420c0,176,176,0.5454545454545454545454545455,1.118797511821552718766745286,16,16,0.07315727199724189365886096368,-0.0768420137266823428965398061,94,0.5638297872340425531914893617,12,12,82,0.5243902439024390243902439024,4,4,run_e727db42405f48cc96394021e3537a92,ema_pullback:e22e6a32a99bf9e8050a4310
w12-lb190-sym5,lab_ema500_3d_symmetric_exit,12,190,5,5.0,5.0,1.0,68c15a0ca22cd55577fcabeee08d599336d7d998c21abacc9df1351cded420c0,176,176,0.5284090909090909090909090909,0.9883647286439071295753027083,10,10,-0.009298286778439356549293854011,-0.1281345799071811007959347006,94,0.5638297872340425531914893617,12,12,82,0.4878048780487804878048780488,-2,-2,run_0b94b7e6d0fe44d6acd253b8de920323,ema_pullback:b0e9ea93b49791dce93418ab
w12-lb200-sym3,lab_ema500_3d_symmetric_exit,12,200,3,3.0,3.0,1.0,68c15a0ca22cd55577fcabeee08d599336d7d998c21abacc9df1351cded420c0,173,173,0.5260115606936416184971098266,1.091936638842221504106100606,9,9,0.04233527633142048213850479377,-0.0689713034510190824519618861,90,0.5777777777777777777777777778,14,14,83,0.4698795180722891566265060241,-5,-5,run_e47661a1c5e94d8aacbf3353203a950f,ema_pullback:1a8afadbd993324715595521
w12-lb200-sym4,lab_ema500_3d_symmetric_exit,12,200,4,4.0,4.0,1.0,68c15a0ca22cd55577fcabeee08d599336d7d998c21abacc9df1351cded420c0,172,172,0.5581395348837209302325581395,1.144980098372510588882266198,20,20,0.08786592373697902945462037268,-0.0748351748488553976348093201,90,0.5888888888888888888888888889,16,16,82,0.5243902439024390243902439024,4,4,run_7eb2b349be9041138e82c385ede838e8,ema_pullback:4a93c3a01ac7e7485717226c
w12-lb200-sym5,lab_ema500_3d_symmetric_exit,12,200,5,5.0,5.0,1.0,68c15a0ca22cd55577fcabeee08d599336d7d998c21abacc9df1351cded420c0,172,172,0.5406976744186046511627906977,1.009769755171647302747479265,14,14,0.00771162344376256500003653749,-0.1200302625745092564127464826,90,0.5888888888888888888888888889,16,16,82,0.4878048780487804878048780488,-2,-2,run_6e3b931b98d8497f96addb7a7077f5d3,ema_pullback:03958bea5d5f1b3487942939
w12-lb210-sym3,lab_ema500_3d_symmetric_exit,12,210,3,3.0,3.0,1.0,68c15a0ca22cd55577fcabeee08d599336d7d998c21abacc9df1351cded420c0,170,170,0.5235294117647058823529411765,1.080171072221986860478953857,8,8,0.03675523866893561573188568476,-0.0759987519419469552088011247,89,0.5730337078651685393258426966,13,13,81,0.4691358024691358024691358025,-5,-5,run_9db1f1b78f7340db9ff73710f242732d,ema_pullback:ffac6ab38485d1d52fceb258
w12-lb210-sym4,lab_ema500_3d_symmetric_exit,12,210,4,4.0,4.0,1.0,68c15a0ca22cd55577fcabeee08d599336d7d998c21abacc9df1351cded420c0,169,169,0.5562130177514792899408284024,1.132767669498086289053422747,19,19,0.08011639870390772739837068982,-0.0822731083358034934268802320,89,0.5842696629213483146067415730,15,15,80,0.525,4,4,run_4a94801cca124f408a21df012f9d6749,ema_pullback:be6653e1b98bf403def33daf
w12-lb210-sym5,lab_ema500_3d_symmetric_exit,12,210,5,5.0,5.0,1.0,68c15a0ca22cd55577fcabeee08d599336d7d998c21abacc9df1351cded420c0,169,169,0.5325443786982248520710059172,0.9891219785820387547699618817,11,11,-0.008562444458730166295602325708,-0.1342413592075534333402493057,89,0.5842696629213483146067415730,15,15,80,0.475,-4,-4,run_5acdb8342c6342f694362eb89fe4ebf1,ema_pullback:db14ccad5fe65787a07605e4
w12-lb220-sym3,lab_ema500_3d_symmetric_exit,12,220,3,3.0,3.0,1.0,68c15a0ca22cd55577fcabeee08d599336d7d998c21abacc9df1351cded420c0,167,167,0.5269461077844311377245508982,1.076023952326920287592675491,9,9,0.03455517194015588929412137293,-0.0759987519419469552088011197,87,0.5747126436781609195402298851,13,13,80,0.475,-4,-4,run_93b561450777422cb436aac41c5ff634,ema_pullback:fe180eb6d49e567590ebc1a1
w12-lb220-sym4,lab_ema500_3d_symmetric_exit,12,220,4,4.0,4.0,1.0,68c15a0ca22cd55577fcabeee08d599336d7d998c21abacc9df1351cded420c0,166,166,0.5662650602409638554216867470,1.153638183346021257731313842,22,22,0.09174506154226350736863137673,-0.0822731083358034934268802329,87,0.5977011494252873563218390805,17,17,79,0.5316455696202531645569620253,5,5,run_f296fbc57eed4c25a9c656c5f1981b09,ema_pullback:ef4ed9b29b08e569c09621e1
w12-lb220-sym5,lab_ema500_3d_symmetric_exit,12,220,5,5.0,5.0,1.0,68c15a0ca22cd55577fcabeee08d599336d7d998c21abacc9df1351cded420c0,166,166,0.5421686746987951807228915663,1.006152342332013671829043019,14,14,0.004806389483652731640940404772,-0.1317463775337999855417968600,87,0.5977011494252873563218390805,17,17,79,0.4810126582278481012658227848,-3,-3,run_f2184017b08e4b2ea43631ff68580b22,ema_pullback:bafc2ff46e89ebf719d6f7d1
w12-lb230-sym3,lab_ema500_3d_symmetric_exit,12,230,3,3.0,3.0,1.0,68c15a0ca22cd55577fcabeee08d599336d7d998c21abacc9df1351cded420c0,166,166,0.5301204819277108433734939759,1.082809839540628623923569512,10,10,0.03741264213828625361545057552,-0.0734466347605987207154749278,87,0.5747126436781609195402298851,13,13,79,0.4810126582278481012658227848,-3,-3,run_b9c614e0253d499abf040c282979a936,ema_pullback:9b90dc51cae90f1079657e03
w12-lb230-sym4,lab_ema500_3d_symmetric_exit,12,230,4,4.0,4.0,1.0,68c15a0ca22cd55577fcabeee08d599336d7d998c21abacc9df1351cded420c0,165,165,0.5696969696969696969696969697,1.161403905434744808285187563,23,23,0.0957693402869181502368106649,-0.0788902775325159716566487117,87,0.5977011494252873563218390805,17,17,78,0.5384615384615384615384615385,6,6,run_68f77c96791d4bc6bbe3396aef8365a8,ema_pullback:effe1ad8de2493b8d8c9908f
w12-lb230-sym5,lab_ema500_3d_symmetric_exit,12,230,5,5.0,5.0,1.0,68c15a0ca22cd55577fcabeee08d599336d7d998c21abacc9df1351cded420c0,165,165,0.5454545454545454545454545455,1.012150123867080794931776077,15,15,0.009440427766279870344600145692,-0.1277421031107385858930372657,87,0.5977011494252873563218390805,17,17,78,0.4871794871794871794871794872,-2,-2,run_c693651c06224bdcbdfcc3865f568603,ema_pullback:de8d506ae9eae08107595f9d
w12-lb240-sym3,lab_ema500_3d_symmetric_exit,12,240,3,3.0,3.0,1.0,68c15a0ca22cd55577fcabeee08d599336d7d998c21abacc9df1351cded420c0,166,166,0.5301204819277108433734939759,1.082809839540628623923569512,10,10,0.03741264213828625361545057552,-0.0734466347605987207154749278,87,0.5747126436781609195402298851,13,13,79,0.4810126582278481012658227848,-3,-3,run_6f631b37e6454d768b896c0e66b59dce,ema_pullback:dec0d8ffb83a2019b552537b
w12-lb240-sym4,lab_ema500_3d_symmetric_exit,12,240,4,4.0,4.0,1.0,68c15a0ca22cd55577fcabeee08d599336d7d998c21abacc9df1351cded420c0,165,165,0.5696969696969696969696969697,1.161403905434744808285187563,23,23,0.0957693402869181502368106649,-0.0788902775325159716566487117,87,0.5977011494252873563218390805,17,17,78,0.5384615384615384615384615385,6,6,run_0ec6d540292e4834836f78bcbffb3d8d,ema_pullback:0703a7ed1bc48c033b8e2b0c
w12-lb240-sym5,lab_ema500_3d_symmetric_exit,12,240,5,5.0,5.0,1.0,68c15a0ca22cd55577fcabeee08d599336d7d998c21abacc9df1351cded420c0,165,165,0.5454545454545454545454545455,1.012150123867080794931776077,15,15,0.009440427766279870344600145692,-0.1277421031107385858930372657,87,0.5977011494252873563218390805,17,17,78,0.4871794871794871794871794872,-2,-2,run_a55060ae9ea74dc8bc6ed6d64abca375,ema_pullback:f42ef2efea1494e133393585
w12-lb250-sym3,lab_ema500_3d_symmetric_exit,12,250,3,3.0,3.0,1.0,68c15a0ca22cd55577fcabeee08d599336d7d998c21abacc9df1351cded420c0,163,163,0.5276073619631901840490797546,1.088805879211285775587935025,9,9,0.03938999541093742216157458954,-0.0676640329296470716294177926,86,0.5697674418604651162790697674,12,12,77,0.4805194805194805194805194805,-3,-3,run_e56c2c264b2d418db8ed501ea04b366c,ema_pullback:a8b74c3fe5afb0d895c2e74f
w12-lb250-sym4,lab_ema500_3d_symmetric_exit,12,250,4,4.0,4.0,1.0,68c15a0ca22cd55577fcabeee08d599336d7d998c21abacc9df1351cded420c0,162,162,0.5679012345679012345679012346,1.169445767850965165741303286,22,22,0.09857373154220150599622866782,-0.0712054819244062363146457338,86,0.5930232558139534883720930233,16,16,76,0.5394736842105263157894736842,6,6,run_a7abfcd3f515480fa3d3931066d9d9c6,ema_pullback:f7880d8ee3862e9a60acae1d
w12-lb250-sym5,lab_ema500_3d_symmetric_exit,12,250,5,5.0,5.0,1.0,68c15a0ca22cd55577fcabeee08d599336d7d998c21abacc9df1351cded420c0,162,162,0.5432098765432098765432098765,1.016630170828558062473738806,14,14,0.0126923972358159140542819287,-0.1249320749285679816634277897,86,0.5930232558139534883720930233,16,16,76,0.4868421052631578947368421053,-2,-2,run_39bbb3dcb85a4e49a1cd21fb74508f1d,ema_pullback:4546321761320745a02bd4d1
w12-lb260-sym3,lab_ema500_3d_symmetric_exit,12,260,3,3.0,3.0,1.0,68c15a0ca22cd55577fcabeee08d599336d7d998c21abacc9df1351cded420c0,161,161,0.5217391304347826086956521739,1.070844900761823048487562169,7,7,0.03125060399766695850043000388,-0.0676640329296470716294177900,84,0.5595238095238095238095238095,10,10,77,0.4805194805194805194805194805,-3,-3,run_5ccf05cf1b814a1ba5670e01f38bc898,ema_pullback:553a90448ce4b2fd4d524149
w12-lb260-sym4,lab_ema500_3d_symmetric_exit,12,260,4,4.0,4.0,1.0,68c15a0ca22cd55577fcabeee08d599336d7d998c21abacc9df1351cded420c0,160,160,0.5625,1.150880622636835108928522404,20,20,0.08712575907096616109897228396,-0.0712054819244062363146457351,84,0.5833333333333333333333333333,14,14,76,0.5394736842105263157894736842,6,6,run_09260d34dd99416dadfb9d0ea9afc50c,ema_pullback:fdf56ce26cc4c04838446098
w12-lb260-sym5,lab_ema500_3d_symmetric_exit,12,260,5,5.0,5.0,1.0,68c15a0ca22cd55577fcabeee08d599336d7d998c21abacc9df1351cded420c0,160,160,0.5375,0.9993743670039289276987833758,12,12,-0.000473045420085218665870579863,-0.1301508195488016569629448497,84,0.5833333333333333333333333333,14,14,76,0.4868421052631578947368421053,-2,-2,run_0a379adcda534334b84a96713e7e62b8,ema_pullback:1e67290e7aebf0020189b2e2
w12-lb270-sym3,lab_ema500_3d_symmetric_exit,12,270,3,3.0,3.0,1.0,68c15a0ca22cd55577fcabeee08d599336d7d998c21abacc9df1351cded420c0,160,160,0.525,1.083494411857952714669026962,8,8,0.03640694490350898540709311291,-0.0666776043005509125497205344,84,0.5595238095238095238095238095,10,10,76,0.4868421052631578947368421053,-2,-2,run_fc6a0f096e244ec1af033bb1320ac6ca,ema_pullback:707ffe4f245e071e340e14cc
w12-lb270-sym4,lab_ema500_3d_symmetric_exit,12,270,4,4.0,4.0,1.0,68c15a0ca22cd55577fcabeee08d599336d7d998c21abacc9df1351cded420c0,159,159,0.5597484276729559748427672956,1.138614342941387368827801451,19,19,0.07996171244876958145307648405,-0.0773261419992999246647721466,84,0.5833333333333333333333333333,14,14,75,0.5333333333333333333333333333,5,5,run_3b14fca956aa48969d9bbf2373a828b7,ema_pullback:a2c4d8eba8281dcf0d9d26bf
w12-lb270-sym5,lab_ema500_3d_symmetric_exit,12,270,5,5.0,5.0,1.0,68c15a0ca22cd55577fcabeee08d599336d7d998c21abacc9df1351cded420c0,159,159,0.5345911949685534591194968553,0.9884919467458494377130884173,11,11,-0.008692977713412773985688148414,-0.1373043048409720784501358808,84,0.5833333333333333333333333333,14,14,75,0.48,-3,-3,run_0e46f78024fe4bea8c4ec788fe821451,ema_pullback:8ee3d1eeff7213de733cebb1
w12-lb280-sym3,lab_ema500_3d_symmetric_exit,12,280,3,3.0,3.0,1.0,68c15a0ca22cd55577fcabeee08d599336d7d998c21abacc9df1351cded420c0,160,160,0.525,1.083494411857952714669026962,8,8,0.03640694490350898540709311291,-0.0666776043005509125497205344,84,0.5595238095238095238095238095,10,10,76,0.4868421052631578947368421053,-2,-2,run_54b0f2d3910645d4aa4f2e23c4cc9e35,ema_pullback:3bac101b8710f70f02ca16f7
w12-lb280-sym4,lab_ema500_3d_symmetric_exit,12,280,4,4.0,4.0,1.0,68c15a0ca22cd55577fcabeee08d599336d7d998c21abacc9df1351cded420c0,159,159,0.5597484276729559748427672956,1.138614342941387368827801451,19,19,0.07996171244876958145307648405,-0.0773261419992999246647721466,84,0.5833333333333333333333333333,14,14,75,0.5333333333333333333333333333,5,5,run_6ee650fc639b4650b7ff78b5a1389323,ema_pullback:0f663e97a3c12d6a4c4d75f1
w12-lb280-sym5,lab_ema500_3d_symmetric_exit,12,280,5,5.0,5.0,1.0,68c15a0ca22cd55577fcabeee08d599336d7d998c21abacc9df1351cded420c0,159,159,0.5345911949685534591194968553,0.9884919467458494377130884173,11,11,-0.008692977713412773985688148414,-0.1373043048409720784501358808,84,0.5833333333333333333333333333,14,14,75,0.48,-3,-3,run_3295f514d8fc45c9ad7c912065f09cac,ema_pullback:076284c596d3e0efc15949f0
w12-lb290-sym3,lab_ema500_3d_symmetric_exit,12,290,3,3.0,3.0,1.0,68c15a0ca22cd55577fcabeee08d599336d7d998c21abacc9df1351cded420c0,158,158,0.5253164556962025316455696203,1.080214875513467679916708129,8,8,0.03461522000752097603394718888,-0.0630022736382037651239170961,83,0.5542168674698795180722891566,9,9,75,0.4933333333333333333333333333,-1,-1,run_dc4ab7f6610047fd98e52975e01964f2,ema_pullback:b593a60b8220c43680bcc496
w12-lb290-sym4,lab_ema500_3d_symmetric_exit,12,290,4,4.0,4.0,1.0,68c15a0ca22cd55577fcabeee08d599336d7d998c21abacc9df1351cded420c0,157,157,0.5605095541401273885350318471,1.135811590299932067444062181,19,19,0.07748570129714535058475633779,-0.0773261419992999246647721462,83,0.5783132530120481927710843373,13,13,74,0.5405405405405405405405405405,6,6,run_d5022408bccd497288f1ebd4e52f28fb,ema_pullback:3ab0b4577affeb9c66222d34
w12-lb290-sym5,lab_ema500_3d_symmetric_exit,12,290,5,5.0,5.0,1.0,68c15a0ca22cd55577fcabeee08d599336d7d998c21abacc9df1351cded420c0,157,157,0.5414012738853503184713375796,1.011153723632463479719481302,13,13,0.008280431845554160700740688351,-0.1225330109537200570422660201,83,0.5903614457831325301204819277,15,15,74,0.4864864864864864864864864865,-2,-2,run_960c3986b9bb43b094348f06117c9433,ema_pullback:992efbeb33185d6754650132
w12-lb300-sym3,lab_ema500_3d_symmetric_exit,12,300,3,3.0,3.0,1.0,68c15a0ca22cd55577fcabeee08d599336d7d998c21abacc9df1351cded420c0,158,158,0.5253164556962025316455696203,1.080214875513467679916708129,8,8,0.03461522000752097603394718888,-0.0630022736382037651239170961,83,0.5542168674698795180722891566,9,9,75,0.4933333333333333333333333333,-1,-1,run_e613de45ca90402cb779c3d25c4c5e99,ema_pullback:336d1d83d52efe2a121cb3a4
w12-lb300-sym4,lab_ema500_3d_symmetric_exit,12,300,4,4.0,4.0,1.0,68c15a0ca22cd55577fcabeee08d599336d7d998c21abacc9df1351cded420c0,157,157,0.5605095541401273885350318471,1.135811590299932067444062181,19,19,0.07748570129714535058475633779,-0.0773261419992999246647721462,83,0.5783132530120481927710843373,13,13,74,0.5405405405405405405405405405,6,6,run_199d296a237e4aa38ed18e6394278386,ema_pullback:389687b520f3da365223ef1c
w12-lb300-sym5,lab_ema500_3d_symmetric_exit,12,300,5,5.0,5.0,1.0,68c15a0ca22cd55577fcabeee08d599336d7d998c21abacc9df1351cded420c0,157,157,0.5414012738853503184713375796,1.011153723632463479719481302,13,13,0.008280431845554160700740688351,-0.1225330109537200570422660201,83,0.5903614457831325301204819277,15,15,74,0.4864864864864864864864864865,-2,-2,run_e837b625ded64218af5995531197ca92,ema_pullback:10df6ab3fcbfee1851dd3ea3
w13-lb020-sym3,lab_ema500_3d_symmetric_exit,13,20,3,3.0,3.0,1.0,68c15a0ca22cd55577fcabeee08d599336d7d998c21abacc9df1351cded420c0,244,244,0.5286885245901639344262295082,1.158978145756892377444132649,14,14,0.08066475526647943833356139573,-0.0683125644247933652870915546,137,0.5620437956204379562043795620,17,17,107,0.4859813084112149532710280374,-3,-3,run_072a6388c3304ee99bccc8bd445e4d1b,ema_pullback:325d0754654457e47d1bce46
w13-lb020-sym4,lab_ema500_3d_symmetric_exit,13,20,4,4.0,4.0,1.0,68c15a0ca22cd55577fcabeee08d599336d7d998c21abacc9df1351cded420c0,238,238,0.5630252100840336134453781513,1.278415559115524702366386955,30,30,0.1869908892882111862962497249,-0.0665759693719589282449611679,134,0.5820895522388059701492537313,22,22,104,0.5384615384615384615384615385,8,8,run_505582c34c3e44f990b7e5dce059681e,ema_pullback:c874dfcae3a1a07f05d5de20
w13-lb020-sym5,lab_ema500_3d_symmetric_exit,13,20,5,5.0,5.0,1.0,68c15a0ca22cd55577fcabeee08d599336d7d998c21abacc9df1351cded420c0,230,230,0.5434782608695652173913043478,1.158926840909486618632382721,20,20,0.1347507119645162122069039475,-0.0809604740835848240298479432,130,0.5692307692307692307692307692,18,18,100,0.51,2,2,run_f5798f53c3cd42a3aafb1f60b5b8e1fa,ema_pullback:45d16ef7ca0d0128bb7cf71e
w13-lb030-sym3,lab_ema500_3d_symmetric_exit,13,30,3,3.0,3.0,1.0,68c15a0ca22cd55577fcabeee08d599336d7d998c21abacc9df1351cded420c0,231,231,0.5324675324675324675324675325,1.175528937655331549669703932,15,15,0.08444740870456454091461478245,-0.0683125644247933652870915497,130,0.5538461538461538461538461538,14,14,101,0.5049504950495049504950495050,1,1,run_66158e55eef8465da243e5c76aedbb55,ema_pullback:9cb2491c8a7c22179f8575fa
w13-lb030-sym4,lab_ema500_3d_symmetric_exit,13,30,4,4.0,4.0,1.0,68c15a0ca22cd55577fcabeee08d599336d7d998c21abacc9df1351cded420c0,227,227,0.5594713656387665198237885463,1.266367938761747738397847214,27,27,0.1722548783879576249560716987,-0.0746146712217614950846485230,128,0.5703125,18,18,99,0.5454545454545454545454545455,9,9,run_aea6e4ff2283422ebad26cbeba1cda4c,ema_pullback:2829c40ab0feb5f55e4d5f37
w13-lb030-sym5,lab_ema500_3d_symmetric_exit,13,30,5,5.0,5.0,1.0,68c15a0ca22cd55577fcabeee08d599336d7d998c21abacc9df1351cded420c0,220,220,0.5409090909090909090909090909,1.150301441643687025694492420,18,18,0.1228005761444208301601725606,-0.0823540322964674684709917138,124,0.5564516129032258064516129032,14,14,96,0.5208333333333333333333333333,4,4,run_99424a6bdf344fa9af5779d5af9c12ab,ema_pullback:b2364003bd4185f607addfbf
w13-lb040-sym3,lab_ema500_3d_symmetric_exit,13,40,3,3.0,3.0,1.0,68c15a0ca22cd55577fcabeee08d599336d7d998c21abacc9df1351cded420c0,219,219,0.5251141552511415525114155251,1.147550161070505290815422097,11,11,0.06836044818491957718313526888,-0.0681304257758247599289376326,122,0.5409836065573770491803278689,10,10,97,0.5051546391752577319587628866,1,1,run_218a42f0ecf74377a4db792b07aa3ff5,ema_pullback:72f05945b7a48ce399a9d9a6
w13-lb040-sym4,lab_ema500_3d_symmetric_exit,13,40,4,4.0,4.0,1.0,68c15a0ca22cd55577fcabeee08d599336d7d998c21abacc9df1351cded420c0,217,217,0.5622119815668202764976958525,1.286392626446651571998952393,27,27,0.176917763020363412236066483,-0.0746146712217614950846485192,121,0.5702479338842975206611570248,17,17,96,0.5520833333333333333333333333,10,10,run_1a9771df8db24216a4b00f1f7f479dbb,ema_pullback:40352e00848f8f85555d10ec
w13-lb040-sym5,lab_ema500_3d_symmetric_exit,13,40,5,5.0,5.0,1.0,68c15a0ca22cd55577fcabeee08d599336d7d998c21abacc9df1351cded420c0,214,214,0.5373831775700934579439252336,1.147316668176893259486898153,16,16,0.1186779668179769939706753059,-0.0930364051848161772596694466,120,0.55,12,12,94,0.5212765957446808510638297872,4,4,run_0447fb3338304399b4f333e7cbfffa4e,ema_pullback:e4c2041a321f1f8afcb21b57
w13-lb050-sym3,lab_ema500_3d_symmetric_exit,13,50,3,3.0,3.0,1.0,68c15a0ca22cd55577fcabeee08d599336d7d998c21abacc9df1351cded420c0,214,214,0.5186915887850467289719626168,1.103333647763254760597858736,8,8,0.04721788038893480634750152201,-0.0681304257758247599289376347,119,0.5378151260504201680672268908,9,9,95,0.4947368421052631578947368421,-1,-1,run_61ea696b916e4b3a8e6fdb2d72611038,ema_pullback:f7989957434fd12ef7dce41c
w13-lb050-sym4,lab_ema500_3d_symmetric_exit,13,50,4,4.0,4.0,1.0,68c15a0ca22cd55577fcabeee08d599336d7d998c21abacc9df1351cded420c0,212,212,0.5566037735849056603773584906,1.240741517107698282516927204,24,24,0.1460064802396203189786914679,-0.0777584871972827966762345669,118,0.5677966101694915254237288136,16,16,94,0.5425531914893617021276595745,8,8,run_d156952396d44df3868c08272bd383b2,ema_pullback:cf2db2e1ffd78e2fc9d78b09
w13-lb050-sym5,lab_ema500_3d_symmetric_exit,13,50,5,5.0,5.0,1.0,68c15a0ca22cd55577fcabeee08d599336d7d998c21abacc9df1351cded420c0,210,210,0.5333333333333333333333333333,1.109895639080576973238494718,14,14,0.08673079228066407772551041817,-0.1075124768570449175533033254,117,0.5470085470085470085470085470,11,11,93,0.5161290322580645161290322581,3,3,run_a05dc76b417b4d929a4dae8d969b76d7,ema_pullback:c04cf83e40d69105c0f2e2d5
w13-lb060-sym3,lab_ema500_3d_symmetric_exit,13,60,3,3.0,3.0,1.0,68c15a0ca22cd55577fcabeee08d599336d7d998c21abacc9df1351cded420c0,199,199,0.5175879396984924623115577889,1.096179790016870672530596068,7,7,0.04088889762345321562015650517,-0.0520393454943395896484259255,106,0.5377358490566037735849056604,8,8,93,0.4946236559139784946236559140,-1,-1,run_8baf43ff055d40af9f55b809efcd0cbf,ema_pullback:7e80c223929a01bb969bc85a
w13-lb060-sym4,lab_ema500_3d_symmetric_exit,13,60,4,4.0,4.0,1.0,68c15a0ca22cd55577fcabeee08d599336d7d998c21abacc9df1351cded420c0,198,198,0.5454545454545454545454545455,1.206744482738145389991156143,18,18,0.1171573815788545776218514057,-0.0777584871972827966762345596,106,0.5566037735849056603773584906,12,12,92,0.5326086956521739130434782609,6,6,run_fbde88306bcc4700ae85defa158d5278,ema_pullback:839c10b3d820dbf8fd2a5526
w13-lb060-sym5,lab_ema500_3d_symmetric_exit,13,60,5,5.0,5.0,1.0,68c15a0ca22cd55577fcabeee08d599336d7d998c21abacc9df1351cded420c0,197,197,0.5228426395939086294416243655,1.070329409589164677823836768,9,9,0.05210583822664640789940748274,-0.1071773184445647037676483626,106,0.5283018867924528301886792453,6,6,91,0.5164835164835164835164835165,3,3,run_0c12dfb5ad794b20abe4568e5c9277b9,ema_pullback:48db8ca42138632195c80877
w13-lb070-sym3,lab_ema500_3d_symmetric_exit,13,70,3,3.0,3.0,1.0,68c15a0ca22cd55577fcabeee08d599336d7d998c21abacc9df1351cded420c0,189,189,0.5238095238095238095238095238,1.122134001146819695079772115,9,9,0.04974243014423189215547256567,-0.0476749666151952140358359462,100,0.55,10,10,89,0.4943820224719101123595505618,-1,-1,run_047e3fde3e5542f4952fabedae978842,ema_pullback:ca6030b3b84ba77234f91729
w13-lb070-sym4,lab_ema500_3d_symmetric_exit,13,70,4,4.0,4.0,1.0,68c15a0ca22cd55577fcabeee08d599336d7d998c21abacc9df1351cded420c0,188,188,0.5478723404255319148936170213,1.216865083169789262704863485,18,18,0.1186176440297787321871680169,-0.0800628998057493564114567050,100,0.56,12,12,88,0.5340909090909090909090909091,6,6,run_04eabc158c2745d8851692b1126f5589,ema_pullback:6ba493c31b2f8895641764aa
w13-lb070-sym5,lab_ema500_3d_symmetric_exit,13,70,5,5.0,5.0,1.0,68c15a0ca22cd55577fcabeee08d599336d7d998c21abacc9df1351cded420c0,188,188,0.5212765957446808510638297872,1.068697116083237857186012324,8,8,0.0495066766086045996252321172,-0.1154982603970199043837343284,100,0.53,6,6,88,0.5113636363636363636363636364,2,2,run_9fddcc3378514b7fb1726583a9da04a1,ema_pullback:b52abed26c75f9dc9336aaa6
w13-lb080-sym3,lab_ema500_3d_symmetric_exit,13,80,3,3.0,3.0,1.0,68c15a0ca22cd55577fcabeee08d599336d7d998c21abacc9df1351cded420c0,181,181,0.5193370165745856353591160221,1.103989957862697591407349518,7,7,0.04109365600949334383440975474,-0.0478125681823996881346950996,97,0.5463917525773195876288659794,9,9,84,0.4880952380952380952380952381,-2,-2,run_9d10a89acd2644fe9dd05abae8eccf6f,ema_pullback:6d6a82674ca60b8f6b7cf0af
w13-lb080-sym4,lab_ema500_3d_symmetric_exit,13,80,4,4.0,4.0,1.0,68c15a0ca22cd55577fcabeee08d599336d7d998c21abacc9df1351cded420c0,180,180,0.5444444444444444444444444444,1.201010262689382780268042606,16,16,0.1063789813646214706665869917,-0.0784788808517269077278003907,97,0.5567010309278350515463917526,11,11,83,0.5301204819277108433734939759,5,5,run_01440cf8b0464d71b80a7faddf7a3bbe,ema_pullback:70f7303f5f3ea44f48c5578b
w13-lb080-sym5,lab_ema500_3d_symmetric_exit,13,80,5,5.0,5.0,1.0,68c15a0ca22cd55577fcabeee08d599336d7d998c21abacc9df1351cded420c0,180,180,0.5166666666666666666666666667,1.050499123038634996741236944,6,6,0.03521144627142822355924003355,-0.1221668821440260342401986583,97,0.5257731958762886597938144330,5,5,83,0.5060240963855421686746987952,1,1,run_1ce9bdbf165c415c8211c520f0d735ba,ema_pullback:a11a54f06fdf9d1dc2890e8d
w13-lb090-sym3,lab_ema500_3d_symmetric_exit,13,90,3,3.0,3.0,1.0,68c15a0ca22cd55577fcabeee08d599336d7d998c21abacc9df1351cded420c0,175,175,0.5142857142857142857142857143,1.089691311372315731627956244,5,5,0.03477998028692414161984800697,-0.0582905527332094317683547712,94,0.5425531914893617021276595745,8,8,81,0.4814814814814814814814814815,-3,-3,run_39143eac5f9a4fd8ad2491b898a61d8e,ema_pullback:073a78bbe06660856046f018
w13-lb090-sym4,lab_ema500_3d_symmetric_exit,13,90,4,4.0,4.0,1.0,68c15a0ca22cd55577fcabeee08d599336d7d998c21abacc9df1351cded420c0,174,174,0.5402298850574712643678160920,1.187931372673005948828153324,14,14,0.09746449969532716042855005438,-0.0798123156574807531084314535,94,0.5531914893617021276595744681,10,10,80,0.525,4,4,run_3a56a497375e4ca48432f74bef1eb5e2,ema_pullback:72425c881fbc8debc742873a
w13-lb090-sym5,lab_ema500_3d_symmetric_exit,13,90,5,5.0,5.0,1.0,68c15a0ca22cd55577fcabeee08d599336d7d998c21abacc9df1351cded420c0,174,174,0.5114942528735632183908045977,1.036282457775742719078634772,4,4,0.02482198845174584477718346198,-0.1381749896842877369232846531,94,0.5212765957446808510638297872,4,4,80,0.5,0,0,run_a310f0b089fb4006b3a0cfc23160cefb,ema_pullback:22a51dcae95e62813314018c
w13-lb100-sym3,lab_ema500_3d_symmetric_exit,13,100,3,3.0,3.0,1.0,68c15a0ca22cd55577fcabeee08d599336d7d998c21abacc9df1351cded420c0,170,170,0.5176470588235294117647058824,1.089849852988184262616199752,6,6,0.03412327672196142986560938344,-0.0591970835936751741160934490,91,0.5384615384615384615384615385,7,7,79,0.4936708860759493670886075949,-1,-1,run_1c26e719c3324158a0e39075236ce75c,ema_pullback:36f7e9ad46827825e7aa5e9a
w13-lb100-sym4,lab_ema500_3d_symmetric_exit,13,100,4,4.0,4.0,1.0,68c15a0ca22cd55577fcabeee08d599336d7d998c21abacc9df1351cded420c0,169,169,0.5384615384615384615384615385,1.161871414805171627482462288,13,13,0.0824736894714225602266417333,-0.0798123156574807531084314561,91,0.5494505494505494505494505495,9,9,78,0.5256410256410256410256410256,4,4,run_dc3bdb56de514e1587f5032e5fbdc667,ema_pullback:94cd2ec510851f8a4bc6bccf
w13-lb100-sym5,lab_ema500_3d_symmetric_exit,13,100,5,5.0,5.0,1.0,68c15a0ca22cd55577fcabeee08d599336d7d998c21abacc9df1351cded420c0,169,169,0.5147928994082840236686390533,1.039006031201858867085267792,5,5,0.0261146734346569307514770275,-0.1395516443799303947957756270,91,0.5274725274725274725274725275,5,5,78,0.5,0,0,run_646a9bd3abff422fb1bbb02469a3e3ac,ema_pullback:d37b1412a71db53334f1e01c
w13-lb110-sym3,lab_ema500_3d_symmetric_exit,13,110,3,3.0,3.0,1.0,68c15a0ca22cd55577fcabeee08d599336d7d998c21abacc9df1351cded420c0,163,163,0.5214723926380368098159509202,1.095633431522233138872396851,7,7,0.03464842186403997973671237876,-0.0496074082591810814102506545,87,0.5402298850574712643678160920,7,7,76,0.5,0,0,run_d1693f9e5e2d452bb50465eb08be02ec,ema_pullback:f1fde6f611df3a3adab5f206
w13-lb110-sym4,lab_ema500_3d_symmetric_exit,13,110,4,4.0,4.0,1.0,68c15a0ca22cd55577fcabeee08d599336d7d998c21abacc9df1351cded420c0,162,162,0.5370370370370370370370370370,1.149493956771238794441835440,12,12,0.07284661719569377462008737855,-0.0760607051401001333870152425,87,0.5402298850574712643678160920,7,7,75,0.5333333333333333333333333333,5,5,run_cb51cb2167e6477ba185a3257cb2d7ec,ema_pullback:ba32e58d8e0f3d01a799598d
w13-lb110-sym5,lab_ema500_3d_symmetric_exit,13,110,5,5.0,5.0,1.0,68c15a0ca22cd55577fcabeee08d599336d7d998c21abacc9df1351cded420c0,162,162,0.5123456790123456790123456790,1.023079654780831235692637587,4,4,0.01476244946429295715318049799,-0.1353537231439512087334150226,87,0.5172413793103448275862068966,3,3,75,0.5066666666666666666666666667,1,1,run_ae7dd1f101894890b2a0bf27c209c68c,ema_pullback:171a568243cc78fa4af7da7b
w13-lb120-sym3,lab_ema500_3d_symmetric_exit,13,120,3,3.0,3.0,1.0,68c15a0ca22cd55577fcabeee08d599336d7d998c21abacc9df1351cded420c0,159,159,0.5283018867924528301886792453,1.101846558902492040108573921,9,9,0.03662721198687254498541916094,-0.0497183251362985341519714873,85,0.5411764705882352941176470588,7,7,74,0.5135135135135135135135135135,2,2,run_21eeb3fb1e1b42f08aa7b919b498883c,ema_pullback:cd995b421e0d9f32af587309
w13-lb120-sym4,lab_ema500_3d_symmetric_exit,13,120,4,4.0,4.0,1.0,68c15a0ca22cd55577fcabeee08d599336d7d998c21abacc9df1351cded420c0,158,158,0.5443037974683544303797468354,1.156184287379849822125570008,14,14,0.07558493077355271514095866968,-0.0772184200024457954803378639,85,0.5411764705882352941176470588,7,7,73,0.5479452054794520547945205479,7,7,run_825a42e76f8248be967af1dd78c73e75,ema_pullback:567afd5ac3e50f2b4d60fff2
w13-lb120-sym5,lab_ema500_3d_symmetric_exit,13,120,5,5.0,5.0,1.0,68c15a0ca22cd55577fcabeee08d599336d7d998c21abacc9df1351cded420c0,158,158,0.5189873417721518987341772152,1.028304284946363825068290761,6,6,0.01800300858580922255499353252,-0.1355205637579451453649322689,85,0.5176470588235294117647058824,3,3,73,0.5205479452054794520547945205,3,3,run_c9c7a963bb564738be4e251fdca34e9c,ema_pullback:1f47639c306bb3d305151f51
w13-lb130-sym3,lab_ema500_3d_symmetric_exit,13,130,3,3.0,3.0,1.0,68c15a0ca22cd55577fcabeee08d599336d7d998c21abacc9df1351cded420c0,156,156,0.5256410256410256410256410256,1.104339825717304733354713845,8,8,0.03717942081512037263129507074,-0.0475796382183351128915414535,83,0.5301204819277108433734939759,5,5,73,0.5205479452054794520547945205,3,3,run_74b1579a423d4bba81532bd6c05bce96,ema_pullback:79629848c9fb6e49dac2348a
w13-lb130-sym4,lab_ema500_3d_symmetric_exit,13,130,4,4.0,4.0,1.0,68c15a0ca22cd55577fcabeee08d599336d7d998c21abacc9df1351cded420c0,155,155,0.5419354838709677419354838710,1.159312245883909889728603171,13,13,0.07635175543561084001039500066,-0.0772184200024457954803378594,83,0.5301204819277108433734939759,5,5,72,0.5555555555555555555555555556,8,8,run_8b643560624f428582b7d702bfed32be,ema_pullback:1a5e850a5240a5a10229c707
w13-lb130-sym5,lab_ema500_3d_symmetric_exit,13,130,5,5.0,5.0,1.0,68c15a0ca22cd55577fcabeee08d599336d7d998c21abacc9df1351cded420c0,155,155,0.5225806451612903225806451613,1.033528823581054033101987962,7,7,0.02110789522735954440418647822,-0.1304025669854369755613629285,83,0.5180722891566265060240963855,3,3,72,0.5277777777777777777777777778,4,4,run_b2cdd5ce45b2455381a808005787ce2e,ema_pullback:de7622f7448c2d9d5340a7b0
w13-lb140-sym3,lab_ema500_3d_symmetric_exit,13,140,3,3.0,3.0,1.0,68c15a0ca22cd55577fcabeee08d599336d7d998c21abacc9df1351cded420c0,153,153,0.5228758169934640522875816993,1.108450230849615304797454566,7,7,0.03795611082980667661624773936,-0.0483320781253040844452050887,80,0.525,4,4,73,0.5205479452054794520547945205,3,3,run_2fed9ad073de471583c1de40c9df24d2,ema_pullback:6eca39b04c3401c8adb54689
w13-lb140-sym4,lab_ema500_3d_symmetric_exit,13,140,4,4.0,4.0,1.0,68c15a0ca22cd55577fcabeee08d599336d7d998c21abacc9df1351cded420c0,152,152,0.5394736842105263157894736842,1.164434202753306363086662289,12,12,0.07744436450286759474236309286,-0.0772184200024457954803378588,80,0.525,4,4,72,0.5555555555555555555555555556,8,8,run_8f7da32e45a74e16b5ea3c3bfa5a417d,ema_pullback:40adfe1e7bdcfe19c476b9b4
w13-lb140-sym5,lab_ema500_3d_symmetric_exit,13,140,5,5.0,5.0,1.0,68c15a0ca22cd55577fcabeee08d599336d7d998c21abacc9df1351cded420c0,152,152,0.5197368421052631578947368421,1.036199296334231303547397969,6,6,0.02242483017045306972621563121,-0.1315469765306260961345099684,80,0.5125,2,2,72,0.5277777777777777777777777778,4,4,run_cf39dcf3d7d644fcbdc7cc8a6def2a30,ema_pullback:429b83d14393fc48d50fb1df
w13-lb150-sym3,lab_ema500_3d_symmetric_exit,13,150,3,3.0,3.0,1.0,68c15a0ca22cd55577fcabeee08d599336d7d998c21abacc9df1351cded420c0,150,150,0.52,1.102860971875874979085479619,6,6,0.03579002864337194116177191915,-0.0525832545700500179131151427,79,0.5189873417721518987341772152,3,3,71,0.5211267605633802816901408451,3,3,run_9d1b9012adf04cf4b8e6d505fbf68240,ema_pullback:357f5e317b8112a564930a0e
w13-lb150-sym4,lab_ema500_3d_symmetric_exit,13,150,4,4.0,4.0,1.0,68c15a0ca22cd55577fcabeee08d599336d7d998c21abacc9df1351cded420c0,149,149,0.5369127516778523489932885906,1.158971507877210541306173730,11,11,0.07445179945897724902914492013,-0.0785625247345394973181528507,79,0.5189873417721518987341772152,3,3,70,0.5571428571428571428571428571,8,8,run_7d3e4b90c8034a1b820c501b415f3446,ema_pullback:ff69596fbd28855ebb05aa89
w13-lb150-sym5,lab_ema500_3d_symmetric_exit,13,150,5,5.0,5.0,1.0,68c15a0ca22cd55577fcabeee08d599336d7d998c21abacc9df1351cded420c0,149,149,0.5234899328859060402684563758,1.049678404920725259991069657,7,7,0.03045823980696824556136227437,-0.1282028501930771562055497198,79,0.5189873417721518987341772152,3,3,70,0.5285714285714285714285714286,4,4,run_656651b09b6f45ea85d65e26c30217d4,ema_pullback:c6d73f7c5b27231eba090266
w13-lb160-sym3,lab_ema500_3d_symmetric_exit,13,160,3,3.0,3.0,1.0,68c15a0ca22cd55577fcabeee08d599336d7d998c21abacc9df1351cded420c0,146,146,0.5205479452054794520547945205,1.086836148826166734398456494,6,6,0.02954077586240964685782057987,-0.0579096487653144236776488842,76,0.5263157894736842105263157895,4,4,70,0.5142857142857142857142857143,2,2,run_4a065a0f336b4e96a58dce62684e5e9d,ema_pullback:29cdf17885f8472df3102d0a
w13-lb160-sym4,lab_ema500_3d_symmetric_exit,13,160,4,4.0,4.0,1.0,68c15a0ca22cd55577fcabeee08d599336d7d998c21abacc9df1351cded420c0,145,145,0.5379310344827586206896551724,1.143940151934396265612811924,11,11,0.06584376645643109337898647167,-0.0785625247345394973181528510,76,0.5263157894736842105263157895,4,4,69,0.5507246376811594202898550725,7,7,run_377c6126d9e448f3ae6be498eb6d143c,ema_pullback:8e2767816f548939d37d721e
w13-lb160-sym5,lab_ema500_3d_symmetric_exit,13,160,5,5.0,5.0,1.0,68c15a0ca22cd55577fcabeee08d599336d7d998c21abacc9df1351cded420c0,145,145,0.5241379310344827586206896552,1.033699851321777253702209211,7,7,0.02018091375617924415662958874,-0.1363411136356277124432357685,76,0.5263157894736842105263157895,4,4,69,0.5217391304347826086956521739,3,3,run_469c0c30d5bb4bb7b874b1b36bcee5cb,ema_pullback:8c97e09ff64a5061a7c49419
w13-lb170-sym3,lab_ema500_3d_symmetric_exit,13,170,3,3.0,3.0,1.0,68c15a0ca22cd55577fcabeee08d599336d7d998c21abacc9df1351cded420c0,145,145,0.5241379310344827586206896552,1.098180314944360276478244510,7,7,0.03316491402334019538358612365,-0.0579096487653144236776488875,75,0.5333333333333333333333333333,5,5,70,0.5142857142857142857142857143,2,2,run_3126f4183c704abbb1ce6e6fdc4891f4,ema_pullback:5ef2f514fe27e18988ced285
w13-lb170-sym4,lab_ema500_3d_symmetric_exit,13,170,4,4.0,4.0,1.0,68c15a0ca22cd55577fcabeee08d599336d7d998c21abacc9df1351cded420c0,144,144,0.5416666666666666666666666667,1.155800204284514470905306160,12,12,0.07085221680929569331889278729,-0.0785625247345394973181528490,75,0.5333333333333333333333333333,5,5,69,0.5507246376811594202898550725,7,7,run_dd861b2a1a9745e48fd6614c452bb676,ema_pullback:33102868571993406f5d24cc
w13-lb170-sym5,lab_ema500_3d_symmetric_exit,13,170,5,5.0,5.0,1.0,68c15a0ca22cd55577fcabeee08d599336d7d998c21abacc9df1351cded420c0,144,144,0.5277777777777777777777777778,1.043905480034369415533260465,8,8,0.02618030967352734610637738013,-0.1363411136356277124432357707,75,0.5333333333333333333333333333,5,5,69,0.5217391304347826086956521739,3,3,run_0aaf0a6450ef41759254f1f67af03ca9,ema_pullback:6e6f163592c97b95e10622c5
w13-lb180-sym3,lab_ema500_3d_symmetric_exit,13,180,3,3.0,3.0,1.0,68c15a0ca22cd55577fcabeee08d599336d7d998c21abacc9df1351cded420c0,142,142,0.5211267605633802816901408451,1.103784231074137928855249879,6,6,0.03443925662614846922882932495,-0.0550174324891185063848427320,74,0.5270270270270270270270270270,4,4,68,0.5147058823529411764705882353,2,2,run_b23db578f12c415bbc04d95a5228eb29,ema_pullback:176d8402470a810006575777
w13-lb180-sym4,lab_ema500_3d_symmetric_exit,13,180,4,4.0,4.0,1.0,68c15a0ca22cd55577fcabeee08d599336d7d998c21abacc9df1351cded420c0,141,141,0.5390070921985815602836879433,1.162671160364298394240561824,11,11,0.07262405222891777881017821895,-0.0785625247345394973181528465,74,0.5270270270270270270270270270,4,4,67,0.5522388059701492537313432836,7,7,run_8a3ca9de0e3345b3bb41eda8c4f08ad6,ema_pullback:88194e18cb5030f203d5a8af
w13-lb180-sym5,lab_ema500_3d_symmetric_exit,13,180,5,5.0,5.0,1.0,68c15a0ca22cd55577fcabeee08d599336d7d998c21abacc9df1351cded420c0,141,141,0.5248226950354609929078014184,1.048316182078076267668192005,7,7,0.02831559812855021161685057702,-0.1318981577416731995301200701,74,0.5270270270270270270270270270,4,4,67,0.5223880597014925373134328358,3,3,run_c47d991d61a04feb9caa93618b5ef515,ema_pullback:3820344ab0799fb3b3d3a9d3
w13-lb190-sym3,lab_ema500_3d_symmetric_exit,13,190,3,3.0,3.0,1.0,68c15a0ca22cd55577fcabeee08d599336d7d998c21abacc9df1351cded420c0,140,140,0.5142857142857142857142857143,1.073244711710502528540660234,4,4,0.02410438961331368805877057173,-0.0553235942516203166966832210,73,0.5205479452054794520547945205,3,3,67,0.5074626865671641791044776119,1,1,run_ba0369ff8417431abfecca742cd37782,ema_pullback:ecdcadb76e962bebb0242931
w13-lb190-sym4,lab_ema500_3d_symmetric_exit,13,190,4,4.0,4.0,1.0,68c15a0ca22cd55577fcabeee08d599336d7d998c21abacc9df1351cded420c0,139,139,0.5323741007194244604316546763,1.132282340674726568757246460,9,9,0.05838152543328036054244133445,-0.0785625247345394973181528506,73,0.5205479452054794520547945205,3,3,66,0.5454545454545454545454545455,6,6,run_c3a46312cad540bf99d4baae1adb11cf,ema_pullback:1b2e9a03597810fc82364f8f
w13-lb190-sym5,lab_ema500_3d_symmetric_exit,13,190,5,5.0,5.0,1.0,68c15a0ca22cd55577fcabeee08d599336d7d998c21abacc9df1351cded420c0,139,139,0.5179856115107913669064748201,1.019567053600585592928846044,5,5,0.0113025820527225531140867332,-0.1323668122360490390507763362,73,0.5205479452054794520547945205,3,3,66,0.5151515151515151515151515152,2,2,run_165a8394dc1947beacbc7c7f94a1d3dc,ema_pullback:8c70933311c2ca8f061d44ea
w13-lb200-sym3,lab_ema500_3d_symmetric_exit,13,200,3,3.0,3.0,1.0,68c15a0ca22cd55577fcabeee08d599336d7d998c21abacc9df1351cded420c0,136,136,0.5294117647058823529411764706,1.107990877174314740421667390,8,8,0.0346089199535735603664929771,-0.0500699759803275969194608473,69,0.5507246376811594202898550725,7,7,67,0.5074626865671641791044776119,1,1,run_180208afc57f4020884c703f0cbceaa0,ema_pullback:c674976c097d6e22c45b3563
w13-lb200-sym4,lab_ema500_3d_symmetric_exit,13,200,4,4.0,4.0,1.0,68c15a0ca22cd55577fcabeee08d599336d7d998c21abacc9df1351cded420c0,135,135,0.5481481481481481481481481481,1.169377946546745894107037661,13,13,0.07288766136655098024433850822,-0.0717202409666849817044350048,69,0.5507246376811594202898550725,7,7,66,0.5454545454545454545454545455,6,6,run_b2e0f08377a14e53aea95876e2c09fd8,ema_pullback:38933242dd41eb9594793dfa
w13-lb200-sym5,lab_ema500_3d_symmetric_exit,13,200,5,5.0,5.0,1.0,68c15a0ca22cd55577fcabeee08d599336d7d998c21abacc9df1351cded420c0,135,135,0.5333333333333333333333333333,1.050687748664480683352750840,9,9,0.02866620008085723193280535219,-0.1243018350962880306588307335,69,0.5507246376811594202898550725,7,7,66,0.5151515151515151515151515152,2,2,run_c7e04735db944913b24df15bb5d4e724,ema_pullback:75aa611c352d8910666c5124
w13-lb210-sym3,lab_ema500_3d_symmetric_exit,13,210,3,3.0,3.0,1.0,68c15a0ca22cd55577fcabeee08d599336d7d998c21abacc9df1351cded420c0,134,134,0.5298507462686567164179104478,1.100120465109559739463312278,8,8,0.03188495411036229062118377229,-0.0525709953403642009771740658,69,0.5507246376811594202898550725,7,7,65,0.5076923076923076923076923077,1,1,run_ea99a21dd5e948dc976bf4f3a1ee0f6b,ema_pullback:9e4ad1eb24d456fd61a6116a
w13-lb210-sym4,lab_ema500_3d_symmetric_exit,13,210,4,4.0,4.0,1.0,68c15a0ca22cd55577fcabeee08d599336d7d998c21abacc9df1351cded420c0,133,133,0.5488721804511278195488721805,1.161628068120521511549022815,13,13,0.06912970774943138664561245594,-0.0776930662153424673460923407,69,0.5507246376811594202898550725,7,7,64,0.546875,6,6,run_cbcb8e17577a467aa50f01988953af18,ema_pullback:ec3073ef0aa9c22035ecfb18
w13-lb210-sym5,lab_ema500_3d_symmetric_exit,13,210,5,5.0,5.0,1.0,68c15a0ca22cd55577fcabeee08d599336d7d998c21abacc9df1351cded420c0,133,133,0.5263157894736842105263157895,1.029544159638927252457125520,7,7,0.01666733566671501685800888022,-0.1345164057194570128412752760,69,0.5507246376811594202898550725,7,7,64,0.5,0,0,run_8885ba243abc4b3ca3b7ce8a818abf6d,ema_pullback:00649778d5d8b1cf7fae85bc
w13-lb220-sym3,lab_ema500_3d_symmetric_exit,13,220,3,3.0,3.0,1.0,68c15a0ca22cd55577fcabeee08d599336d7d998c21abacc9df1351cded420c0,132,132,0.5303030303030303030303030303,1.088254766596532817288068941,8,8,0.0279198858737168518685670802,-0.0525709953403642009771740662,67,0.5522388059701492537313432836,7,7,65,0.5076923076923076923076923077,1,1,run_e9ffab3e16854f4eaff34f8a3927fbd4,ema_pullback:5231cc1e53117f00d1ca841d
w13-lb220-sym4,lab_ema500_3d_symmetric_exit,13,220,4,4.0,4.0,1.0,68c15a0ca22cd55577fcabeee08d599336d7d998c21abacc9df1351cded420c0,131,131,0.5572519083969465648854961832,1.185281329764143650682413205,15,15,0.07815585646976418434476607703,-0.0776930662153424673460923417,67,0.5671641791044776119402985075,9,9,64,0.546875,6,6,run_d3d938c1ee6a4a0d8ab2f771f76585e5,ema_pullback:4488580d25319ef55d41bc0f
w13-lb220-sym5,lab_ema500_3d_symmetric_exit,13,220,5,5.0,5.0,1.0,68c15a0ca22cd55577fcabeee08d599336d7d998c21abacc9df1351cded420c0,131,131,0.5343511450381679389312977099,1.049135290123611468705377984,9,9,0.02741552368941269209944390018,-0.1345164057194570128412752754,67,0.5671641791044776119402985075,9,9,64,0.5,0,0,run_25c6ed85f3a440b283cac6bfec9a1fdc,ema_pullback:e534c7fcb1e4b0ebbdc65d6a
w13-lb230-sym3,lab_ema500_3d_symmetric_exit,13,230,3,3.0,3.0,1.0,68c15a0ca22cd55577fcabeee08d599336d7d998c21abacc9df1351cded420c0,131,131,0.5343511450381679389312977099,1.098084427503770316496551852,9,9,0.03075902922693341399421394786,-0.0499541700427996695891398939,67,0.5522388059701492537313432836,7,7,64,0.515625,2,2,run_6c5b6d8e90cb46f4acd26a43c42b5e50,ema_pullback:e427531d36a930cf38d533f3
w13-lb230-sym4,lab_ema500_3d_symmetric_exit,13,230,4,4.0,4.0,1.0,68c15a0ca22cd55577fcabeee08d599336d7d998c21abacc9df1351cded420c0,130,130,0.5615384615384615384615384615,1.196493575534888132492600945,16,16,0.08213004407954091134546309915,-0.0742933529302336336928277619,67,0.5671641791044776119402985075,9,9,63,0.5555555555555555555555555556,7,7,run_d3119eba7c5f4daf9129c44b629923f2,ema_pullback:b52834d12d542c0d234c2262
w13-lb230-sym5,lab_ema500_3d_symmetric_exit,13,230,5,5.0,5.0,1.0,68c15a0ca22cd55577fcabeee08d599336d7d998c21abacc9df1351cded420c0,130,130,0.5384615384615384615384615385,1.058094033649249451725474504,10,10,0.03215383240119224307632540654,-0.1305249063113543528595581501,67,0.5671641791044776119402985075,9,9,63,0.5079365079365079365079365079,1,1,run_49bb9f6fca944be3954ef504b4e3a391,ema_pullback:e73d5592cd8041c202cf08ee
w13-lb240-sym3,lab_ema500_3d_symmetric_exit,13,240,3,3.0,3.0,1.0,68c15a0ca22cd55577fcabeee08d599336d7d998c21abacc9df1351cded420c0,131,131,0.5343511450381679389312977099,1.098084427503770316496551852,9,9,0.03075902922693341399421394786,-0.0499541700427996695891398939,67,0.5522388059701492537313432836,7,7,64,0.515625,2,2,run_d31999384dfd4b948884cd42c528ff22,ema_pullback:64619d848f027dd1a4622d6d
w13-lb240-sym4,lab_ema500_3d_symmetric_exit,13,240,4,4.0,4.0,1.0,68c15a0ca22cd55577fcabeee08d599336d7d998c21abacc9df1351cded420c0,130,130,0.5615384615384615384615384615,1.196493575534888132492600945,16,16,0.08213004407954091134546309915,-0.0742933529302336336928277619,67,0.5671641791044776119402985075,9,9,63,0.5555555555555555555555555556,7,7,run_21050a62e731443b9e464a04e5b7605e,ema_pullback:397d188ba73683d3145600e1
w13-lb240-sym5,lab_ema500_3d_symmetric_exit,13,240,5,5.0,5.0,1.0,68c15a0ca22cd55577fcabeee08d599336d7d998c21abacc9df1351cded420c0,130,130,0.5384615384615384615384615385,1.058094033649249451725474504,10,10,0.03215383240119224307632540654,-0.1305249063113543528595581501,67,0.5671641791044776119402985075,9,9,63,0.5079365079365079365079365079,1,1,run_5944b471db024b34ad8078010ea2b5d5,ema_pullback:700d539508b9d6d9a48ba6b6
w13-lb250-sym3,lab_ema500_3d_symmetric_exit,13,250,3,3.0,3.0,1.0,68c15a0ca22cd55577fcabeee08d599336d7d998c21abacc9df1351cded420c0,129,129,0.5348837209302325581395348837,1.111426639824321382261391295,9,9,0.03404504501479288806382905034,-0.0469254644890187741277399271,66,0.5454545454545454545454545455,6,6,63,0.5238095238095238095238095238,3,3,run_530992c877b74edeb0ac1f2282d7986f,ema_pullback:fd0db41c94d77bc5947a048d
w13-lb250-sym4,lab_ema500_3d_symmetric_exit,13,250,4,4.0,4.0,1.0,68c15a0ca22cd55577fcabeee08d599336d7d998c21abacc9df1351cded420c0,128,128,0.5625,1.213432503039467914070113338,16,16,0.08675033146093565138385410946,-0.0667902519104966945362697321,66,0.5606060606060606060606060606,8,8,62,0.5645161290322580645161290323,8,8,run_5c1e973cd8c84a59a950bfc606cff4cf,ema_pullback:53981ba4e27494da792b21fa
w13-lb250-sym5,lab_ema500_3d_symmetric_exit,13,250,5,5.0,5.0,1.0,68c15a0ca22cd55577fcabeee08d599336d7d998c21abacc9df1351cded420c0,128,128,0.5390625,1.069859299045205099229584058,10,10,0.03768709087911878167220888077,-0.1258637499192821194156911123,66,0.5606060606060606060606060606,8,8,62,0.5161290322580645161290322581,2,2,run_83040d71c9cd44d78914550f3337d7c9,ema_pullback:0e86b24ad0efafa3d4ef965e
w13-lb260-sym3,lab_ema500_3d_symmetric_exit,13,260,3,3.0,3.0,1.0,68c15a0ca22cd55577fcabeee08d599336d7d998c21abacc9df1351cded420c0,129,129,0.5348837209302325581395348837,1.111426639824321382261391295,9,9,0.03404504501479288806382905034,-0.0469254644890187741277399271,66,0.5454545454545454545454545455,6,6,63,0.5238095238095238095238095238,3,3,run_62e59ac1c641412a92f702d4f7bc2a69,ema_pullback:01cacd4ed64b5ab0990052a6
w13-lb260-sym4,lab_ema500_3d_symmetric_exit,13,260,4,4.0,4.0,1.0,68c15a0ca22cd55577fcabeee08d599336d7d998c21abacc9df1351cded420c0,128,128,0.5625,1.213432503039467914070113338,16,16,0.08675033146093565138385410946,-0.0667902519104966945362697321,66,0.5606060606060606060606060606,8,8,62,0.5645161290322580645161290323,8,8,run_12a6cccef20745e4ba964975d498a643,ema_pullback:18924994fefec81bb8fc75cb
w13-lb260-sym5,lab_ema500_3d_symmetric_exit,13,260,5,5.0,5.0,1.0,68c15a0ca22cd55577fcabeee08d599336d7d998c21abacc9df1351cded420c0,128,128,0.5390625,1.069859299045205099229584058,10,10,0.03768709087911878167220888077,-0.1258637499192821194156911123,66,0.5606060606060606060606060606,8,8,62,0.5161290322580645161290322581,2,2,run_afad6b438ceb412387db52d7298b0be4,ema_pullback:e66d131879660975a1751908
w13-lb270-sym3,lab_ema500_3d_symmetric_exit,13,270,3,3.0,3.0,1.0,68c15a0ca22cd55577fcabeee08d599336d7d998c21abacc9df1351cded420c0,129,129,0.5348837209302325581395348837,1.111426639824321382261391295,9,9,0.03404504501479288806382905034,-0.0469254644890187741277399271,66,0.5454545454545454545454545455,6,6,63,0.5238095238095238095238095238,3,3,run_73f2a8edce6e4933a4d93b913c71caa4,ema_pullback:dcc8190868baad0d09d9addb
w13-lb270-sym4,lab_ema500_3d_symmetric_exit,13,270,4,4.0,4.0,1.0,68c15a0ca22cd55577fcabeee08d599336d7d998c21abacc9df1351cded420c0,128,128,0.5625,1.213432503039467914070113338,16,16,0.08675033146093565138385410946,-0.0667902519104966945362697321,66,0.5606060606060606060606060606,8,8,62,0.5645161290322580645161290323,8,8,run_8f195e13e65a49329ad239a7cfdac023,ema_pullback:76c4014bcf3c0364007d7520
w13-lb270-sym5,lab_ema500_3d_symmetric_exit,13,270,5,5.0,5.0,1.0,68c15a0ca22cd55577fcabeee08d599336d7d998c21abacc9df1351cded420c0,128,128,0.5390625,1.069859299045205099229584058,10,10,0.03768709087911878167220888077,-0.1258637499192821194156911123,66,0.5606060606060606060606060606,8,8,62,0.5161290322580645161290322581,2,2,run_e8f1d8f19a4740bbb0e61109fe8db4d4,ema_pullback:f839d9a572fe4918f0d58757
w13-lb280-sym3,lab_ema500_3d_symmetric_exit,13,280,3,3.0,3.0,1.0,68c15a0ca22cd55577fcabeee08d599336d7d998c21abacc9df1351cded420c0,129,129,0.5348837209302325581395348837,1.111426639824321382261391295,9,9,0.03404504501479288806382905034,-0.0469254644890187741277399271,66,0.5454545454545454545454545455,6,6,63,0.5238095238095238095238095238,3,3,run_5b184721249f4f85a5d9cab406f0af6d,ema_pullback:39f61421e2525541f7078034
w13-lb280-sym4,lab_ema500_3d_symmetric_exit,13,280,4,4.0,4.0,1.0,68c15a0ca22cd55577fcabeee08d599336d7d998c21abacc9df1351cded420c0,128,128,0.5625,1.213432503039467914070113338,16,16,0.08675033146093565138385410946,-0.0667902519104966945362697321,66,0.5606060606060606060606060606,8,8,62,0.5645161290322580645161290323,8,8,run_7a28465f6da944e0a8614838ebaae655,ema_pullback:8086cc7862ec7be2f9f1cc96
w13-lb280-sym5,lab_ema500_3d_symmetric_exit,13,280,5,5.0,5.0,1.0,68c15a0ca22cd55577fcabeee08d599336d7d998c21abacc9df1351cded420c0,128,128,0.5390625,1.069859299045205099229584058,10,10,0.03768709087911878167220888077,-0.1258637499192821194156911123,66,0.5606060606060606060606060606,8,8,62,0.5161290322580645161290322581,2,2,run_70a10cbc395e44238db95fe0682e3685,ema_pullback:b859af2ec6b82ce4b89ed318
w13-lb290-sym3,lab_ema500_3d_symmetric_exit,13,290,3,3.0,3.0,1.0,68c15a0ca22cd55577fcabeee08d599336d7d998c21abacc9df1351cded420c0,127,127,0.5354330708661417322834645669,1.107161026990431147337159453,9,9,0.03225740333616776304901961095,-0.0485731255563287945857314204,65,0.5384615384615384615384615385,5,5,62,0.5322580645161290322580645161,4,4,run_66761fda37644fa59502ee23e252c8dd,ema_pullback:a6dca0d4f5e1780ccfaeff0f
w13-lb290-sym4,lab_ema500_3d_symmetric_exit,13,290,4,4.0,4.0,1.0,68c15a0ca22cd55577fcabeee08d599336d7d998c21abacc9df1351cded420c0,126,126,0.5634920634920634920634920635,1.210690713670431255762533911,16,16,0.08425875614978196977330671471,-0.0667902519104966945362697337,65,0.5538461538461538461538461538,7,7,61,0.5737704918032786885245901639,9,9,run_14f77e5ebf774a78bd287eac3d09fd67,ema_pullback:f9a091533705589a4d8a6caa
w13-lb290-sym5,lab_ema500_3d_symmetric_exit,13,290,5,5.0,5.0,1.0,68c15a0ca22cd55577fcabeee08d599336d7d998c21abacc9df1351cded420c0,126,126,0.5476190476190476190476190476,1.105809988519730944121917883,12,12,0.05545463170306774665336409701,-0.1108965679570926448344409864,65,0.5692307692307692307692307692,9,9,61,0.5245901639344262295081967213,3,3,run_56b7f6f3aaad4413913dac75011b6ee3,ema_pullback:fdee75273e50435408438ef1
w13-lb300-sym3,lab_ema500_3d_symmetric_exit,13,300,3,3.0,3.0,1.0,68c15a0ca22cd55577fcabeee08d599336d7d998c21abacc9df1351cded420c0,127,127,0.5354330708661417322834645669,1.107161026990431147337159453,9,9,0.03225740333616776304901961095,-0.0485731255563287945857314204,65,0.5384615384615384615384615385,5,5,62,0.5322580645161290322580645161,4,4,run_0c78d9bc979b4b7488681df09828a2ee,ema_pullback:0384ec37d729b13dace39014
w13-lb300-sym4,lab_ema500_3d_symmetric_exit,13,300,4,4.0,4.0,1.0,68c15a0ca22cd55577fcabeee08d599336d7d998c21abacc9df1351cded420c0,126,126,0.5634920634920634920634920635,1.210690713670431255762533911,16,16,0.08425875614978196977330671471,-0.0667902519104966945362697337,65,0.5538461538461538461538461538,7,7,61,0.5737704918032786885245901639,9,9,run_6820b529b17d4415b7fe17320608011a,ema_pullback:c1e4122b6635fe59a917c95e
w13-lb300-sym5,lab_ema500_3d_symmetric_exit,13,300,5,5.0,5.0,1.0,68c15a0ca22cd55577fcabeee08d599336d7d998c21abacc9df1351cded420c0,126,126,0.5476190476190476190476190476,1.105809988519730944121917883,12,12,0.05545463170306774665336409701,-0.1108965679570926448344409864,65,0.5692307692307692307692307692,9,9,61,0.5245901639344262295081967213,3,3,run_aeb6873be529495b85acff012500ea88,ema_pullback:4b729212c2a30101cb5e9d1b
w14-lb020-sym3,lab_ema500_3d_symmetric_exit,14,20,3,3.0,3.0,1.0,68c15a0ca22cd55577fcabeee08d599336d7d998c21abacc9df1351cded420c0,186,186,0.5322580645161290322580645161,1.144764872557025156767138083,12,12,0.05084130086200614414701427904,-0.0393814038980247414028656816,108,0.5648148148148148148148148148,14,14,78,0.4871794871794871794871794872,-2,-2,run_59aa67e9cfb149c8b5a5ecd4d9688096,ema_pullback:4ac6d2ac7af3a72859c63bc7
w14-lb020-sym4,lab_ema500_3d_symmetric_exit,14,20,4,4.0,4.0,1.0,68c15a0ca22cd55577fcabeee08d599336d7d998c21abacc9df1351cded420c0,180,180,0.5777777777777777777777777778,1.345195520189840757675927907,28,28,0.1531032303571717881569632759,-0.0559635483543973615402692791,105,0.6,21,21,75,0.5466666666666666666666666667,7,7,run_1a501371162e464aabdc9810f2c7bfc8,ema_pullback:5ea397c26e6b30a5977837d5
w14-lb020-sym5,lab_ema500_3d_symmetric_exit,14,20,5,5.0,5.0,1.0,68c15a0ca22cd55577fcabeee08d599336d7d998c21abacc9df1351cded420c0,174,174,0.5402298850574712643678160920,1.200607955937967976413317549,14,14,0.1131794835210446377047892223,-0.0781826185289638011865070838,103,0.5631067961165048543689320388,13,13,71,0.5070422535211267605633802817,1,1,run_00791aa5f0fa4029aa4d03fe2f858a4e,ema_pullback:2e6d4038bb084287261950b0
w14-lb030-sym3,lab_ema500_3d_symmetric_exit,14,30,3,3.0,3.0,1.0,68c15a0ca22cd55577fcabeee08d599336d7d998c21abacc9df1351cded420c0,179,179,0.5363128491620111731843575419,1.170739658655599683021242584,13,13,0.0580380698741753777117555959,-0.0370566295100537807846204869,104,0.5673076923076923076923076923,14,14,75,0.4933333333333333333333333333,-1,-1,run_80b6005f519e435ebd0705b77aee93df,ema_pullback:5ec7176210daa3e648290575
w14-lb030-sym4,lab_ema500_3d_symmetric_exit,14,30,4,4.0,4.0,1.0,68c15a0ca22cd55577fcabeee08d599336d7d998c21abacc9df1351cded420c0,175,175,0.5771428571428571428571428571,1.349476967557984811057076753,27,27,0.1527979519572100115090642241,-0.0616682274652118422966969463,102,0.5980392156862745098039215686,20,20,73,0.5479452054794520547945205479,7,7,run_b35f2d28b38e45ee96ef8ce130e4c516,ema_pullback:66282f117f09b0bb2d77244b
w14-lb030-sym5,lab_ema500_3d_symmetric_exit,14,30,5,5.0,5.0,1.0,68c15a0ca22cd55577fcabeee08d599336d7d998c21abacc9df1351cded420c0,170,170,0.5411764705882352941176470588,1.212301511771250135736641913,14,14,0.1183782201400092066381764505,-0.0805679915521737918252191596,100,0.56,12,12,70,0.5142857142857142857142857143,2,2,run_53f33c973f734cdea6adc6d3d7863666,ema_pullback:15c6a6f8b36137ca5beb46de
w14-lb040-sym3,lab_ema500_3d_symmetric_exit,14,40,3,3.0,3.0,1.0,68c15a0ca22cd55577fcabeee08d599336d7d998c21abacc9df1351cded420c0,169,169,0.5325443786982248520710059172,1.140748508444473600798048609,11,11,0.04578073581218214976344223527,-0.0370566295100537807846204893,97,0.5567010309278350515463917526,11,11,72,0.5,0,0,run_359a6d43e8c34cfe8d0855060697c6b2,ema_pullback:382e6735b141fa9ec932b18c
w14-lb040-sym4,lab_ema500_3d_symmetric_exit,14,40,4,4.0,4.0,1.0,68c15a0ca22cd55577fcabeee08d599336d7d998c21abacc9df1351cded420c0,167,167,0.5868263473053892215568862275,1.394063528159754290908300159,29,29,0.1624700374869196860926772998,-0.0616682274652118422966969492,96,0.6041666666666666666666666667,20,20,71,0.5633802816901408450704225352,9,9,run_e397801e237947b3b02dbcfb1cb0d765,ema_pullback:6e21a2392c95c1f382fff9c8
w14-lb040-sym5,lab_ema500_3d_symmetric_exit,14,40,5,5.0,5.0,1.0,68c15a0ca22cd55577fcabeee08d599336d7d998c21abacc9df1351cded420c0,165,165,0.5454545454545454545454545455,1.235402687134564597452775005,15,15,0.127815350548460754794315344,-0.0805679915521737918252191579,96,0.5625,12,12,69,0.5217391304347826086956521739,3,3,run_3564fb6256f449cfa6c2718e5754c2dc,ema_pullback:06d4c6465a21ac24cff85ce9
w14-lb050-sym3,lab_ema500_3d_symmetric_exit,14,50,3,3.0,3.0,1.0,68c15a0ca22cd55577fcabeee08d599336d7d998c21abacc9df1351cded420c0,165,165,0.5272727272727272727272727273,1.102660749614093982880895366,9,9,0.03306054254992389434824023214,-0.0395122742202624640806858853,94,0.5531914893617021276595744681,10,10,71,0.4929577464788732394366197183,-1,-1,run_49901f38695f4c03ad67d98c08d0b931,ema_pullback:5e905fa07e2fa670d5fe2cb7
w14-lb050-sym4,lab_ema500_3d_symmetric_exit,14,50,4,4.0,4.0,1.0,68c15a0ca22cd55577fcabeee08d599336d7d998c21abacc9df1351cded420c0,163,163,0.5828220858895705521472392638,1.353215554597952001658380223,27,27,0.1436807308165990409959357793,-0.0648560264556376113765444956,93,0.6021505376344086021505376344,19,19,70,0.5571428571428571428571428571,8,8,run_c6032f782ec04b8990d3bccc957bfe5a,ema_pullback:b227313895fab1f8963b603e
w14-lb050-sym5,lab_ema500_3d_symmetric_exit,14,50,5,5.0,5.0,1.0,68c15a0ca22cd55577fcabeee08d599336d7d998c21abacc9df1351cded420c0,162,162,0.5432098765432098765432098765,1.204962205489121877311414637,14,14,0.1098142577362336087089387773,-0.0805679915521737918252191608,93,0.5591397849462365591397849462,11,11,69,0.5217391304347826086956521739,3,3,run_f362b75095bd45bba38e7a1507e296ca,ema_pullback:26156a8894e94b7ae9fc8107
w14-lb060-sym3,lab_ema500_3d_symmetric_exit,14,60,3,3.0,3.0,1.0,68c15a0ca22cd55577fcabeee08d599336d7d998c21abacc9df1351cded420c0,154,154,0.5194805194805194805194805195,1.046216740158417816140580570,6,6,0.01411351322081484965621147072,-0.0395122742202624640806858829,84,0.5357142857142857142857142857,6,6,70,0.5,0,0,run_616d9859515f43d38486421d3505b473,ema_pullback:c3f79e2fcaa01193caf2f7a2
w14-lb060-sym4,lab_ema500_3d_symmetric_exit,14,60,4,4.0,4.0,1.0,68c15a0ca22cd55577fcabeee08d599336d7d998c21abacc9df1351cded420c0,153,153,0.5620915032679738562091503268,1.247311219850568183096125154,19,19,0.09651857796371396441876715736,-0.0648560264556376113765444994,84,0.5714285714285714285714285714,12,12,69,0.5507246376811594202898550725,7,7,run_7fc935c6d93140d6bae3a8c0011b1db6,ema_pullback:32188ff531b01f18d6a0b45b
w14-lb060-sym5,lab_ema500_3d_symmetric_exit,14,60,5,5.0,5.0,1.0,68c15a0ca22cd55577fcabeee08d599336d7d998c21abacc9df1351cded420c0,152,152,0.5263157894736842105263157895,1.122995577870584924191010340,8,8,0.06255761352830064312325308284,-0.0805679915521737918252191611,84,0.5238095238095238095238095238,4,4,68,0.5294117647058823529411764706,4,4,run_5f5cf2da99ef4e7ea7ddcd2288ce9005,ema_pullback:ae0aa3682ba510e6aabaed4a
w14-lb070-sym3,lab_ema500_3d_symmetric_exit,14,70,3,3.0,3.0,1.0,68c15a0ca22cd55577fcabeee08d599336d7d998c21abacc9df1351cded420c0,145,145,0.5310344827586206896551724138,1.085776662905286137531345192,9,9,0.024660747818803463138670633,-0.0395122742202624640806858815,78,0.5512820512820512820512820513,8,8,67,0.5074626865671641791044776119,1,1,run_db0c41af669b4b5db89141330f3c5a48,ema_pullback:53746bfec9755fd24923abc9
w14-lb070-sym4,lab_ema500_3d_symmetric_exit,14,70,4,4.0,4.0,1.0,68c15a0ca22cd55577fcabeee08d599336d7d998c21abacc9df1351cded420c0,144,144,0.5694444444444444444444444444,1.271828903992455371244266356,20,20,0.1007021967707347736132540853,-0.0648560264556376113765444978,78,0.5769230769230769230769230769,12,12,66,0.5606060606060606060606060606,8,8,run_6fa58fe7fa364bfd94bcc4d3838b2aed,ema_pullback:de8fc26f5292d92371c64246
w14-lb070-sym5,lab_ema500_3d_symmetric_exit,14,70,5,5.0,5.0,1.0,68c15a0ca22cd55577fcabeee08d599336d7d998c21abacc9df1351cded420c0,144,144,0.5277777777777777777777777778,1.129574024405179929098858194,8,8,0.06325150254751152114753020366,-0.0805679915521737918252191589,78,0.5256410256410256410256410256,4,4,66,0.5303030303030303030303030303,4,4,run_e38e4b9379b941ae944cacef60d8f2e1,ema_pullback:98fe2228c8f494ebb5bfd8d0
w14-lb080-sym3,lab_ema500_3d_symmetric_exit,14,80,3,3.0,3.0,1.0,68c15a0ca22cd55577fcabeee08d599336d7d998c21abacc9df1351cded420c0,137,137,0.5255474452554744525547445255,1.058735537042900374899269026,7,7,0.01621862038055225158047221467,-0.0382724263152594844566617935,75,0.5466666666666666666666666667,7,7,62,0.5,0,0,run_a9accd5f24bc47d4945e65f8892f3f01,ema_pullback:50a869421d599d3a9dc6392d
w14-lb080-sym4,lab_ema500_3d_symmetric_exit,14,80,4,4.0,4.0,1.0,68c15a0ca22cd55577fcabeee08d599336d7d998c21abacc9df1351cded420c0,136,136,0.5661764705882352941176470588,1.250436963152316506276533637,18,18,0.08865954488429987805008401054,-0.0632458231292130609347881123,75,0.5733333333333333333333333333,11,11,61,0.5573770491803278688524590164,7,7,run_210773f9e40944c4a633cd248186962f,ema_pullback:fe55fcb6b6c04b12f29f5f5a
w14-lb080-sym5,lab_ema500_3d_symmetric_exit,14,80,5,5.0,5.0,1.0,68c15a0ca22cd55577fcabeee08d599336d7d998c21abacc9df1351cded420c0,136,136,0.5220588235294117647058823529,1.104446446129921915552119109,6,6,0.04876905524724159169986808272,-0.0785882027538351191112787948,75,0.52,3,3,61,0.5245901639344262295081967213,3,3,run_bd356898870748f098a3929e2d3dcb0f,ema_pullback:be6685eaacde0e4e6dbe3543
w14-lb090-sym3,lab_ema500_3d_symmetric_exit,14,90,3,3.0,3.0,1.0,68c15a0ca22cd55577fcabeee08d599336d7d998c21abacc9df1351cded420c0,131,131,0.5190839694656488549618320611,1.037411792850528717671893242,5,5,0.01005579843337773604080516332,-0.0393165139666594413749787838,72,0.5416666666666666666666666667,6,6,59,0.4915254237288135593220338983,-1,-1,run_cf0d0c7e5c0746458e1d666eb2065e28,ema_pullback:55b4e733ac3cb9f21df9f38e
w14-lb090-sym4,lab_ema500_3d_symmetric_exit,14,90,4,4.0,4.0,1.0,68c15a0ca22cd55577fcabeee08d599336d7d998c21abacc9df1351cded420c0,130,130,0.5615384615384615384615384615,1.232637791865711150323480557,16,16,0.07988783490025506741938631032,-0.0646013000661163597775480706,72,0.5694444444444444444444444444,10,10,58,0.5517241379310344827586206897,6,6,run_b0b921ca55644e4a93065173b0012376,ema_pullback:1e08cd91b3306c9bc8431b5c
w14-lb090-sym5,lab_ema500_3d_symmetric_exit,14,90,5,5.0,5.0,1.0,68c15a0ca22cd55577fcabeee08d599336d7d998c21abacc9df1351cded420c0,130,130,0.5153846153846153846153846154,1.084289347366283389206399564,4,4,0.03824353227188759732332780187,-0.0849586986881334580691450139,72,0.5138888888888888888888888889,2,2,58,0.5172413793103448275862068966,2,2,run_8d01d4e30d94469e8c745e1eb55d9798,ema_pullback:b563c420623070f9779e3a50
w14-lb100-sym3,lab_ema500_3d_symmetric_exit,14,100,3,3.0,3.0,1.0,68c15a0ca22cd55577fcabeee08d599336d7d998c21abacc9df1351cded420c0,128,128,0.515625,1.009825842098146025244687546,4,4,0.002620848910099585525822536859,-0.0393165139666594413749787818,69,0.5362318840579710144927536232,5,5,59,0.4915254237288135593220338983,-1,-1,run_a1064a44b93843b89b1caceb8d41713c,ema_pullback:7dd114387cd1c357d40cf4ab
w14-lb100-sym4,lab_ema500_3d_symmetric_exit,14,100,4,4.0,4.0,1.0,68c15a0ca22cd55577fcabeee08d599336d7d998c21abacc9df1351cded420c0,127,127,0.5590551181102362204724409449,1.203821366060398938525790112,15,15,0.06931159640405005797184153,-0.0646013000661163597775480751,69,0.5652173913043478260869565217,9,9,58,0.5517241379310344827586206897,6,6,run_3177f658ba2b498ab35ee6a59c83d136,ema_pullback:194b465e1f34528155afd78c
w14-lb100-sym5,lab_ema500_3d_symmetric_exit,14,100,5,5.0,5.0,1.0,68c15a0ca22cd55577fcabeee08d599336d7d998c21abacc9df1351cded420c0,127,127,0.5196850393700787401574803150,1.100395723886130755860115538,5,5,0.04464061470966756570770149999,-0.0893043111536790347719598013,69,0.5217391304347826086956521739,3,3,58,0.5172413793103448275862068966,2,2,run_d2e9ec38471f4a6eadd24d4084cb9cdb,ema_pullback:74fdd89688715e41539d7802
w14-lb110-sym3,lab_ema500_3d_symmetric_exit,14,110,3,3.0,3.0,1.0,68c15a0ca22cd55577fcabeee08d599336d7d998c21abacc9df1351cded420c0,123,123,0.5203252032520325203252032520,1.029144366728185524374201128,5,5,0.007426650199535048684909006184,-0.0393165139666594413749787848,66,0.5454545454545454545454545455,6,6,57,0.4912280701754385964912280702,-1,-1,run_0f21c4cb3d0b471fa37d80697de8ac24,ema_pullback:d20a93def3520d9f12fb6c5b
w14-lb110-sym4,lab_ema500_3d_symmetric_exit,14,110,4,4.0,4.0,1.0,68c15a0ca22cd55577fcabeee08d599336d7d998c21abacc9df1351cded420c0,122,122,0.5573770491803278688524590164,1.201373823777616722001945751,14,14,0.0658435605978911399684758749,-0.0646013000661163597775480722,66,0.5606060606060606060606060606,8,8,56,0.5535714285714285714285714286,6,6,run_6b66e3b8c89d4edd81a0dcf1847af993,ema_pullback:d923407119b4093d34b05164
w14-lb110-sym5,lab_ema500_3d_symmetric_exit,14,110,5,5.0,5.0,1.0,68c15a0ca22cd55577fcabeee08d599336d7d998c21abacc9df1351cded420c0,122,122,0.5163934426229508196721311475,1.094510565483703667943840045,4,4,0.04043265535824461816271136725,-0.0840182651499130789644636676,66,0.5151515151515151515151515152,2,2,56,0.5178571428571428571428571429,2,2,run_bdba996ba7c7409a9a58b1eaf72a66db,ema_pullback:d29385de32a5c8772c6c687e
w14-lb120-sym3,lab_ema500_3d_symmetric_exit,14,120,3,3.0,3.0,1.0,68c15a0ca22cd55577fcabeee08d599336d7d998c21abacc9df1351cded420c0,120,120,0.5333333333333333333333333333,1.042644457292010789046033852,8,8,0.01074903600525205135581200803,-0.0388926969169902288050091230,65,0.5538461538461538461538461538,7,7,55,0.5090909090909090909090909091,1,1,run_b2adb9d00b07434da9df6bf2f6eae137,ema_pullback:9fbf86a930592b7aae6af9b7
w14-lb120-sym4,lab_ema500_3d_symmetric_exit,14,120,4,4.0,4.0,1.0,68c15a0ca22cd55577fcabeee08d599336d7d998c21abacc9df1351cded420c0,119,119,0.5714285714285714285714285714,1.218106160507209139970975023,17,17,0.07053403967379862635218049128,-0.0640510026589187444117369027,65,0.5692307692307692307692307692,9,9,54,0.5740740740740740740740740741,8,8,run_49c57b03c90943719a949fe4406a5986,ema_pullback:f3acb3dc76fd7cf9a60b3220
w14-lb120-sym5,lab_ema500_3d_symmetric_exit,14,120,5,5.0,5.0,1.0,68c15a0ca22cd55577fcabeee08d599336d7d998c21abacc9df1351cded420c0,119,119,0.5294117647058823529411764706,1.108937565869050777924395126,7,7,0.04616056717013839904975765164,-0.0820845008655638500018224774,65,0.5230769230769230769230769231,3,3,54,0.5370370370370370370370370370,4,4,run_47a1bcb59030469d99324e2f4089eb0c,ema_pullback:0c7965f3e92213cf6fd007fe
w14-lb130-sym3,lab_ema500_3d_symmetric_exit,14,130,3,3.0,3.0,1.0,68c15a0ca22cd55577fcabeee08d599336d7d998c21abacc9df1351cded420c0,118,118,0.5254237288135593220338983051,1.033252990668914867035880065,6,6,0.008365820653463966982237236942,-0.0388926969169902288050091220,63,0.5396825396825396825396825397,5,5,55,0.5090909090909090909090909091,1,1,run_883e309f73924ce7b9249070795dab99,ema_pullback:9f8472af936920b4def5b40f
w14-lb130-sym4,lab_ema500_3d_symmetric_exit,14,130,4,4.0,4.0,1.0,68c15a0ca22cd55577fcabeee08d599336d7d998c21abacc9df1351cded420c0,117,117,0.5641025641025641025641025641,1.208246756464238443920463757,15,15,0.06717058468768367485245024152,-0.0640510026589187444117369032,63,0.5555555555555555555555555556,7,7,54,0.5740740740740740740740740741,8,8,run_8ad18be2fe4744d0a85f4e5c2e613968,ema_pullback:5f31a3790d1f3cb4dd4e25c7
w14-lb130-sym5,lab_ema500_3d_symmetric_exit,14,130,5,5.0,5.0,1.0,68c15a0ca22cd55577fcabeee08d599336d7d998c21abacc9df1351cded420c0,117,117,0.5299145299145299145299145299,1.105035735076355979057348385,7,7,0.04429865610986855420873966356,-0.0820845008655638500018224785,63,0.5238095238095238095238095238,3,3,54,0.5370370370370370370370370370,4,4,run_c8a57e02fa844d339c7cf7ea02cf680f,ema_pullback:b28abd88f24312da76ed86c2
w14-lb140-sym3,lab_ema500_3d_symmetric_exit,14,140,3,3.0,3.0,1.0,68c15a0ca22cd55577fcabeee08d599336d7d998c21abacc9df1351cded420c0,116,116,0.5172413793103448275862068966,1.009181884458902702454625251,4,4,0.002298592979749446314224450455,-0.0388926969169902288050091224,61,0.5245901639344262295081967213,3,3,55,0.5090909090909090909090909091,1,1,run_bfe320c32c37440cae4776dddb5bc148,ema_pullback:85ee602f7b61db11e8b875c3
w14-lb140-sym4,lab_ema500_3d_symmetric_exit,14,140,4,4.0,4.0,1.0,68c15a0ca22cd55577fcabeee08d599336d7d998c21abacc9df1351cded420c0,115,115,0.5565217391304347826086956522,1.182966417783819783313013875,13,13,0.05862438140140968703875654367,-0.0640510026589187444117369040,61,0.5409836065573770491803278689,5,5,54,0.5740740740740740740740740741,8,8,run_00e28b9214b24e72a7534e214005ac23,ema_pullback:c6293e59dfc2521883f249a4
w14-lb140-sym5,lab_ema500_3d_symmetric_exit,14,140,5,5.0,5.0,1.0,68c15a0ca22cd55577fcabeee08d599336d7d998c21abacc9df1351cded420c0,115,115,0.5217391304347826086956521739,1.080967300164839400144956029,5,5,0.03386338133185435034619613655,-0.0820845008655638500018224789,61,0.5081967213114754098360655738,1,1,54,0.5370370370370370370370370370,4,4,run_330f6e5389324f7c885d65332ef1faf0,ema_pullback:a44eb4bece6e8a1fb0522251
w14-lb150-sym3,lab_ema500_3d_symmetric_exit,14,150,3,3.0,3.0,1.0,68c15a0ca22cd55577fcabeee08d599336d7d998c21abacc9df1351cded420c0,115,115,0.5217391304347826086956521739,1.018889641529415242834540418,5,5,0.004694976012209824738234339758,-0.0388926969169902288050091212,61,0.5245901639344262295081967213,3,3,54,0.5185185185185185185185185185,2,2,run_74d8cbeb1e60446da96416b847acc471,ema_pullback:a1c4a55733900ef5bce7a6c7
w14-lb150-sym4,lab_ema500_3d_symmetric_exit,14,150,4,4.0,4.0,1.0,68c15a0ca22cd55577fcabeee08d599336d7d998c21abacc9df1351cded420c0,114,114,0.5614035087719298245614035088,1.194825700151000376709939631,14,14,0.0620018086144693193295321292,-0.0640510026589187444117369025,61,0.5409836065573770491803278689,5,5,53,0.5849056603773584905660377358,9,9,run_85e3afc145424c0d81edca9b42006cd4,ema_pullback:8cfa736e108f9849ca2b3902
w14-lb150-sym5,lab_ema500_3d_symmetric_exit,14,150,5,5.0,5.0,1.0,68c15a0ca22cd55577fcabeee08d599336d7d998c21abacc9df1351cded420c0,114,114,0.5263157894736842105263157895,1.091340442600569652128068876,6,6,0.03798970986602028149002661443,-0.0820845008655638500018224749,61,0.5081967213114754098360655738,1,1,53,0.5471698113207547169811320755,5,5,run_748647350d1547f1b8c5f1f5da5b3e85,ema_pullback:08b05c7de4c05264cba9d560
w14-lb160-sym3,lab_ema500_3d_symmetric_exit,14,160,3,3.0,3.0,1.0,68c15a0ca22cd55577fcabeee08d599336d7d998c21abacc9df1351cded420c0,112,112,0.5267857142857142857142857143,1.024155853590021898547324149,6,6,0.005863024796466140466102977844,-0.0388926969169902288050091210,58,0.5344827586206896551724137931,4,4,54,0.5185185185185185185185185185,2,2,run_aec60b4efcf844fc9f552036e22d15da,ema_pullback:c3df71fa38fe43a7ef2cc800
w14-lb160-sym4,lab_ema500_3d_symmetric_exit,14,160,4,4.0,4.0,1.0,68c15a0ca22cd55577fcabeee08d599336d7d998c21abacc9df1351cded420c0,111,111,0.5675675675675675675675675676,1.204940742239510069133714271,15,15,0.06366266663987119877364830906,-0.0640510026589187444117369017,58,0.5517241379310344827586206897,6,6,53,0.5849056603773584905660377358,9,9,run_672a24aee1fd44baaea35c578dc40783,ema_pullback:1c24d2581188dc1532ee450c
w14-lb160-sym5,lab_ema500_3d_symmetric_exit,14,160,5,5.0,5.0,1.0,68c15a0ca22cd55577fcabeee08d599336d7d998c21abacc9df1351cded420c0,111,111,0.5315315315315315315315315315,1.098346991026022738588499658,7,7,0.04003672126680519869722709614,-0.0906532810589961916634451589,58,0.5172413793103448275862068966,2,2,53,0.5471698113207547169811320755,5,5,run_674749668efb49e5945c542d8b4ce59f,ema_pullback:f7d732b03292dc4ec8e17830
w14-lb170-sym3,lab_ema500_3d_symmetric_exit,14,170,3,3.0,3.0,1.0,68c15a0ca22cd55577fcabeee08d599336d7d998c21abacc9df1351cded420c0,111,111,0.5315315315315315315315315315,1.039180954111985563357235138,7,7,0.009403813717410328426747844303,-0.0388926969169902288050091210,57,0.5438596491228070175438596491,5,5,54,0.5185185185185185185185185185,2,2,run_9ffd2c1dad6f47cdbf3b10b2160b55e7,ema_pullback:280558d3b3600d2a35a97e7a
w14-lb170-sym4,lab_ema500_3d_symmetric_exit,14,170,4,4.0,4.0,1.0,68c15a0ca22cd55577fcabeee08d599336d7d998c21abacc9df1351cded420c0,110,110,0.5727272727272727272727272727,1.223412241154123579721914317,16,16,0.06866086790136830807294556614,-0.0640510026589187444117369028,57,0.5614035087719298245614035088,7,7,53,0.5849056603773584905660377358,9,9,run_eecad2cc76f04973af55c009c10a211f,ema_pullback:01805f6cbd4f52fda175f62f
w14-lb170-sym5,lab_ema500_3d_symmetric_exit,14,170,5,5.0,5.0,1.0,68c15a0ca22cd55577fcabeee08d599336d7d998c21abacc9df1351cded420c0,110,110,0.5363636363636363636363636364,1.114381994421725927969865946,8,8,0.04615288358206237699976838091,-0.0906532810589961916634451628,57,0.5263157894736842105263157895,3,3,53,0.5471698113207547169811320755,5,5,run_2a8e7a31a1bb4b21932182685daf8b13,ema_pullback:5ea6fe79f72ab660ea4b76e4
w14-lb180-sym3,lab_ema500_3d_symmetric_exit,14,180,3,3.0,3.0,1.0,68c15a0ca22cd55577fcabeee08d599336d7d998c21abacc9df1351cded420c0,109,109,0.5321100917431192660550458716,1.056962029618748807060515573,7,7,0.01335294700306267420460216882,-0.0388926969169902288050091235,57,0.5438596491228070175438596491,5,5,52,0.5192307692307692307692307692,2,2,run_00822798908b405d80b1c1aa40c84dc0,ema_pullback:7818b90c3ead2269284f6c87
w14-lb180-sym4,lab_ema500_3d_symmetric_exit,14,180,4,4.0,4.0,1.0,68c15a0ca22cd55577fcabeee08d599336d7d998c21abacc9df1351cded420c0,108,108,0.5740740740740740740740740741,1.247860960008638153216503978,16,16,0.07424780662158634380976803048,-0.0640510026589187444117369034,57,0.5614035087719298245614035088,7,7,51,0.5882352941176470588235294118,9,9,run_f9eaf68060fb48b39b90a167603a7a58,ema_pullback:21e6ccb7057a45524a61b051
w14-lb180-sym5,lab_ema500_3d_symmetric_exit,14,180,5,5.0,5.0,1.0,68c15a0ca22cd55577fcabeee08d599336d7d998c21abacc9df1351cded420c0,108,108,0.5370370370370370370370370370,1.134515664175677793993369010,8,8,0.05300459401778281814825094462,-0.0906532810589961916634451638,57,0.5263157894736842105263157895,3,3,51,0.5490196078431372549019607843,5,5,run_12fafa7f00f3411c860125bb6fc912ea,ema_pullback:c85997bf279c3ed65314a98f
w14-lb190-sym3,lab_ema500_3d_symmetric_exit,14,190,3,3.0,3.0,1.0,68c15a0ca22cd55577fcabeee08d599336d7d998c21abacc9df1351cded420c0,108,108,0.5277777777777777777777777778,1.055570252818120347833869625,6,6,0.01302463414845830742950836069,-0.0388926969169902288050091193,57,0.5438596491228070175438596491,5,5,51,0.5098039215686274509803921569,1,1,run_bac2439a8b954cc48f2cd3b80f420d79,ema_pullback:0c2615556f4a54416d2191c0
w14-lb190-sym4,lab_ema500_3d_symmetric_exit,14,190,4,4.0,4.0,1.0,68c15a0ca22cd55577fcabeee08d599336d7d998c21abacc9df1351cded420c0,107,107,0.5700934579439252336448598131,1.246373359409034739066852456,15,15,0.07378380076167971025059416938,-0.0640510026589187444117369037,57,0.5614035087719298245614035088,7,7,50,0.58,8,8,run_675f9e31add54d2591e5b64a31a4ebc4,ema_pullback:7c5e39c0f7ff3ce5e913d44d
w14-lb190-sym5,lab_ema500_3d_symmetric_exit,14,190,5,5.0,5.0,1.0,68c15a0ca22cd55577fcabeee08d599336d7d998c21abacc9df1351cded420c0,107,107,0.5327102803738317757009345794,1.133114189075481831974809437,7,7,0.05243611770364318347145797227,-0.0906532810589961916634451600,57,0.5263157894736842105263157895,3,3,50,0.54,4,4,run_c0e7c1b8f44d4ea6ae808427ec9cbd9a,ema_pullback:9289420d3d72f4bf42f50dc9
w14-lb200-sym3,lab_ema500_3d_symmetric_exit,14,200,3,3.0,3.0,1.0,68c15a0ca22cd55577fcabeee08d599336d7d998c21abacc9df1351cded420c0,105,105,0.5428571428571428571428571429,1.086300413401739337997358827,9,9,0.01975068521342864619724313897,-0.0388926969169902288050091238,54,0.5740740740740740740740740741,8,8,51,0.5098039215686274509803921569,1,1,run_9955e45039664ede8aaca80462075d34,ema_pullback:bb0613d534ea1c9aac4cd13f
w14-lb200-sym4,lab_ema500_3d_symmetric_exit,14,200,4,4.0,4.0,1.0,68c15a0ca22cd55577fcabeee08d599336d7d998c21abacc9df1351cded420c0,104,104,0.5865384615384615384615384615,1.284938048364413067570992883,18,18,0.08330383826354552189230195581,-0.0626053845472354711422042040,54,0.5925925925925925925925925926,10,10,50,0.58,8,8,run_d0ff697dcded4a4785d6855ca2b2d38d,ema_pullback:d657e2c598bfcca4a9fd791d
w14-lb200-sym5,lab_ema500_3d_symmetric_exit,14,200,5,5.0,5.0,1.0,68c15a0ca22cd55577fcabeee08d599336d7d998c21abacc9df1351cded420c0,104,104,0.5480769230769230769230769231,1.166179121163100670950068557,10,10,0.06411687850382563041572921737,-0.0876782641905951278934157089,54,0.5555555555555555555555555556,6,6,50,0.54,4,4,run_0d200259db584699a106222cdc821670,ema_pullback:2d7f6cbd826f35734c2cd08a
w14-lb210-sym3,lab_ema500_3d_symmetric_exit,14,210,3,3.0,3.0,1.0,68c15a0ca22cd55577fcabeee08d599336d7d998c21abacc9df1351cded420c0,104,104,0.5384615384615384615384615385,1.064782815707935692155849973,8,8,0.01482172453033343052656316805,-0.0435382050571885830828712616,54,0.5740740740740740740740740741,8,8,50,0.5,0,0,run_fd9d5bf886da4d76a012e1f67190566d,ema_pullback:745610232cc0337198d410ed
w14-lb210-sym4,lab_ema500_3d_symmetric_exit,14,210,4,4.0,4.0,1.0,68c15a0ca22cd55577fcabeee08d599336d7d998c21abacc9df1351cded420c0,103,103,0.5825242718446601941747572816,1.261212427988953919859415131,17,17,0.07633354245112131243816709712,-0.0686368574654453658803791372,54,0.5925925925925925925925925926,10,10,49,0.5714285714285714285714285714,7,7,run_7f0bd7e243824a1ca6a2910f2e2a51df,ema_pullback:a517f3c9b9f2dd95ed608650
w14-lb210-sym5,lab_ema500_3d_symmetric_exit,14,210,5,5.0,5.0,1.0,68c15a0ca22cd55577fcabeee08d599336d7d998c21abacc9df1351cded420c0,103,103,0.5436893203883495145631067961,1.144107104647557023655493042,9,9,0.05557207187314375836886606388,-0.0950041632294490367168712781,54,0.5555555555555555555555555556,6,6,49,0.5306122448979591836734693878,3,3,run_4722daf0e7cd4806bb58c2354b1f4c61,ema_pullback:c8b53922de642fd7af873755
w14-lb220-sym3,lab_ema500_3d_symmetric_exit,14,220,3,3.0,3.0,1.0,68c15a0ca22cd55577fcabeee08d599336d7d998c21abacc9df1351cded420c0,104,104,0.5384615384615384615384615385,1.064782815707935692155849973,8,8,0.01482172453033343052656316805,-0.0435382050571885830828712616,54,0.5740740740740740740740740741,8,8,50,0.5,0,0,run_1b9e93c6354244dbaa756c3ae3a747be,ema_pullback:1844cef1a556f836e2c7045b
w14-lb220-sym4,lab_ema500_3d_symmetric_exit,14,220,4,4.0,4.0,1.0,68c15a0ca22cd55577fcabeee08d599336d7d998c21abacc9df1351cded420c0,103,103,0.5825242718446601941747572816,1.261212427988953919859415131,17,17,0.07633354245112131243816709712,-0.0686368574654453658803791372,54,0.5925925925925925925925925926,10,10,49,0.5714285714285714285714285714,7,7,run_67c5bbd0c90f4f04b6d50d8a308d27c7,ema_pullback:8c8187791ccf7619370397c4
w14-lb220-sym5,lab_ema500_3d_symmetric_exit,14,220,5,5.0,5.0,1.0,68c15a0ca22cd55577fcabeee08d599336d7d998c21abacc9df1351cded420c0,103,103,0.5436893203883495145631067961,1.144107104647557023655493042,9,9,0.05557207187314375836886606388,-0.0950041632294490367168712781,54,0.5555555555555555555555555556,6,6,49,0.5306122448979591836734693878,3,3,run_0b2cbc1e944d4b5093ca7ce4f90a4d68,ema_pullback:5099ce5d82d8162ff1ef2c80
w14-lb230-sym3,lab_ema500_3d_symmetric_exit,14,230,3,3.0,3.0,1.0,68c15a0ca22cd55577fcabeee08d599336d7d998c21abacc9df1351cded420c0,103,103,0.5436893203883495145631067961,1.077969139460468007829306533,9,9,0.01762469039712475798779047965,-0.0408964309412911142008524949,54,0.5740740740740740740740740741,8,8,49,0.5102040816326530612244897959,1,1,run_4e685c21e0bb499bbd289e090556c7b5,ema_pullback:e04cc2a1f8e5f4f3cf822751
w14-lb230-sym4,lab_ema500_3d_symmetric_exit,14,230,4,4.0,4.0,1.0,68c15a0ca22cd55577fcabeee08d599336d7d998c21abacc9df1351cded420c0,102,102,0.5882352941176470588235294118,1.278484796912790260531227147,18,18,0.08030101283374525437409058831,-0.0652037621118819404984297079,54,0.5925925925925925925925925926,10,10,48,0.5833333333333333333333333333,8,8,run_a0eadf74f2ce4bd993e27246b7ac99f5,ema_pullback:5cc6269c274837a393c77184
w14-lb230-sym5,lab_ema500_3d_symmetric_exit,14,230,5,5.0,5.0,1.0,68c15a0ca22cd55577fcabeee08d599336d7d998c21abacc9df1351cded420c0,102,102,0.5490196078431372549019607843,1.158677052058874021880166615,10,10,0.0604402349763320814895045452,-0.0908304384232522869802997605,54,0.5555555555555555555555555556,6,6,48,0.5416666666666666666666666667,4,4,run_921b4b9529fa49e0a4aa86c5b3b1afd4,ema_pullback:69c1e501e7358a46b90d960d
w14-lb240-sym3,lab_ema500_3d_symmetric_exit,14,240,3,3.0,3.0,1.0,68c15a0ca22cd55577fcabeee08d599336d7d998c21abacc9df1351cded420c0,103,103,0.5436893203883495145631067961,1.077969139460468007829306533,9,9,0.01762469039712475798779047965,-0.0408964309412911142008524949,54,0.5740740740740740740740740741,8,8,49,0.5102040816326530612244897959,1,1,run_a4a004ed100c458f89dc719ebe563616,ema_pullback:ff26ddf1c6e89a65d75c1639
w14-lb240-sym4,lab_ema500_3d_symmetric_exit,14,240,4,4.0,4.0,1.0,68c15a0ca22cd55577fcabeee08d599336d7d998c21abacc9df1351cded420c0,102,102,0.5882352941176470588235294118,1.278484796912790260531227147,18,18,0.08030101283374525437409058831,-0.0652037621118819404984297079,54,0.5925925925925925925925925926,10,10,48,0.5833333333333333333333333333,8,8,run_0670ed44d9d14a4db73e389880ad86dd,ema_pullback:d82010312d30fd2eab7a9ea3
w14-lb240-sym5,lab_ema500_3d_symmetric_exit,14,240,5,5.0,5.0,1.0,68c15a0ca22cd55577fcabeee08d599336d7d998c21abacc9df1351cded420c0,102,102,0.5490196078431372549019607843,1.158677052058874021880166615,10,10,0.0604402349763320814895045452,-0.0908304384232522869802997605,54,0.5555555555555555555555555556,6,6,48,0.5416666666666666666666666667,4,4,run_c07fa08d4f334538bbe440a04cf32081,ema_pullback:7f72f2059de223a1b7efed1a
w14-lb250-sym3,lab_ema500_3d_symmetric_exit,14,250,3,3.0,3.0,1.0,68c15a0ca22cd55577fcabeee08d599336d7d998c21abacc9df1351cded420c0,101,101,0.5445544554455445544554455446,1.095670213714161670183654794,9,9,0.02086883447342598687319732838,-0.0403618543535851910143399654,53,0.5660377358490566037735849057,7,7,48,0.5208333333333333333333333333,2,2,run_5cfd3c0dac6749e8872a4fb63e93164a,ema_pullback:7bae1a4f232ade358cfd379b
w14-lb250-sym4,lab_ema500_3d_symmetric_exit,14,250,4,4.0,4.0,1.0,68c15a0ca22cd55577fcabeee08d599336d7d998c21abacc9df1351cded420c0,100,100,0.59,1.306626733995921328023937894,18,18,0.08491349094117023369645335078,-0.0620732464918075270242531430,53,0.5849056603773584905660377358,9,9,47,0.5957446808510638297872340426,9,9,run_c14f81e62f4544d6a43e03513b9fdb91,ema_pullback:6bda733562a0ef37499af260
w14-lb250-sym5,lab_ema500_3d_symmetric_exit,14,250,5,5.0,5.0,1.0,68c15a0ca22cd55577fcabeee08d599336d7d998c21abacc9df1351cded420c0,100,100,0.55,1.180379394208710200030153869,10,10,0.06612513361868529125079420468,-0.0793651783403100749054309331,53,0.5471698113207547169811320755,5,5,47,0.5531914893617021276595744681,5,5,run_ba486e9fa1174fb0941e4ffd2c0180cd,ema_pullback:33480856db770ef396b8489a
w14-lb260-sym3,lab_ema500_3d_symmetric_exit,14,260,3,3.0,3.0,1.0,68c15a0ca22cd55577fcabeee08d599336d7d998c21abacc9df1351cded420c0,101,101,0.5445544554455445544554455446,1.095670213714161670183654794,9,9,0.02086883447342598687319732838,-0.0403618543535851910143399654,53,0.5660377358490566037735849057,7,7,48,0.5208333333333333333333333333,2,2,run_5976ba8123a24ba9a1168437fd6b6472,ema_pullback:82832dfd2ee29cdd2585c54c
w14-lb260-sym4,lab_ema500_3d_symmetric_exit,14,260,4,4.0,4.0,1.0,68c15a0ca22cd55577fcabeee08d599336d7d998c21abacc9df1351cded420c0,100,100,0.59,1.306626733995921328023937894,18,18,0.08491349094117023369645335078,-0.0620732464918075270242531430,53,0.5849056603773584905660377358,9,9,47,0.5957446808510638297872340426,9,9,run_f3f03d1157ab469c97fdb119785c2637,ema_pullback:fe8d0127f1483b542a52ba93
w14-lb260-sym5,lab_ema500_3d_symmetric_exit,14,260,5,5.0,5.0,1.0,68c15a0ca22cd55577fcabeee08d599336d7d998c21abacc9df1351cded420c0,100,100,0.55,1.180379394208710200030153869,10,10,0.06612513361868529125079420468,-0.0793651783403100749054309331,53,0.5471698113207547169811320755,5,5,47,0.5531914893617021276595744681,5,5,run_099d14d79f694e8d83b7b77e1db2dfd1,ema_pullback:0729f2c91f12ae7c1491233e
w14-lb270-sym3,lab_ema500_3d_symmetric_exit,14,270,3,3.0,3.0,1.0,68c15a0ca22cd55577fcabeee08d599336d7d998c21abacc9df1351cded420c0,101,101,0.5445544554455445544554455446,1.095670213714161670183654794,9,9,0.02086883447342598687319732838,-0.0403618543535851910143399654,53,0.5660377358490566037735849057,7,7,48,0.5208333333333333333333333333,2,2,run_11e49f19dc48494191d5fd7c6e7b18d0,ema_pullback:0dde66226bbf648ba2827ea6
w14-lb270-sym4,lab_ema500_3d_symmetric_exit,14,270,4,4.0,4.0,1.0,68c15a0ca22cd55577fcabeee08d599336d7d998c21abacc9df1351cded420c0,100,100,0.59,1.306626733995921328023937894,18,18,0.08491349094117023369645335078,-0.0620732464918075270242531430,53,0.5849056603773584905660377358,9,9,47,0.5957446808510638297872340426,9,9,run_1bcace6733a7401ea81c1d407fce6b09,ema_pullback:0c3b4105c0d627031cac273a
w14-lb270-sym5,lab_ema500_3d_symmetric_exit,14,270,5,5.0,5.0,1.0,68c15a0ca22cd55577fcabeee08d599336d7d998c21abacc9df1351cded420c0,100,100,0.55,1.180379394208710200030153869,10,10,0.06612513361868529125079420468,-0.0793651783403100749054309331,53,0.5471698113207547169811320755,5,5,47,0.5531914893617021276595744681,5,5,run_7901da7b9d6f40cbafeb47ca0aa29dbd,ema_pullback:c33c699a0471f6f08b93e11b
w14-lb280-sym3,lab_ema500_3d_symmetric_exit,14,280,3,3.0,3.0,1.0,68c15a0ca22cd55577fcabeee08d599336d7d998c21abacc9df1351cded420c0,101,101,0.5445544554455445544554455446,1.095670213714161670183654794,9,9,0.02086883447342598687319732838,-0.0403618543535851910143399654,53,0.5660377358490566037735849057,7,7,48,0.5208333333333333333333333333,2,2,run_11fcf9eef7464e1f80d8df856b967a6b,ema_pullback:0bf7bf854f864257903ed841
w14-lb280-sym4,lab_ema500_3d_symmetric_exit,14,280,4,4.0,4.0,1.0,68c15a0ca22cd55577fcabeee08d599336d7d998c21abacc9df1351cded420c0,100,100,0.59,1.306626733995921328023937894,18,18,0.08491349094117023369645335078,-0.0620732464918075270242531430,53,0.5849056603773584905660377358,9,9,47,0.5957446808510638297872340426,9,9,run_85c204ca4a964b13a526d96b7b2d5990,ema_pullback:c2e2907b158647a2eb215670
w14-lb280-sym5,lab_ema500_3d_symmetric_exit,14,280,5,5.0,5.0,1.0,68c15a0ca22cd55577fcabeee08d599336d7d998c21abacc9df1351cded420c0,100,100,0.55,1.180379394208710200030153869,10,10,0.06612513361868529125079420468,-0.0793651783403100749054309331,53,0.5471698113207547169811320755,5,5,47,0.5531914893617021276595744681,5,5,run_906d69da2f8e48d3a41aeb7dad778dc0,ema_pullback:add226deb26c95c48c04bed0
w14-lb290-sym3,lab_ema500_3d_symmetric_exit,14,290,3,3.0,3.0,1.0,68c15a0ca22cd55577fcabeee08d599336d7d998c21abacc9df1351cded420c0,100,100,0.54,1.068155047562397191157680381,8,8,0.01483124577282864278806005043,-0.0403618543535851910143399661,52,0.5576923076923076923076923077,6,6,48,0.5208333333333333333333333333,2,2,run_953a2ce26a18435ab2e9356abbc17516,ema_pullback:0ec8b52b167f5d0d1f3feb47
w14-lb290-sym4,lab_ema500_3d_symmetric_exit,14,290,4,4.0,4.0,1.0,68c15a0ca22cd55577fcabeee08d599336d7d998c21abacc9df1351cded420c0,99,99,0.5858585858585858585858585859,1.276863923296802955933945696,17,17,0.07637517729202383945696795808,-0.0620732464918075270242531421,52,0.5769230769230769230769230769,8,8,47,0.5957446808510638297872340426,9,9,run_e3204d45da854a578b1698c83053b082,ema_pullback:06412a530d510beaf2fb0b04
w14-lb290-sym5,lab_ema500_3d_symmetric_exit,14,290,5,5.0,5.0,1.0,68c15a0ca22cd55577fcabeee08d599336d7d998c21abacc9df1351cded420c0,99,99,0.5555555555555555555555555556,1.215142338673014586501690067,11,11,0.07680226046056965974086621628,-0.0770815967382527643079733799,52,0.5576923076923076923076923077,6,6,47,0.5531914893617021276595744681,5,5,run_20ee99ad8dc9428b9f54d46112d62c59,ema_pullback:86e7c44b3a45a656431d1255
w14-lb300-sym3,lab_ema500_3d_symmetric_exit,14,300,3,3.0,3.0,1.0,68c15a0ca22cd55577fcabeee08d599336d7d998c21abacc9df1351cded420c0,100,100,0.54,1.068155047562397191157680381,8,8,0.01483124577282864278806005043,-0.0403618543535851910143399661,52,0.5576923076923076923076923077,6,6,48,0.5208333333333333333333333333,2,2,run_859e8ba175504d67a627583295608f22,ema_pullback:e77794ff7ae12855194016c0
w14-lb300-sym4,lab_ema500_3d_symmetric_exit,14,300,4,4.0,4.0,1.0,68c15a0ca22cd55577fcabeee08d599336d7d998c21abacc9df1351cded420c0,99,99,0.5858585858585858585858585859,1.276863923296802955933945696,17,17,0.07637517729202383945696795808,-0.0620732464918075270242531421,52,0.5769230769230769230769230769,8,8,47,0.5957446808510638297872340426,9,9,run_05f7980020464ca8bcd93d161ea8c5cd,ema_pullback:12a6e82820c9107a4668a81f
w14-lb300-sym5,lab_ema500_3d_symmetric_exit,14,300,5,5.0,5.0,1.0,68c15a0ca22cd55577fcabeee08d599336d7d998c21abacc9df1351cded420c0,99,99,0.5555555555555555555555555556,1.215142338673014586501690067,11,11,0.07680226046056965974086621628,-0.0770815967382527643079733799,52,0.5576923076923076923076923077,6,6,47,0.5531914893617021276595744681,5,5,run_4a3157e4045d4af58c1fa1b299db6f35,ema_pullback:6e8c3c14bb4a1c73a82ef1ac
