candidate_id,source_batch_id,min_current_width_atr,untouched_lookback,tp_sl_ratio,tp_atr_multiplier,sl_atr_multiplier,market_data_hash,realised_trade_count,r_eligible_trade_count,win_rate,profit_factor,cumulative_gross_r,cumulative_net_r,return_pct,max_drawdown_pct,long_trades,long_win_rate,long_cumulative_gross_r,long_cumulative_net_r,short_trades,short_win_rate,short_cumulative_gross_r,short_cumulative_net_r,run_id,instance_id
w09-lb070-r2_0,lab_3d_w09_lb_ratio,9,70,2.0,6.0,3.0,ad084c92621e84c7183b4b2bfdc8ce546c381e71183729434744148a4a73455e,391,391,0.3682864450127877237851662404,1.123464921112631313880474324,40.99999999999999901849662294,40.99999999999999901849662294,0.1691241260149454305980811853,-0.1032618524948184190064884495,250,0.396,47.00000000000000006477268044,47.00000000000000006477268044,141,0.3191489361702127659574468085,-6.000000000000001046276057461,-6.000000000000001046276057461,run_2b0f08821d9540979c62e31df6a36f4e,ema_pullback:74dcc178ab14662fc1a88be9
w09-lb070-r2_25,lab_3d_w09_lb_ratio,9,70,2.25,6.75,3.0,ad084c92621e84c7183b4b2bfdc8ce546c381e71183729434744148a4a73455e,389,389,0.3341902313624678663239074550,1.065429912698095750237629929,33.50000000000000178420003807,33.50000000000000178420003807,0.09044509167072601601303874916,-0.1165952973654532309322165165,249,0.3534136546184738955823293173,37.00000000000000004168576320,37.00000000000000004168576320,140,0.3,-3.499999999999998257485725134,-3.499999999999998257485725134,run_5af10a5da614421bb4bd6254cf4a2919,ema_pullback:01c34e3de4eb63c578c39a22
w09-lb070-r2_5,lab_3d_w09_lb_ratio,9,70,2.5,7.5,3.0,ad084c92621e84c7183b4b2bfdc8ce546c381e71183729434744148a4a73455e,388,388,0.3144329896907216494845360825,1.094654357967107674251195912,39.00000000000000341703420280,39.00000000000000341703420280,0.1352994812784718102544707692,-0.1067881261973647956258017462,248,0.3266129032258064516129032258,35.50000000000000182004404435,35.50000000000000182004404435,140,0.2928571428571428571428571429,3.500000000000001596990158454,3.500000000000001596990158454,run_5592f3b9009e444982fe19293653ebc8,ema_pullback:542ef7e3630b17ec005c7a49
w09-lb070-r2_75,lab_3d_w09_lb_ratio,9,70,2.75,8.25,3.0,ad084c92621e84c7183b4b2bfdc8ce546c381e71183729434744148a4a73455e,386,386,0.3108808290155440414507772021,1.178733980167182459074608687,64.00000000000000524459998783,64.00000000000000524459998783,0.2684784531358356220144659326,-0.0923472103477506037895067781,246,0.3211382113821138211382113821,50.25000000000000279725743724,50.25000000000000279725743724,140,0.2928571428571428571428571429,13.75000000000000244734255056,13.75000000000000244734255056,run_84f60e9b607842fa9ba42dea6da0a6c1,ema_pullback:c35d7d327fcdab0ca6370561
w09-lb070-r3_0,lab_3d_w09_lb_ratio,9,70,3.0,9.0,3.0,ad084c92621e84c7183b4b2bfdc8ce546c381e71183729434744148a4a73455e,384,384,0.2916666666666666666666666667,1.176170609536982561703565828,64.00000000000000179928358856,64.00000000000000179928358856,0.2664929490016303445950736867,-0.0807411603069237097872099298,245,0.3020408163265306122448979592,51.00000000000000072070610007,51.00000000000000072070610007,139,0.2733812949640287769784172662,13.00000000000000107857748845,13.00000000000000107857748845,run_7af73058443547b9b08a4a3fbd5f3518,ema_pullback:a493b95bb9212f18179fb282
w09-lb070-r3_25,lab_3d_w09_lb_ratio,9,70,3.25,9.75,3.0,ad084c92621e84c7183b4b2bfdc8ce546c381e71183729434744148a4a73455e,384,384,0.2838541666666666666666666667,1.215166556179324484002091096,79.25000000000000183393054113,79.25000000000000183393054113,0.3372832219239349514585615514,-0.0700535307307123416408267898,245,0.2897959183673469387755102041,56.75000000000000164822393159,56.75000000000000164822393159,139,0.2733812949640287769784172662,22.50000000000000018570660956,22.50000000000000018570660956,run_97c8df0ae7f948f1a182935e32562997,ema_pullback:52f3ebb5d42d5b9b2760d9d6
w09-lb070-r3_5,lab_3d_w09_lb_ratio,9,70,3.5,10.5,3.0,ad084c92621e84c7183b4b2bfdc8ce546c381e71183729434744148a4a73455e,383,383,0.2715404699738903394255874674,1.254444289056702770641007238,85.00000000000000560822344034,85.00000000000000560822344034,0.4117946414761819811827989731,-0.0774147749599990463501861125,244,0.2827868852459016393442622951,66.50000000000000352643232409,66.50000000000000352643232409,139,0.2517985611510791366906474820,18.50000000000000208179111626,18.50000000000000208179111626,run_1ea599d0c7fc47599e65dda1ff02f091,ema_pullback:cf2841fc5838ad7e3cbd4b9e
w09-lb070-r3_75,lab_3d_w09_lb_ratio,9,70,3.75,11.25,3.0,ad084c92621e84c7183b4b2bfdc8ce546c381e71183729434744148a4a73455e,383,383,0.2637075718015665796344647520,1.305748656584956813378932321,96.7499999999999987206057623,96.7499999999999987206057623,0.5253241215862844004058700271,-0.0773795386245931817696796080,244,0.2704918032786885245901639344,69.49999999999999887639016981,69.49999999999999887639016981,139,0.2517985611510791366906474820,27.24999999999999984421559251,27.24999999999999984421559251,run_5440d8a0d07646a38b97a8e9fe614727,ema_pullback:99b381154198f2b10cb61da9
w09-lb070-r4_0,lab_3d_w09_lb_ratio,9,70,4.0,12.0,3.0,ad084c92621e84c7183b4b2bfdc8ce546c381e71183729434744148a4a73455e,381,381,0.2519685039370078740157480315,1.246897958537759518534874169,98.9999999999999985785091782,98.9999999999999985785091782,0.3932819579329369334300314076,-0.0909845912229692754057773482,242,0.2520661157024793388429752066,62.99999999999999874327285631,62.99999999999999874327285631,139,0.2517985611510791366906474820,35.99999999999999983523632190,35.99999999999999983523632190,run_dd3c4a1cccc44f799c23fb436af24c17,ema_pullback:0cbb1d68cac569bd7ededd80
w09-lb070-r4_25,lab_3d_w09_lb_ratio,9,70,4.25,12.75,3.0,ad084c92621e84c7183b4b2bfdc8ce546c381e71183729434744148a4a73455e,381,381,0.2493438320209973753280839895,1.313338313580640424352157923,117.7500000000000047749580450,117.7500000000000047749580450,0.5284371870316335031167486806,-0.0909845912229692754057773482,242,0.2520661157024793388429752066,78.25000000000000299041006268,78.25000000000000299041006268,139,0.2446043165467625899280575540,39.50000000000000178454798219,39.50000000000000178454798219,run_ca221e4d37594cb480202818d597063f,ema_pullback:c5a17263c5eb72d365432afc
w09-lb070-r4_5,lab_3d_w09_lb_ratio,9,70,4.5,13.5,3.0,ad084c92621e84c7183b4b2bfdc8ce546c381e71183729434744148a4a73455e,380,380,0.2447368421052631578947368421,1.373242343096255176143612489,131.5000000000000022687521919,131.5000000000000022687521919,0.6633551016401574625671093876,-0.0909845912229692754057773482,241,0.2489626556016597510373443983,89.00000000000000002425273116,89.00000000000000002425273116,139,0.2374100719424460431654676259,42.50000000000000224449946095,42.50000000000000224449946095,run_92326ab4cac148518653e0ee403f3202,ema_pullback:27376fe291a2f1cfb806c730
w09-lb070-r4_75,lab_3d_w09_lb_ratio,9,70,4.75,14.25,3.0,ad084c92621e84c7183b4b2bfdc8ce546c381e71183729434744148a4a73455e,380,380,0.2394736842105263157894736842,1.408299874000249057167524154,143.2500000000000014753334612,143.2500000000000014753334612,0.7424700815671397832837856662,-0.0909845912229692754057773482,241,0.2448132780082987551867219917,98.2499999999999993763760721,98.2499999999999993763760721,139,0.2302158273381294964028776978,45.00000000000000209895738936,45.00000000000000209895738936,run_5d505d09081d41b9a4aa123ffbda5b2f,ema_pullback:7bbefc22e6515832eede2303
w09-lb070-r5_0,lab_3d_w09_lb_ratio,9,70,5.0,15.0,3.0,ad084c92621e84c7183b4b2bfdc8ce546c381e71183729434744148a4a73455e,380,380,0.2315789473684210526315789474,1.400147574017886635784691472,148.0000000000000034665883931,148.0000000000000034665883931,0.7224021892567178278067260732,-0.0952411505147233408549968827,241,0.2365145228215767634854771784,101.0000000000000029956606951,101.0000000000000029956606951,139,0.2230215827338129496402877698,47.00000000000000047092769791,47.00000000000000047092769791,run_b6c46f99f31f444fbb89bca681e2a3ba,ema_pullback:84783ff1236d1d211b4fb803
w09-lb075-r2_0,lab_3d_w09_lb_ratio,9,75,2.0,6.0,3.0,ad084c92621e84c7183b4b2bfdc8ce546c381e71183729434744148a4a73455e,383,383,0.3707571801566579634464751958,1.135320895067678758526408483,42.99999999999999891161675191,42.99999999999999891161675191,0.183221139774317116069532222,-0.0948487364813367792769928008,242,0.4008264462809917355371900826,48.99999999999999995789280937,48.99999999999999995789280937,141,0.3191489361702127659574468085,-6.000000000000001046276057461,-6.000000000000001046276057461,run_93d91ac5e9a04912a1c0ff081ed71a01,ema_pullback:57adb800d92c75af50d79f41
w09-lb075-r2_25,lab_3d_w09_lb_ratio,9,75,2.25,6.75,3.0,ad084c92621e84c7183b4b2bfdc8ce546c381e71183729434744148a4a73455e,382,382,0.3376963350785340314136125654,1.079918310317165646779287157,37.25000000000000183095998165,37.25000000000000183095998165,0.1095146422878912192033937871,-0.1083072745231142454033110303,242,0.3595041322314049586776859504,40.75000000000000008844570678,40.75000000000000008844570678,140,0.3,-3.499999999999998257485725129,-3.499999999999998257485725129,run_d0abcf02ec19408dbe440fc8a74c29c3,ema_pullback:20629b36ba604d935127a31b
w09-lb075-r2_5,lab_3d_w09_lb_ratio,9,75,2.5,7.5,3.0,ad084c92621e84c7183b4b2bfdc8ce546c381e71183729434744148a4a73455e,381,381,0.3175853018372703412073490814,1.108737119264206441592363056,42.50000000000000335023428340,42.50000000000000335023428340,0.1540826616124824959703962301,-0.0984080933641151429495226600,241,0.3319502074688796680497925311,39.00000000000000175324412491,39.00000000000000175324412491,140,0.2928571428571428571428571429,3.500000000000001596990158455,3.500000000000001596990158455,run_97ce389c3370400e92225be9e8a87b8c,ema_pullback:921af1d7e6c32a6d267a95c8
w09-lb075-r2_75,lab_3d_w09_lb_ratio,9,75,2.75,8.25,3.0,ad084c92621e84c7183b4b2bfdc8ce546c381e71183729434744148a4a73455e,379,379,0.3139841688654353562005277045,1.193632470058228308220381268,67.25000000000000533143988307,67.25000000000000533143988307,0.2882708668719462065971943678,-0.0838316941510221737614564154,239,0.3263598326359832635983263598,53.50000000000000288409733250,53.50000000000000288409733250,140,0.2928571428571428571428571429,13.75000000000000244734255057,13.75000000000000244734255057,run_0fc3dcfde2c44d688dc6990f7253bc86,ema_pullback:04f5bff1794a6d4dbe84d705
w09-lb075-r3_0,lab_3d_w09_lb_ratio,9,75,3.0,9.0,3.0,ad084c92621e84c7183b4b2bfdc8ce546c381e71183729434744148a4a73455e,378,378,0.2936507936507936507936507937,1.185135633347873324119516806,66.00000000000000203976329838,66.00000000000000203976329838,0.2770132049833943943680979635,-0.0721167572007631305328397423,239,0.3054393305439330543933054393,53.00000000000000096118580992,53.00000000000000096118580992,139,0.2733812949640287769784172662,13.00000000000000107857748843,13.00000000000000107857748843,run_bd0242e787604740a522bacca37f7ee2,ema_pullback:89342289637c215434f1c277
w09-lb075-r3_25,lab_3d_w09_lb_ratio,9,75,3.25,9.75,3.0,ad084c92621e84c7183b4b2bfdc8ce546c381e71183729434744148a4a73455e,378,378,0.2857142857142857142857142857,1.223981069199492948852648009,81.00000000000000169365071037,81.00000000000000169365071037,0.3471450699531268717678282556,-0.0667495816248591584173991131,239,0.2928870292887029288702928870,58.50000000000000150794410083,58.50000000000000150794410083,139,0.2733812949640287769784172662,22.50000000000000018570660956,22.50000000000000018570660956,run_8279856b062d4811b1aa5baf24885003,ema_pullback:4fefe59984208a59d1d0d064
w09-lb075-r3_5,lab_3d_w09_lb_ratio,9,75,3.5,10.5,3.0,ad084c92621e84c7183b4b2bfdc8ce546c381e71183729434744148a4a73455e,377,377,0.2732095490716180371352785146,1.263136063255288049690792397,86.50000000000000562158342423,86.50000000000000562158342423,0.420892523212896863895834753,-0.0774147749599990463501861125,238,0.2857142857142857142857142857,68.00000000000000353979230796,68.00000000000000353979230796,139,0.2517985611510791366906474820,18.50000000000000208179111626,18.50000000000000208179111626,run_509870b9f3ab421e94b674a94bc1a229,ema_pullback:217c9a42a73b3599301d48b4
w09-lb075-r3_75,lab_3d_w09_lb_ratio,9,75,3.75,11.25,3.0,ad084c92621e84c7183b4b2bfdc8ce546c381e71183729434744148a4a73455e,377,377,0.2652519893899204244031830239,1.314452223574287364249551015,97.9999999999999988876055609,97.9999999999999988876055609,0.5337371531825576539567903553,-0.0773795386245931817696796080,238,0.2731092436974789915966386555,70.74999999999999904338996833,70.74999999999999904338996833,139,0.2517985611510791366906474820,27.24999999999999984421559252,27.24999999999999984421559252,run_3ea080177b6742e69a12bab6cb9bddf7,ema_pullback:eb9f63facf3a60e6d98b6315
w09-lb075-r4_0,lab_3d_w09_lb_ratio,9,75,4.0,12.0,3.0,ad084c92621e84c7183b4b2bfdc8ce546c381e71183729434744148a4a73455e,375,375,0.2533333333333333333333333333,1.254031172876098923869742397,99.9999999999999986319491137,99.9999999999999986319491137,0.3996752486237659680726790152,-0.0909845912229692754057773482,236,0.2542372881355932203389830508,63.99999999999999879671279182,63.99999999999999879671279182,139,0.2517985611510791366906474820,35.99999999999999983523632190,35.99999999999999983523632190,run_c0675644d78e46639016c6802832e6d8,ema_pullback:b9daa6256d3f3b8bc9e5f6d9
w09-lb075-r4_25,lab_3d_w09_lb_ratio,9,75,4.25,12.75,3.0,ad084c92621e84c7183b4b2bfdc8ce546c381e71183729434744148a4a73455e,375,375,0.2506666666666666666666666667,1.320770156306582594438021554,118.5000000000000044476384400,118.5000000000000044476384400,0.5340365375775186024172936739,-0.0909845912229692754057773482,236,0.2542372881355932203389830508,79.00000000000000266309045758,79.00000000000000266309045758,139,0.2446043165467625899280575540,39.50000000000000178454798219,39.50000000000000178454798219,run_735d0664511349919ff476ca953cca33,ema_pullback:504ee778a6c5d34bafa2df38
w09-lb075-r4_5,lab_3d_w09_lb_ratio,9,75,4.5,13.5,3.0,ad084c92621e84c7183b4b2bfdc8ce546c381e71183729434744148a4a73455e,374,374,0.2459893048128342245989304813,1.380917742064270237969174219,132.0000000000000026294717566,132.0000000000000026294717566,0.667912601142175668868011469,-0.0909845912229692754057773482,235,0.2510638297872340425531914894,89.50000000000000038497229589,89.50000000000000038497229589,139,0.2374100719424460431654676259,42.50000000000000224449946096,42.50000000000000224449946096,run_0c7e97aad28b4cdc9fe5a7e6599ee8c4,ema_pullback:031812d142a8436c32a88532
w09-lb075-r4_75,lab_3d_w09_lb_ratio,9,75,4.75,14.25,3.0,ad084c92621e84c7183b4b2bfdc8ce546c381e71183729434744148a4a73455e,374,374,0.2406417112299465240641711230,1.415812398575531168756713790,143.5000000000000011880938078,143.5000000000000011880938078,0.7456381313859081333752092063,-0.0909845912229692754057773482,235,0.2468085106382978723404255319,98.4999999999999990891364187,98.4999999999999990891364187,139,0.2302158273381294964028776978,45.00000000000000209895738934,45.00000000000000209895738934,run_de19fba2d46d4d9083f4fec0a1ba30a9,ema_pullback:89f06a90c85d772409d5a7d7
w09-lb075-r5_0,lab_3d_w09_lb_ratio,9,75,5.0,15.0,3.0,ad084c92621e84c7183b4b2bfdc8ce546c381e71183729434744148a4a73455e,374,374,0.2326203208556149732620320856,1.406754441164431104585924535,148.0000000000000033329885543,148.0000000000000033329885543,0.7239489477889119674922847624,-0.0909845912229692754057773482,235,0.2382978723404255319148936170,101.0000000000000028620608562,101.0000000000000028620608562,139,0.2230215827338129496402877698,47.00000000000000047092769792,47.00000000000000047092769792,run_a3e7abe06370449d8681e076e855b509,ema_pullback:549919f924e1990c25976be5
w09-lb080-r2_0,lab_3d_w09_lb_ratio,9,80,2.0,6.0,3.0,ad084c92621e84c7183b4b2bfdc8ce546c381e71183729434744148a4a73455e,374,374,0.3770053475935828877005347594,1.156021076461973545765792398,48.99999999999999896592721693,48.99999999999999896592721693,0.2098372529964312135479516724,-0.0948487364813367792769928025,234,0.4102564102564102564102564103,54.00000000000000001220327441,54.00000000000000001220327441,140,0.3214285714285714285714285714,-5.000000000000001046276057460,-5.000000000000001046276057460,run_8f9f1fc3287043f89f72c457cbbf3aca,ema_pullback:5c4bf924fbf3bb25a34f0107
w09-lb080-r2_25,lab_3d_w09_lb_ratio,9,80,2.25,6.75,3.0,ad084c92621e84c7183b4b2bfdc8ce546c381e71183729434744148a4a73455e,374,374,0.3422459893048128342245989305,1.096509121342645691077433355,42.00000000000000200746899293,42.00000000000000200746899293,0.1313847079863772204840379211,-0.1083072745231142454033110312,234,0.3675213675213675213675213675,45.50000000000000026495471806,45.50000000000000026495471806,140,0.3,-3.499999999999998257485725150,-3.499999999999998257485725150,run_eb23892d87624d4488b548b2bc3e0ba7,ema_pullback:b6d0e08a4b0d08ded44101e2
w09-lb080-r2_5,lab_3d_w09_lb_ratio,9,80,2.5,7.5,3.0,ad084c92621e84c7183b4b2bfdc8ce546c381e71183729434744148a4a73455e,374,374,0.3235294117647058823529411765,1.128808231882175029205282136,49.50000000000000335023428339,49.50000000000000335023428339,0.1817066573698961374736312401,-0.0984080933641151429495226557,234,0.3418803418803418803418803419,46.00000000000000175324412495,46.00000000000000175324412495,140,0.2928571428571428571428571429,3.500000000000001596990158458,3.500000000000001596990158458,run_390fb716257649ba933c325159b86955,ema_pullback:e0a4a0299c065b7056dcbef1
w09-lb080-r2_75,lab_3d_w09_lb_ratio,9,80,2.75,8.25,3.0,ad084c92621e84c7183b4b2bfdc8ce546c381e71183729434744148a4a73455e,372,372,0.3198924731182795698924731183,1.215254518639633497057099445,74.25000000000000533143988305,74.25000000000000533143988305,0.3191067767634854064183688435,-0.0838316941510221737614564183,232,0.3362068965517241379310344828,60.50000000000000288409733248,60.50000000000000288409733248,140,0.2928571428571428571428571429,13.75000000000000244734255057,13.75000000000000244734255057,run_e30a6caf1e3240758170eb036ab3c326,ema_pullback:d0f13a5b62df75acd27a8bfc
w09-lb080-r3_0,lab_3d_w09_lb_ratio,9,80,3.0,9.0,3.0,ad084c92621e84c7183b4b2bfdc8ce546c381e71183729434744148a4a73455e,371,371,0.2991913746630727762803234501,1.206319409851300864537343966,73.00000000000000203976329840,73.00000000000000203976329840,0.3075796527171595145654259166,-0.0721167572007631305328397428,232,0.3146551724137931034482758621,60.00000000000000096118580992,60.00000000000000096118580992,139,0.2733812949640287769784172662,13.00000000000000107857748845,13.00000000000000107857748845,run_040c23f5e4514d76b43841407ec325ef,ema_pullback:b6016a493f514a77b97b676c
w09-lb080-r3_25,lab_3d_w09_lb_ratio,9,80,3.25,9.75,3.0,ad084c92621e84c7183b4b2bfdc8ce546c381e71183729434744148a4a73455e,371,371,0.2911051212938005390835579515,1.245591452950479123706427697,88.00000000000000169365071039,88.00000000000000169365071039,0.3793901862994821617064028581,-0.0667495816248591584173991131,232,0.3017241379310344827586206897,65.50000000000000150794410085,65.50000000000000150794410085,139,0.2733812949640287769784172662,22.50000000000000018570660957,22.50000000000000018570660957,run_9cc63cb715db4c77a9f49f337a8e0bfc,ema_pullback:6e219cc9c362716ca2e1d111
w09-lb080-r3_5,lab_3d_w09_lb_ratio,9,80,3.5,10.5,3.0,ad084c92621e84c7183b4b2bfdc8ce546c381e71183729434744148a4a73455e,370,370,0.2783783783783783783783783784,1.285235233134666087146652433,93.50000000000000562158342420,93.50000000000000562158342420,0.4549028504958080980610335802,-0.0774147749599990463501861125,231,0.2943722943722943722943722944,75.00000000000000353979230796,75.00000000000000353979230796,139,0.2517985611510791366906474820,18.50000000000000208179111626,18.50000000000000208179111626,run_e15848f3a4c442b9b31e8c39e9cfef78,ema_pullback:08c7dff8c54d5b4b184c621b
w09-lb080-r3_75,lab_3d_w09_lb_ratio,9,80,3.75,11.25,3.0,ad084c92621e84c7183b4b2bfdc8ce546c381e71183729434744148a4a73455e,370,370,0.2702702702702702702702702703,1.336932434427613111134086877,104.9999999999999988876055608,104.9999999999999988876055608,0.5704485171270659418269172082,-0.0773795386245931817696796080,231,0.2813852813852813852813852814,77.74999999999999904338996833,77.74999999999999904338996833,139,0.2517985611510791366906474820,27.24999999999999984421559252,27.24999999999999984421559252,run_d2b51e4823634462a390abacd3efc254,ema_pullback:96dd087053fec5d5eac7bc14
w09-lb080-r4_0,lab_3d_w09_lb_ratio,9,80,4.0,12.0,3.0,ad084c92621e84c7183b4b2bfdc8ce546c381e71183729434744148a4a73455e,368,368,0.2581521739130434782608695652,1.276065845688188677182023081,106.9999999999999986319491137,106.9999999999999986319491137,0.433177721553839836259742935,-0.0909845912229692754057773482,229,0.2620087336244541484716157205,70.99999999999999879671279182,70.99999999999999879671279182,139,0.2517985611510791366906474820,35.99999999999999983523632188,35.99999999999999983523632188,run_bafaacf37fd64e8db39f9ad750ca9660,ema_pullback:4c0925dfdadc358454cd68a1
w09-lb080-r4_25,lab_3d_w09_lb_ratio,9,80,4.25,12.75,3.0,ad084c92621e84c7183b4b2bfdc8ce546c381e71183729434744148a4a73455e,368,368,0.2554347826086956521739130435,1.343631020788728197841152811,125.5000000000000044476384398,125.5000000000000044476384398,0.5707550675540030417956129392,-0.0909845912229692754057773482,229,0.2620087336244541484716157205,86.00000000000000266309045756,86.00000000000000266309045756,139,0.2446043165467625899280575540,39.50000000000000178454798219,39.50000000000000178454798219,run_bc2f4abda1b74f6f883d1441bfe6a79c,ema_pullback:810e92287a13bb8551031420
w09-lb080-r4_5,lab_3d_w09_lb_ratio,9,80,4.5,13.5,3.0,ad084c92621e84c7183b4b2bfdc8ce546c381e71183729434744148a4a73455e,367,367,0.2506811989100817438692098093,1.404516804860033561797767039,139.0000000000000026294717567,139.0000000000000026294717567,0.707835573863482405428760871,-0.0909845912229692754057773482,228,0.2587719298245614035087719298,96.5000000000000003849722959,96.5000000000000003849722959,139,0.2374100719424460431654676259,42.50000000000000224449946096,42.50000000000000224449946096,run_10fc2d3c9b8c48a1afbbd08a99735a90,ema_pullback:046cb2f7abd43aedff9e5ee8
w09-lb080-r4_75,lab_3d_w09_lb_ratio,9,80,4.75,14.25,3.0,ad084c92621e84c7183b4b2bfdc8ce546c381e71183729434744148a4a73455e,367,367,0.2452316076294277929155313351,1.439973151922638182090216316,150.5000000000000011880938077,150.5000000000000011880938077,0.7874215338572777301418305166,-0.0909845912229692754057773482,228,0.2543859649122807017543859649,105.4999999999999990891364186,105.4999999999999990891364186,139,0.2302158273381294964028776978,45.00000000000000209895738935,45.00000000000000209895738935,run_c6310241f2ee4154ba4482748051f6ba,ema_pullback:adfb84f94097266f022833a1
w09-lb080-r5_0,lab_3d_w09_lb_ratio,9,80,5.0,15.0,3.0,ad084c92621e84c7183b4b2bfdc8ce546c381e71183729434744148a4a73455e,367,367,0.2370572207084468664850136240,1.430773862904682933280058788,155.0000000000000033329885542,155.0000000000000033329885542,0.7652132003452936140196228754,-0.0909845912229692754057773482,228,0.2456140350877192982456140351,108.0000000000000028620608563,108.0000000000000028620608563,139,0.2230215827338129496402877698,47.00000000000000047092769792,47.00000000000000047092769792,run_f5c3f12038484f01b8fb81a8adeb1adf,ema_pullback:b294d7148c289df1551ee59c
w09-lb085-r2_0,lab_3d_w09_lb_ratio,9,85,2.0,6.0,3.0,ad084c92621e84c7183b4b2bfdc8ce546c381e71183729434744148a4a73455e,370,370,0.3810810810810810810810810811,1.179462795872801971457227364,52.99999999999999896592721690,52.99999999999999896592721690,0.2393157869389003704251101316,-0.0948487364813367792769928025,231,0.4155844155844155844155844156,57.00000000000000001220327438,57.00000000000000001220327438,139,0.3237410071942446043165467626,-4.000000000000001046276057469,-4.000000000000001046276057469,run_3292ed5cf8c14b4094e7c0aab1c6ac4d,ema_pullback:12b54d9d77f12f59c8f93a10
w09-lb085-r2_25,lab_3d_w09_lb_ratio,9,85,2.25,6.75,3.0,ad084c92621e84c7183b4b2bfdc8ce546c381e71183729434744148a4a73455e,370,370,0.3459459459459459459459459459,1.117610641220962417533029189,46.00000000000000200746899293,46.00000000000000200746899293,0.1589516905980999204777920577,-0.1083072745231142454033110312,231,0.3722943722943722943722943723,48.50000000000000026495471806,48.50000000000000026495471806,139,0.3021582733812949640287769784,-2.499999999999998257485725139,-2.499999999999998257485725139,run_62121d84375b472bb82da426a3b9ccf1,ema_pullback:0a26b1a57c82e4c7c6d25c5e
w09-lb085-r2_5,lab_3d_w09_lb_ratio,9,85,2.5,7.5,3.0,ad084c92621e84c7183b4b2bfdc8ce546c381e71183729434744148a4a73455e,370,370,0.3270270270270270270270270270,1.150237136274990969260040583,53.50000000000000335023428337,53.50000000000000335023428337,0.2104997696030032544120034294,-0.0984080933641151429495226557,231,0.3463203463203463203463203463,49.00000000000000175324412493,49.00000000000000175324412493,139,0.2949640287769784172661870504,4.500000000000001596990158457,4.500000000000001596990158457,run_7bfd1a00da93429f8ef83cdc276f5d60,ema_pullback:5e4d88e86491a56740b58174
w09-lb085-r2_75,lab_3d_w09_lb_ratio,9,85,2.75,8.25,3.0,ad084c92621e84c7183b4b2bfdc8ce546c381e71183729434744148a4a73455e,369,369,0.3224932249322493224932249322,1.234390648767904683486560669,77.25000000000000533143988308,77.25000000000000533143988308,0.3462166938014316300737817196,-0.0838316941510221737614564183,230,0.3391304347826086956521739130,62.50000000000000288409733248,62.50000000000000288409733248,139,0.2949640287769784172661870504,14.75000000000000244734255057,14.75000000000000244734255057,run_1a384a98872f4842b244671934ca4737,ema_pullback:2f9e621b34e60a700d5a07f6
w09-lb085-r3_0,lab_3d_w09_lb_ratio,9,85,3.0,9.0,3.0,ad084c92621e84c7183b4b2bfdc8ce546c381e71183729434744148a4a73455e,368,368,0.3016304347826086956521739130,1.225000962735663128385813764,76.00000000000000203976329840,76.00000000000000203976329840,0.3344526674951167875674606493,-0.0721167572007631305328397428,230,0.3173913043478260869565217391,62.00000000000000096118580994,62.00000000000000096118580994,138,0.2753623188405797101449275362,14.00000000000000107857748844,14.00000000000000107857748844,run_8447841c306e4021ab17a95efee5f729,ema_pullback:ff55bd7c2b6eb33d61de3d36
w09-lb085-r3_25,lab_3d_w09_lb_ratio,9,85,3.25,9.75,3.0,ad084c92621e84c7183b4b2bfdc8ce546c381e71183729434744148a4a73455e,368,368,0.2934782608695652173913043478,1.264709649247286378415266857,91.00000000000000169365071037,91.00000000000000169365071037,0.407739031269627488016757742,-0.0667495816248591584173991131,230,0.3043478260869565217391304348,67.50000000000000150794410083,67.50000000000000150794410083,138,0.2753623188405797101449275362,23.50000000000000018570660957,23.50000000000000018570660957,run_78e7ce780ef4452191ae5e1da51dc404,ema_pullback:4cacadb88c4d6e81679fc815
w09-lb085-r3_5,lab_3d_w09_lb_ratio,9,85,3.5,10.5,3.0,ad084c92621e84c7183b4b2bfdc8ce546c381e71183729434744148a4a73455e,367,367,0.2806539509536784741144414169,1.304785993449016217393158852,96.50000000000000562158342420,96.50000000000000562158342420,0.4848036108209025399981214463,-0.0774147749599990463501861125,229,0.2969432314410480349344978166,77.00000000000000353979230797,77.00000000000000353979230797,138,0.2536231884057971014492753623,19.50000000000000208179111626,19.50000000000000208179111626,run_1147fd30bd4946619d025a695d848aa3,ema_pullback:ea9119b811938d1e383ddb3d
w09-lb085-r3_75,lab_3d_w09_lb_ratio,9,85,3.75,11.25,3.0,ad084c92621e84c7183b4b2bfdc8ce546c381e71183729434744148a4a73455e,367,367,0.2724795640326975476839237057,1.356800436560358357801500230,107.9999999999999988876055608,107.9999999999999988876055608,0.602723939982629085769455304,-0.0773795386245931817696796080,229,0.2838427947598253275109170306,79.74999999999999904338996832,79.74999999999999904338996832,138,0.2536231884057971014492753623,28.24999999999999984421559254,28.24999999999999984421559254,run_fb5dee41089646229e5f32136e41d6a9,ema_pullback:767b9fd67e1e12126aa4e06b
w09-lb085-r4_0,lab_3d_w09_lb_ratio,9,85,4.0,12.0,3.0,ad084c92621e84c7183b4b2bfdc8ce546c381e71183729434744148a4a73455e,365,365,0.2602739726027397260273972603,1.295423961604409610693757559,109.9999999999999986319491138,109.9999999999999986319491138,0.462631993047529354620776467,-0.0909845912229692754057773482,227,0.2643171806167400881057268722,72.99999999999999879671279183,72.99999999999999879671279183,138,0.2536231884057971014492753623,36.99999999999999983523632189,36.99999999999999983523632189,run_fb35125ed33143d78c4da478feb8f6d5,ema_pullback:2964860f2258dc6546c0178a
w09-lb085-r4_25,lab_3d_w09_lb_ratio,9,85,4.25,12.75,3.0,ad084c92621e84c7183b4b2bfdc8ce546c381e71183729434744148a4a73455e,365,365,0.2575342465753424657534246575,1.363615155886813600743321740,128.5000000000000044476384400,128.5000000000000044476384400,0.6030367905490155503064263405,-0.0909845912229692754057773482,227,0.2643171806167400881057268722,88.00000000000000266309045756,88.00000000000000266309045756,138,0.2463768115942028985507246377,40.50000000000000178454798219,40.50000000000000178454798219,run_b633523bed5a4845b18473fd1918b70d,ema_pullback:c2b1dee82abb82a3f9d6242a
w09-lb085-r4_5,lab_3d_w09_lb_ratio,9,85,4.5,13.5,3.0,ad084c92621e84c7183b4b2bfdc8ce546c381e71183729434744148a4a73455e,364,364,0.2527472527472527472527472527,1.425069033708457226303812053,142.0000000000000026294717567,142.0000000000000026294717567,0.7429345374481367090446910761,-0.0909845912229692754057773482,226,0.2610619469026548672566371681,98.5000000000000003849722959,98.5000000000000003849722959,138,0.2391304347826086956521739130,43.50000000000000224449946096,43.50000000000000224449946096,run_c3b61505c3a14562b4e5f3377a5c73d1,ema_pullback:dbcaa8dd5c65b4412d987a90
w09-lb085-r4_75,lab_3d_w09_lb_ratio,9,85,4.75,14.25,3.0,ad084c92621e84c7183b4b2bfdc8ce546c381e71183729434744148a4a73455e,364,364,0.2472527472527472527472527473,1.460968145925271775803443874,153.5000000000000011880938077,153.5000000000000011880938077,0.8241561260436672429763125283,-0.0909845912229692754057773482,226,0.2566371681415929203539823009,107.4999999999999990891364186,107.4999999999999990891364186,138,0.2318840579710144927536231884,46.00000000000000209895738934,46.00000000000000209895738934,run_e7b0fb5465ce4b6b83756b5d55daf474,ema_pullback:b2c6bc4da8473f596d7d024a
w09-lb085-r5_0,lab_3d_w09_lb_ratio,9,85,5.0,15.0,3.0,ad084c92621e84c7183b4b2bfdc8ce546c381e71183729434744148a4a73455e,364,364,0.2390109890109890109890109890,1.451636337654481107131953754,158.0000000000000033329885543,158.0000000000000033329885543,0.8014913730138195777680998629,-0.0909845912229692754057773482,226,0.2477876106194690265486725664,110.0000000000000028620608562,110.0000000000000028620608562,138,0.2246376811594202898550724638,48.00000000000000047092769791,48.00000000000000047092769791,run_a2c5dca3fdab460b88549fea7bdabbc5,ema_pullback:d5f0b955d9a79617c8fddde4
w09-lb090-r2_0,lab_3d_w09_lb_ratio,9,90,2.0,6.0,3.0,ad084c92621e84c7183b4b2bfdc8ce546c381e71183729434744148a4a73455e,366,366,0.3770491803278688524590163934,1.171275830355415855525933744,47.99999999999999887026772037,47.99999999999999887026772037,0.2250973143764515273643813967,-0.0948487364813367792769927996,227,0.4096916299559471365638766520,51.99999999999999991654377783,51.99999999999999991654377783,139,0.3237410071942446043165467626,-4.000000000000001046276057465,-4.000000000000001046276057465,run_b671ca06840d494e9ca91b12d1c0e70f,ema_pullback:889a679da57acaf73fba4369
w09-lb090-r2_25,lab_3d_w09_lb_ratio,9,90,2.25,6.75,3.0,ad084c92621e84c7183b4b2bfdc8ce546c381e71183729434744148a4a73455e,366,366,0.3415300546448087431693989071,1.107373686697180660026215923,40.25000000000000276289612014,40.25000000000000276289612014,0.1428785346678864722853801996,-0.1083072745231142454033110302,227,0.3656387665198237885462555066,42.75000000000000102038184529,42.75000000000000102038184529,139,0.3021582733812949640287769784,-2.499999999999998257485725140,-2.499999999999998257485725140,run_0e9e2d62754e436ebe2ae7b18fc4210a,ema_pullback:42759f595fa45e12900d6cc9
w09-lb090-r2_5,lab_3d_w09_lb_ratio,9,90,2.5,7.5,3.0,ad084c92621e84c7183b4b2bfdc8ce546c381e71183729434744148a4a73455e,366,366,0.3224043715846994535519125683,1.138490302209634719017541239,47.00000000000000348188911841,47.00000000000000348188911841,0.1908210317350102120730554467,-0.0984080933641151429495226570,227,0.3392070484581497797356828194,42.50000000000000188489895993,42.50000000000000188489895993,139,0.2949640287769784172661870504,4.500000000000001596990158456,4.500000000000001596990158456,run_47f3d1f2efc743e39c94ceaccc0acbe3,ema_pullback:46f1beec23ffab5b4b3d5646
w09-lb090-r2_75,lab_3d_w09_lb_ratio,9,90,2.75,8.25,3.0,ad084c92621e84c7183b4b2bfdc8ce546c381e71183729434744148a4a73455e,366,366,0.3169398907103825136612021858,1.213519339357257025516032137,69.00000000000000505431023866,69.00000000000000505431023866,0.3106670608555273846334276302,-0.0838316941510221737614564184,227,0.3303964757709251101321585903,54.25000000000000260696768808,54.25000000000000260696768808,139,0.2949640287769784172661870504,14.75000000000000244734255058,14.75000000000000244734255058,run_427e0f01c972453c8f7c73f291f88ef8,ema_pullback:72bec241d6ce847d7c72177a
w09-lb090-r3_0,lab_3d_w09_lb_ratio,9,90,3.0,9.0,3.0,ad084c92621e84c7183b4b2bfdc8ce546c381e71183729434744148a4a73455e,365,365,0.2958904109589041095890410959,1.202464855538292109292827274,67.00000000000000237457153636,67.00000000000000237457153636,0.2960729209599390956499248187,-0.0813121050031922830444920455,227,0.3083700440528634361233480176,53.00000000000000129599404790,53.00000000000000129599404790,138,0.2753623188405797101449275362,14.00000000000000107857748845,14.00000000000000107857748845,run_5d2850ac26fc487ab411794438c4f7c1,ema_pullback:3d5cf3228c7f6c0403efc002
w09-lb090-r3_25,lab_3d_w09_lb_ratio,9,90,3.25,9.75,3.0,ad084c92621e84c7183b4b2bfdc8ce546c381e71183729434744148a4a73455e,365,365,0.2876712328767123287671232877,1.240511108453222964209000525,81.25000000000000209428636584,81.25000000000000209428636584,0.3639491056857949169886951706,-0.0783093080786883652578258033,227,0.2951541850220264317180616740,57.75000000000000190857975630,57.75000000000000190857975630,138,0.2753623188405797101449275362,23.50000000000000018570660958,23.50000000000000018570660958,run_890af9700d514a61a77d1ccff16dd5f1,ema_pullback:f85e0ec366c83bf027a26f59
w09-lb090-r3_5,lab_3d_w09_lb_ratio,9,90,3.5,10.5,3.0,ad084c92621e84c7183b4b2bfdc8ce546c381e71183729434744148a4a73455e,364,364,0.2747252747252747252747252747,1.278841794080448598453311744,86.00000000000000594455725231,86.00000000000000594455725231,0.4351446559476128953740489707,-0.0897097298495920768722547029,226,0.2876106194690265486725663717,66.50000000000000386276613607,66.50000000000000386276613607,138,0.2536231884057971014492753623,19.50000000000000208179111627,19.50000000000000208179111627,run_22ef051ee66c43e7b338ce7d31133635,ema_pullback:8f1da13c76e54a0e87d1a79c
w09-lb090-r3_75,lab_3d_w09_lb_ratio,9,90,3.75,11.25,3.0,ad084c92621e84c7183b4b2bfdc8ce546c381e71183729434744148a4a73455e,364,364,0.2692307692307692307692307692,1.347873425096787977158326635,101.4999999999999999289667541,101.4999999999999999289667541,0.573594914801651954453933631,-0.0889594229701437669303225162,226,0.2787610619469026548672566372,73.25000000000000008475116157,73.25000000000000008475116157,138,0.2536231884057971014492753623,28.24999999999999984421559252,28.24999999999999984421559252,run_144f0fe0f7e54691b673191ae40531be,ema_pullback:a5a47080cbe9f599d81e6078
w09-lb090-r4_0,lab_3d_w09_lb_ratio,9,90,4.0,12.0,3.0,ad084c92621e84c7183b4b2bfdc8ce546c381e71183729434744148a4a73455e,362,362,0.2569060773480662983425414365,1.284233857738027389492449186,102.9999999999999984406301206,102.9999999999999984406301206,0.4339410437141125541668725934,-0.1016544746683852266872516506,224,0.2589285714285714285714285714,65.99999999999999860539379869,65.99999999999999860539379869,138,0.2536231884057971014492753623,36.99999999999999983523632190,36.99999999999999983523632190,run_8e09333b04ae4e02a7d0dfa2362bd1e9,ema_pullback:2a0e8423a6481f88dba36a4a
w09-lb090-r4_25,lab_3d_w09_lb_ratio,9,90,4.25,12.75,3.0,ad084c92621e84c7183b4b2bfdc8ce546c381e71183729434744148a4a73455e,362,362,0.2541436464088397790055248619,1.352656938627163804843705709,121.0000000000000059333906250,121.0000000000000059333906250,0.5692864794528883567440022068,-0.1009152318884091960071222243,224,0.2589285714285714285714285714,80.50000000000000414884264264,80.50000000000000414884264264,138,0.2463768115942028985507246377,40.50000000000000178454798219,40.50000000000000178454798219,run_e9a5dc096d2e422fa86995b82513336c,ema_pullback:dab3dec37866ed167d629961
w09-lb090-r4_5,lab_3d_w09_lb_ratio,9,90,4.5,13.5,3.0,ad084c92621e84c7183b4b2bfdc8ce546c381e71183729434744148a4a73455e,361,361,0.2493074792243767313019390582,1.414311342537041797836393099,134.0000000000000036199732133,134.0000000000000036199732133,0.7037381303849308308656729133,-0.1001759891084331653269927981,223,0.2556053811659192825112107623,90.50000000000000137547375264,90.50000000000000137547375264,138,0.2391304347826086956521739130,43.50000000000000224449946095,43.50000000000000224449946095,run_e8ca68b0d076411eb3ff36d988ed4a7a,ema_pullback:da9e5a6a831b2dc97f9ae0ad
w09-lb090-r4_75,lab_3d_w09_lb_ratio,9,90,4.75,14.25,3.0,ad084c92621e84c7183b4b2bfdc8ce546c381e71183729434744148a4a73455e,361,361,0.2437673130193905817174515235,1.449885157619372040405929611,145.0000000000000012050470533,145.0000000000000012050470533,0.7805218375143503556023614455,-0.0994367463284571337603457307,223,0.2511210762331838565022421525,98.9999999999999991060896642,98.9999999999999991060896642,138,0.2318840579710144927536231884,46.00000000000000209895738934,46.00000000000000209895738934,run_1365280f323b44e99b59fcb6815d1406,ema_pullback:7f68c5a7311f7681e7dd524f
w09-lb090-r5_0,lab_3d_w09_lb_ratio,9,90,5.0,15.0,3.0,ad084c92621e84c7183b4b2bfdc8ce546c381e71183729434744148a4a73455e,361,361,0.2354570637119113573407202216,1.439484055592399822257643730,149.0000000000000030738565789,149.0000000000000030738565789,0.7558261890897599680616329124,-0.0986975035484811048532515861,223,0.2421524663677130044843049327,101.0000000000000026029288811,101.0000000000000026029288811,138,0.2246376811594202898550724638,48.00000000000000047092769791,48.00000000000000047092769791,run_c3f30d84425644debe6ae0d2ab5ec0ee,ema_pullback:5fb0efdb0504139904b67ab9
w09-lb095-r2_0,lab_3d_w09_lb_ratio,9,95,2.0,6.0,3.0,ad084c92621e84c7183b4b2bfdc8ce546c381e71183729434744148a4a73455e,362,362,0.3784530386740331491712707182,1.187451817616428947752790379,48.99999999999999878489655331,48.99999999999999878489655331,0.246593011718653358369884459,-0.0948487364813367792769927988,224,0.4107142857142857142857142857,51.99999999999999983117261077,51.99999999999999983117261077,138,0.3260869565217391304347826087,-3.000000000000001046276057473,-3.000000000000001046276057473,run_708d2a5a7ef849538ae31b36db470538,ema_pullback:aa9068508ebc470dfdcc603e
w09-lb095-r2_25,lab_3d_w09_lb_ratio,9,95,2.25,6.75,3.0,ad084c92621e84c7183b4b2bfdc8ce546c381e71183729434744148a4a73455e,362,362,0.3453038674033149171270718232,1.125094856733491295423352158,44.25000000000000276289612016,44.25000000000000276289612016,0.1670230240022389660326934315,-0.1083072745231142454033110297,224,0.3705357142857142857142857143,45.75000000000000102038184531,45.75000000000000102038184531,138,0.3043478260869565217391304348,-1.499999999999998257485725140,-1.499999999999998257485725140,run_d5f2e2092d8e400daec8c79ae4126eb3,ema_pullback:164fb84bab4658417c767c39
w09-lb095-r2_5,lab_3d_w09_lb_ratio,9,95,2.5,7.5,3.0,ad084c92621e84c7183b4b2bfdc8ce546c381e71183729434744148a4a73455e,362,362,0.3259668508287292817679558011,1.156098503570379369287389667,51.00000000000000348188911841,51.00000000000000348188911841,0.2159783558317513186870346343,-0.0984080933641151429495226575,224,0.34375,45.50000000000000188489895993,45.50000000000000188489895993,138,0.2971014492753623188405797101,5.500000000000001596990158466,5.500000000000001596990158466,run_7532c544150b4dd79f0bd3f2717d13ab,ema_pullback:371051f7d36014ff3c005dc4
w09-lb095-r2_75,lab_3d_w09_lb_ratio,9,95,2.75,8.25,3.0,ad084c92621e84c7183b4b2bfdc8ce546c381e71183729434744148a4a73455e,362,362,0.3204419889502762430939226519,1.231383578682090999723338891,73.00000000000000505431023864,73.00000000000000505431023864,0.3383562560865055988709771118,-0.0838316941510221737614564186,224,0.3348214285714285714285714286,57.25000000000000260696768809,57.25000000000000260696768809,138,0.2971014492753623188405797101,15.75000000000000244734255058,15.75000000000000244734255058,run_36f0cbeae65c4069a8bceaaf3e5e977f,ema_pullback:43dc8bd4791b6d2e28ee1d9b
w09-lb095-r3_0,lab_3d_w09_lb_ratio,9,95,3.0,9.0,3.0,ad084c92621e84c7183b4b2bfdc8ce546c381e71183729434744148a4a73455e,361,361,0.2991689750692520775623268698,1.220006997748419974736174449,71.00000000000000237457153636,71.00000000000000237457153636,0.3234537999137588840653137445,-0.0791830671383086905935033132,224,0.3125,56.00000000000000129599404791,56.00000000000000129599404791,137,0.2773722627737226277372262774,15.00000000000000107857748845,15.00000000000000107857748845,run_6923af7aafc248479501113103bd9822,ema_pullback:f99d2911a8ff3621ad1f3aff
w09-lb095-r3_25,lab_3d_w09_lb_ratio,9,95,3.25,9.75,3.0,ad084c92621e84c7183b4b2bfdc8ce546c381e71183729434744148a4a73455e,361,361,0.2908587257617728531855955679,1.258047541133078137960626996,85.25000000000000209428636586,85.25000000000000209428636586,0.3927639391399905491158965407,-0.0764369795505646928853683861,224,0.2991071428571428571428571429,60.75000000000000190857975630,60.75000000000000190857975630,137,0.2773722627737226277372262774,24.50000000000000018570660956,24.50000000000000018570660956,run_f6b4ba8fdb254c619d1ba993ac7a3fb5,ema_pullback:5480a7e040daca2b40eeeffb
w09-lb095-r3_5,lab_3d_w09_lb_ratio,9,95,3.5,10.5,3.0,ad084c92621e84c7183b4b2bfdc8ce546c381e71183729434744148a4a73455e,360,360,0.2777777777777777777777777778,1.296374649807925265333655517,90.00000000000000594455725228,90.00000000000000594455725228,0.4654635689271531401113768938,-0.0813441924463310259844733354,223,0.2914798206278026905829596413,69.50000000000000386276613603,69.50000000000000386276613603,137,0.2554744525547445255474452555,20.50000000000000208179111626,20.50000000000000208179111626,run_e1073b203743451f92a46ff5f63a79ad,ema_pullback:fe443b61c7545815919a777a
w09-lb095-r3_75,lab_3d_w09_lb_ratio,9,95,3.75,11.25,3.0,ad084c92621e84c7183b4b2bfdc8ce546c381e71183729434744148a4a73455e,360,360,0.2722222222222222222222222222,1.365440572805571599265619449,105.4999999999999999289667541,105.4999999999999999289667541,0.6068387324817701030309479122,-0.0805869902715359781167925821,223,0.2825112107623318385650224215,76.25000000000000008475116156,76.25000000000000008475116156,137,0.2554744525547445255474452555,29.24999999999999984421559253,29.24999999999999984421559253,run_005872f943e8477e9a22eaba20b64aeb,ema_pullback:6bd378bcc28fa3c56dbb5e54
w09-lb095-r4_0,lab_3d_w09_lb_ratio,9,95,4.0,12.0,3.0,ad084c92621e84c7183b4b2bfdc8ce546c381e71183729434744148a4a73455e,359,359,0.2590529247910863509749303621,1.295378937588971155192121981,105.9999999999999984406301206,105.9999999999999984406301206,0.452559768346949320135198561,-0.1006273005308831141820729721,222,0.2612612612612612612612612613,67.99999999999999860539379869,67.99999999999999860539379869,137,0.2554744525547445255474452555,37.99999999999999983523632190,37.99999999999999983523632190,run_948c3b1f59b346cbb268e4ea91a3b3be,ema_pullback:c55748f569d2ee3914525c97
w09-lb095-r4_25,lab_3d_w09_lb_ratio,9,95,4.25,12.75,3.0,ad084c92621e84c7183b4b2bfdc8ce546c381e71183729434744148a4a73455e,359,359,0.2562674094707520891364902507,1.363820651490135422791790018,124.0000000000000059333906250,124.0000000000000059333906250,0.589662570198772919339185698,-0.0998872124958871442150117077,222,0.2612612612612612612612612613,82.50000000000000414884264262,82.50000000000000414884264262,137,0.2481751824817518248175182482,41.50000000000000178454798221,41.50000000000000178454798221,run_3dcf8e617f2649ee9cb397599a6bc494,ema_pullback:4b8b4baa7bd0496fff284d01
w09-lb095-r4_5,lab_3d_w09_lb_ratio,9,95,4.5,13.5,3.0,ad084c92621e84c7183b4b2bfdc8ce546c381e71183729434744148a4a73455e,358,358,0.2513966480446927374301675978,1.425463323791823610150529992,137.0000000000000036199732134,137.0000000000000036199732134,0.7258599820713419557741162823,-0.099147124460891174247950443,221,0.2579185520361990950226244344,92.50000000000000137547375266,92.50000000000000137547375266,137,0.2408759124087591240875912409,44.50000000000000224449946096,44.50000000000000224449946096,run_6d61ac1ff2b54c1c933855615b2d7535,ema_pullback:624224fb839a4d724ee651f7
w09-lb095-r4_75,lab_3d_w09_lb_ratio,9,95,4.75,14.25,3.0,ad084c92621e84c7183b4b2bfdc8ce546c381e71183729434744148a4a73455e,358,358,0.2458100558659217877094972067,1.461124122515513097654084183,148.0000000000000012050470533,148.0000000000000012050470533,0.8036406721001616822144763623,-0.0984070364258952033933578875,221,0.2533936651583710407239819005,100.9999999999999991060896642,100.9999999999999991060896642,137,0.2335766423357664233576642336,47.00000000000000209895738934,47.00000000000000209895738934,run_65e44ad6a342411aa1b421f07c416fb2,ema_pullback:44f42d6148681e8cfd44d82b
w09-lb095-r5_0,lab_3d_w09_lb_ratio,9,95,5.0,15.0,3.0,ad084c92621e84c7183b4b2bfdc8ce546c381e71183729434744148a4a73455e,358,358,0.2374301675977653631284916201,1.450759247321584561158839717,152.0000000000000030738565791,152.0000000000000030738565791,0.7786243678998946002685332999,-0.0976669483908992352013592047,221,0.2443438914027149321266968326,103.0000000000000026029288811,103.0000000000000026029288811,137,0.2262773722627737226277372263,49.00000000000000047092769791,49.00000000000000047092769791,run_162d0da377c94367b82c8ae5e788f962,ema_pullback:1844d06ce10c20a6423536e0
w09-lb100-r2_0,lab_3d_w09_lb_ratio,9,100,2.0,6.0,3.0,ad084c92621e84c7183b4b2bfdc8ce546c381e71183729434744148a4a73455e,358,358,0.3798882681564245810055865922,1.193539165287919982609932928,49.99999999999999878489655331,49.99999999999999878489655331,0.2535388369222551082442907735,-0.0948487364813367792769928015,221,0.4117647058823529411764705882,51.99999999999999983117261079,51.99999999999999983117261079,137,0.3284671532846715328467153285,-2.000000000000001046276057473,-2.000000000000001046276057473,run_4e79dad9350645ecbe31fa803c99360a,ema_pullback:36ee1894e8e1245cd7984e83
w09-lb100-r2_25,lab_3d_w09_lb_ratio,9,100,2.25,6.75,3.0,ad084c92621e84c7183b4b2bfdc8ce546c381e71183729434744148a4a73455e,358,358,0.3463687150837988826815642458,1.130312105730043683648545623,45.00000000000000305800471105,45.00000000000000305800471105,0.1733269707187675875598513889,-0.1083072745231142454033110292,221,0.3710407239819004524886877828,45.50000000000000131549043618,45.50000000000000131549043618,137,0.3065693430656934306569343066,-0.499999999999998257485725142,-0.499999999999998257485725142,run_792d1c280a774334bf933e91fac77e6f,ema_pullback:599b5da2e2b0a9dfc0991539
w09-lb100-r2_5,lab_3d_w09_lb_ratio,9,100,2.5,7.5,3.0,ad084c92621e84c7183b4b2bfdc8ce546c381e71183729434744148a4a73455e,358,358,0.3268156424581005586592178771,1.161291191600958526219423321,51.50000000000000348188911835,51.50000000000000348188911835,0.2223399614651296401251296012,-0.0984080933641151429495226526,221,0.3438914027149321266968325792,45.00000000000000188489895989,45.00000000000000188489895989,137,0.2992700729927007299270072993,6.500000000000001596990158476,6.500000000000001596990158476,run_cbf0622106684d75a044c572efe03810,ema_pullback:58423af67bfcc91dcd3b0f3e
w09-lb100-r2_75,lab_3d_w09_lb_ratio,9,100,2.75,8.25,3.0,ad084c92621e84c7183b4b2bfdc8ce546c381e71183729434744148a4a73455e,358,358,0.3212290502793296089385474860,1.236891391385999329683356086,73.25000000000000534941882951,73.25000000000000534941882951,0.3451305844706665725592968369,-0.0838316941510221737614564157,221,0.3348416289592760180995475113,56.50000000000000290207627896,56.50000000000000290207627896,137,0.2992700729927007299270072993,16.75000000000000244734255058,16.75000000000000244734255058,run_49f2595569444d6ca3bc0d67e19130f6,ema_pullback:a04ae94d78971875942c458b
w09-lb100-r3_0,lab_3d_w09_lb_ratio,9,100,3.0,9.0,3.0,ad084c92621e84c7183b4b2bfdc8ce546c381e71183729434744148a4a73455e,357,357,0.2997198879551820728291316527,1.225213529647152493201487321,71.00000000000000296478871812,71.00000000000000296478871812,0.3299277874870850184740399882,-0.0791830671383086905935033132,221,0.3122171945701357466063348416,55.00000000000000188621122966,55.00000000000000188621122966,136,0.2794117647058823529411764706,16.00000000000000107857748846,16.00000000000000107857748846,run_0a3dae9c84034ec2a36a68fde2614d1a,ema_pullback:83361e4ede8170e1487847ff
w09-lb100-r3_25,lab_3d_w09_lb_ratio,9,100,3.25,9.75,3.0,ad084c92621e84c7183b4b2bfdc8ce546c381e71183729434744148a4a73455e,357,357,0.2913165266106442577030812325,1.263292355276987997923232282,85.00000000000000224184066129,85.00000000000000224184066129,0.3993403656675961248475859038,-0.0764369795505646928853683861,221,0.2986425339366515837104072398,59.50000000000000205613405176,59.50000000000000205613405176,136,0.2794117647058823529411764706,25.50000000000000018570660956,25.50000000000000018570660956,run_db70fc6cbc584578b3c6e4adfae1c2ab,ema_pullback:6b0f593d1d8a338475f3cbf6
w09-lb100-r3_5,lab_3d_w09_lb_ratio,9,100,3.5,10.5,3.0,ad084c92621e84c7183b4b2bfdc8ce546c381e71183729434744148a4a73455e,357,357,0.2773109243697478991596638655,1.299530981698594430616790711,88.50000000000000594455725232,88.50000000000000594455725232,0.4694692248933811497552995703,-0.0813441924463310259844733354,221,0.2895927601809954751131221719,67.00000000000000386276613609,67.00000000000000386276613609,136,0.2573529411764705882352941176,21.50000000000000208179111625,21.50000000000000208179111625,run_130deab6c5a34a1599a403674152abe5,ema_pullback:b48ae3c4ed3a998f0c71306b
w09-lb100-r3_75,lab_3d_w09_lb_ratio,9,100,3.75,11.25,3.0,ad084c92621e84c7183b4b2bfdc8ce546c381e71183729434744148a4a73455e,357,357,0.2717086834733893557422969188,1.368657445042412716703102607,103.7500000000000006667382313,103.7500000000000006667382313,0.6109585217997512349319010263,-0.0805869902715359781167925821,221,0.2805429864253393665158371041,73.50000000000000082252263874,73.50000000000000082252263874,136,0.2573529411764705882352941176,30.24999999999999984421559252,30.24999999999999984421559252,run_e6eff5bc40e745ebabc8241dd726a8d6,ema_pullback:90b7e86eaeefeb8e42e7b04d
w09-lb100-r4_0,lab_3d_w09_lb_ratio,9,100,4.0,12.0,3.0,ad084c92621e84c7183b4b2bfdc8ce546c381e71183729434744148a4a73455e,356,356,0.2584269662921348314606741573,1.298222303769242885311126807,103.9999999999999984406301206,103.9999999999999984406301206,0.4560379304323950511516773069,-0.1006273005308831141820729721,220,0.2590909090909090909090909091,64.99999999999999860539379869,64.99999999999999860539379869,136,0.2573529411764705882352941176,38.99999999999999983523632191,38.99999999999999983523632191,run_4d5b57caf9d0499baaa1d2f57f49b8de,ema_pullback:9baea76e5d76bb01e3b14e8c
w09-lb100-r4_25,lab_3d_w09_lb_ratio,9,100,4.25,12.75,3.0,ad084c92621e84c7183b4b2bfdc8ce546c381e71183729434744148a4a73455e,356,356,0.2556179775280898876404494382,1.366704797728556842188992382,121.7500000000000062284992159,121.7500000000000062284992159,0.5931998209462008499360630133,-0.0998872124958871442150117077,220,0.2590909090909090909090909091,79.25000000000000444395123349,79.25000000000000444395123349,136,0.25,42.50000000000000178454798219,42.50000000000000178454798219,run_c829568a1465486d9bdc5c78852a3bf3,ema_pullback:538a1c23ba01e2645436256b
w09-lb100-r4_5,lab_3d_w09_lb_ratio,9,100,4.5,13.5,3.0,ad084c92621e84c7183b4b2bfdc8ce546c381e71183729434744148a4a73455e,355,355,0.2507042253521126760563380282,1.428372636840452982596451451,134.5000000000000040626360997,134.5000000000000040626360997,0.7294081229864759759365061593,-0.099147124460891174247950443,219,0.2557077625570776255707762557,89.00000000000000181813663894,89.00000000000000181813663894,136,0.2426470588235294117647058824,45.50000000000000224449946096,45.50000000000000224449946096,run_e93c65fb146a4bef9fc7b21ded31976e,ema_pullback:84cce521b3f57c9196744ba5
w09-lb100-r4_75,lab_3d_w09_lb_ratio,9,100,4.75,14.25,3.0,ad084c92621e84c7183b4b2bfdc8ce546c381e71183729434744148a4a73455e,355,355,0.2450704225352112676056338028,1.463962972535242872696498512,145.2500000000000019428185304,145.2500000000000019428185304,0.8070434849012230273498679728,-0.0984070364258952033933578875,219,0.2511415525114155251141552511,97.2499999999999998438611413,97.2499999999999998438611413,136,0.2352941176470588235294117647,48.00000000000000209895738934,48.00000000000000209895738934,run_0489f2f316144b999c10c9624d513239,ema_pullback:8bffe22ff11ab22d0507740e
w09-lb100-r5_0,lab_3d_w09_lb_ratio,9,100,5.0,15.0,3.0,ad084c92621e84c7183b4b2bfdc8ce546c381e71183729434744148a4a73455e,355,355,0.2366197183098591549295774648,1.453363076100052252232967208,149.0000000000000030738565789,149.0000000000000030738565789,0.781679084305446555653213171,-0.0976669483908992352013592047,219,0.2420091324200913242009132420,99.0000000000000026029288811,99.0000000000000026029288811,136,0.2279411764705882352941176471,50.00000000000000047092769793,50.00000000000000047092769793,run_6b748d6a1bb945d288c68310cab32c6a,ema_pullback:7fa1782da89811304e60a824
w09-lb105-r2_0,lab_3d_w09_lb_ratio,9,105,2.0,6.0,3.0,ad084c92621e84c7183b4b2bfdc8ce546c381e71183729434744148a4a73455e,355,355,0.3830985915492957746478873239,1.208808584242782137384971679,52.99999999999999878489655331,52.99999999999999878489655331,0.2720301202931837774772871112,-0.0911299239169575480080266065,218,0.4174311926605504587155963303,54.99999999999999983117261077,54.99999999999999983117261077,137,0.3284671532846715328467153285,-2.000000000000001046276057472,-2.000000000000001046276057472,run_777813f459914865a278090a69edf33b,ema_pullback:105f9d57291b2c3f7628dabc
w09-lb105-r2_25,lab_3d_w09_lb_ratio,9,105,2.25,6.75,3.0,ad084c92621e84c7183b4b2bfdc8ce546c381e71183729434744148a4a73455e,355,355,0.3492957746478873239436619718,1.144001747701236349112502970,48.00000000000000305800471107,48.00000000000000305800471107,0.1906350276080011436367796489,-0.1046437563414367247696010450,218,0.3761467889908256880733944954,48.50000000000000131549043616,48.50000000000000131549043616,137,0.3065693430656934306569343066,-0.499999999999998257485725131,-0.499999999999998257485725131,run_1693640f096347db9f452175f1bd52f5,ema_pullback:04952289fc187631a3c477af
w09-lb105-r2_5,lab_3d_w09_lb_ratio,9,105,2.5,7.5,3.0,ad084c92621e84c7183b4b2bfdc8ce546c381e71183729434744148a4a73455e,355,355,0.3295774647887323943661971831,1.175131853353168628954411523,54.50000000000000348188911839,54.50000000000000348188911839,0.2403710219614735319501129139,-0.0947039044119765114527260466,218,0.3486238532110091743119266055,48.00000000000000188489895991,48.00000000000000188489895991,137,0.2992700729927007299270072993,6.500000000000001596990158456,6.500000000000001596990158456,run_5e509a385b434c45beec8f6c8fd49889,ema_pullback:09d7156fab971840382e26e2
w09-lb105-r2_75,lab_3d_w09_lb_ratio,9,105,2.75,8.25,3.0,ad084c92621e84c7183b4b2bfdc8ce546c381e71183729434744148a4a73455e,355,355,0.3239436619718309859154929577,1.251536247885550451874087769,76.25000000000000534941882953,76.25000000000000534941882953,0.3649729619668594902141954314,-0.0800676180852906880830363398,218,0.3394495412844036697247706422,59.50000000000000290207627898,59.50000000000000290207627898,137,0.2992700729927007299270072993,16.75000000000000244734255058,16.75000000000000244734255058,run_ea36d6960dcb4906a2430a4ea109d3d8,ema_pullback:90fa52b0c62cbfe0a7268d9c
w09-lb105-r3_0,lab_3d_w09_lb_ratio,9,105,3.0,9.0,3.0,ad084c92621e84c7183b4b2bfdc8ce546c381e71183729434744148a4a73455e,354,354,0.3022598870056497175141242938,1.239515727325215342048944527,74.00000000000000296478871810,74.00000000000000296478871810,0.3495459044986611829018415429,-0.0791830671383086905935033132,218,0.3165137614678899082568807339,58.00000000000000188621122964,58.00000000000000188621122964,136,0.2794117647058823529411764706,16.00000000000000107857748846,16.00000000000000107857748846,run_23c1e80770884a8b81a60d0b63f2214d,ema_pullback:ce28a1a2bb8163e73281faa1
w09-lb105-r3_25,lab_3d_w09_lb_ratio,9,105,3.25,9.75,3.0,ad084c92621e84c7183b4b2bfdc8ce546c381e71183729434744148a4a73455e,354,354,0.2937853107344632768361581921,1.277935826649326802728029709,88.00000000000000224184066130,88.00000000000000224184066130,0.4199824060031547723271780653,-0.0764369795505646928853683861,218,0.3027522935779816513761467890,62.50000000000000205613405174,62.50000000000000205613405174,136,0.2794117647058823529411764706,25.50000000000000018570660958,25.50000000000000018570660958,run_b4e661552d5a4bc9b3c5b733581ce5f4,ema_pullback:9731779fa790415a442218be
w09-lb105-r3_5,lab_3d_w09_lb_ratio,9,105,3.5,10.5,3.0,ad084c92621e84c7183b4b2bfdc8ce546c381e71183729434744148a4a73455e,354,354,0.2796610169491525423728813559,1.314474882979783509656073557,91.50000000000000594455725232,91.50000000000000594455725232,0.4911457546043211381200569954,-0.0813441924463310259844733354,218,0.2935779816513761467889908257,70.00000000000000386276613609,70.00000000000000386276613609,136,0.2573529411764705882352941176,21.50000000000000208179111626,21.50000000000000208179111626,run_2159e6edd4d0405b9998247e3cd96ae4,ema_pullback:dd840cda9b2f7871a8405768
w09-lb105-r3_75,lab_3d_w09_lb_ratio,9,105,3.75,11.25,3.0,ad084c92621e84c7183b4b2bfdc8ce546c381e71183729434744148a4a73455e,354,354,0.2740112994350282485875706215,1.384287128476572241719479520,106.7500000000000006667382312,106.7500000000000006667382312,0.6347221976014121566655766864,-0.0805869902715359781167925821,218,0.2844036697247706422018348624,76.50000000000000082252263874,76.50000000000000082252263874,136,0.2573529411764705882352941176,30.24999999999999984421559254,30.24999999999999984421559254,run_3bb23a931e5f48698d82eab099f8c17a,ema_pullback:b942e9f73fde5e1488006a02
w09-lb105-r4_0,lab_3d_w09_lb_ratio,9,105,4.0,12.0,3.0,ad084c92621e84c7183b4b2bfdc8ce546c381e71183729434744148a4a73455e,354,354,0.2598870056497175141242937853,1.307396057119631202454435065,105.9999999999999984406301207,105.9999999999999984406301207,0.4699915542971634156793665393,-0.1006273005308831141820729721,218,0.2614678899082568807339449541,66.99999999999999860539379867,66.99999999999999860539379867,136,0.2573529411764705882352941176,38.99999999999999983523632191,38.99999999999999983523632191,run_f8743a32fd324a7a89fe2ef395fe3794,ema_pullback:8fbc28a913db1da424135ed5
w09-lb105-r4_25,lab_3d_w09_lb_ratio,9,105,4.25,12.75,3.0,ad084c92621e84c7183b4b2bfdc8ce546c381e71183729434744148a4a73455e,354,354,0.2570621468926553672316384181,1.376103158686776211222452212,123.7500000000000062284992159,123.7500000000000062284992159,0.6084679060546002918560316043,-0.0998872124958871442150117077,218,0.2614678899082568807339449541,81.25000000000000444395123349,81.25000000000000444395123349,136,0.25,42.50000000000000178454798219,42.50000000000000178454798219,run_80f5839f669b47e89d6a878c4f1d9457,ema_pullback:c7a410bedbb8790036dd4dcb
w09-lb105-r4_5,lab_3d_w09_lb_ratio,9,105,4.5,13.5,3.0,ad084c92621e84c7183b4b2bfdc8ce546c381e71183729434744148a4a73455e,353,353,0.2521246458923512747875354108,1.437968255747795195528600451,136.5000000000000040626360997,136.5000000000000040626360997,0.7459815308300903895049723933,-0.099147124460891174247950443,217,0.2580645161290322580645161290,91.00000000000000181813663892,91.00000000000000181813663892,136,0.2426470588235294117647058824,45.50000000000000224449946096,45.50000000000000224449946096,run_9d6eeb3afc5542c0963ac8465d1f73c7,ema_pullback:719aef23de0467697a76c209
w09-lb105-r4_75,lab_3d_w09_lb_ratio,9,105,4.75,14.25,3.0,ad084c92621e84c7183b4b2bfdc8ce546c381e71183729434744148a4a73455e,353,353,0.2464589235127478753541076487,1.473720340257300650479704883,147.2500000000000019428185304,147.2500000000000019428185304,0.8243608944058668625983291616,-0.0984070364258952033933578875,217,0.2534562211981566820276497696,99.2499999999999998438611414,99.2499999999999998438611414,136,0.2352941176470588235294117647,48.00000000000000209895738936,48.00000000000000209895738936,run_0eb5583506c24cf5925700432107b8ca,ema_pullback:dcc5b0d315f8815de6041fc3
w09-lb105-r5_0,lab_3d_w09_lb_ratio,9,105,5.0,15.0,3.0,ad084c92621e84c7183b4b2bfdc8ce546c381e71183729434744148a4a73455e,353,353,0.2379603399433427762039660057,1.463049006752890982478716671,151.0000000000000030738565791,151.0000000000000030738565791,0.7987534195755038870990829164,-0.0976669483908992352013592047,217,0.2442396313364055299539170507,101.0000000000000026029288810,101.0000000000000026029288810,136,0.2279411764705882352941176471,50.00000000000000047092769791,50.00000000000000047092769791,run_a92bbddd9e0344c0851548541ef622a5,ema_pullback:4cb2828d4022721f11fce9ee
w09-lb110-r2_0,lab_3d_w09_lb_ratio,9,110,2.0,6.0,3.0,ad084c92621e84c7183b4b2bfdc8ce546c381e71183729434744148a4a73455e,352,352,0.3835227272727272727272727273,1.211221666107441175619571938,52.99999999999999878489655333,52.99999999999999878489655333,0.2736469409156543977336322022,-0.0851250802812999961007971466,216,0.4166666666666666666666666667,53.99999999999999983117261079,53.99999999999999983117261079,136,0.3308823529411764705882352941,-1.000000000000001046276057475,-1.000000000000001046276057475,run_cb11734f65844201a22b0200c631b8ea,ema_pullback:b35863e34ef765a7bf60119a
w09-lb110-r2_25,lab_3d_w09_lb_ratio,9,110,2.25,6.75,3.0,ad084c92621e84c7183b4b2bfdc8ce546c381e71183729434744148a4a73455e,352,352,0.3494318181818181818181818182,1.145078673190563536348387828,47.75000000000000293261012045,47.75000000000000293261012045,0.1909705607292822423384450806,-0.0987281976902482423501595188,216,0.375,47.25000000000000119009584562,47.25000000000000119009584562,136,0.3088235294117647058823529412,0.500000000000001742514274850,0.500000000000001742514274850,run_a1ba3820aa0040338d2870cd017be55f,ema_pullback:4f4afa22e08d4d64282fb57c
w09-lb110-r2_5,lab_3d_w09_lb_ratio,9,110,2.5,7.5,3.0,ad084c92621e84c7183b4b2bfdc8ce546c381e71183729434744148a4a73455e,352,352,0.3295454545454545454545454545,1.175554534080709044283613131,54.00000000000000348188911841,54.00000000000000348188911841,0.2394959624631211509401550173,-0.0887226738257461891905978709,216,0.3472222222222222222222222222,46.50000000000000188489895993,46.50000000000000188489895993,136,0.3014705882352941176470588235,7.500000000000001596990158475,7.500000000000001596990158475,run_dd9a4234de294c41b999cc52b0c1838a,ema_pullback:76e35a6675cc005b72bd312f
w09-lb110-r2_75,lab_3d_w09_lb_ratio,9,110,2.75,8.25,3.0,ad084c92621e84c7183b4b2bfdc8ce546c381e71183729434744148a4a73455e,352,352,0.3238636363636363636363636364,1.251564823027852832440855773,75.50000000000000497323505777,75.50000000000000497323505777,0.3626650284025416045588627262,-0.0739896865369412975173647099,216,0.3379629629629629629629629630,57.75000000000000252589250719,57.75000000000000252589250719,136,0.3014705882352941176470588235,17.75000000000000244734255058,17.75000000000000244734255058,run_be577b9310bc4e5eab47a564dfbcc0ef,ema_pullback:cefdfe1f7ef1ecc508a5ace1
w09-lb110-r3_0,lab_3d_w09_lb_ratio,9,110,3.0,9.0,3.0,ad084c92621e84c7183b4b2bfdc8ce546c381e71183729434744148a4a73455e,351,351,0.3019943019943019943019943020,1.238658179889761179207920464,73.00000000000000296478871813,73.00000000000000296478871813,0.3459369065984397114583658944,-0.0772464747746271874339291059,216,0.3148148148148148148148148148,56.00000000000000188621122966,56.00000000000000188621122966,135,0.2814814814814814814814814815,17.00000000000000107857748845,17.00000000000000107857748845,run_48bf323b2c4e4544953a8e14fdb5851c,ema_pullback:306d67e458345c2ec7ccd0d8
w09-lb110-r3_25,lab_3d_w09_lb_ratio,9,110,3.25,9.75,3.0,ad084c92621e84c7183b4b2bfdc8ce546c381e71183729434744148a4a73455e,351,351,0.2934472934472934472934472934,1.276525201964261789442749771,86.75000000000000186565688956,86.75000000000000186565688956,0.4147913766704307528361475704,-0.0764369795505646928853683861,216,0.3009259259259259259259259259,60.25000000000000167995027998,60.25000000000000167995027998,135,0.2814814814814814814814814815,26.50000000000000018570660958,26.50000000000000018570660958,run_51bac469e6ca443db617e5c28613d2ab,ema_pullback:0616c470ba4732368ff33c9d
w09-lb110-r3_5,lab_3d_w09_lb_ratio,9,110,3.5,10.5,3.0,ad084c92621e84c7183b4b2bfdc8ce546c381e71183729434744148a4a73455e,351,351,0.2792022792022792022792022792,1.312479060484735536003012276,90.00000000000000569376807111,90.00000000000000569376807111,0.4842339385724192866143975251,-0.0813441924463310259844733354,216,0.2916666666666666666666666667,67.50000000000000361197695485,67.50000000000000361197695485,135,0.2592592592592592592592592593,22.50000000000000208179111627,22.50000000000000208179111627,run_812f4724c2d945048c47c5b6f6abe9d1,ema_pullback:c75629208a0f696ce0cbf6e0
w09-lb110-r3_75,lab_3d_w09_lb_ratio,9,110,3.75,11.25,3.0,ad084c92621e84c7183b4b2bfdc8ce546c381e71183729434744148a4a73455e,351,351,0.2735042735042735042735042735,1.381905002854317202550698227,105.0000000000000005413436407,105.0000000000000005413436407,0.6255467424318791559104927154,-0.0805869902715359781167925821,216,0.2824074074074074074074074074,73.75000000000000069712804817,73.75000000000000069712804817,135,0.2592592592592592592592592593,31.24999999999999984421559253,31.24999999999999984421559253,run_733cca8467f548ff8eab09d3b4c2ebac,ema_pullback:54db6b7096fcd712a3767099
w09-lb110-r4_0,lab_3d_w09_lb_ratio,9,110,4.0,12.0,3.0,ad084c92621e84c7183b4b2bfdc8ce546c381e71183729434744148a4a73455e,351,351,0.2592592592592592592592592593,1.303698957531899910140880369,103.9999999999999984406301206,103.9999999999999984406301206,0.4603064431004564911861436807,-0.1006273005308831141820729721,216,0.2592592592592592592592592593,63.99999999999999860539379868,63.99999999999999860539379868,135,0.2592592592592592592592592593,39.99999999999999983523632188,39.99999999999999983523632188,run_057a5c7f6a0744a7846ef1ea03a06568,ema_pullback:8a648463d45563f6ce7b660e
w09-lb110-r4_25,lab_3d_w09_lb_ratio,9,110,4.25,12.75,3.0,ad084c92621e84c7183b4b2bfdc8ce546c381e71183729434744148a4a73455e,351,351,0.2564102564102564102564102564,1.372020030155996966300149385,121.5000000000000056015262630,121.5000000000000056015262630,0.5963041376674398384760069247,-0.0998872124958871442150117077,216,0.2592592592592592592592592593,78.00000000000000381697828059,78.00000000000000381697828059,135,0.2518518518518518518518518519,43.50000000000000178454798221,43.50000000000000178454798221,run_e68d7231996142ffbd1efa8fa354881c,ema_pullback:26a3264e660bbabc554d567f
w09-lb110-r4_5,lab_3d_w09_lb_ratio,9,110,4.5,13.5,3.0,ad084c92621e84c7183b4b2bfdc8ce546c381e71183729434744148a4a73455e,350,350,0.2514285714285714285714285714,1.433498136184070547513195910,134.0000000000000035610577373,134.0000000000000035610577373,0.7310809612825867795313542265,-0.099147124460891174247950443,215,0.2558139534883720930232558140,87.50000000000000131655827659,87.50000000000000131655827659,135,0.2444444444444444444444444444,46.50000000000000224449946094,46.50000000000000224449946094,run_345b7765b88342bf9a78025d21bedcc7,ema_pullback:b3530ccab391a42135356968
w09-lb110-r4_75,lab_3d_w09_lb_ratio,9,110,4.75,14.25,3.0,ad084c92621e84c7183b4b2bfdc8ce546c381e71183729434744148a4a73455e,350,350,0.2457142857142857142857142857,1.468646711820184885030175648,144.5000000000000013158455776,144.5000000000000013158455776,0.8070218358165970477956457738,-0.0984070364258952033933578875,215,0.2511627906976744186046511628,95.49999999999999921688818838,95.49999999999999921688818838,135,0.2370370370370370370370370370,49.00000000000000209895738933,49.00000000000000209895738933,run_115b658bfa714eecb0d1b1c0c6c83c65,ema_pullback:b055ecc1786b81e117c0dd1a
w09-lb110-r5_0,lab_3d_w09_lb_ratio,9,110,5.0,15.0,3.0,ad084c92621e84c7183b4b2bfdc8ce546c381e71183729434744148a4a73455e,350,350,0.2371428571428571428571428571,1.457111717704442242765586495,148.0000000000000030738565791,148.0000000000000030738565791,0.7799164049525192983903677266,-0.0976669483908992352013592047,215,0.2418604651162790697674418605,97.0000000000000026029288811,97.0000000000000026029288811,135,0.2296296296296296296296296296,51.00000000000000047092769791,51.00000000000000047092769791,run_b2943f97175b48159f8180105d0c06b9,ema_pullback:540c577099e7667ff8c8cac1
w09-lb115-r2_0,lab_3d_w09_lb_ratio,9,115,2.0,6.0,3.0,ad084c92621e84c7183b4b2bfdc8ce546c381e71183729434744148a4a73455e,345,345,0.3855072463768115942028985507,1.218935302864488417036619750,53.99999999999999903106218280,53.99999999999999903106218280,0.2790901471875065258545572023,-0.0924981796231143788237438100,211,0.4170616113744075829383886256,53.00000000000000007733824026,53.00000000000000007733824026,134,0.3358208955223880597014925373,0.999999999999998953723942539,0.999999999999998953723942539,run_6dee42781d4749f7a1f2ae71a8a020d1,ema_pullback:fe6bd3f6e469b3e597b64ed2
w09-lb115-r2_25,lab_3d_w09_lb_ratio,9,115,2.25,6.75,3.0,ad084c92621e84c7183b4b2bfdc8ce546c381e71183729434744148a4a73455e,345,345,0.3507246376811594202898550725,1.149405981279291559089424780,48.25000000000000324704710289,48.25000000000000324704710289,0.1935410882544833126749572771,-0.1068913779191983211923351954,211,0.3744075829383886255924170616,45.75000000000000150453282804,45.75000000000000150453282804,134,0.3134328358208955223880597015,2.500000000000001742514274858,2.500000000000001742514274858,run_58db063ae62b47cba1c4d033893561ed,ema_pullback:ed708d3b36f67e5c1a819cc5
w09-lb115-r2_5,lab_3d_w09_lb_ratio,9,115,2.5,7.5,3.0,ad084c92621e84c7183b4b2bfdc8ce546c381e71183729434744148a4a73455e,345,345,0.3304347826086956521739130435,1.178538593771499801218356214,54.00000000000000437829827551,54.00000000000000437829827551,0.2395575133033025852630458492,-0.0978843473554909542206947848,211,0.3459715639810426540284360190,44.50000000000000278130811709,44.50000000000000278130811709,134,0.3059701492537313432835820896,9.50000000000000159699015846,9.50000000000000159699015846,run_792d122442484627a296fc9f7eb4c848,ema_pullback:e51951b33e7f4de5aec673b4
w09-lb115-r2_75,lab_3d_w09_lb_ratio,9,115,2.75,8.25,3.0,ad084c92621e84c7183b4b2bfdc8ce546c381e71183729434744148a4a73455e,345,345,0.3246376811594202898550724638,1.254035697610091789885885736,75.00000000000000571311950111,75.00000000000000571311950111,0.3598683247350192536869591662,-0.0842201745431124522840306429,211,0.3364928909952606635071090047,55.25000000000000326577695056,55.25000000000000326577695056,134,0.3059701492537313432835820896,19.75000000000000244734255056,19.75000000000000244734255056,run_2902a4b1267941a791500bad73d733ce,ema_pullback:5304cbf0cd25ea8a0fe72da6
w09-lb115-r3_0,lab_3d_w09_lb_ratio,9,115,3.0,9.0,3.0,ad084c92621e84c7183b4b2bfdc8ce546c381e71183729434744148a4a73455e,344,344,0.3023255813953488372093023256,1.239067410115473682952053211,72.00000000000000356951801048,72.00000000000000356951801048,0.3403542444317485779877922092,-0.0772464747746271874339291059,211,0.3127962085308056872037914692,53.00000000000000249094052199,53.00000000000000249094052199,133,0.2857142857142857142857142857,19.00000000000000107857748845,19.00000000000000107857748845,run_12611c8175ac426bbc92baea6208833c,ema_pullback:8fee4945984419f648d8005a
w09-lb115-r3_25,lab_3d_w09_lb_ratio,9,115,3.25,9.75,3.0,ad084c92621e84c7183b4b2bfdc8ce546c381e71183729434744148a4a73455e,344,344,0.2936046511627906976744186047,1.275811076604132322718956689,85.25000000000000231386146808,85.25000000000000231386146808,0.4059678849369512388211246313,-0.0764369795505646928853683861,211,0.2985781990521327014218009479,56.75000000000000212815485852,56.75000000000000212815485852,133,0.2857142857142857142857142857,28.50000000000000018570660958,28.50000000000000018570660958,run_25e859c4a2de410fa83b84c3f3ba0492,ema_pullback:5fdcb96e3b65da2421e0c8b2
w09-lb115-r3_5,lab_3d_w09_lb_ratio,9,115,3.5,10.5,3.0,ad084c92621e84c7183b4b2bfdc8ce546c381e71183729434744148a4a73455e,344,344,0.2790697674418604651162790698,1.310585918429322105850570831,88.00000000000000668120569891,88.00000000000000668120569891,0.4718868234397339267419020764,-0.0813441924463310259844733354,211,0.2890995260663507109004739336,63.50000000000000459941458263,63.50000000000000459941458263,133,0.2631578947368421052631578947,24.50000000000000208179111627,24.50000000000000208179111627,run_95f97f570e894a59a28cd51f0db4ef1a,ema_pullback:4fd646a694b6d867bdd7f13c
w09-lb115-r3_75,lab_3d_w09_lb_ratio,9,115,3.75,11.25,3.0,ad084c92621e84c7183b4b2bfdc8ce546c381e71183729434744148a4a73455e,344,344,0.2732558139534883720930232558,1.379420940031583663374174126,102.5000000000000013936261174,102.5000000000000013936261174,0.608649916376754516243084417,-0.0805869902715359781167925821,211,0.2796208530805687203791469194,69.25000000000000154941052488,69.25000000000000154941052488,133,0.2631578947368421052631578947,33.24999999999999984421559252,33.24999999999999984421559252,run_b06b2d16a91a4bbea2bf4f7df0d16210,ema_pullback:70279ce7ec5f8b1d9fabdb20
w09-lb115-r4_0,lab_3d_w09_lb_ratio,9,115,4.0,12.0,3.0,ad084c92621e84c7183b4b2bfdc8ce546c381e71183729434744148a4a73455e,344,344,0.2587209302325581395348837209,1.297987915360690115481624440,100.9999999999999986867957501,100.9999999999999986867957501,0.4421055670891532551428141706,-0.1006273005308831141820729721,211,0.2559241706161137440758293839,58.99999999999999885155942817,58.99999999999999885155942817,133,0.2631578947368421052631578947,41.99999999999999983523632189,41.99999999999999983523632189,run_0d08aafd6b2242988e2791f07ff361a4,ema_pullback:9fc0cc7abbf0fe113e440aba
w09-lb115-r4_25,lab_3d_w09_lb_ratio,9,115,4.25,12.75,3.0,ad084c92621e84c7183b4b2bfdc8ce546c381e71183729434744148a4a73455e,344,344,0.2558139534883720930232558140,1.365726104904668392371111011,118.0000000000000066117210083,118.0000000000000066117210083,0.5731155245625443487425527395,-0.0998872124958871442150117077,211,0.2559241706161137440758293839,72.50000000000000482717302595,72.50000000000000482717302595,133,0.2556390977443609022556390977,45.50000000000000178454798219,45.50000000000000178454798219,run_525d6f151def4819b2028cf16696b4f2,ema_pullback:c17d27337da559fb9a3de3db
w09-lb115-r4_5,lab_3d_w09_lb_ratio,9,115,4.5,13.5,3.0,ad084c92621e84c7183b4b2bfdc8ce546c381e71183729434744148a4a73455e,343,343,0.2507288629737609329446064140,1.426517071228995662485144634,130.0000000000000044147277690,130.0000000000000044147277690,0.7023750022962824983682637828,-0.099147124460891174247950443,210,0.2523809523809523809523809524,81.50000000000000217022830820,81.50000000000000217022830820,133,0.2481203007518796992481203008,48.50000000000000224449946096,48.50000000000000224449946096,run_f3676bf2312f48f1a3f51f0d06f88109,ema_pullback:29494721466c83109fb68d9b
w09-lb115-r4_75,lab_3d_w09_lb_ratio,9,115,4.75,14.25,3.0,ad084c92621e84c7183b4b2bfdc8ce546c381e71183729434744148a4a73455e,343,343,0.2448979591836734693877551020,1.460422019751769551508004873,140.0000000000000032224494799,140.0000000000000032224494799,0.7733525272549546632394718072,-0.0984070364258952033933578875,210,0.2476190476190476190476190476,89.00000000000000112349209089,89.00000000000000112349209089,133,0.2406015037593984962406015038,51.00000000000000209895738934,51.00000000000000209895738934,run_c8c9cd56d11b457abc4264923b48d21c,ema_pullback:4d27ffddb4d59fc498c1984a
w09-lb115-r5_0,lab_3d_w09_lb_ratio,9,115,5.0,15.0,3.0,ad084c92621e84c7183b4b2bfdc8ce546c381e71183729434744148a4a73455e,343,343,0.2361516034985422740524781341,1.446849297703294612044444591,143.0000000000000048666748931,143.0000000000000048666748931,0.7431150551969541449912756035,-0.0976669483908992352013592047,210,0.2380952380952380952380952381,90.00000000000000439574719537,90.00000000000000439574719537,133,0.2330827067669172932330827068,53.00000000000000047092769790,53.00000000000000047092769790,run_c3525e8bdedd466fb5c730897d6d1325,ema_pullback:15e71900d00d2ee62fb38c3b
w09-lb120-r2_0,lab_3d_w09_lb_ratio,9,120,2.0,6.0,3.0,ad084c92621e84c7183b4b2bfdc8ce546c381e71183729434744148a4a73455e,341,341,0.3870967741935483870967741935,1.226016503055343171194078742,54.99999999999999903106218280,54.99999999999999903106218280,0.2848070164339041451072586971,-0.0880106653397657563267256996,208,0.4230769230769230769230769231,56.00000000000000007733824026,56.00000000000000007733824026,133,0.3308270676691729323308270677,-1.000000000000001046276057476,-1.000000000000001046276057476,run_a9ec82c39f614560b9e75471bfa98c15,ema_pullback:52f5d4cb600f08ccb12c5ddd
w09-lb120-r2_25,lab_3d_w09_lb_ratio,9,120,2.25,6.75,3.0,ad084c92621e84c7183b4b2bfdc8ce546c381e71183729434744148a4a73455e,341,341,0.3519061583577712609970674487,1.154342336759700288310629608,49.00000000000000312222454477,49.00000000000000312222454477,0.197685741661838995971609206,-0.1024750366974198910763694589,208,0.3798076923076923076923076923,48.75000000000000150453282806,48.75000000000000150453282806,133,0.3082706766917293233082706767,0.250000000000001617691716747,0.250000000000001617691716747,run_b685c9c267724a22be29d47ef1582b18,ema_pullback:adff582be8c3b609913a8286
w09-lb120-r2_5,lab_3d_w09_lb_ratio,9,120,2.5,7.5,3.0,ad084c92621e84c7183b4b2bfdc8ce546c381e71183729434744148a4a73455e,341,341,0.3313782991202346041055718475,1.182948021756822709310237373,54.50000000000000437829827550,54.50000000000000437829827550,0.242628682059790581981772419,-0.0934234671835995553898855537,208,0.3509615384615384615384615385,47.50000000000000278130811705,47.50000000000000278130811705,133,0.3007518796992481203007518797,7.000000000000001596990158455,7.000000000000001596990158455,run_c68e19b3976f4f7b90e4bae850a01549,ema_pullback:efa1104fa0b784a3ff3ad664
w09-lb120-r2_75,lab_3d_w09_lb_ratio,9,120,2.75,8.25,3.0,ad084c92621e84c7183b4b2bfdc8ce546c381e71183729434744148a4a73455e,341,341,0.3255131964809384164222873900,1.258609871054882778101412747,75.25000000000000558829694301,75.25000000000000558829694301,0.3618872784757332156909219801,-0.0796917262746190796956052215,208,0.3413461538461538461538461538,58.25000000000000326577695056,58.25000000000000326577695056,133,0.3007518796992481203007518797,17.00000000000000232251999246,17.00000000000000232251999246,run_9a64959fcf2c49e3a09ceb9fa4e6f8ec,ema_pullback:c4bea4edfd6b29043134cd83
w09-lb120-r3_0,lab_3d_w09_lb_ratio,9,120,3.0,9.0,3.0,ad084c92621e84c7183b4b2bfdc8ce546c381e71183729434744148a4a73455e,340,340,0.3029411764705882352941176471,1.242582300060025600643885321,72.00000000000000356951801049,72.00000000000000356951801049,0.3410159359336668391867576104,-0.0772464747746271874339291059,208,0.3173076923076923076923076923,56.00000000000000249094052200,56.00000000000000249094052200,132,0.2803030303030303030303030303,16.00000000000000107857748847,16.00000000000000107857748847,run_f80551323f734b3e850a3a433a3e8757,ema_pullback:dac494d8eb07fa846eccbf09
w09-lb120-r3_25,lab_3d_w09_lb_ratio,9,120,3.25,9.75,3.0,ad084c92621e84c7183b4b2bfdc8ce546c381e71183729434744148a4a73455e,340,340,0.2941176470588235294117647059,1.279001199708803541503502746,85.00000000000000218903890999,85.00000000000000218903890999,0.4052714092148836998700285722,-0.0764369795505646928853683861,208,0.3028846153846153846153846154,59.75000000000000212815485853,59.75000000000000212815485853,132,0.2803030303030303030303030303,25.25000000000000006088405146,25.25000000000000006088405146,run_c59ee741c2a3446c93790f5266f0aa57,ema_pullback:6f4361955cd107fa363b7788
w09-lb120-r3_5,lab_3d_w09_lb_ratio,9,120,3.5,10.5,3.0,ad084c92621e84c7183b4b2bfdc8ce546c381e71183729434744148a4a73455e,340,340,0.2794117647058823529411764706,1.313459775847667505895736366,87.50000000000000643156058267,87.50000000000000643156058267,0.4697048135967384080745443804,-0.0813441924463310259844733354,208,0.2932692307692307692307692308,66.50000000000000459941458265,66.50000000000000459941458265,132,0.2575757575757575757575757576,21.00000000000000183214600005,21.00000000000000183214600005,run_6da18bd172094a519bc5954480cd8718,ema_pullback:ea265cf0cf722cbc1305d990
w09-lb120-r3_75,lab_3d_w09_lb_ratio,9,120,3.75,11.25,3.0,ad084c92621e84c7183b4b2bfdc8ce546c381e71183729434744148a4a73455e,340,340,0.2735294117647058823529411765,1.382465390004832406075237524,101.7500000000000012688035593,101.7500000000000012688035593,0.6046804174378031345867349888,-0.0805869902715359781167925821,208,0.2836538461538461538461538462,72.25000000000000154941052487,72.25000000000000154941052487,132,0.2575757575757575757575757576,29.49999999999999971939303441,29.49999999999999971939303441,run_5c8ee358ab564ba2b6593659210d63ac,ema_pullback:e2f5e4393c3c3da00dd3bb80
w09-lb120-r4_0,lab_3d_w09_lb_ratio,9,120,4.0,12.0,3.0,ad084c92621e84c7183b4b2bfdc8ce546c381e71183729434744148a4a73455e,340,340,0.2588235294117647058823529412,1.298985428642883895035676104,99.9999999999999981875055176,99.9999999999999981875055176,0.4371291586336354114494527485,-0.1006273005308831141820729721,208,0.2596153846153846153846153846,61.99999999999999885155942817,61.99999999999999885155942817,132,0.2575757575757575757575757576,37.99999999999999933594608946,37.99999999999999933594608946,run_a08d2f853e774d8a9a50cbc2680d46c0,ema_pullback:c882e867e4843db881d3f0c8
w09-lb120-r4_25,lab_3d_w09_lb_ratio,9,120,4.25,12.75,3.0,ad084c92621e84c7183b4b2bfdc8ce546c381e71183729434744148a4a73455e,340,340,0.2558823529411764705882352941,1.366889500803379634433555236,116.7500000000000062372533339,116.7500000000000062372533339,0.5661433913487077067320727898,-0.0998872124958871442150117077,208,0.2596153846153846153846153846,75.50000000000000482717302593,75.50000000000000482717302593,132,0.25,41.25000000000000141008030785,41.25000000000000141008030785,run_4da5d038a57c4fbc981b25fdd6313fb8,ema_pullback:c981f6778c511dbbe1726283
w09-lb120-r4_5,lab_3d_w09_lb_ratio,9,120,4.5,13.5,3.0,ad084c92621e84c7183b4b2bfdc8ce546c381e71183729434744148a4a73455e,340,340,0.25,1.422824723055543792135226062,127.5000000000000041650826527,127.5000000000000041650826527,0.6848314579151933632917473562,-0.099147124460891174247950443,208,0.2548076923076923076923076923,83.50000000000000217022830821,83.50000000000000217022830821,132,0.2424242424242424242424242424,44.00000000000000199485434474,44.00000000000000199485434474,run_cb4c97083aaf441da90d39747e73b959,ema_pullback:86f572c3c832f7a1daeaaf1d
w09-lb120-r4_75,lab_3d_w09_lb_ratio,9,120,4.75,14.25,3.0,ad084c92621e84c7183b4b2bfdc8ce546c381e71183729434744148a4a73455e,340,340,0.2441176470588235294117647059,1.456322094504440209563667156,137.2500000000000030976269220,137.2500000000000030976269220,0.7533527801830900607874639211,-0.0984070364258952033933578875,208,0.25,91.00000000000000112349209090,91.00000000000000112349209090,132,0.2348484848484848484848484848,46.25000000000000197413483122,46.25000000000000197413483122,run_d4083ce243aa4e20a738d860d61f277f,ema_pullback:cbfec1bb3ef439bc58e8f471
w09-lb120-r5_0,lab_3d_w09_lb_ratio,9,120,5.0,15.0,3.0,ad084c92621e84c7183b4b2bfdc8ce546c381e71183729434744148a4a73455e,340,340,0.2352941176470588235294117647,1.441714055753247592183014031,140.0000000000000048666748931,140.0000000000000048666748931,0.7217643063962020295812222795,-0.0976669483908992352013592047,208,0.2403846153846153846153846154,92.00000000000000439574719537,92.00000000000000439574719537,132,0.2272727272727272727272727273,48.00000000000000047092769792,48.00000000000000047092769792,run_b55b611346084efea5386d841683da29,ema_pullback:cdd5be4026e43895997983cf
w09-lb125-r2_0,lab_3d_w09_lb_ratio,9,125,2.0,6.0,3.0,ad084c92621e84c7183b4b2bfdc8ce546c381e71183729434744148a4a73455e,334,334,0.3922155688622754491017964072,1.256511420899700338437386529,58.99999999999999917878649357,58.99999999999999917878649357,0.3200101921197875088450740931,-0.0880106653397657563267256971,205,0.4292682926829268292682926829,59.00000000000000007733824027,59.00000000000000007733824027,129,0.3333333333333333333333333333,-8.98551746693E-16,-8.98551746693E-16,run_a398bd67d20e49bf80c4435bd4e48575,ema_pullback:605d1478c261183443bdc062
w09-lb125-r2_25,lab_3d_w09_lb_ratio,9,125,2.25,6.75,3.0,ad084c92621e84c7183b4b2bfdc8ce546c381e71183729434744148a4a73455e,334,334,0.3562874251497005988023952096,1.181368176415993624546212331,52.75000000000000349153532175,52.75000000000000349153532175,0.2302939045501413403941077304,-0.1024750366974198910763694597,205,0.3853658536585365853658536585,51.75000000000000150453282804,51.75000000000000150453282804,129,0.3100775193798449612403100775,1.000000000000001987002493688,1.000000000000001987002493688,run_ecac021be68b4392abed93535d9f0835,ema_pullback:282f9c315cf7be6cb985ad25
w09-lb125-r2_5,lab_3d_w09_lb_ratio,9,125,2.5,7.5,3.0,ad084c92621e84c7183b4b2bfdc8ce546c381e71183729434744148a4a73455e,334,334,0.3353293413173652694610778443,1.210006002529955621703741458,58.00000000000000452602258628,58.00000000000000452602258628,0.2762448045972311774371637623,-0.0934234671835995553898855500,205,0.3560975609756097560975609756,50.50000000000000278130811703,50.50000000000000278130811703,129,0.3023255813953488372093023256,7.500000000000001744714469214,7.500000000000001744714469214,run_fa7de9b1f4cf4ef3a22b821519fda3ab,ema_pullback:20d4d0b0f866b5dde1b93f59
w09-lb125-r2_75,lab_3d_w09_lb_ratio,9,125,2.75,8.25,3.0,ad084c92621e84c7183b4b2bfdc8ce546c381e71183729434744148a4a73455e,334,334,0.3293413173652694610778443114,1.287008921200542663438014454,78.50000000000000595760771995,78.50000000000000595760771995,0.3984933625680932305676490392,-0.0796917262746190796956052236,205,0.3463414634146341463414634146,61.25000000000000326577695053,61.25000000000000326577695053,129,0.3023255813953488372093023256,17.25000000000000269183076942,17.25000000000000269183076942,run_387b90991d7a458badc63bbd62ee2323,ema_pullback:258da8fb373ad87aae9e5dc9
w09-lb125-r3_0,lab_3d_w09_lb_ratio,9,125,3.0,9.0,3.0,ad084c92621e84c7183b4b2bfdc8ce546c381e71183729434744148a4a73455e,333,333,0.3063063063063063063063063063,1.269994870940146075054212208,75.00000000000000356951801044,75.00000000000000356951801044,0.376828447042287374365319451,-0.0772464747746271874339291061,205,0.3219512195121951219512195122,59.00000000000000249094052201,59.00000000000000249094052201,128,0.28125,16.00000000000000107857748845,16.00000000000000107857748845,run_8674384a87d0416a8758c882d033628c,ema_pullback:00ced02f3378a58167ad2303
w09-lb125-r3_25,lab_3d_w09_lb_ratio,9,125,3.25,9.75,3.0,ad084c92621e84c7183b4b2bfdc8ce546c381e71183729434744148a4a73455e,333,333,0.2972972972972972972972972973,1.306813717741603588463465394,87.75000000000000241062537612,87.75000000000000241062537612,0.4425562603218869921971090454,-0.0764369795505646928853683857,205,0.3073170731707317073170731707,62.75000000000000212815485854,62.75000000000000212815485854,128,0.28125,25.00000000000000028247051761,25.00000000000000028247051761,run_8a8021fa04bd4c849d9f51749f3869cb,ema_pullback:6a90a86df7883a81b6c9f5b9
w09-lb125-r3_5,lab_3d_w09_lb_ratio,9,125,3.5,10.5,3.0,ad084c92621e84c7183b4b2bfdc8ce546c381e71183729434744148a4a73455e,333,333,0.2822822822822822822822822823,1.341598022161093936649433159,90.00000000000000687473351499,90.00000000000000687473351499,0.5084445005576396749683193828,-0.0813441924463310259844733363,205,0.2975609756097560975609756098,69.50000000000000459941458265,69.50000000000000459941458265,128,0.2578125,20.50000000000000227531893236,20.50000000000000227531893236,run_1877615e5d044304a239991d657a5cd4,ema_pullback:0f8ce925b10b658dc41c60db
w09-lb125-r3_75,lab_3d_w09_lb_ratio,9,125,3.75,11.25,3.0,ad084c92621e84c7183b4b2bfdc8ce546c381e71183729434744148a4a73455e,333,333,0.2762762762762762762762762763,1.411709985749649725463846549,104.0000000000000016381143362,104.0000000000000016381143362,0.6466998830877218114030710677,-0.0805869902715359781167925817,205,0.2878048780487804878048780488,75.25000000000000154941052488,75.25000000000000154941052488,128,0.2578125,28.75000000000000008870381137,28.75000000000000008870381137,run_ac94c9b233d1405f842bc2570b05b80d,ema_pullback:61c2e272ee2e892b369c2703
w09-lb125-r4_0,lab_3d_w09_lb_ratio,9,125,4.0,12.0,3.0,ad084c92621e84c7183b4b2bfdc8ce546c381e71183729434744148a4a73455e,333,333,0.2612612612612612612612612613,1.326667863544641136292245827,101.9999999999999983352298284,101.9999999999999983352298284,0.4745122936657957435855098717,-0.0935200428019557965876322607,205,0.2634146341463414634146341463,64.99999999999999885155942817,64.99999999999999885155942817,128,0.2578125,36.99999999999999948367040025,36.99999999999999948367040025,run_11178a3823a64baa95b2bf49f596859f,ema_pullback:cc26ad5e1c3771a67e97ca5a
w09-lb125-r4_25,lab_3d_w09_lb_ratio,9,125,4.25,12.75,3.0,ad084c92621e84c7183b4b2bfdc8ce546c381e71183729434744148a4a73455e,333,333,0.2582582582582582582582582583,1.395549632623512370366230773,118.5000000000000067542884217,118.5000000000000067542884217,0.6066113330108172234452436861,-0.0927741062500881041216517547,205,0.2634146341463414634146341463,78.50000000000000482717302595,78.50000000000000482717302595,128,0.25,40.00000000000000192711539559,40.00000000000000192711539559,run_e319d3f9f88b4b1fb5815402cbdaa991,ema_pullback:245ae540969db18d9e87289e
w09-lb125-r4_5,lab_3d_w09_lb_ratio,9,125,4.5,13.5,3.0,ad084c92621e84c7183b4b2bfdc8ce546c381e71183729434744148a4a73455e,333,333,0.2522522522522522522522522523,1.452191842195597180921765155,129.0000000000000047559798959,129.0000000000000047559798959,0.7280745977065444897666966434,-0.0920281696982204116556712486,205,0.2585365853658536585365853659,86.50000000000000217022830818,86.50000000000000217022830818,128,0.2421875,42.50000000000000258575158785,42.50000000000000258575158785,run_de086c357ba149ae86e7dba1da515a7a,ema_pullback:ad7ef64fd19e925ee5640578
w09-lb125-r4_75,lab_3d_w09_lb_ratio,9,125,4.75,14.25,3.0,ad084c92621e84c7183b4b2bfdc8ce546c381e71183729434744148a4a73455e,333,333,0.2462462462462462462462462462,1.486213598139802812782323641,138.5000000000000033192133881,138.5000000000000033192133881,0.7980512310553869230316391089,-0.0912822331463527182951457702,205,0.2536585365853658536585365854,94.00000000000000112349209094,94.00000000000000112349209094,128,0.234375,44.50000000000000219572129740,44.50000000000000219572129740,run_dc41399ecec941fdad64d6a40cbd9be9,ema_pullback:f417c7f1a7220ac4c4e0a99c
w09-lb125-r5_0,lab_3d_w09_lb_ratio,9,125,5.0,15.0,3.0,ad084c92621e84c7183b4b2bfdc8ce546c381e71183729434744148a4a73455e,333,333,0.2372372372372372372372372372,1.471134619666304235046261117,141.0000000000000053098478255,141.0000000000000053098478255,0.7653596665919108548244171764,-0.0905362965944850276182552089,205,0.2439024390243902439024390244,95.00000000000000439574719537,95.00000000000000439574719537,128,0.2265625,46.00000000000000091410063026,46.00000000000000091410063026,run_04c7101ed25142b2af87e4228b1a91f2,ema_pullback:35de5ae9e8015bacf85198a4
w09-lb130-r2_0,lab_3d_w09_lb_ratio,9,130,2.0,6.0,3.0,ad084c92621e84c7183b4b2bfdc8ce546c381e71183729434744148a4a73455e,328,328,0.3932926829268292682926829268,1.255845852570554250396367322,58.99999999999999903322706798,58.99999999999999903322706798,0.3137241067381244249639530246,-0.0938168174775201444376784849,204,0.4313725490196078431372549020,60.00000000000000007733824026,60.00000000000000007733824026,124,0.3306451612903225806451612903,-1.000000000000001044111172287,-1.000000000000001044111172287,run_167772a5b75b4bc9945784452233aa9f,ema_pullback:afc31d5d1f58637078eafe06
w09-lb130-r2_25,lab_3d_w09_lb_ratio,9,130,2.25,6.75,3.0,ad084c92621e84c7183b4b2bfdc8ce546c381e71183729434744148a4a73455e,328,328,0.3567073170731707317073170732,1.177826453892640164483633474,52.25000000000000375878745885,52.25000000000000375878745885,0.2218531829106726777229258094,-0.1094615552101142975849480153,204,0.3872549019607843137254901961,52.75000000000000150453282806,52.75000000000000150453282806,124,0.3064516129032258064516129032,-0.499999999999997745745369209,-0.499999999999997745745369209,run_d57d2064f74341c4bc0e445f4fe6ffb5,ema_pullback:89aee5a2b10f852e3af01649
w09-lb130-r2_5,lab_3d_w09_lb_ratio,9,130,2.5,7.5,3.0,ad084c92621e84c7183b4b2bfdc8ce546c381e71183729434744148a4a73455e,328,328,0.3353658536585365853658536585,1.205139231179556511584592338,57.00000000000000447828915809,57.00000000000000447828915809,0.2648193275602518914234568405,-0.1017620685404549445931583433,204,0.3578431372549019607843137255,51.50000000000000278130811705,51.50000000000000278130811705,124,0.2983870967741935483870967742,5.500000000000001696981040986,5.500000000000001696981040986,run_a59cf46cb16f45639886d30773c082de,ema_pullback:f2fc9af958c612bbe2d2f8c5
w09-lb130-r2_75,lab_3d_w09_lb_ratio,9,130,2.75,8.25,3.0,ad084c92621e84c7183b4b2bfdc8ce546c381e71183729434744148a4a73455e,328,328,0.3292682926829268292682926829,1.281521381809957921062084429,77.00000000000000614972100329,77.00000000000000614972100329,0.3830578741942278972701476929,-0.0894539647799361595043964201,204,0.3480392156862745098039215686,62.25000000000000326577695053,62.25000000000000326577695053,124,0.2983870967741935483870967742,14.75000000000000288394405278,14.75000000000000288394405278,run_84436919a6f3432594b27bbd16132860,ema_pullback:81ae7a3f5fe5aeef0f479a3b
w09-lb130-r3_0,lab_3d_w09_lb_ratio,9,130,3.0,9.0,3.0,ad084c92621e84c7183b4b2bfdc8ce546c381e71183729434744148a4a73455e,328,328,0.3048780487804878048780487805,1.261130423608586238223399431,72.00000000000000361961057960,72.00000000000000361961057960,0.3570727467442279694118426482,-0.0863282973285290656328703401,204,0.3235294117647058823529411765,60.00000000000000249094052202,60.00000000000000249094052202,124,0.2741935483870967741935483871,12.00000000000000112867005760,12.00000000000000112867005760,run_79eee4e610e041c7b699d1c3a8c0f48a,ema_pullback:468d969f5020ac93dceebd2d
w09-lb130-r3_25,lab_3d_w09_lb_ratio,9,130,3.25,9.75,3.0,ad084c92621e84c7183b4b2bfdc8ce546c381e71183729434744148a4a73455e,328,328,0.2957317073170731707317073171,1.296809013994564120575417667,84.25000000000000216370124184,84.25000000000000216370124184,0.4188734276395517066838819249,-0.0772501471539103713297862899,204,0.3088235294117647058823529412,63.75000000000000212815485855,63.75000000000000212815485855,124,0.2741935483870967741935483871,20.50000000000000003554638330,20.50000000000000003554638330,run_6b81f350f9774d79b4772d8d937a6801,ema_pullback:0afc54c4597f7a27172a1007
w09-lb130-r3_5,lab_3d_w09_lb_ratio,9,130,3.5,10.5,3.0,ad084c92621e84c7183b4b2bfdc8ce546c381e71183729434744148a4a73455e,328,328,0.2835365853658536585365853659,1.341178528594774871149601136,90.50000000000000683149230222,90.50000000000000683149230222,0.4989291623365666233427711132,-0.0813441924463310259844733363,204,0.2990196078431372549019607843,70.50000000000000459941458263,70.50000000000000459941458263,124,0.2580645161290322580645161290,20.00000000000000223207771958,20.00000000000000223207771958,run_e49c0fc4983942138fdf2faac87a6483,ema_pullback:85cd0f299166317c4d5f61b7
w09-lb130-r3_75,lab_3d_w09_lb_ratio,9,130,3.75,11.25,3.0,ad084c92621e84c7183b4b2bfdc8ce546c381e71183729434744148a4a73455e,328,328,0.2774390243902439024390243902,1.411242219746050838929526559,104.2500000000000012705640277,104.2500000000000012705640277,0.6339975183928293070602930852,-0.0805869902715359781167925817,204,0.2892156862745098039215686275,76.25000000000000154941052488,76.25000000000000154941052488,124,0.2580645161290322580645161290,27.99999999999999972115350280,27.99999999999999972115350280,run_de37b54eeea54c69b83f1d0dd51b468e,ema_pullback:27c8211f6ee53c05d193a948
w09-lb130-r4_0,lab_3d_w09_lb_ratio,9,130,4.0,12.0,3.0,ad084c92621e84c7183b4b2bfdc8ce546c381e71183729434744148a4a73455e,328,328,0.2621951219512195121951219512,1.323512696734938903742546985,101.9999999999999983352298284,101.9999999999999983352298284,0.4610711651646276568029449629,-0.0935200428019557965876322607,204,0.2647058823529411764705882353,65.99999999999999885155942817,65.99999999999999885155942817,124,0.2580645161290322580645161290,35.99999999999999948367040024,35.99999999999999948367040024,run_79054688f59f41dd95ed1f39dea6efe0,ema_pullback:d536618d0b87c243ac093898
w09-lb130-r4_25,lab_3d_w09_lb_ratio,9,130,4.25,12.75,3.0,ad084c92621e84c7183b4b2bfdc8ce546c381e71183729434744148a4a73455e,328,328,0.2591463414634146341463414634,1.392326447054888170972296479,118.2500000000000071218387302,118.2500000000000071218387302,0.5897202232279139572785491982,-0.0927741062500881041216517547,204,0.2647058823529411764705882353,79.50000000000000482717302595,79.50000000000000482717302595,124,0.25,38.75000000000000229466570414,38.75000000000000229466570414,run_b025a28e8a644ec78dcfa6fb5555ccef,ema_pullback:20ef3885e836b96e633abb9a
w09-lb130-r4_5,lab_3d_w09_lb_ratio,9,130,4.5,13.5,3.0,ad084c92621e84c7183b4b2bfdc8ce546c381e71183729434744148a4a73455e,328,328,0.2530487804878048780487804878,1.448788326820364157904601581,128.5000000000000047992211086,128.5000000000000047992211086,0.7074976877883990620528471485,-0.0920281696982204116556712486,204,0.2598039215686274509803921569,87.50000000000000217022830822,87.50000000000000217022830822,124,0.2419354838709677419354838710,41.00000000000000262899280060,41.00000000000000262899280060,run_4ec2feab630b41f5b0eb9c0e1b133d8d,ema_pullback:70bf39b43fe0e0f92fccf0d4
w09-lb130-r4_75,lab_3d_w09_lb_ratio,9,130,4.75,14.25,3.0,ad084c92621e84c7183b4b2bfdc8ce546c381e71183729434744148a4a73455e,328,328,0.2469512195121951219512195122,1.482138584272304835689859952,137.7500000000000030381455051,137.7500000000000030381455051,0.7741417938055024737049172909,-0.0912822331463527182951457702,204,0.2549019607843137254901960784,95.00000000000000112349209093,95.00000000000000112349209093,124,0.2338709677419354838709677419,42.75000000000000191465341438,42.75000000000000191465341438,run_d2b58fdd1977423f9f7e9f7b9561a4ea,ema_pullback:6928f7422295aca83d0f041e
w09-lb130-r5_0,lab_3d_w09_lb_ratio,9,130,5.0,15.0,3.0,ad084c92621e84c7183b4b2bfdc8ce546c381e71183729434744148a4a73455e,328,328,0.2378048780487804878048780488,1.465664893616330436905901793,140.0000000000000053963302512,140.0000000000000053963302512,0.7394379919062219869927439844,-0.0905362965944850276182552089,204,0.2450980392156862745098039216,96.00000000000000439574719537,96.00000000000000439574719537,124,0.2258064516129032258064516129,44.00000000000000100058305580,44.00000000000000100058305580,run_1bee353151a84c0fb7791554d649b792,ema_pullback:a8a9b4bc86345de34fe10959
w09-lb135-r2_0,lab_3d_w09_lb_ratio,9,135,2.0,6.0,3.0,ad084c92621e84c7183b4b2bfdc8ce546c381e71183729434744148a4a73455e,324,324,0.3950617283950617283950617284,1.259150570118059262024509080,59.99999999999999891476243384,59.99999999999999891476243384,0.3143367932217568685633304264,-0.0938168174775201444376784849,201,0.4328358208955223880597014925,59.99999999999999995887360612,59.99999999999999995887360612,123,0.3333333333333333333333333333,-1.044111172283E-15,-1.044111172283E-15,run_11eeda07ccb84cc1b49ebb13d9f71810,ema_pullback:44b112d1efaa0f1b0902e311
w09-lb135-r2_25,lab_3d_w09_lb_ratio,9,135,2.25,6.75,3.0,ad084c92621e84c7183b4b2bfdc8ce546c381e71183729434744148a4a73455e,324,324,0.3580246913580246913580246914,1.179374422874923870789997028,53.00000000000000358849454723,53.00000000000000358849454723,0.2213989149896098873633862254,-0.1094615552101142975849480153,201,0.3880597014925373134328358209,52.50000000000000133423991646,52.50000000000000133423991646,123,0.3089430894308943089430894309,0.500000000000002254254630782,0.500000000000002254254630782,run_abbfd658b83744e1bc9f2512c0388007,ema_pullback:b758557605ce457adff6bdfd
w09-lb135-r2_5,lab_3d_w09_lb_ratio,9,135,2.5,7.5,3.0,ad084c92621e84c7183b4b2bfdc8ce546c381e71183729434744148a4a73455e,324,324,0.3364197530864197530864197531,1.206240195693998578550575541,57.50000000000000455232955445,57.50000000000000455232955445,0.2632907395042267288343075414,-0.1017620685404549445931583433,201,0.3582089552238805970149253731,51.00000000000000285534851341,51.00000000000000285534851341,123,0.3008130081300813008130081301,6.500000000000001696981040998,6.500000000000001696981040998,run_8034753507ee4bf5861f40e7e476644e,ema_pullback:15a63f3fd91a48cb32e7241f
w09-lb135-r2_75,lab_3d_w09_lb_ratio,9,135,2.75,8.25,3.0,ad084c92621e84c7183b4b2bfdc8ce546c381e71183729434744148a4a73455e,324,324,0.3302469135802469135802469136,1.282783044002618086328635762,77.25000000000000617193312220,77.25000000000000617193312220,0.38023104283596145945512888,-0.0894539647799361595043964201,201,0.3482587064676616915422885572,61.50000000000000328798906942,61.50000000000000328798906942,123,0.3008130081300813008130081301,15.75000000000000288394405278,15.75000000000000288394405278,run_15de4bc82ca742b198dea19c348ef829,ema_pullback:f53ecd2f0132d86d919570d2
w09-lb135-r3_0,lab_3d_w09_lb_ratio,9,135,3.0,9.0,3.0,ad084c92621e84c7183b4b2bfdc8ce546c381e71183729434744148a4a73455e,324,324,0.3055555555555555555555555556,1.261420306326472877250486400,72.00000000000000329383283570,72.00000000000000329383283570,0.3531672809476939084139610951,-0.0863282973285290656328703401,201,0.3233830845771144278606965174,59.00000000000000216516277809,59.00000000000000216516277809,123,0.2764227642276422764227642276,13.00000000000000112867005759,13.00000000000000112867005759,run_555ba52a88964635beee992ad1c76503,ema_pullback:841e3a6ca86913485d5e8a98
w09-lb135-r3_25,lab_3d_w09_lb_ratio,9,135,3.25,9.75,3.0,ad084c92621e84c7183b4b2bfdc8ce546c381e71183729434744148a4a73455e,324,324,0.2962962962962962962962962963,1.296806781473856143412766557,84.00000000000000208225680585,84.00000000000000208225680585,0.4136087993616714039755851373,-0.0772501471539103713297862899,201,0.3084577114427860696517412935,62.50000000000000204671042256,62.50000000000000204671042256,123,0.2764227642276422764227642276,21.50000000000000003554638329,21.50000000000000003554638329,run_874e882539924ec7a12ce6297ff0564a,ema_pullback:8b66e984ce4ea4c530e108c0
w09-lb135-r3_5,lab_3d_w09_lb_ratio,9,135,3.5,10.5,3.0,ad084c92621e84c7183b4b2bfdc8ce546c381e71183729434744148a4a73455e,324,324,0.2839506172839506172839506173,1.341046535156670717678497144,90.00000000000000669821958881,90.00000000000000669821958881,0.4921216146638391138471754907,-0.0813441924463310259844733363,201,0.2985074626865671641791044776,69.00000000000000446614186923,69.00000000000000446614186923,123,0.2601626016260162601626016260,21.00000000000000223207771959,21.00000000000000223207771959,run_fc4d1c85ec1e4eb3b9618e8657ee572f,ema_pullback:dfa74e3096aa643469040e40
w09-lb135-r3_75,lab_3d_w09_lb_ratio,9,135,3.75,11.25,3.0,ad084c92621e84c7183b4b2bfdc8ce546c381e71183729434744148a4a73455e,324,324,0.2777777777777777777777777778,1.411314733402878596849384455,103.5000000000000010854630368,103.5000000000000010854630368,0.6252206632324812520123127349,-0.0805869902715359781167925817,201,0.2885572139303482587064676617,74.50000000000000136430953405,74.50000000000000136430953405,123,0.2601626016260162601626016260,28.99999999999999972115350280,28.99999999999999972115350280,run_1268a8c62dff4fc885eb09fe28a6daa5,ema_pullback:d1e7bd688e00d8e04c17dd25
w09-lb135-r4_0,lab_3d_w09_lb_ratio,9,135,4.0,12.0,3.0,ad084c92621e84c7183b4b2bfdc8ce546c381e71183729434744148a4a73455e,324,324,0.2623456790123456790123456790,1.321682631772236807412966814,100.9999999999999983944621455,100.9999999999999983944621455,0.4520127993321303218265354191,-0.0935200428019557965876322607,201,0.2636815920398009950248756219,63.99999999999999891079174524,63.99999999999999891079174524,123,0.2601626016260162601626016260,36.99999999999999948367040024,36.99999999999999948367040024,run_2e237f34ea2a4f8482dd0ee459a1e014,ema_pullback:bf4e5763b1a7941dbc037a65
w09-lb135-r4_25,lab_3d_w09_lb_ratio,9,135,4.25,12.75,3.0,ad084c92621e84c7183b4b2bfdc8ce546c381e71183729434744148a4a73455e,324,324,0.2592592592592592592592592593,1.390718017438456316782284092,117.0000000000000068330811845,117.0000000000000068330811845,0.578549507708630539537690507,-0.0927741062500881041216517547,201,0.2636815920398009950248756219,77.25000000000000453841548022,77.25000000000000453841548022,123,0.2520325203252032520325203252,39.75000000000000229466570414,39.75000000000000229466570414,run_5885264bfee5435793bb5e4fdcbc22fb,ema_pullback:ffcaa002ab5b8115772c7668
w09-lb135-r4_5,lab_3d_w09_lb_ratio,9,135,4.5,13.5,3.0,ad084c92621e84c7183b4b2bfdc8ce546c381e71183729434744148a4a73455e,324,324,0.2530864197530864197530864198,1.447305347682943436533748332,127.0000000000000044586352855,127.0000000000000044586352855,0.6940895613209465138619988414,-0.0920281696982204116556712486,201,0.2587064676616915422885572139,85.00000000000000182964248505,85.00000000000000182964248505,123,0.2439024390243902439024390244,42.00000000000000262899280062,42.00000000000000262899280062,run_27b8370f48f54daea1fb4eb09879cfb0,ema_pullback:5e3bd9c91cfac44fe7465b16
w09-lb135-r4_75,lab_3d_w09_lb_ratio,9,135,4.75,14.25,3.0,ad084c92621e84c7183b4b2bfdc8ce546c381e71183729434744148a4a73455e,324,324,0.2469135802469135802469135802,1.480378594307126789559716754,136.0000000000000023495698192,136.0000000000000023495698192,0.758747946177299511058172146,-0.0912822331463527182951457702,201,0.2537313432835820895522388060,92.25000000000000043491640495,92.25000000000000043491640495,123,0.2357723577235772357723577236,43.75000000000000191465341438,43.75000000000000191465341438,run_fb8081bd38bf43dd9d750fdb7eefbb45,ema_pullback:171954c709c54b02894af590
w09-lb135-r5_0,lab_3d_w09_lb_ratio,9,135,5.0,15.0,3.0,ad084c92621e84c7183b4b2bfdc8ce546c381e71183729434744148a4a73455e,324,324,0.2376543209876543209876543210,1.462921896553037695296888060,138.0000000000000052482494585,138.0000000000000052482494585,0.7229138496927184111191927294,-0.0905362965944850276182552089,201,0.2437810945273631840796019900,93.00000000000000424766640267,93.00000000000000424766640267,123,0.2276422764227642276422764228,45.00000000000000100058305578,45.00000000000000100058305578,run_f1ebf37f03cf4d4aa31317beed3603b9,ema_pullback:77b1a46443084cdf86b88948
w09-lb140-r2_0,lab_3d_w09_lb_ratio,9,140,2.0,6.0,3.0,ad084c92621e84c7183b4b2bfdc8ce546c381e71183729434744148a4a73455e,314,314,0.3885350318471337579617834395,1.231195616677735156516797286,51.99999999999999870844337130,51.99999999999999870844337130,0.2722071511158757999300950257,-0.0938168174775201444376784847,194,0.4278350515463917525773195876,54.99999999999999964720823730,54.99999999999999964720823730,120,0.325,-3.000000000000000938764865985,-3.000000000000000938764865985,run_2e6bc1711b5140b0ac12e0a516ca0dcf,ema_pullback:8e96a6990dfe17b172d8267e
w09-lb140-r2_25,lab_3d_w09_lb_ratio,9,140,2.25,6.75,3.0,ad084c92621e84c7183b4b2bfdc8ce546c381e71183729434744148a4a73455e,314,314,0.3503184713375796178343949045,1.147140581693427461401729151,43.50000000000000308581179379,43.50000000000000308581179379,0.1757580439653717249594461104,-0.1094615552101142975849480144,194,0.3814432989690721649484536082,46.50000000000000140300680432,46.50000000000000140300680432,120,0.3,-2.999999999999998317195010527,-2.999999999999998317195010527,run_45081d59c6da4666834b3c02be1814b0,ema_pullback:e337c0b0a9d30dc46807a1eb
w09-lb140-r2_5,lab_3d_w09_lb_ratio,9,140,2.5,7.5,3.0,ad084c92621e84c7183b4b2bfdc8ce546c381e71183729434744148a4a73455e,314,314,0.3312101910828025477707006369,1.183111033961381867534284784,50.00000000000000409691199059,50.00000000000000409691199059,0.2278200185402172889666673522,-0.1017620685404549445931583425,194,0.3556701030927835051546391753,47.50000000000000261214096647,47.50000000000000261214096647,120,0.2916666666666666666666666667,2.500000000000001484771024126,2.500000000000001484771024126,run_c0f79a649d7046ebad5804a4f28a80b8,ema_pullback:fd5bd887083e830ca7ff0380
w09-lb140-r2_75,lab_3d_w09_lb_ratio,9,140,2.75,8.25,3.0,ad084c92621e84c7183b4b2bfdc8ce546c381e71183729434744148a4a73455e,314,314,0.3248407643312101910828025478,1.256596381578603307479624674,68.50000000000000530173330997,68.50000000000000530173330997,0.3355578177462782092443178583,-0.0894539647799361595043964205,194,0.3453608247422680412371134021,57.25000000000000236435740190,57.25000000000000236435740190,120,0.2916666666666666666666666667,11.25000000000000293737590807,11.25000000000000293737590807,run_9ea0538426b049be9161be8ba9f61fc5,ema_pullback:9fac6859254ee7fd12d041b1
w09-lb140-r3_0,lab_3d_w09_lb_ratio,9,140,3.0,9.0,3.0,ad084c92621e84c7183b4b2bfdc8ce546c381e71183729434744148a4a73455e,314,314,0.3025477707006369426751592357,1.237724028383100705581740767,66.00000000000000337137745968,66.00000000000000337137745968,0.3135177516957342944525142523,-0.0920802560716195978114976071,194,0.3195876288659793814432989691,54.00000000000000215782339533,54.00000000000000215782339533,120,0.275,12.00000000000000121355406437,12.00000000000000121355406437,run_afc08e0b15e1483ba7a601c51643b0c7,ema_pullback:7d80962822b4fdea59cf484f
w09-lb140-r3_25,lab_3d_w09_lb_ratio,9,140,3.25,9.75,3.0,ad084c92621e84c7183b4b2bfdc8ce546c381e71183729434744148a4a73455e,314,314,0.2961783439490445859872611465,1.275944229437997497828536657,81.25000000000000184780581556,81.25000000000000184780581556,0.3752726766762977274747462396,-0.0905118477023807224111713077,194,0.3092783505154639175257731959,61.00000000000000174859642724,61.00000000000000174859642724,120,0.275,20.25000000000000009920938835,20.25000000000000009920938835,run_ce9f264377b9468b9d35d7367e6116fc,ema_pullback:4a1d0a31e5e319053faea464
w09-lb140-r3_5,lab_3d_w09_lb_ratio,9,140,3.5,10.5,3.0,ad084c92621e84c7183b4b2bfdc8ce546c381e71183729434744148a4a73455e,314,314,0.2866242038216560509554140127,1.329014490279909653025224133,91.00000000000000658115921639,91.00000000000000658115921639,0.4620961257810091213240092085,-0.0945298068836208836965191000,194,0.3041237113402061855670103093,71.50000000000000430663949340,71.50000000000000430663949340,120,0.2583333333333333333333333333,19.50000000000000227451972298,19.50000000000000227451972298,run_69f20fe2fd90467c949cdbe4f23cb5ef,ema_pullback:8c4053703528c35800f3f789
w09-lb140-r3_75,lab_3d_w09_lb_ratio,9,140,3.75,11.25,3.0,ad084c92621e84c7183b4b2bfdc8ce546c381e71183729434744148a4a73455e,314,314,0.2802547770700636942675159236,1.397920341390920251313532015,104.0000000000000006281769111,104.0000000000000006281769111,0.5877871889112145365470077692,-0.0929683326029429813038082017,194,0.2938144329896907216494845361,76.75000000000000088580240658,76.75000000000000088580240658,120,0.2583333333333333333333333333,27.24999999999999974237450448,27.24999999999999974237450448,run_0cff0358becf491f8823dd7834a042de,ema_pullback:eddc7ddfc6d22a879a98d6db
w09-lb140-r4_0,lab_3d_w09_lb_ratio,9,140,4.0,12.0,3.0,ad084c92621e84c7183b4b2bfdc8ce546c381e71183729434744148a4a73455e,314,314,0.2643312101910828025477707006,1.303984897720254150227167184,100.9999999999999982349597697,100.9999999999999982349597697,0.4143619889601619718258362424,-0.1049235471745979463596284189,194,0.2680412371134020618556701031,65.99999999999999875128936944,65.99999999999999875128936944,120,0.2583333333333333333333333333,34.99999999999999948367040024,34.99999999999999948367040024,run_33c24eb7faf74708be149d7748c9aacc,ema_pullback:654475b1342fcd010ef1c4c6
w09-lb140-r4_25,lab_3d_w09_lb_ratio,9,140,4.25,12.75,3.0,ad084c92621e84c7183b4b2bfdc8ce546c381e71183729434744148a4a73455e,314,314,0.2611464968152866242038216561,1.371748336759920653626729108,116.5000000000000058240490148,116.5000000000000058240490148,0.5330644969209860547975259435,-0.1033826590913181479574799542,194,0.2680412371134020618556701031,79.00000000000000405990835278,79.00000000000000405990835278,120,0.25,37.50000000000000176414066193,37.50000000000000176414066193,run_e8ed501e2cbf4c739650f5d3c4f83210,ema_pullback:5b1def634ba5f80b7382d27a
w09-lb140-r4_5,lab_3d_w09_lb_ratio,9,140,4.5,13.5,3.0,ad084c92621e84c7183b4b2bfdc8ce546c381e71183729434744148a4a73455e,314,314,0.2547770700636942675159235669,1.426914218553202723478791605,126.0000000000000035878844900,126.0000000000000035878844900,0.6404106560569667734525688478,-0.1018404483315571175522892485,194,0.2628865979381443298969072165,86.50000000000000151063773338,86.50000000000000151063773338,120,0.2416666666666666666666666667,39.50000000000000207724675672,39.50000000000000207724675672,run_af8e09689cec4b41b9f8f9be2b3736cc,ema_pullback:8bf2b50e401119c9adcfbe6c
w09-lb140-r4_75,lab_3d_w09_lb_ratio,9,140,4.75,14.25,3.0,ad084c92621e84c7183b4b2bfdc8ce546c381e71183729434744148a4a73455e,314,314,0.2484076433121019108280254777,1.457948753041371976814513474,134.5000000000000011283276326,134.5000000000000011283276326,0.6979923052655903108440577869,-0.100296914895314855140603082,194,0.2577319587628865979381443299,93.49999999999999995640927751,93.49999999999999995640927751,120,0.2333333333333333333333333333,41.00000000000000117191835528,41.00000000000000117191835528,run_64caf8a228cd4ef3a1bfb43b4a3fbf21,ema_pullback:76d9cf07edf1e62b3e2cdb83
w09-lb140-r5_0,lab_3d_w09_lb_ratio,9,140,5.0,15.0,3.0,ad084c92621e84c7183b4b2bfdc8ce546c381e71183729434744148a4a73455e,314,314,0.2388535031847133757961783439,1.437714327785429026648511228,136.0000000000000048238294247,136.0000000000000048238294247,0.6584923520277806662899219162,-0.098752058782591366036141205,194,0.2474226804123711340206185567,94.00000000000000424766640267,94.00000000000000424766640267,120,0.225,42.00000000000000057616302201,42.00000000000000057616302201,run_2722998a57384c2e90ecddae1ba8e381,ema_pullback:478d2726be2ad76345cef3f8
w10-lb070-r2_0,lab_3d_w10_lb_ratio,10,70,2.0,6.0,3.0,fea0013f5ffe0c9d378c76b392293e35e883783c0bccc40eebd4560969eda02b,290,290,0.3793103448275862068965517241,1.147765515933739383079285746,39.99999999999999947403095586,39.99999999999999947403095586,0.1380983767438777060868147445,-0.0846936824027036918193669279,191,0.4083769633507853403141361257,42.99999999999999988736133586,42.99999999999999988736133586,99,0.3232323232323232323232323232,-3.000000000000000413330379984,-3.000000000000000413330379984,run_bdfe1290632142eabf076498e8dc7295,ema_pullback:f498d24712d9db177064f18d
w10-lb070-r2_25,lab_3d_w10_lb_ratio,10,70,2.25,6.75,3.0,fea0013f5ffe0c9d378c76b392293e35e883783c0bccc40eebd4560969eda02b,289,289,0.3425605536332179930795847751,1.030880521699959218276391150,32.75000000000000242819814603,32.75000000000000242819814603,0.02933059038631952531890428815,-0.1238042658694385164144817655,191,0.3612565445026178010471204188,33.25000000000000084026439332,33.25000000000000084026439332,98,0.3061224489795918367346938776,-0.499999999999998412066247323,-0.499999999999998412066247323,run_316e061aa14a445485075776913828ec,ema_pullback:560f683676de91bb8620af7c
w10-lb070-r2_5,lab_3d_w10_lb_ratio,10,70,2.5,7.5,3.0,fea0013f5ffe0c9d378c76b392293e35e883783c0bccc40eebd4560969eda02b,288,288,0.3298611111111111111111111111,1.093043723578158274416477468,44.50000000000000437835139953,44.50000000000000437835139953,0.09305448500919974202884488284,-0.1045305874618257500075720484,190,0.3421052631578947368421052632,37.50000000000000357091734971,37.50000000000000357091734971,98,0.3061224489795918367346938776,7.000000000000000807434049814,7.000000000000000807434049814,run_703aa76e6a6445669aba98ac11d3f7c4,ema_pullback:7cbd83d1aeea2b1eac18cde5
w10-lb070-r2_75,lab_3d_w10_lb_ratio,10,70,2.75,8.25,3.0,fea0013f5ffe0c9d378c76b392293e35e883783c0bccc40eebd4560969eda02b,286,286,0.3251748251748251748251748252,1.162980286977680941704881740,62.75000000000000568752551848,62.75000000000000568752551848,0.1678999938185845415422508926,-0.0732627886171387414244108283,188,0.3351063829787234042553191489,48.25000000000000369664157090,48.25000000000000369664157090,98,0.3061224489795918367346938776,14.50000000000000199088394760,14.50000000000000199088394760,run_5532756f048444ada33b71e584389f85,ema_pullback:126d50f72c9960f2637e6b83
w10-lb070-r3_0,lab_3d_w10_lb_ratio,10,70,3.0,9.0,3.0,fea0013f5ffe0c9d378c76b392293e35e883783c0bccc40eebd4560969eda02b,284,284,0.3028169014084507042253521127,1.141024171159865514235409183,60.00000000000000193897487968,60.00000000000000193897487968,0.1463436151712795050942200702,-0.0706262757251875327159227387,187,0.3155080213903743315508021390,49.00000000000000192266339542,49.00000000000000192266339542,97,0.2783505154639175257731958763,11.00000000000000001631148426,11.00000000000000001631148426,run_2dfd37a38e7946a593fd01cc16ce4e70,ema_pullback:d39a89c90a3e2af56285dbd7
w10-lb070-r3_25,lab_3d_w10_lb_ratio,10,70,3.25,9.75,3.0,fea0013f5ffe0c9d378c76b392293e35e883783c0bccc40eebd4560969eda02b,284,284,0.2957746478873239436619718310,1.215483363027577370379090012,73.00000000000000232720830468,73.00000000000000232720830468,0.2333214051320340741397366803,-0.0679861630327655964995618343,187,0.3048128342245989304812834225,55.25000000000000227777561162,55.25000000000000227777561162,97,0.2783505154639175257731958763,17.75000000000000004943269308,17.75000000000000004943269308,run_1ae808d636cd4439acabbe1b11969540,ema_pullback:8f66c05635489bc118531ca9
w10-lb070-r3_5,lab_3d_w10_lb_ratio,10,70,3.5,10.5,3.0,fea0013f5ffe0c9d378c76b392293e35e883783c0bccc40eebd4560969eda02b,283,283,0.2791519434628975265017667845,1.228080263725011064334249033,72.50000000000000645498641837,72.50000000000000645498641837,0.2519479374588720690079977561,-0.0653424505398729346133173048,186,0.2956989247311827956989247312,61.50000000000000482538660961,61.50000000000000482538660961,97,0.2474226804123711340206185567,11.00000000000000162959980875,11.00000000000000162959980875,run_8a51bc85fcd54446980e76f070b95c57,ema_pullback:a6a876f290d0cf2b2abb14f6
w10-lb070-r3_75,lab_3d_w10_lb_ratio,10,70,3.75,11.25,3.0,fea0013f5ffe0c9d378c76b392293e35e883783c0bccc40eebd4560969eda02b,283,283,0.2720848056537102473498233216,1.281859413039392267470728160,82.75000000000000100806503498,82.75000000000000100806503498,0.3244188699442736002372501589,-0.0626951382465095433718641625,186,0.2849462365591397849462365591,65.75000000000000051097436781,65.75000000000000051097436781,97,0.2474226804123711340206185567,17.00000000000000049709066717,17.00000000000000049709066717,run_6821f74a38bc4cf68015fb62c8309a78,ema_pullback:c1b1c90af89ef15e87af0cb8
w10-lb070-r4_0,lab_3d_w10_lb_ratio,10,70,4.0,12.0,3.0,fea0013f5ffe0c9d378c76b392293e35e883783c0bccc40eebd4560969eda02b,283,283,0.2544169611307420494699646643,1.139849485603181143521286834,76.99999999999999992797169977,76.99999999999999992797169977,0.149319225522206845244237698,-0.0651867798472584792575854292,186,0.2580645161290322580645161290,53.99999999999999927557306542,53.99999999999999927557306542,97,0.2474226804123711340206185567,23.00000000000000065239863436,23.00000000000000065239863436,run_d6af07559f894ff4acb8086f3cbb5008,ema_pullback:2f238f094f54c8934189de87
w10-lb070-r4_25,lab_3d_w10_lb_ratio,10,70,4.25,12.75,3.0,fea0013f5ffe0c9d378c76b392293e35e883783c0bccc40eebd4560969eda02b,283,283,0.2508833922261484098939929329,1.192463445641725284720123852,89.75000000000000539742633302,89.75000000000000539742633302,0.2137011070692831334633859024,-0.0651867798472584792575854292,186,0.2580645161290322580645161290,66.00000000000000437440936266,66.00000000000000437440936266,97,0.2371134020618556701030927835,23.75000000000000102301697038,23.75000000000000102301697038,run_4252a64ef475438e84ce9bbe6fbf7467,ema_pullback:cbc527172db056215bf00726
w10-lb070-r4_5,lab_3d_w10_lb_ratio,10,70,4.5,13.5,3.0,fea0013f5ffe0c9d378c76b392293e35e883783c0bccc40eebd4560969eda02b,282,282,0.2482269503546099290780141844,1.260745980762938315919667568,103.0000000000000044069895478,103.0000000000000044069895478,0.2994701960105788916273213237,-0.0651867798472584792575854292,185,0.2594594594594594594594594595,79.00000000000000258473348525,79.00000000000000258473348525,97,0.2268041237113402061855670103,24.00000000000000182225606262,24.00000000000000182225606262,run_f7999be9e4a3480a993237613edc2dcf,ema_pullback:5b4b3fb201eef5346985917e
w10-lb070-r4_75,lab_3d_w10_lb_ratio,10,70,4.75,14.25,3.0,fea0013f5ffe0c9d378c76b392293e35e883783c0bccc40eebd4560969eda02b,282,282,0.2411347517730496453900709220,1.268940181905537224652963050,109.0000000000000045829593880,109.0000000000000045829593880,0.3118746488977886656286787992,-0.0767653658128388938699677096,185,0.2540540540540540540540540541,85.25000000000000284400726932,85.25000000000000284400726932,97,0.2164948453608247422680412371,23.75000000000000173895211863,23.75000000000000173895211863,run_c353f3f23cdd43b59fc80ff89a74a831,ema_pullback:25589c591af37ab790914152
w10-lb070-r5_0,lab_3d_w10_lb_ratio,10,70,5.0,15.0,3.0,fea0013f5ffe0c9d378c76b392293e35e883783c0bccc40eebd4560969eda02b,282,282,0.2375886524822695035460992908,1.310011030703203445555827531,120.0000000000000036813348290,120.0000000000000036813348290,0.3712436842729640403818811847,-0.0767653658128388938699677095,185,0.2486486486486486486486486486,91.00000000000000426106677743,91.00000000000000426106677743,97,0.2164948453608247422680412371,28.99999999999999942026805157,28.99999999999999942026805157,run_af6131544b954c3b96502eb14256c4f4,ema_pullback:022fdc86dafa79f0d144fda5
w10-lb075-r2_0,lab_3d_w10_lb_ratio,10,75,2.0,6.0,3.0,fea0013f5ffe0c9d378c76b392293e35e883783c0bccc40eebd4560969eda02b,282,282,0.3829787234042553191489361702,1.166080716295465755304438641,41.99999999999999936715108480,41.99999999999999936715108480,0.1518212895804843551844263643,-0.0805887439880980645364389296,183,0.4153005464480874316939890710,44.99999999999999978048146480,44.99999999999999978048146480,99,0.3232323232323232323232323232,-3.000000000000000413330379986,-3.000000000000000413330379986,run_8fa27dfb94044053a4d2ff455901fda3,ema_pullback:74479cbe0d0e939688c7a682
w10-lb075-r2_25,lab_3d_w10_lb_ratio,10,75,2.25,6.75,3.0,fea0013f5ffe0c9d378c76b392293e35e883783c0bccc40eebd4560969eda02b,281,281,0.3451957295373665480427046263,1.042957368226508132209932869,34.25000000000000257021024715,34.25000000000000257021024715,0.03996173852516188596715206321,-0.1213788061931632412345590940,183,0.3661202185792349726775956284,34.75000000000000098227649448,34.75000000000000098227649448,98,0.3061224489795918367346938776,-0.499999999999998412066247326,-0.499999999999998412066247326,run_332c184e2cbb4bb28ccbd713764fb798,ema_pullback:5bc96c4fb484736fd97a9778
w10-lb075-r2_5,lab_3d_w10_lb_ratio,10,75,2.5,7.5,3.0,fea0013f5ffe0c9d378c76b392293e35e883783c0bccc40eebd4560969eda02b,280,280,0.3321428571428571428571428571,1.104627376884370698417899878,45.50000000000000431155148015,45.50000000000000431155148015,0.1024581586130428624043120674,-0.1035849903447385762363441707,182,0.3461538461538461538461538462,38.50000000000000350411743031,38.50000000000000350411743031,98,0.3061224489795918367346938776,7.000000000000000807434049836,7.000000000000000807434049836,run_83f075f019cd4d239174cb37d4478f3f,ema_pullback:b8af1c5bde0a99b6d379539a
w10-lb075-r2_75,lab_3d_w10_lb_ratio,10,75,2.75,8.25,3.0,fea0013f5ffe0c9d378c76b392293e35e883783c0bccc40eebd4560969eda02b,278,278,0.3273381294964028776978417266,1.174524445832805273653239347,63.25000000000000583786685207,63.25000000000000583786685207,0.1759379955248140041579217873,-0.0675739275847034510469028300,180,0.3388888888888888888888888889,48.75000000000000384698290447,48.75000000000000384698290447,98,0.3061224489795918367346938776,14.50000000000000199088394759,14.50000000000000199088394759,run_d8c2551e875a46c694ee717edb84b3a5,ema_pullback:4f03e9084bbc61fbb09a34ed
w10-lb075-r3_0,lab_3d_w10_lb_ratio,10,75,3.0,9.0,3.0,fea0013f5ffe0c9d378c76b392293e35e883783c0bccc40eebd4560969eda02b,277,277,0.3032490974729241877256317690,1.142826647725943511665345298,59.00000000000000198895027442,59.00000000000000198895027442,0.1450467439157870854420823927,-0.0653387837304995181787337786,180,0.3166666666666666666666666667,48.00000000000000197263879014,48.00000000000000197263879014,97,0.2783505154639175257731958763,11.00000000000000001631148426,11.00000000000000001631148426,run_5fb4215f1aaa4b9b9be1c143d9a96582,ema_pullback:5bd6cca2abb49b193dfd14c0
w10-lb075-r3_25,lab_3d_w10_lb_ratio,10,75,3.25,9.75,3.0,fea0013f5ffe0c9d378c76b392293e35e883783c0bccc40eebd4560969eda02b,277,277,0.2960288808664259927797833935,1.217064321130606536521632954,71.50000000000000237743278906,71.50000000000000237743278906,0.2298280764439857154795310327,-0.0592420936983781041850697374,180,0.3055555555555555555555555556,53.75000000000000232800009596,53.75000000000000232800009596,97,0.2783505154639175257731958763,17.75000000000000004943269308,17.75000000000000004943269308,run_044a0927215d4c2da1b24fd1d419db3f,ema_pullback:af00af132d25f4c15019366b
w10-lb075-r3_5,lab_3d_w10_lb_ratio,10,75,3.5,10.5,3.0,fea0013f5ffe0c9d378c76b392293e35e883783c0bccc40eebd4560969eda02b,276,276,0.2789855072463768115942028986,1.228123298637817658020635747,70.50000000000000640484496387,70.50000000000000640484496387,0.2462775541313739509828084206,-0.0565735781345211079748477533,179,0.2960893854748603351955307263,59.50000000000000477524515511,59.50000000000000477524515511,97,0.2474226804123711340206185567,11.00000000000000162959980876,11.00000000000000162959980876,run_c525ea98fffc43078175301e8ed19868,ema_pullback:b2e3602c03aa7390ad6e207f
w10-lb075-r3_75,lab_3d_w10_lb_ratio,10,75,3.75,11.25,3.0,fea0013f5ffe0c9d378c76b392293e35e883783c0bccc40eebd4560969eda02b,276,276,0.2717391304347826086956521739,1.281290023133575039141661458,80.25000000000000149257202530,80.25000000000000149257202530,0.3161787286730268013187591511,-0.0656605733383212741520573490,179,0.2849162011173184357541899441,63.25000000000000099548135813,63.25000000000000099548135813,97,0.2474226804123711340206185567,17.00000000000000049709066717,17.00000000000000049709066717,run_913a1123c751494399ae0a4eef95c745,ema_pullback:aebd2ef72f35c5edf3e80d48
w10-lb075-r4_0,lab_3d_w10_lb_ratio,10,75,4.0,12.0,3.0,fea0013f5ffe0c9d378c76b392293e35e883783c0bccc40eebd4560969eda02b,276,276,0.2536231884057971014492753623,1.134429900556922999519290619,74.00000000000000004491307366,74.00000000000000004491307366,0.1402282997594783117890239354,-0.0651867798472584792575854292,179,0.2569832402234636871508379888,50.99999999999999939251443932,50.99999999999999939251443932,97,0.2474226804123711340206185567,23.00000000000000065239863435,23.00000000000000065239863435,run_741913131d09419a9cabb975ecd96981,ema_pullback:48e5739a50365e5ba6d8c09e
w10-lb075-r4_25,lab_3d_w10_lb_ratio,10,75,4.25,12.75,3.0,fea0013f5ffe0c9d378c76b392293e35e883783c0bccc40eebd4560969eda02b,276,276,0.25,1.186434264775754960705400304,86.25000000000000487960241281,86.25000000000000487960241281,0.2020572723204779289357685851,-0.0651867798472584792575854292,179,0.2569832402234636871508379888,62.50000000000000385658544244,62.50000000000000385658544244,97,0.2371134020618556701030927835,23.75000000000000102301697037,23.75000000000000102301697037,run_ce80dd6527bd4402bb1c0c934e7edbd5,ema_pullback:cd39c7d9054c81123575d454
w10-lb075-r4_5,lab_3d_w10_lb_ratio,10,75,4.5,13.5,3.0,fea0013f5ffe0c9d378c76b392293e35e883783c0bccc40eebd4560969eda02b,275,275,0.2472727272727272727272727273,1.254344908795401794865628639,99.0000000000000049582134277,99.0000000000000049582134277,0.2848210220650267716989159743,-0.0651867798472584792575854292,178,0.2584269662921348314606741573,75.00000000000000313595736513,75.00000000000000313595736513,97,0.2268041237113402061855670103,24.00000000000000182225606263,24.00000000000000182225606263,run_3c00a08ae8754f8485f5a353b017f3b5,ema_pullback:13e1f0a34a060b4cd29a936a
w10-lb075-r4_75,lab_3d_w10_lb_ratio,10,75,4.75,14.25,3.0,fea0013f5ffe0c9d378c76b392293e35e883783c0bccc40eebd4560969eda02b,275,275,0.24,1.260943520826099437940886858,104.5000000000000042322182962,104.5000000000000042322182962,0.2948879169922636173007219303,-0.0681036621631277194031075148,178,0.2528089887640449438202247191,80.75000000000000249326617752,80.75000000000000249326617752,97,0.2164948453608247422680412371,23.75000000000000173895211861,23.75000000000000173895211861,run_98e05f370435453292945863fe6cbbfb,ema_pullback:a7616792e25be7f1ad21a16e
w10-lb075-r5_0,lab_3d_w10_lb_ratio,10,75,5.0,15.0,3.0,fea0013f5ffe0c9d378c76b392293e35e883783c0bccc40eebd4560969eda02b,275,275,0.2363636363636363636363636364,1.301206240446289676190036971,115.0000000000000038652421819,115.0000000000000038652421819,0.3511968849147496222320284541,-0.0681036621631277194031075147,178,0.2471910112359550561797752809,86.00000000000000444497413045,86.00000000000000444497413045,97,0.2164948453608247422680412371,28.99999999999999942026805157,28.99999999999999942026805157,run_03d498022bfe402e90cee5bae6fa2cfe,ema_pullback:27c8cced633eb14f027ae736
w10-lb080-r2_0,lab_3d_w10_lb_ratio,10,80,2.0,6.0,3.0,fea0013f5ffe0c9d378c76b392293e35e883783c0bccc40eebd4560969eda02b,278,278,0.3848920863309352517985611511,1.171304073888058550566375225,42.99999999999999942146154982,42.99999999999999942146154982,0.1555111461296242231441949378,-0.0802298839686778481794629568,180,0.4166666666666666666666666667,44.99999999999999983479192982,44.99999999999999983479192982,98,0.3265306122448979591836734694,-2.000000000000000413330379986,-2.000000000000000413330379986,run_07d30fed7a54453da207b4e3e84febb0,ema_pullback:99e91c9e4476efc39a1619f3
w10-lb080-r2_25,lab_3d_w10_lb_ratio,10,80,2.25,6.75,3.0,fea0013f5ffe0c9d378c76b392293e35e883783c0bccc40eebd4560969eda02b,278,278,0.3453237410071942446043165468,1.043747095330513968635774989,34.00000000000000274671925845,34.00000000000000274671925845,0.04045339726017982277649518225,-0.1209634238106155519073696497,180,0.3666666666666666666666666667,34.50000000000000115878550578,34.50000000000000115878550578,98,0.3061224489795918367346938776,-0.499999999999998412066247324,-0.499999999999998412066247324,run_45ee1453aa664671b6c770a9febc9172,ema_pullback:0455eda74618302e6437769f
w10-lb080-r2_5,lab_3d_w10_lb_ratio,10,80,2.5,7.5,3.0,fea0013f5ffe0c9d378c76b392293e35e883783c0bccc40eebd4560969eda02b,278,278,0.3345323741007194244604316547,1.110329125455536075106671246,47.50000000000000431155148012,47.50000000000000431155148012,0.1075488393642270221479675308,-0.0994457288234980963749830949,180,0.35,40.50000000000000350411743027,40.50000000000000350411743027,98,0.3061224489795918367346938776,7.000000000000000807434049834,7.000000000000000807434049834,run_fcd2d55008064123b2ff476acca3f56f,ema_pullback:b08934f1840984583f5ff7c3
w10-lb080-r2_75,lab_3d_w10_lb_ratio,10,80,2.75,8.25,3.0,fea0013f5ffe0c9d378c76b392293e35e883783c0bccc40eebd4560969eda02b,276,276,0.3297101449275362318840579710,1.180754388118622698198989671,65.25000000000000583786685207,65.25000000000000583786685207,0.1813679747685935628332270077,-0.0654834271432512973794567187,178,0.3426966292134831460674157303,50.75000000000000384698290447,50.75000000000000384698290447,98,0.3061224489795918367346938776,14.50000000000000199088394759,14.50000000000000199088394759,run_57c4bc1fc54a445ca466ecafa06f8d3d,ema_pullback:3a4a981b0ac5dbc64445caba
w10-lb080-r3_0,lab_3d_w10_lb_ratio,10,80,3.0,9.0,3.0,fea0013f5ffe0c9d378c76b392293e35e883783c0bccc40eebd4560969eda02b,275,275,0.3054545454545454545454545455,1.148704383175986155169062771,61.00000000000000198895027440,61.00000000000000198895027440,0.1503340805579246015636840517,-0.0653387837304995181787337786,178,0.3202247191011235955056179775,50.00000000000000197263879014,50.00000000000000197263879014,97,0.2783505154639175257731958763,11.00000000000000001631148426,11.00000000000000001631148426,run_f19955c5278144df8457ddeb6039b9c8,ema_pullback:a92609969430a250bc624353
w10-lb080-r3_25,lab_3d_w10_lb_ratio,10,80,3.25,9.75,3.0,fea0013f5ffe0c9d378c76b392293e35e883783c0bccc40eebd4560969eda02b,275,275,0.2981818181818181818181818182,1.223454795181573476935321865,73.50000000000000237743278906,73.50000000000000237743278906,0.2355068970569108538058969665,-0.0592420936983781041850697374,178,0.3089887640449438202247191011,55.75000000000000232800009596,55.75000000000000232800009596,97,0.2783505154639175257731958763,17.75000000000000004943269308,17.75000000000000004943269308,run_26abc106178642a4a9480acaf3813d21,ema_pullback:25b918cff669893d9c368e47
w10-lb080-r3_5,lab_3d_w10_lb_ratio,10,80,3.5,10.5,3.0,fea0013f5ffe0c9d378c76b392293e35e883783c0bccc40eebd4560969eda02b,274,274,0.2810218978102189781021897810,1.234527244910208867629587460,72.50000000000000640484496386,72.50000000000000640484496386,0.2520323314042194705499092101,-0.0565735781345211079748477533,177,0.2994350282485875706214689266,61.50000000000000477524515511,61.50000000000000477524515511,97,0.2474226804123711340206185567,11.00000000000000162959980876,11.00000000000000162959980876,run_880c9a8c9fe3402ca5421a45bb9cd0f4,ema_pullback:4f6dc5e7e032fee87d709160
w10-lb080-r3_75,lab_3d_w10_lb_ratio,10,80,3.75,11.25,3.0,fea0013f5ffe0c9d378c76b392293e35e883783c0bccc40eebd4560969eda02b,274,274,0.2737226277372262773722627737,1.288019678386414889332011071,82.25000000000000149257202528,82.25000000000000149257202528,0.3222562797046261494790888451,-0.0656605733383212741520573490,177,0.2881355932203389830508474576,65.25000000000000099548135812,65.25000000000000099548135812,97,0.2474226804123711340206185567,17.00000000000000049709066716,17.00000000000000049709066716,run_9c3b54618b1e4942acb1792474f2dc17,ema_pullback:53e2be687ebb76ab39ad3aa8
w10-lb080-r4_0,lab_3d_w10_lb_ratio,10,80,4.0,12.0,3.0,fea0013f5ffe0c9d378c76b392293e35e883783c0bccc40eebd4560969eda02b,274,274,0.2554744525547445255474452555,1.140071339631767274081074471,76.00000000000000004491307367,76.00000000000000004491307367,0.1454933868851824459868036361,-0.0651867798472584792575854292,177,0.2598870056497175141242937853,52.99999999999999939251443932,52.99999999999999939251443932,97,0.2474226804123711340206185567,23.00000000000000065239863435,23.00000000000000065239863435,run_790fed2351d74d24956cd9d79f6423f5,ema_pullback:06693e41a2ee82905eac3ab3
w10-lb080-r4_25,lab_3d_w10_lb_ratio,10,80,4.25,12.75,3.0,fea0013f5ffe0c9d378c76b392293e35e883783c0bccc40eebd4560969eda02b,274,274,0.2518248175182481751824817518,1.192384852387742942875539230,88.25000000000000487960241284,88.25000000000000487960241284,0.2076078592250378432822757724,-0.0651867798472584792575854292,177,0.2598870056497175141242937853,64.50000000000000385658544246,64.50000000000000385658544246,97,0.2371134020618556701030927835,23.75000000000000102301697037,23.75000000000000102301697037,run_34a4fb9c7f2c40d2af76c97c1165b423,ema_pullback:4416f5fada63939048a0fb9d
w10-lb080-r4_5,lab_3d_w10_lb_ratio,10,80,4.5,13.5,3.0,fea0013f5ffe0c9d378c76b392293e35e883783c0bccc40eebd4560969eda02b,273,273,0.2490842490842490842490842491,1.260793995580998874685666608,101.0000000000000049582134277,101.0000000000000049582134277,0.2907537766050917358169196124,-0.0651867798472584792575854292,176,0.2613636363636363636363636364,77.00000000000000313595736512,77.00000000000000313595736512,97,0.2268041237113402061855670103,24.00000000000000182225606262,24.00000000000000182225606262,run_ddd2f417941449c3bf0fed9593e5ecf2,ema_pullback:b962d30cdc24b95ea2c4db89
w10-lb080-r4_75,lab_3d_w10_lb_ratio,10,80,4.75,14.25,3.0,fea0013f5ffe0c9d378c76b392293e35e883783c0bccc40eebd4560969eda02b,273,273,0.2417582417582417582417582418,1.267401490370733674926598977,106.5000000000000042322182962,106.5000000000000042322182962,0.3008671561520213144720901847,-0.0681036621631277194031075148,176,0.2556818181818181818181818182,82.75000000000000249326617751,82.75000000000000249326617751,97,0.2164948453608247422680412371,23.75000000000000173895211861,23.75000000000000173895211861,run_2ba4f45f240046658d7737b77ed982ac,ema_pullback:bc0a430aad42f7bfb581dfc9
w10-lb080-r5_0,lab_3d_w10_lb_ratio,10,80,5.0,15.0,3.0,fea0013f5ffe0c9d378c76b392293e35e883783c0bccc40eebd4560969eda02b,273,273,0.2380952380952380952380952381,1.307902866893745557811356636,117.0000000000000038652421820,117.0000000000000038652421820,0.3574361348303646388178194391,-0.0681036621631277194031075147,176,0.25,88.00000000000000444497413045,88.00000000000000444497413045,97,0.2164948453608247422680412371,28.99999999999999942026805157,28.99999999999999942026805157,run_273530ab88134c6c96077799285b2381,ema_pullback:272999e065e1373e64d5d589
w10-lb085-r2_0,lab_3d_w10_lb_ratio,10,85,2.0,6.0,3.0,fea0013f5ffe0c9d378c76b392293e35e883783c0bccc40eebd4560969eda02b,277,277,0.3862815884476534296028880866,1.176854924857896242710343328,43.99999999999999942146154982,43.99999999999999942146154982,0.1598294919373147881530729625,-0.0802298839686778481794629568,179,0.4189944134078212290502793296,45.99999999999999983479192982,45.99999999999999983479192982,98,0.3265306122448979591836734694,-2.000000000000000413330379985,-2.000000000000000413330379985,run_5cf4ea5b2dc0439b867c98dba2e893ea,ema_pullback:f3afc69f752a057d739b1933
w10-lb085-r2_25,lab_3d_w10_lb_ratio,10,85,2.25,6.75,3.0,fea0013f5ffe0c9d378c76b392293e35e883783c0bccc40eebd4560969eda02b,277,277,0.3465703971119133574007220217,1.048143361349721845945873208,35.00000000000000274671925845,35.00000000000000274671925845,0.04434175228055785947303060041,-0.1176783114806231364671334130,179,0.3687150837988826815642458101,35.50000000000000115878550578,35.50000000000000115878550578,98,0.3061224489795918367346938776,-0.499999999999998412066247326,-0.499999999999998412066247326,run_e7e2492231184e1b8679b34e7c82c9b8,ema_pullback:fef357873886a99cfb1939bd
w10-lb085-r2_5,lab_3d_w10_lb_ratio,10,85,2.5,7.5,3.0,fea0013f5ffe0c9d378c76b392293e35e883783c0bccc40eebd4560969eda02b,277,277,0.3357400722021660649819494585,1.115033974832091294638842163,48.50000000000000431155148013,48.50000000000000431155148013,0.1116879417028768415031634107,-0.0960802011307893448593321080,179,0.3519553072625698324022346369,41.50000000000000350411743027,41.50000000000000350411743027,98,0.3061224489795918367346938776,7.000000000000000807434049835,7.000000000000000807434049835,run_7a2b2188ee134391adff779bcfa2b49c,ema_pullback:563e80ad0e0c82d9f0993174
w10-lb085-r2_75,lab_3d_w10_lb_ratio,10,85,2.75,8.25,3.0,fea0013f5ffe0c9d378c76b392293e35e883783c0bccc40eebd4560969eda02b,276,276,0.3297101449275362318840579710,1.180754388118622698198989671,65.25000000000000583786685207,65.25000000000000583786685207,0.1813679747685935628332270077,-0.0654834271432512973794567187,178,0.3426966292134831460674157303,50.75000000000000384698290447,50.75000000000000384698290447,98,0.3061224489795918367346938776,14.50000000000000199088394759,14.50000000000000199088394759,run_3febf85fbf274ff1a884337af488ce54,ema_pullback:eafc2e5accbae17914de6d4e
w10-lb085-r3_0,lab_3d_w10_lb_ratio,10,85,3.0,9.0,3.0,fea0013f5ffe0c9d378c76b392293e35e883783c0bccc40eebd4560969eda02b,275,275,0.3054545454545454545454545455,1.148704383175986155169062771,61.00000000000000198895027440,61.00000000000000198895027440,0.1503340805579246015636840517,-0.0653387837304995181787337786,178,0.3202247191011235955056179775,50.00000000000000197263879014,50.00000000000000197263879014,97,0.2783505154639175257731958763,11.00000000000000001631148426,11.00000000000000001631148426,run_e236743c295d4efcaf1d6cf5b0ba30a1,ema_pullback:65591d2b1ca8eb63c08e8316
w10-lb085-r3_25,lab_3d_w10_lb_ratio,10,85,3.25,9.75,3.0,fea0013f5ffe0c9d378c76b392293e35e883783c0bccc40eebd4560969eda02b,275,275,0.2981818181818181818181818182,1.223454795181573476935321865,73.50000000000000237743278906,73.50000000000000237743278906,0.2355068970569108538058969665,-0.0592420936983781041850697374,178,0.3089887640449438202247191011,55.75000000000000232800009596,55.75000000000000232800009596,97,0.2783505154639175257731958763,17.75000000000000004943269308,17.75000000000000004943269308,run_8f806bc7a6664f43a6ba9964c0a7c17a,ema_pullback:0bc0fa0cedae7d3e6d1eab4e
w10-lb085-r3_5,lab_3d_w10_lb_ratio,10,85,3.5,10.5,3.0,fea0013f5ffe0c9d378c76b392293e35e883783c0bccc40eebd4560969eda02b,274,274,0.2810218978102189781021897810,1.234527244910208867629587460,72.50000000000000640484496386,72.50000000000000640484496386,0.2520323314042194705499092101,-0.0565735781345211079748477533,177,0.2994350282485875706214689266,61.50000000000000477524515511,61.50000000000000477524515511,97,0.2474226804123711340206185567,11.00000000000000162959980876,11.00000000000000162959980876,run_76334db3bb854125ad158ebb59d768d1,ema_pullback:e40164ab16a9f02d29e2ec9a
w10-lb085-r3_75,lab_3d_w10_lb_ratio,10,85,3.75,11.25,3.0,fea0013f5ffe0c9d378c76b392293e35e883783c0bccc40eebd4560969eda02b,274,274,0.2737226277372262773722627737,1.288019678386414889332011071,82.25000000000000149257202528,82.25000000000000149257202528,0.3222562797046261494790888451,-0.0656605733383212741520573490,177,0.2881355932203389830508474576,65.25000000000000099548135812,65.25000000000000099548135812,97,0.2474226804123711340206185567,17.00000000000000049709066716,17.00000000000000049709066716,run_903cc7385ccd496eb26fe1fde3ea0a02,ema_pullback:7874a88c095d1b8ab76995f3
w10-lb085-r4_0,lab_3d_w10_lb_ratio,10,85,4.0,12.0,3.0,fea0013f5ffe0c9d378c76b392293e35e883783c0bccc40eebd4560969eda02b,274,274,0.2554744525547445255474452555,1.140071339631767274081074471,76.00000000000000004491307367,76.00000000000000004491307367,0.1454933868851824459868036361,-0.0651867798472584792575854292,177,0.2598870056497175141242937853,52.99999999999999939251443932,52.99999999999999939251443932,97,0.2474226804123711340206185567,23.00000000000000065239863435,23.00000000000000065239863435,run_464f4a567a824dbf9503e055050b3028,ema_pullback:f8b57df84c76f30e35b164b1
w10-lb085-r4_25,lab_3d_w10_lb_ratio,10,85,4.25,12.75,3.0,fea0013f5ffe0c9d378c76b392293e35e883783c0bccc40eebd4560969eda02b,274,274,0.2518248175182481751824817518,1.192384852387742942875539230,88.25000000000000487960241284,88.25000000000000487960241284,0.2076078592250378432822757724,-0.0651867798472584792575854292,177,0.2598870056497175141242937853,64.50000000000000385658544246,64.50000000000000385658544246,97,0.2371134020618556701030927835,23.75000000000000102301697037,23.75000000000000102301697037,run_7f120358c63e406d98d53fc7a570f241,ema_pullback:1ae8f0eee3ac33bc2ba9e5a2
w10-lb085-r4_5,lab_3d_w10_lb_ratio,10,85,4.5,13.5,3.0,fea0013f5ffe0c9d378c76b392293e35e883783c0bccc40eebd4560969eda02b,273,273,0.2490842490842490842490842491,1.260793995580998874685666608,101.0000000000000049582134277,101.0000000000000049582134277,0.2907537766050917358169196124,-0.0651867798472584792575854292,176,0.2613636363636363636363636364,77.00000000000000313595736512,77.00000000000000313595736512,97,0.2268041237113402061855670103,24.00000000000000182225606262,24.00000000000000182225606262,run_efc5e983d40a4a9b95f4dd81b5df77f1,ema_pullback:b4614c1b52413d40d6a1eabb
w10-lb085-r4_75,lab_3d_w10_lb_ratio,10,85,4.75,14.25,3.0,fea0013f5ffe0c9d378c76b392293e35e883783c0bccc40eebd4560969eda02b,273,273,0.2417582417582417582417582418,1.267401490370733674926598977,106.5000000000000042322182962,106.5000000000000042322182962,0.3008671561520213144720901847,-0.0681036621631277194031075148,176,0.2556818181818181818181818182,82.75000000000000249326617751,82.75000000000000249326617751,97,0.2164948453608247422680412371,23.75000000000000173895211861,23.75000000000000173895211861,run_4be697aaf8e147568408a7d177448e0c,ema_pullback:d699b0ca56be5326e20b5ade
w10-lb085-r5_0,lab_3d_w10_lb_ratio,10,85,5.0,15.0,3.0,fea0013f5ffe0c9d378c76b392293e35e883783c0bccc40eebd4560969eda02b,273,273,0.2380952380952380952380952381,1.307902866893745557811356636,117.0000000000000038652421820,117.0000000000000038652421820,0.3574361348303646388178194391,-0.0681036621631277194031075147,176,0.25,88.00000000000000444497413045,88.00000000000000444497413045,97,0.2164948453608247422680412371,28.99999999999999942026805157,28.99999999999999942026805157,run_cc9984bedf5d455bb1a637581d16c57d,ema_pullback:5c431c6274bc5cf50b553319
w10-lb090-r2_0,lab_3d_w10_lb_ratio,10,90,2.0,6.0,3.0,fea0013f5ffe0c9d378c76b392293e35e883783c0bccc40eebd4560969eda02b,274,274,0.3832116788321167883211678832,1.174973611659374718339772851,40.99999999999999932580205327,40.99999999999999932580205327,0.1553011425645525569060119606,-0.0728892566482602449061573705,176,0.4147727272727272727272727273,42.99999999999999973913243325,42.99999999999999973913243325,98,0.3265306122448979591836734694,-2.000000000000000413330379992,-2.000000000000000413330379992,run_cdf78ac6ff2446169de48eaae9161fda,ema_pullback:c23cf4a21e8fb6e6d3754f08
w10-lb090-r2_25,lab_3d_w10_lb_ratio,10,90,2.25,6.75,3.0,fea0013f5ffe0c9d378c76b392293e35e883783c0bccc40eebd4560969eda02b,274,274,0.3430656934306569343065693431,1.042840074646008938108787932,31.50000000000000337153597439,31.50000000000000337153597439,0.03872866934585312506576880575,-0.1106365576997014635367958878,176,0.3636363636363636363636363636,32.00000000000000178360222170,32.00000000000000178360222170,98,0.3061224489795918367346938776,-0.499999999999998412066247329,-0.499999999999998412066247329,run_f6a98b9959b14c999fbdd69daeb80115,ema_pullback:41970f97603e5d666c1d1095
w10-lb090-r2_5,lab_3d_w10_lb_ratio,10,90,2.5,7.5,3.0,fea0013f5ffe0c9d378c76b392293e35e883783c0bccc40eebd4560969eda02b,274,274,0.3321167883211678832116788321,1.109360454539062131966448721,44.50000000000000418198549254,44.50000000000000418198549254,0.1040819481722705158852558866,-0.0888660741925536708384095171,176,0.3465909090909090909090909091,37.50000000000000337455144269,37.50000000000000337455144269,98,0.3061224489795918367346938776,7.000000000000000807434049834,7.000000000000000807434049834,run_e1f0e2907021432db39e5a49bc9d126e,ema_pullback:dcab53d2a7c43c2b233f073d
w10-lb090-r2_75,lab_3d_w10_lb_ratio,10,90,2.75,8.25,3.0,fea0013f5ffe0c9d378c76b392293e35e883783c0bccc40eebd4560969eda02b,274,274,0.3248175182481751824817518248,1.164198288900040582428828673,59.75000000000000569134761897,59.75000000000000569134761897,0.1622799336808163347164425974,-0.0654834271432512973794567189,176,0.3352272727272727272727272727,45.25000000000000370046367137,45.25000000000000370046367137,98,0.3061224489795918367346938776,14.50000000000000199088394759,14.50000000000000199088394759,run_bd1c0a52c3b0475b9f42dfab6210833c,ema_pullback:94b898b68ad85689a942ec51
w10-lb090-r3_0,lab_3d_w10_lb_ratio,10,90,3.0,9.0,3.0,fea0013f5ffe0c9d378c76b392293e35e883783c0bccc40eebd4560969eda02b,273,273,0.3003663003663003663003663004,1.130792540798931343325585624,55.00000000000000232375851244,55.00000000000000232375851244,0.1300808018127532606306375319,-0.0653387837304995181787337792,176,0.3125,44.00000000000000230744702816,44.00000000000000230744702816,97,0.2783505154639175257731958763,11.00000000000000001631148427,11.00000000000000001631148427,run_e596294761c645fb9351c39e8b857ce2,ema_pullback:8425e8c4a2ac8438fab432f6
w10-lb090-r3_25,lab_3d_w10_lb_ratio,10,90,3.25,9.75,3.0,fea0013f5ffe0c9d378c76b392293e35e883783c0bccc40eebd4560969eda02b,273,273,0.2930402930402930402930402930,1.204723386623874686068234167,67.00000000000000264745803322,67.00000000000000264745803322,0.21196802105650384520485551,-0.0592420936983781041850697387,176,0.3011363636363636363636363636,49.25000000000000259802534016,49.25000000000000259802534016,97,0.2783505154639175257731958763,17.75000000000000004943269308,17.75000000000000004943269308,run_5292bfb203d8409cbd54def06ba354f6,ema_pullback:572fd1df3a3bda5f032edb4f
w10-lb090-r3_5,lab_3d_w10_lb_ratio,10,90,3.5,10.5,3.0,fea0013f5ffe0c9d378c76b392293e35e883783c0bccc40eebd4560969eda02b,272,272,0.2757352941176470588235294118,1.214701927751920733986202316,65.50000000000000646659796941,65.50000000000000646659796941,0.2263728234851702384718716108,-0.0578999502627504712197832802,175,0.2914285714285714285714285714,54.50000000000000483699816065,54.50000000000000483699816065,97,0.2474226804123711340206185567,11.00000000000000162959980877,11.00000000000000162959980877,run_d023cbf64f714b0a84d9f889df612593,ema_pullback:d23fac0899dca8ecbb7e257f
w10-lb090-r3_75,lab_3d_w10_lb_ratio,10,90,3.75,11.25,3.0,fea0013f5ffe0c9d378c76b392293e35e883783c0bccc40eebd4560969eda02b,272,272,0.2683823529411764705882352941,1.267519720572529763268033738,74.75000000000000253393321858,74.75000000000000253393321858,0.2932548337435140457386929552,-0.0656605733383212741520573486,175,0.28,57.75000000000000203684255141,57.75000000000000203684255141,97,0.2474226804123711340206185567,17.00000000000000049709066717,17.00000000000000049709066717,run_d5136cfa81874b5ca576c447250debdd,ema_pullback:884b348e3eaa407cdfcbe722
w10-lb090-r4_0,lab_3d_w10_lb_ratio,10,90,4.0,12.0,3.0,fea0013f5ffe0c9d378c76b392293e35e883783c0bccc40eebd4560969eda02b,272,272,0.25,1.116791289511614849665342906,67.99999999999999985359408056,67.99999999999999985359408056,0.1187242854287927034805902102,-0.0713329525363634656455990612,175,0.2514285714285714285714285714,44.99999999999999920119544619,44.99999999999999920119544619,97,0.2474226804123711340206185567,23.00000000000000065239863436,23.00000000000000065239863436,run_f4050060f432427da6940251d10a3358,ema_pullback:c5a1b6c6fb812765e79bbb17
w10-lb090-r4_25,lab_3d_w10_lb_ratio,10,90,4.25,12.75,3.0,fea0013f5ffe0c9d378c76b392293e35e883783c0bccc40eebd4560969eda02b,272,272,0.2463235294117647058823529412,1.168457638881926487079382933,79.75000000000000636535459785,79.75000000000000636535459785,0.1776572951039188042659908108,-0.0705687583699977646222589505,175,0.2514285714285714285714285714,56.00000000000000534233762752,56.00000000000000534233762752,97,0.2371134020618556701030927835,23.75000000000000102301697037,23.75000000000000102301697037,run_778d59dc0e424ebfae18665f172e2ac8,ema_pullback:d05f839a3a24a5fd172c0b76
w10-lb090-r4_5,lab_3d_w10_lb_ratio,10,90,4.5,13.5,3.0,fea0013f5ffe0c9d378c76b392293e35e883783c0bccc40eebd4560969eda02b,271,271,0.2435424354243542435424354244,1.236114803941217379367064216,92.00000000000000594871488447,92.00000000000000594871488447,0.2568962325319246773392114437,-0.0698045642036320635989188398,174,0.2528735632183908045977011494,68.00000000000000412645882182,68.00000000000000412645882182,97,0.2268041237113402061855670103,24.00000000000000182225606262,24.00000000000000182225606262,run_476b220a96b245dbaf1a020b134f361d,ema_pullback:46607624025234e796c3a082
w10-lb090-r4_75,lab_3d_w10_lb_ratio,10,90,4.75,14.25,3.0,fea0013f5ffe0c9d378c76b392293e35e883783c0bccc40eebd4560969eda02b,271,271,0.2361623616236162361623616236,1.241567300198485183770404249,97.0000000000000042491715417,97.0000000000000042491715417,0.2648892455077763205106733909,-0.0690403700372663616591387881,174,0.2471264367816091954022988506,73.25000000000000251021942303,73.25000000000000251021942303,97,0.2164948453608247422680412371,23.75000000000000173895211861,23.75000000000000173895211861,run_4dab8b03c0f9451bb8d923b99109e794,ema_pullback:1a02aab108f67f34caaa259a
w10-lb090-r5_0,lab_3d_w10_lb_ratio,10,90,5.0,15.0,3.0,fea0013f5ffe0c9d378c76b392293e35e883783c0bccc40eebd4560969eda02b,271,271,0.2324723247232472324723247232,1.281442817412306079635457133,107.0000000000000036061102068,107.0000000000000036061102068,0.3179623205573946211430074623,-0.0682761758709006624686785589,174,0.2413793103448275862068965517,78.00000000000000418584215522,78.00000000000000418584215522,97,0.2164948453608247422680412371,28.99999999999999942026805157,28.99999999999999942026805157,run_c5d51085f87445d8a96153eddf9c9365,ema_pullback:a57e47213d64fc50718b2ce2
w10-lb095-r2_0,lab_3d_w10_lb_ratio,10,95,2.0,6.0,3.0,fea0013f5ffe0c9d378c76b392293e35e883783c0bccc40eebd4560969eda02b,272,272,0.3823529411764705882352941176,1.173825391395655712021650535,39.99999999999999924043088622,39.99999999999999924043088622,0.1539188227361589108486687066,-0.0728892566482602449061573709,175,0.4114285714285714285714285714,40.99999999999999965376126620,40.99999999999999965376126620,97,0.3298969072164948453608247423,-1.000000000000000413330379986,-1.000000000000000413330379986,run_f16f156f22fa4325a98572bbcd52af60,ema_pullback:93a396d5d9f20c7920dce4e8
w10-lb095-r2_25,lab_3d_w10_lb_ratio,10,95,2.25,6.75,3.0,fea0013f5ffe0c9d378c76b392293e35e883783c0bccc40eebd4560969eda02b,272,272,0.3455882352941176470588235294,1.045524293707163190664871624,33.50000000000000337153597437,33.50000000000000337153597437,0.04113589891796494088941647494,-0.1106365576997014635367958875,175,0.3657142857142857142857142857,33.00000000000000178360222170,33.00000000000000178360222170,97,0.3092783505154639175257731959,0.500000000000001587933752674,0.500000000000001587933752674,run_4b09f4a01477450ca20d850ca439aa0e,ema_pullback:1b57ab3ceb0dd981292c8f64
w10-lb095-r2_5,lab_3d_w10_lb_ratio,10,95,2.5,7.5,3.0,fea0013f5ffe0c9d378c76b392293e35e883783c0bccc40eebd4560969eda02b,272,272,0.3345588235294117647058823529,1.112088798741584370643290463,46.50000000000000418198549253,46.50000000000000418198549253,0.1066406324505709021576648652,-0.0888660741925536708384095240,175,0.3485714285714285714285714286,38.50000000000000337455144269,38.50000000000000337455144269,97,0.3092783505154639175257731959,8.000000000000000807434049836,8.000000000000000807434049836,run_87e6da24643a4b1dae283650c745b5f0,ema_pullback:e9430584473fb8ddb7d1c210
w10-lb095-r2_75,lab_3d_w10_lb_ratio,10,95,2.75,8.25,3.0,fea0013f5ffe0c9d378c76b392293e35e883783c0bccc40eebd4560969eda02b,272,272,0.3272058823529411764705882353,1.166964723753839251904634945,61.75000000000000569134761897,61.75000000000000569134761897,0.1649734904391857777338083349,-0.0654834271432512973794567179,175,0.3371428571428571428571428571,46.25000000000000370046367137,46.25000000000000370046367137,97,0.3092783505154639175257731959,15.50000000000000199088394760,15.50000000000000199088394760,run_3198f47c230b42eba8461efc341ffaad,ema_pullback:1497b877631c3084df53c4e4
w10-lb095-r3_0,lab_3d_w10_lb_ratio,10,95,3.0,9.0,3.0,fea0013f5ffe0c9d378c76b392293e35e883783c0bccc40eebd4560969eda02b,271,271,0.3025830258302583025830258303,1.133448480411351007081180797,57.00000000000000232375851245,57.00000000000000232375851245,0.1326997378306766521002788694,-0.0653387837304995181787337771,175,0.3142857142857142857142857143,45.00000000000000230744702815,45.00000000000000230744702815,96,0.28125,12.00000000000000001631148426,12.00000000000000001631148426,run_2c1e9e6c75a34c729fa559cd386ad2e4,ema_pullback:bc64b413758fc58b012d09c6
w10-lb095-r3_25,lab_3d_w10_lb_ratio,10,95,3.25,9.75,3.0,fea0013f5ffe0c9d378c76b392293e35e883783c0bccc40eebd4560969eda02b,271,271,0.2952029520295202952029520295,1.207453681359684869933368140,69.00000000000000264745803322,69.00000000000000264745803322,0.2147767288036177853033761925,-0.0592420936983781041850697376,175,0.3028571428571428571428571429,50.25000000000000259802534016,50.25000000000000259802534016,96,0.28125,18.75000000000000004943269307,18.75000000000000004943269307,run_d5f37cb219394344b1720d76be65ab56,ema_pullback:57ab458fcdfc2612a240316a
w10-lb095-r3_5,lab_3d_w10_lb_ratio,10,95,3.5,10.5,3.0,fea0013f5ffe0c9d378c76b392293e35e883783c0bccc40eebd4560969eda02b,270,270,0.2777777777777777777777777778,1.217398452805475184988228086,67.50000000000000646659796941,67.50000000000000646659796941,0.2292149140274356314501591325,-0.0568227469164407759228842610,174,0.2931034482758620689655172414,55.50000000000000483699816066,55.50000000000000483699816066,96,0.25,12.00000000000000162959980874,12.00000000000000162959980874,run_f2f7cae7f96a41f59c8e67af903c2dc4,ema_pullback:ba9e8dcb25ea639243395440
w10-lb095-r3_75,lab_3d_w10_lb_ratio,10,95,3.75,11.25,3.0,fea0013f5ffe0c9d378c76b392293e35e883783c0bccc40eebd4560969eda02b,270,270,0.2703703703703703703703703704,1.270233388734614103192837206,76.75000000000000253393321858,76.75000000000000253393321858,0.2962519217915646233828586095,-0.0656605733383212741520573488,174,0.2816091954022988505747126437,58.75000000000000203684255140,58.75000000000000203684255140,96,0.25,18.00000000000000049709066718,18.00000000000000049709066718,run_fe1a73db7faf4cff8ead67a499d401ce,ema_pullback:6fedbe8ca0f90dd47ae068cb
w10-lb095-r4_0,lab_3d_w10_lb_ratio,10,95,4.0,12.0,3.0,fea0013f5ffe0c9d378c76b392293e35e883783c0bccc40eebd4560969eda02b,270,270,0.2518518518518518518518518519,1.119345673268380729805936845,69.99999999999999985359408053,69.99999999999999985359408053,0.1213169029836925814679028713,-0.0702711085725356599820958808,174,0.2528735632183908045977011494,45.99999999999999920119544617,45.99999999999999920119544617,96,0.25,24.00000000000000065239863435,24.00000000000000065239863435,run_4ff586d9d9af47ca8172838f72288f72,ema_pullback:6fc96858615386bd97bbf27e
w10-lb095-r4_25,lab_3d_w10_lb_ratio,10,95,4.25,12.75,3.0,fea0013f5ffe0c9d378c76b392293e35e883783c0bccc40eebd4560969eda02b,270,270,0.2481481481481481481481481481,1.171037438419953336172868996,81.75000000000000636535459783,81.75000000000000636535459783,0.1803864885403266567965846924,-0.0695060406215719546719965357,174,0.2528735632183908045977011494,57.00000000000000534233762751,57.00000000000000534233762751,96,0.2395833333333333333333333333,24.75000000000000102301697037,24.75000000000000102301697037,run_ce7d1b02971247aa9be0ccc814ec6f57,ema_pullback:59e88653648215889031e262
w10-lb095-r4_5,lab_3d_w10_lb_ratio,10,95,4.5,13.5,3.0,fea0013f5ffe0c9d378c76b392293e35e883783c0bccc40eebd4560969eda02b,269,269,0.2453531598513011152416356877,1.238765102934914579515121998,94.00000000000000594871488448,94.00000000000000594871488448,0.2598090603659077285913437024,-0.0687409726706082493618971908,173,0.2543352601156069364161849711,69.00000000000000412645882182,69.00000000000000412645882182,96,0.2291666666666666666666666667,25.00000000000000182225606261,25.00000000000000182225606261,run_a8d94155dc5344339e83bc8c947a7da3,ema_pullback:176ac8354bb5c15603306db5
w10-lb095-r4_75,lab_3d_w10_lb_ratio,10,95,4.75,14.25,3.0,fea0013f5ffe0c9d378c76b392293e35e883783c0bccc40eebd4560969eda02b,269,269,0.2379182156133828996282527881,1.244209886669388466846031619,99.0000000000000042491715417,99.0000000000000042491715417,0.2678205969637345510096478328,-0.0681036621631277194031075148,173,0.2485549132947976878612716763,74.25000000000000251021942303,74.25000000000000251021942303,96,0.21875,24.75000000000000173895211863,24.75000000000000173895211863,run_8b786001049a46328a1e4c91f552d481,ema_pullback:0d5fd3772be635e1f27115b9
w10-lb095-r5_0,lab_3d_w10_lb_ratio,10,95,5.0,15.0,3.0,fea0013f5ffe0c9d378c76b392293e35e883783c0bccc40eebd4560969eda02b,269,269,0.2342007434944237918215613383,1.284093521848969030671049288,109.0000000000000036061102068,109.0000000000000036061102068,0.3210166676324328642790130169,-0.0681036621631277194031075148,173,0.2427745664739884393063583815,79.00000000000000418584215526,79.00000000000000418584215526,96,0.21875,29.99999999999999942026805157,29.99999999999999942026805157,run_9aa3d786e5774bf4950bbd11bb7852df,ema_pullback:c6e5687fae60891e10fbcf37
w10-lb100-r2_0,lab_3d_w10_lb_ratio,10,100,2.0,6.0,3.0,fea0013f5ffe0c9d378c76b392293e35e883783c0bccc40eebd4560969eda02b,268,268,0.3843283582089552238805970149,1.182350487931184498924086521,40.99999999999999924043088622,40.99999999999999924043088622,0.1603482815623569347609768223,-0.0728892566482602449061573675,172,0.4127906976744186046511627907,40.99999999999999965376126620,40.99999999999999965376126620,96,0.3333333333333333333333333333,-4.13330379985E-16,-4.13330379985E-16,run_b2547d3d012c436590bd0c825a026bdd,ema_pullback:269a0a2e50c8f9986ae9dd94
w10-lb100-r2_25,lab_3d_w10_lb_ratio,10,100,2.25,6.75,3.0,fea0013f5ffe0c9d378c76b392293e35e883783c0bccc40eebd4560969eda02b,268,268,0.3470149253731343283582089552,1.052069116485402538498683191,34.25000000000000366664456526,34.25000000000000366664456526,0.04675983700355269197139029357,-0.1055418753266376960497579921,172,0.3662790697674418604651162791,32.75000000000000207871081257,32.75000000000000207871081257,96,0.3125,1.500000000000001587933752677,1.500000000000001587933752677,run_3bb3c35587aa44a096cd111cd74755ba,ema_pullback:9e3cee89aabfd4ef399abec0
w10-lb100-r2_5,lab_3d_w10_lb_ratio,10,100,2.5,7.5,3.0,fea0013f5ffe0c9d378c76b392293e35e883783c0bccc40eebd4560969eda02b,268,268,0.3358208955223880597014925373,1.118897776163483935436473042,47.00000000000000418198549255,47.00000000000000418198549255,0.1124302184639727644954661864,-0.0848493650704805574489495768,172,0.3488372093023255813953488372,38.00000000000000337455144271,38.00000000000000337455144271,96,0.3125,9.00000000000000080743404984,9.00000000000000080743404984,run_bf7ac285b7ea4672b35b2a86a2e3d659,ema_pullback:a8aaa1c6d0415921d966ff4a
w10-lb100-r2_75,lab_3d_w10_lb_ratio,10,100,2.75,8.25,3.0,fea0013f5ffe0c9d378c76b392293e35e883783c0bccc40eebd4560969eda02b,268,268,0.3283582089552238805970149254,1.173982494383770966014515804,62.00000000000000598645620985,62.00000000000000598645620985,0.1708702110972219587725912325,-0.0653434856858082722419622268,172,0.3372093023255813953488372093,45.50000000000000399557226221,45.50000000000000399557226221,96,0.3125,16.50000000000000199088394760,16.50000000000000199088394760,run_1135219cc37142669502a35a6cee4559,ema_pullback:e121aa45d551603287c3c728
w10-lb100-r3_0,lab_3d_w10_lb_ratio,10,100,3.0,9.0,3.0,fea0013f5ffe0c9d378c76b392293e35e883783c0bccc40eebd4560969eda02b,267,267,0.3033707865168539325842696629,1.139833036445415687075062848,57.00000000000000291397569416,57.00000000000000291397569416,0.1382406067506974504855724386,-0.0653387837304995181787337828,172,0.3139534883720930232558139535,44.00000000000000289766420990,44.00000000000000289766420990,95,0.2842105263157894736842105263,13.00000000000000001631148427,13.00000000000000001631148427,run_e7929eba55464cb69f6edfe6e319451f,ema_pullback:22ec291020f298525dbd19ec
w10-lb100-r3_25,lab_3d_w10_lb_ratio,10,100,3.25,9.75,3.0,fea0013f5ffe0c9d378c76b392293e35e883783c0bccc40eebd4560969eda02b,267,267,0.2958801498127340823970037453,1.214250472245512519203060153,68.75000000000000279501232868,68.75000000000000279501232868,0.2205127258953827027612363772,-0.0592420936983781041850697365,172,0.3023255813953488372093023256,49.00000000000000274557963560,49.00000000000000274557963560,95,0.2842105263157894736842105263,19.75000000000000004943269307,19.75000000000000004943269307,run_5ecc7fcf8d0c4cfe83385075b3adb595,ema_pullback:1bb29618a1d5d45011b5372a
w10-lb100-r3_5,lab_3d_w10_lb_ratio,10,100,3.5,10.5,3.0,fea0013f5ffe0c9d378c76b392293e35e883783c0bccc40eebd4560969eda02b,267,267,0.2771535580524344569288389513,1.221435913765649451710278526,66.00000000000000646659796940,66.00000000000000646659796940,0.2325748147158949879545329584,-0.0568227469164407759228842610,172,0.2906976744186046511627906977,53.00000000000000483699816066,53.00000000000000483699816066,95,0.2526315789473684210526315789,13.00000000000000162959980874,13.00000000000000162959980874,run_56a14f5d92a84c4793c87b638f53c92d,ema_pullback:dcffbd525c7822c5ac237936
w10-lb100-r3_75,lab_3d_w10_lb_ratio,10,100,3.75,11.25,3.0,fea0013f5ffe0c9d378c76b392293e35e883783c0bccc40eebd4560969eda02b,267,267,0.2696629213483146067415730337,1.274309075252050691424441527,75.00000000000000327170469578,75.00000000000000327170469578,0.2995753945912035181435599162,-0.0656605733383212741520573492,172,0.2790697674418604651162790698,56.00000000000000277461402858,56.00000000000000277461402858,95,0.2526315789473684210526315789,19.00000000000000049709066716,19.00000000000000049709066716,run_74b67c6ecf0e44a68ec2c9f6057bf954,ema_pullback:a11aa6413ecfaecc3493401a
w10-lb100-r4_0,lab_3d_w10_lb_ratio,10,100,4.0,12.0,3.0,fea0013f5ffe0c9d378c76b392293e35e883783c0bccc40eebd4560969eda02b,267,267,0.2509363295880149812734082397,1.122423856315402847138569924,67.99999999999999985359408053,67.99999999999999985359408053,0.1240019022675194690352803527,-0.0702711085725356599820958808,172,0.25,42.99999999999999920119544616,42.99999999999999920119544616,95,0.2526315789473684210526315789,25.00000000000000065239863435,25.00000000000000065239863435,run_2cfcebcf7097437f9ea7d4f54a3491e7,ema_pullback:96c214e2a378c9759da2b461
w10-lb100-r4_25,lab_3d_w10_lb_ratio,10,100,4.25,12.75,3.0,fea0013f5ffe0c9d378c76b392293e35e883783c0bccc40eebd4560969eda02b,267,267,0.2471910112359550561797752809,1.174150483243463980292384764,79.50000000000000666046318872,79.50000000000000666046318872,0.1830130352472300058162781042,-0.0695060406215719546719965357,172,0.25,53.75000000000000563744621836,53.75000000000000563744621836,95,0.2421052631578947368421052632,25.75000000000000102301697035,25.75000000000000102301697035,run_9818f798cbe64293b1e968aabee9de73,ema_pullback:1427dbef4410083a23a18388
w10-lb100-r4_5,lab_3d_w10_lb_ratio,10,100,4.5,13.5,3.0,fea0013f5ffe0c9d378c76b392293e35e883783c0bccc40eebd4560969eda02b,266,266,0.2443609022556390977443609023,1.242021476499786685108648594,91.50000000000000639137777079,91.50000000000000639137777079,0.2623990619412244254703718653,-0.0687409726706082493618971908,171,0.2514619883040935672514619883,65.50000000000000456912170813,65.50000000000000456912170813,95,0.2315789473684210526315789474,26.00000000000000182225606262,26.00000000000000182225606262,run_11c36b9b6184496886cc8b0a9d7c83db,ema_pullback:8ca636aefa1bb6aa81c6e72e
w10-lb100-r4_75,lab_3d_w10_lb_ratio,10,100,4.75,14.25,3.0,fea0013f5ffe0c9d378c76b392293e35e883783c0bccc40eebd4560969eda02b,266,266,0.2368421052631578947368421053,1.247272951251771759160206496,96.25000000000000498694301887,96.25000000000000498694301887,0.2702125125062988151651727357,-0.0681036621631277194031075134,171,0.2456140350877192982456140351,70.50000000000000324799090023,70.50000000000000324799090023,95,0.2210526315789473684210526316,25.75000000000000173895211863,25.75000000000000173895211863,run_09dbdc456d5144a1bfb87831b77d6751,ema_pullback:d20b1875f5f61090580ba05a
w10-lb100-r5_0,lab_3d_w10_lb_ratio,10,100,5.0,15.0,3.0,fea0013f5ffe0c9d378c76b392293e35e883783c0bccc40eebd4560969eda02b,266,266,0.2330827067669172932330827068,1.287115865900087071117909839,106.0000000000000036061102067,106.0000000000000036061102067,0.323285461065972219631586486,-0.0681036621631277194031075153,171,0.2397660818713450292397660819,75.00000000000000418584215525,75.00000000000000418584215525,95,0.2210526315789473684210526316,30.99999999999999942026805157,30.99999999999999942026805157,run_178b701e1d9d4ae6a6b85ae50b9cbb14,ema_pullback:6069fe436348d70bdf07b4a8
w10-lb105-r2_0,lab_3d_w10_lb_ratio,10,105,2.0,6.0,3.0,fea0013f5ffe0c9d378c76b392293e35e883783c0bccc40eebd4560969eda02b,266,266,0.3872180451127819548872180451,1.196235397168066717782828405,42.99999999999999924043088623,42.99999999999999924043088623,0.1714682277771119691136543172,-0.0640044918194523539891927121,170,0.4176470588235294117647058824,42.99999999999999965376126621,42.99999999999999965376126621,96,0.3333333333333333333333333333,-4.13330379988E-16,-4.13330379988E-16,run_002f831f1ae4496db515bef6448929bc,ema_pullback:5f07372d0becddeac07d1163
w10-lb105-r2_25,lab_3d_w10_lb_ratio,10,105,2.25,6.75,3.0,fea0013f5ffe0c9d378c76b392293e35e883783c0bccc40eebd4560969eda02b,266,266,0.3496240601503759398496240602,1.063582375900146894225263917,36.25000000000000366664456526,36.25000000000000366664456526,0.0567912329837084357474295305,-0.0969700297904628508278742645,170,0.3705882352941176470588235294,34.75000000000000207871081259,34.75000000000000207871081259,96,0.3125,1.500000000000001587933752673,1.500000000000001587933752673,run_7e09b3b366dd4875ba4de128271ddd42,ema_pullback:80062c65b856992b151da59e
w10-lb105-r2_5,lab_3d_w10_lb_ratio,10,105,2.5,7.5,3.0,fea0013f5ffe0c9d378c76b392293e35e883783c0bccc40eebd4560969eda02b,266,266,0.3383458646616541353383458647,1.130850565099897194886351541,49.00000000000000418198549253,49.00000000000000418198549253,0.1230909523087557277759474474,-0.0760792173480113390379020087,170,0.3529411764705882352941176471,40.00000000000000337455144269,40.00000000000000337455144269,96,0.3125,9.00000000000000080743404984,9.00000000000000080743404984,run_0662176c6ab04624a33af6ac0e415a6c,ema_pullback:9482031b703ed40f4a9ce746
w10-lb105-r2_75,lab_3d_w10_lb_ratio,10,105,2.75,8.25,3.0,fea0013f5ffe0c9d378c76b392293e35e883783c0bccc40eebd4560969eda02b,266,266,0.3308270676691729323308270677,1.186333448469183154366895722,64.00000000000000598645620986,64.00000000000000598645620986,0.1820909919427187233912978551,-0.0645682241056747994960742157,170,0.3411764705882352941176470588,47.50000000000000399557226222,47.50000000000000399557226222,96,0.3125,16.50000000000000199088394759,16.50000000000000199088394759,run_a120e38a984c40e0bb4984fb2a8c3b0d,ema_pullback:60b2ffc0909f936188dc461c
w10-lb105-r3_0,lab_3d_w10_lb_ratio,10,105,3.0,9.0,3.0,fea0013f5ffe0c9d378c76b392293e35e883783c0bccc40eebd4560969eda02b,265,265,0.3056603773584905660377358491,1.151565352536431483130460388,59.00000000000000291397569416,59.00000000000000291397569416,0.1491486888564214094966340146,-0.0619069756887626686438895737,170,0.3176470588235294117647058824,46.00000000000000289766420988,46.00000000000000289766420988,95,0.2842105263157894736842105263,13.00000000000000001631148427,13.00000000000000001631148427,run_d84515ae6dc14708bc46f8f8eb9ec74f,ema_pullback:d39c120c502c556d2bc8f8f3
w10-lb105-r3_25,lab_3d_w10_lb_ratio,10,105,3.25,9.75,3.0,fea0013f5ffe0c9d378c76b392293e35e883783c0bccc40eebd4560969eda02b,265,265,0.2981132075471698113207547170,1.226613290758631257073537651,70.75000000000000279501232866,70.75000000000000279501232866,0.2322092450198877797324773456,-0.0592420936983781041850697365,170,0.3058823529411764705882352941,51.00000000000000274557963560,51.00000000000000274557963560,95,0.2842105263157894736842105263,19.75000000000000004943269308,19.75000000000000004943269308,run_1c2c004808544c8bad49bf7ab7e602a3,ema_pullback:f282f010e588501545f88c5a
w10-lb105-r3_5,lab_3d_w10_lb_ratio,10,105,3.5,10.5,3.0,fea0013f5ffe0c9d378c76b392293e35e883783c0bccc40eebd4560969eda02b,265,265,0.2792452830188679245283018868,1.233673383415385598870483743,68.00000000000000646659796940,68.00000000000000646659796940,0.2443869282537783437898913788,-0.0568227469164407759228842610,170,0.2941176470588235294117647059,55.00000000000000483699816069,55.00000000000000483699816069,95,0.2526315789473684210526315789,13.00000000000000162959980876,13.00000000000000162959980876,run_29fceb9c11f14421a3bb9b32786fdb87,ema_pullback:cc368bf585d61aab2ebfcda0
w10-lb105-r3_75,lab_3d_w10_lb_ratio,10,105,3.75,11.25,3.0,fea0013f5ffe0c9d378c76b392293e35e883783c0bccc40eebd4560969eda02b,265,265,0.2716981132075471698113207547,1.286893829610994116349717699,77.00000000000000327170469575,77.00000000000000327170469575,0.3120295936618612773993920227,-0.0656605733383212741520573498,170,0.2823529411764705882352941176,58.00000000000000277461402855,58.00000000000000277461402855,95,0.2526315789473684210526315789,19.00000000000000049709066715,19.00000000000000049709066715,run_2e5029e6380b4ff0b1ba40bf9739eb67,ema_pullback:7e497e72b22f6d30910be3e6
w10-lb105-r4_0,lab_3d_w10_lb_ratio,10,105,4.0,12.0,3.0,fea0013f5ffe0c9d378c76b392293e35e883783c0bccc40eebd4560969eda02b,265,265,0.2528301886792452830188679245,1.133559888263061622922971266,69.99999999999999985359408054,69.99999999999999985359408054,0.1347735308355111694165535534,-0.0702711085725356599820958808,170,0.2529411764705882352941176471,44.99999999999999920119544617,44.99999999999999920119544617,95,0.2526315789473684210526315789,25.00000000000000065239863435,25.00000000000000065239863435,run_ef5704d73d454172835765023a9bc5cc,ema_pullback:95a03d69b4801b232f605953
w10-lb105-r4_25,lab_3d_w10_lb_ratio,10,105,4.25,12.75,3.0,fea0013f5ffe0c9d378c76b392293e35e883783c0bccc40eebd4560969eda02b,265,265,0.2490566037735849056603773585,1.185598508253300210238719205,81.50000000000000666046318870,81.50000000000000666046318870,0.1943501842156333769379533898,-0.0695060406215719546719965357,170,0.2529411764705882352941176471,55.75000000000000563744621837,55.75000000000000563744621837,95,0.2421052631578947368421052632,25.75000000000000102301697037,25.75000000000000102301697037,run_0083c7a3b92347b6978b6715f7798eab,ema_pullback:5b919fd6d026dbbceeb9049e
w10-lb105-r4_5,lab_3d_w10_lb_ratio,10,105,4.5,13.5,3.0,fea0013f5ffe0c9d378c76b392293e35e883783c0bccc40eebd4560969eda02b,264,264,0.2462121212121212121212121212,1.254052692174233106658744339,93.50000000000000639137777074,93.50000000000000639137777074,0.2744969896870580672362274012,-0.0687409726706082493618971908,169,0.2544378698224852071005917160,67.50000000000000456912170812,67.50000000000000456912170812,95,0.2315789473684210526315789474,26.00000000000000182225606262,26.00000000000000182225606262,run_6ea75740be8b4593a35ab052b7d7cc2c,ema_pullback:35f4e2296a2b5bd0da9f45f9
w10-lb105-r4_75,lab_3d_w10_lb_ratio,10,105,4.75,14.25,3.0,fea0013f5ffe0c9d378c76b392293e35e883783c0bccc40eebd4560969eda02b,264,264,0.2386363636363636363636363636,1.259288292130082920898876219,98.2500000000000049869430188,98.2500000000000049869430188,0.282385318761814297959860277,-0.0681036621631277194031075134,169,0.2485207100591715976331360947,72.50000000000000324799090019,72.50000000000000324799090019,95,0.2210526315789473684210526316,25.75000000000000173895211863,25.75000000000000173895211863,run_7f9ef29f2ecc4dbfb5324eaad57a9e66,ema_pullback:019cc95bbb113dab106d2b22
w10-lb105-r5_0,lab_3d_w10_lb_ratio,10,105,5.0,15.0,3.0,fea0013f5ffe0c9d378c76b392293e35e883783c0bccc40eebd4560969eda02b,264,264,0.2348484848484848484848484848,1.299354743587741078926225142,108.0000000000000036061102067,108.0000000000000036061102067,0.3359668804187962051171583786,-0.0681036621631277194031075153,169,0.2426035502958579881656804734,77.00000000000000418584215525,77.00000000000000418584215525,95,0.2210526315789473684210526316,30.99999999999999942026805157,30.99999999999999942026805157,run_4b9587eb599249dca4891d462902b910,ema_pullback:b52e57fc81bb628631c45f80
w10-lb110-r2_0,lab_3d_w10_lb_ratio,10,110,2.0,6.0,3.0,fea0013f5ffe0c9d378c76b392293e35e883783c0bccc40eebd4560969eda02b,264,264,0.3863636363636363636363636364,1.190200789351075367072607233,41.99999999999999924043088622,41.99999999999999924043088622,0.1652584442847631921558710682,-0.0714098364929704738532168595,168,0.4166666666666666666666666667,41.99999999999999965376126620,41.99999999999999965376126620,96,0.3333333333333333333333333333,-4.13330379991E-16,-4.13330379991E-16,run_910769ef46d047efa6d6f4592ddc7538,ema_pullback:8716a026ef344805448de012
w10-lb110-r2_25,lab_3d_w10_lb_ratio,10,110,2.25,6.75,3.0,fea0013f5ffe0c9d378c76b392293e35e883783c0bccc40eebd4560969eda02b,264,264,0.3484848484848484848484848485,1.056482776502751759106403496,35.00000000000000354124997466,35.00000000000000354124997466,0.05015077183857536964227610502,-0.1049996852118517632856010683,168,0.3690476190476190476190476190,33.50000000000000195331622197,33.50000000000000195331622197,96,0.3125,1.500000000000001587933752677,1.500000000000001587933752677,run_6a1edda20dbd448589c578dd536c5291,ema_pullback:d8f163b75a892f9bb9c94816
w10-lb110-r2_5,lab_3d_w10_lb_ratio,10,110,2.5,7.5,3.0,fea0013f5ffe0c9d378c76b392293e35e883783c0bccc40eebd4560969eda02b,264,264,0.3371212121212121212121212121,1.122974593019960999158549020,47.50000000000000418198549254,47.50000000000000418198549254,0.1149323485456061598542706909,-0.0851984459936470002520879528,168,0.3511904761904761904761904762,38.50000000000000337455144273,38.50000000000000337455144273,96,0.3125,9.00000000000000080743404984,9.00000000000000080743404984,run_d2e67874ab1044a389c8f12c0caabda9,ema_pullback:7cfe9a83ee3a06483346205d
w10-lb110-r2_75,lab_3d_w10_lb_ratio,10,110,2.75,8.25,3.0,fea0013f5ffe0c9d378c76b392293e35e883783c0bccc40eebd4560969eda02b,264,264,0.3295454545454545454545454545,1.177607628318610205618663748,62.25000000000000561027243805,62.25000000000000561027243805,0.1723466644244875668724572752,-0.0666212650537047423720619535,168,0.3392857142857142857142857143,45.75000000000000361938849043,45.75000000000000361938849043,96,0.3125,16.50000000000000199088394760,16.50000000000000199088394760,run_55d5735e898646f79bee3f2b05fbf600,ema_pullback:fa86125fd39999e2f25fb752
w10-lb110-r3_0,lab_3d_w10_lb_ratio,10,110,3.0,9.0,3.0,fea0013f5ffe0c9d378c76b392293e35e883783c0bccc40eebd4560969eda02b,263,263,0.3041825095057034220532319392,1.141843583097653198685312902,57.00000000000000291397569417,57.00000000000000291397569417,0.1385532544722942577558721407,-0.0675360171425605061851552985,168,0.3154761904761904761904761905,44.00000000000000289766420989,44.00000000000000289766420989,95,0.2842105263157894736842105263,13.00000000000000001631148427,13.00000000000000001631148427,run_d3353db3616a4b10b0c5366989787576,ema_pullback:4b1c8d538290722d4d31a804
w10-lb110-r3_25,lab_3d_w10_lb_ratio,10,110,3.25,9.75,3.0,fea0013f5ffe0c9d378c76b392293e35e883783c0bccc40eebd4560969eda02b,263,263,0.2965779467680608365019011407,1.216072161947242234802476265,68.50000000000000241882855690,68.50000000000000241882855690,0.2196465351285335155093658252,-0.0592420936983781041850697374,168,0.3035714285714285714285714286,48.75000000000000236939586384,48.75000000000000236939586384,95,0.2842105263157894736842105263,19.75000000000000004943269308,19.75000000000000004943269308,run_22fd7de6b27d44d8a8699cda3b98aac5,ema_pullback:edf16281d8f1d197e49645b4
w10-lb110-r3_5,lab_3d_w10_lb_ratio,10,110,3.5,10.5,3.0,fea0013f5ffe0c9d378c76b392293e35e883783c0bccc40eebd4560969eda02b,263,263,0.2775665399239543726235741445,1.222264844079292153457895907,65.50000000000000621580878824,65.50000000000000621580878824,0.2304891389907636583056045996,-0.0568227469164407759228842610,168,0.2916666666666666666666666667,52.50000000000000458620897949,52.50000000000000458620897949,95,0.2526315789473684210526315789,13.00000000000000162959980876,13.00000000000000162959980876,run_fa131bc00d6d474c9298c35b3dd3e812,ema_pullback:d5676c1c6835e26693c42bf4
w10-lb110-r3_75,lab_3d_w10_lb_ratio,10,110,3.75,11.25,3.0,fea0013f5ffe0c9d378c76b392293e35e883783c0bccc40eebd4560969eda02b,263,263,0.2699619771863117870722433460,1.274739782377106640165724626,74.25000000000000314631010516,74.25000000000000314631010516,0.2961021049198057200260161382,-0.0656605733383212741520573502,168,0.2797619047619047619047619048,55.25000000000000264921943798,55.25000000000000264921943798,95,0.2526315789473684210526315789,19.00000000000000049709066716,19.00000000000000049709066716,run_40341acee1b1498283bae7a3311a3964,ema_pullback:8ad0fb0ef9fabc63069a164d
w10-lb110-r4_0,lab_3d_w10_lb_ratio,10,110,4.0,12.0,3.0,fea0013f5ffe0c9d378c76b392293e35e883783c0bccc40eebd4560969eda02b,263,263,0.2509505703422053231939163498,1.119947951599417536814760849,66.99999999999999985359408052,66.99999999999999985359408052,0.1198979294596235229357595886,-0.0702711085725356599820958808,168,0.25,41.99999999999999920119544618,41.99999999999999920119544618,95,0.2526315789473684210526315789,25.00000000000000065239863435,25.00000000000000065239863435,run_2fb816aa062643a8acb35ebec275578d,ema_pullback:0918fcdbafa99e49ac265e6f
w10-lb110-r4_25,lab_3d_w10_lb_ratio,10,110,4.25,12.75,3.0,fea0013f5ffe0c9d378c76b392293e35e883783c0bccc40eebd4560969eda02b,263,263,0.2471482889733840304182509506,1.171265990443712572391792651,78.25000000000000603349023580,78.25000000000000603349023580,0.1775381956637639770379355989,-0.0695060406215719546719965357,168,0.25,52.50000000000000501047326543,52.50000000000000501047326543,95,0.2421052631578947368421052632,25.75000000000000102301697039,25.75000000000000102301697039,run_de2d4bb7bb8f4693bec4e8a063a6bc38,ema_pullback:0b5f964867a014ffb8dbb373
w10-lb110-r4_5,lab_3d_w10_lb_ratio,10,110,4.5,13.5,3.0,fea0013f5ffe0c9d378c76b392293e35e883783c0bccc40eebd4560969eda02b,262,262,0.2442748091603053435114503817,1.238881911703360575013126176,90.00000000000000588979940839,90.00000000000000588979940839,0.2553263105420001420510100729,-0.0687409726706082493618971908,167,0.2514970059880239520958083832,64.00000000000000406754334576,64.00000000000000406754334576,95,0.2315789473684210526315789474,26.00000000000000182225606262,26.00000000000000182225606262,run_8dfeb878782e45839ed2cd1be9350d76,ema_pullback:c8ebed6634f2fa70b36bc410
w10-lb110-r4_75,lab_3d_w10_lb_ratio,10,110,4.75,14.25,3.0,fea0013f5ffe0c9d378c76b392293e35e883783c0bccc40eebd4560969eda02b,262,262,0.2366412213740458015267175573,1.243187933019882333692774972,94.50000000000000435997006594,94.50000000000000435997006594,0.2618602687021815351697666463,-0.0681036621631277194031075164,167,0.2455089820359281437125748503,68.75000000000000262101794728,68.75000000000000262101794728,95,0.2210526315789473684210526316,25.75000000000000173895211863,25.75000000000000173895211863,run_d4c9018cfe7347ecbb6d8177841d0d9b,ema_pullback:0aff933abee241ff16429827
w10-lb110-r5_0,lab_3d_w10_lb_ratio,10,110,5.0,15.0,3.0,fea0013f5ffe0c9d378c76b392293e35e883783c0bccc40eebd4560969eda02b,262,262,0.2328244274809160305343511450,1.282529956446591432711784109,104.0000000000000036061102068,104.0000000000000036061102068,0.3132994059575073495932014205,-0.0681036621631277194031075144,167,0.2395209580838323353293413174,73.00000000000000418584215523,73.00000000000000418584215523,95,0.2210526315789473684210526316,30.99999999999999942026805156,30.99999999999999942026805156,run_d9bf3220bab34285a67b61f66c1fd1fb,ema_pullback:43847cfcc2802ebcaaec05c2
w10-lb115-r2_0,lab_3d_w10_lb_ratio,10,115,2.0,6.0,3.0,fea0013f5ffe0c9d378c76b392293e35e883783c0bccc40eebd4560969eda02b,259,259,0.3899613899613899613899613900,1.202910647386372611316914752,43.99999999999999948659651570,43.99999999999999948659651570,0.1737265789158467642334181654,-0.0715680682188712339990217405,164,0.4207317073170731707317073171,42.99999999999999989992689570,42.99999999999999989992689570,95,0.3368421052631578947368421053,0.999999999999999586669620011,0.999999999999999586669620011,run_bf8d0375399f449e924d04d96864dc79,ema_pullback:f9af53e35566f5f605a8f1c9
w10-lb115-r2_25,lab_3d_w10_lb_ratio,10,115,2.25,6.75,3.0,fea0013f5ffe0c9d378c76b392293e35e883783c0bccc40eebd4560969eda02b,259,259,0.3513513513513513513513513514,1.064788796765509134237907144,36.75000000000000360279138206,36.75000000000000360279138206,0.05671787027613300031692109177,-0.1060527482871909526744461536,164,0.3719512195121951219512195122,34.25000000000000201485762937,34.25000000000000201485762937,95,0.3157894736842105263157894737,2.500000000000001587933752679,2.500000000000001587933752679,run_eceb6358f2f4456caf242d14f09cbf60,ema_pullback:91693aad21cbb96770c9d6c9
w10-lb115-r2_5,lab_3d_w10_lb_ratio,10,115,2.5,7.5,3.0,fea0013f5ffe0c9d378c76b392293e35e883783c0bccc40eebd4560969eda02b,259,259,0.3397683397683397683397683398,1.131110180074497465839062015,49.00000000000000479739956629,49.00000000000000479739956629,0.1207766325395446114759913073,-0.0871934356882896591995153854,164,0.3536585365853658536585365854,39.00000000000000398996551641,39.00000000000000398996551641,95,0.3157894736842105263157894737,10.00000000000000080743404984,10.00000000000000080743404984,run_c43a43e194244198be547649ff39d1c3,ema_pullback:c4cd1d7312b9d078b64b28ce
w10-lb115-r2_75,lab_3d_w10_lb_ratio,10,115,2.75,8.25,3.0,fea0013f5ffe0c9d378c76b392293e35e883783c0bccc40eebd4560969eda02b,259,259,0.3320463320463320463320463320,1.185443560925810086387362968,63.50000000000000604106228966,63.50000000000000604106228966,0.1773082785468184382647715761,-0.0695921681861968466894787637,164,0.3414634146341463414634146341,46.00000000000000405017834205,46.00000000000000405017834205,95,0.3157894736842105263157894737,17.50000000000000199088394759,17.50000000000000199088394759,run_f94ae460eb8640fcba45fb3a22e45358,ema_pullback:ecec3c1d61a8c893bc7fb2dc
w10-lb115-r3_0,lab_3d_w10_lb_ratio,10,115,3.0,9.0,3.0,fea0013f5ffe0c9d378c76b392293e35e883783c0bccc40eebd4560969eda02b,258,258,0.3062015503875968992248062016,1.147772159282975453214580644,58.00000000000000340630695316,58.00000000000000340630695316,0.1422246472686978056810992036,-0.0743125778925327991661245788,164,0.3170731707317073170731707317,44.00000000000000338999546888,44.00000000000000338999546888,94,0.2872340425531914893617021277,14.00000000000000001631148428,14.00000000000000001631148428,run_b1e8d1970d3f49f8b4a255f135908c16,ema_pullback:3af51abaeae74b7ffa38efc6
w10-lb115-r3_25,lab_3d_w10_lb_ratio,10,115,3.25,9.75,3.0,fea0013f5ffe0c9d378c76b392293e35e883783c0bccc40eebd4560969eda02b,258,258,0.2984496124031007751937984496,1.222083204364005869930599091,69.25000000000000272653559376,69.25000000000000272653559376,0.2223529760945649175101200175,-0.0603654060746920678205811030,164,0.3048780487804878048780487805,48.50000000000000267710290069,48.50000000000000267710290069,94,0.2872340425531914893617021277,20.75000000000000004943269308,20.75000000000000004943269308,run_18dea7c23a2b41d2bb084bc2dd008632,ema_pullback:ba49d6eb658cc3a2ae3c9287
w10-lb115-r3_5,lab_3d_w10_lb_ratio,10,115,3.5,10.5,3.0,fea0013f5ffe0c9d378c76b392293e35e883783c0bccc40eebd4560969eda02b,258,258,0.2790697674418604651162790698,1.227199431295383803675890487,66.00000000000000658505723248,66.00000000000000658505723248,0.2319847688392830490536654998,-0.0579058407852778428066370227,164,0.2926829268292682926829268293,52.00000000000000495545742370,52.00000000000000495545742370,94,0.2553191489361702127659574468,14.00000000000000162959980874,14.00000000000000162959980874,run_df2c21a94d6c44fe9540a368337c7f73,ema_pullback:6090fd1aabe7835b13664f40
w10-lb115-r3_75,lab_3d_w10_lb_ratio,10,115,3.75,11.25,3.0,fea0013f5ffe0c9d378c76b392293e35e883783c0bccc40eebd4560969eda02b,258,258,0.2713178294573643410852713178,1.279435311315216582046975476,74.50000000000000357709995676,74.50000000000000357709995676,0.2963793701682835430580939195,-0.0627577322863261214089889775,164,0.2804878048780487804878048780,54.50000000000000308000928956,54.50000000000000308000928956,94,0.2553191489361702127659574468,20.00000000000000049709066716,20.00000000000000049709066716,run_3be9b79d25a743f6887543a3c099921e,ema_pullback:664964a9d5b556dcbea879eb
w10-lb115-r4_0,lab_3d_w10_lb_ratio,10,115,4.0,12.0,3.0,fea0013f5ffe0c9d378c76b392293e35e883783c0bccc40eebd4560969eda02b,258,258,0.2519379844961240310077519380,1.121029098407679832543047193,67.00000000000000009975971003,67.00000000000000009975971003,0.1190181048104952645771050204,-0.0702711085725356599820958808,164,0.25,40.99999999999999944736107567,40.99999999999999944736107567,94,0.2553191489361702127659574468,26.00000000000000065239863436,26.00000000000000065239863436,run_edf4441e04084152839719b764b20a20,ema_pullback:a0c2f5cc4a8d2903f6037aad
w10-lb115-r4_25,lab_3d_w10_lb_ratio,10,115,4.25,12.75,3.0,fea0013f5ffe0c9d378c76b392293e35e883783c0bccc40eebd4560969eda02b,258,258,0.2480620155038759689922480620,1.172111126023489813792076019,78.00000000000000634119727264,78.00000000000000634119727264,0.1754384269380024725205737213,-0.0695060406215719546719965357,164,0.25,51.25000000000000531818030229,51.25000000000000531818030229,94,0.2446808510638297872340425532,26.75000000000000102301697037,26.75000000000000102301697037,run_9f9a326e17074d7b9355ef8c73d18489,ema_pullback:099cb0c17608c821e3a02702
w10-lb115-r4_5,lab_3d_w10_lb_ratio,10,115,4.5,13.5,3.0,fea0013f5ffe0c9d378c76b392293e35e883783c0bccc40eebd4560969eda02b,257,257,0.2451361867704280155642023346,1.239753708696286577625876630,89.50000000000000601288222316,89.50000000000000601288222316,0.2518380708763167495275023925,-0.0687409726706082493618971908,163,0.2515337423312883435582822086,62.50000000000000419062616050,62.50000000000000419062616050,94,0.2340425531914893617021276596,27.00000000000000182225606262,27.00000000000000182225606262,run_77f56b4d62c44c95b2270ea7a7135480,ema_pullback:1185edc8f352db2fa593377c
w10-lb115-r4_75,lab_3d_w10_lb_ratio,10,115,4.75,14.25,3.0,fea0013f5ffe0c9d378c76b392293e35e883783c0bccc40eebd4560969eda02b,257,257,0.2373540856031128404669260700,1.243087568314980320536054541,93.75000000000000528309117650,93.75000000000000528309117650,0.2571001108443612171039607199,-0.0681036621631277194031075149,163,0.2453987730061349693251533742,67.00000000000000354413905784,67.00000000000000354413905784,94,0.2234042553191489361702127660,26.75000000000000173895211863,26.75000000000000173895211863,run_41dd5ae5397e457180c98d7ef963cb2a,ema_pullback:554bf92e912eee63d5bc4ecf
w10-lb115-r5_0,lab_3d_w10_lb_ratio,10,115,5.0,15.0,3.0,fea0013f5ffe0c9d378c76b392293e35e883783c0bccc40eebd4560969eda02b,257,257,0.2334630350194552529182879377,1.282068271489887387523700892,103.0000000000000048369383542,103.0000000000000048369383542,0.3070429291854429113257876557,-0.0681036621631277194031075143,163,0.2392638036809815950920245399,71.00000000000000541667030267,71.00000000000000541667030267,94,0.2234042553191489361702127660,31.99999999999999942026805157,31.99999999999999942026805157,run_afe24b4477554c51a6c5313b70da78ba,ema_pullback:ec87ef9cd170275cc329a57d
w10-lb120-r2_0,lab_3d_w10_lb_ratio,10,120,2.0,6.0,3.0,fea0013f5ffe0c9d378c76b392293e35e883783c0bccc40eebd4560969eda02b,256,256,0.390625,1.209459854557854663709861593,43.99999999999999948659651571,43.99999999999999948659651571,0.1767110750692667926127881267,-0.0743924432866451232352019965,162,0.4259259259259259259259259259,44.99999999999999989992689571,44.99999999999999989992689571,94,0.3297872340425531914893617021,-1.000000000000000413330379985,-1.000000000000000413330379985,run_5297e06a8d9c4866afbd5b639a56fa66,ema_pullback:b25d0b7b1b802e198364ceb7
w10-lb120-r2_25,lab_3d_w10_lb_ratio,10,120,2.25,6.75,3.0,fea0013f5ffe0c9d378c76b392293e35e883783c0bccc40eebd4560969eda02b,256,256,0.3515625,1.067589837279774440563907703,36.50000000000000347796882394,36.50000000000000347796882394,0.0583534077669717616257157286,-0.1046691393920120396865724848,162,0.3765432098765432098765432099,36.25000000000000201485762937,36.25000000000000201485762937,94,0.3085106382978723404255319149,0.250000000000001463111194564,0.250000000000001463111194564,run_79e544197ea84c1a9ba77a2cdef06b7c,ema_pullback:cec655b08db40b8bccb165af
w10-lb120-r2_5,lab_3d_w10_lb_ratio,10,120,2.5,7.5,3.0,fea0013f5ffe0c9d378c76b392293e35e883783c0bccc40eebd4560969eda02b,256,256,0.33984375,1.133695851125823559628345627,48.50000000000000479739956623,48.50000000000000479739956623,0.1213983555363014219860574949,-0.0866870789208959197062356292,162,0.3580246913580246913580246914,41.00000000000000398996551641,41.00000000000000398996551641,94,0.3085106382978723404255319149,7.500000000000000807434049836,7.500000000000000807434049836,run_bf75586ee12d40eb94fea3f6964dcb8b,ema_pullback:8a567ceab1090edb642cffa5
w10-lb120-r2_75,lab_3d_w10_lb_ratio,10,120,2.75,8.25,3.0,fea0013f5ffe0c9d378c76b392293e35e883783c0bccc40eebd4560969eda02b,256,256,0.33203125,1.187678769803536714867743640,62.75000000000000591623973156,62.75000000000000591623973156,0.1767945780327891313588342279,-0.0738931680077468321535878494,162,0.3456790123456790123456790123,48.00000000000000405017834206,48.00000000000000405017834206,94,0.3085106382978723404255319149,14.75000000000000186606138949,14.75000000000000186606138949,run_50a429c98fe746509ba83a7cf1d8f4e4,ema_pullback:92362208859538c6b5fb188c
w10-lb120-r3_0,lab_3d_w10_lb_ratio,10,120,3.0,9.0,3.0,fea0013f5ffe0c9d378c76b392293e35e883783c0bccc40eebd4560969eda02b,255,255,0.3058823529411764705882352941,1.148306935790065287583970457,57.00000000000000340630695316,57.00000000000000340630695316,0.1405964822279449506350053758,-0.0807814407823467110400036407,162,0.3209876543209876543209876543,46.00000000000000338999546888,46.00000000000000338999546888,93,0.2795698924731182795698924731,11.00000000000000001631148427,11.00000000000000001631148427,run_87ac204d40a84f188e8fb60fa7f814b0,ema_pullback:bd775bf589cb319f8fcab4e1
w10-lb120-r3_25,lab_3d_w10_lb_ratio,10,120,3.25,9.75,3.0,fea0013f5ffe0c9d378c76b392293e35e883783c0bccc40eebd4560969eda02b,255,255,0.2980392156862745098039215686,1.222617902871166871021119807,68.00000000000000260171303568,68.00000000000000260171303568,0.2194039562921103732483891056,-0.0678541207997400713175449027,162,0.3086419753086419753086419753,50.50000000000000267710290069,50.50000000000000267710290069,93,0.2795698924731182795698924731,17.49999999999999992461013498,17.49999999999999992461013498,run_470965a55e5b470cbc57d1524a73e6f3,ema_pullback:81a64ad68cebef184e9426fe
w10-lb120-r3_5,lab_3d_w10_lb_ratio,10,120,3.5,10.5,3.0,fea0013f5ffe0c9d378c76b392293e35e883783c0bccc40eebd4560969eda02b,255,255,0.2784313725490196078431372549,1.226755760053332074703853342,64.50000000000000633541211624,64.50000000000000633541211624,0.2277987685424005524638906301,-0.0663371321881144425716457116,162,0.2962962962962962962962962963,54.00000000000000495545742373,54.00000000000000495545742373,93,0.2473118279569892473118279570,10.50000000000000137995469252,10.50000000000000137995469252,run_74b91bdd4c8a4a509ac9280387a5c60a,ema_pullback:f258e7e876877fa55717e120
w10-lb120-r3_75,lab_3d_w10_lb_ratio,10,120,3.75,11.25,3.0,fea0013f5ffe0c9d378c76b392293e35e883783c0bccc40eebd4560969eda02b,255,255,0.2705882352941176470588235294,1.278744896935982152242311298,72.75000000000000345227739864,72.75000000000000345227739864,0.2906999078161345821838128302,-0.0627577322863261214089889805,162,0.2839506172839506172839506173,56.50000000000000308000928958,56.50000000000000308000928958,93,0.2473118279569892473118279570,16.25000000000000037226810906,16.25000000000000037226810906,run_2a50c033fbee4dc6aff145808e3b4fc1,ema_pullback:5be185cddee84eaca4553d08
w10-lb120-r4_0,lab_3d_w10_lb_ratio,10,120,4.0,12.0,3.0,fea0013f5ffe0c9d378c76b392293e35e883783c0bccc40eebd4560969eda02b,255,255,0.2509803921568627450980392157,1.116848350363904599694516024,64.99999999999999960046947758,64.99999999999999960046947758,0.1130175607035246080205084182,-0.0702711085725356599820958808,162,0.2530864197530864197530864198,42.99999999999999944736107567,42.99999999999999944736107567,93,0.2473118279569892473118279570,22.00000000000000015310840191,22.00000000000000015310840191,run_9c328428ec824cf9a60692005adb82f7,ema_pullback:1be411d7cd0be15e0c77ab9d
w10-lb120-r4_25,lab_3d_w10_lb_ratio,10,120,4.25,12.75,3.0,fea0013f5ffe0c9d378c76b392293e35e883783c0bccc40eebd4560969eda02b,255,255,0.2470588235294117647058823529,1.167666835088605747486041728,75.75000000000000596672959832,75.75000000000000596672959832,0.1679841393365481235413832397,-0.0695060406215719546719965357,162,0.2530864197530864197530864198,53.25000000000000531818030228,53.25000000000000531818030228,93,0.2365591397849462365591397849,22.50000000000000064854929605,22.50000000000000064854929605,run_33566d3e494b4cb5a37148f744ebc582,ema_pullback:fe078c25c12cd674611f7ff1
w10-lb120-r4_5,lab_3d_w10_lb_ratio,10,120,4.5,13.5,3.0,fea0013f5ffe0c9d378c76b392293e35e883783c0bccc40eebd4560969eda02b,255,255,0.2431372549019607843137254902,1.228914034689546846041638925,86.00000000000000576323710690,86.00000000000000576323710690,0.2365609857408602011531414578,-0.0687409726706082493618971908,162,0.2530864197530864197530864198,63.50000000000000419062616052,63.50000000000000419062616052,93,0.2258064516129032258064516129,22.50000000000000157261094640,22.50000000000000157261094640,run_697f0d62bcd94f5baaf7e980856089a8,ema_pullback:ddbf19785f83074622b9084a
w10-lb120-r4_75,lab_3d_w10_lb_ratio,10,120,4.75,14.25,3.0,fea0013f5ffe0c9d378c76b392293e35e883783c0bccc40eebd4560969eda02b,255,255,0.2352941176470588235294117647,1.231276469343842701832229166,90.00000000000000515826861838,90.00000000000000515826861838,0.2405385039551964701583188564,-0.0681036621631277194031075149,162,0.2469135802469135802469135802,68.00000000000000354413905782,68.00000000000000354413905782,93,0.2150537634408602150537634409,22.00000000000000161412956052,22.00000000000000161412956052,run_c5a364fa976946f88759e709890cc332,ema_pullback:25fcd67e24ea1cf9bf85f0ac
w10-lb120-r5_0,lab_3d_w10_lb_ratio,10,120,5.0,15.0,3.0,fea0013f5ffe0c9d378c76b392293e35e883783c0bccc40eebd4560969eda02b,255,255,0.2313725490196078431372549020,1.269761899251680762465943376,99.0000000000000048369383543,99.0000000000000048369383543,0.2885570579578789786031475522,-0.0681036621631277194031075143,162,0.2407407407407407407407407407,72.00000000000000541667030268,72.00000000000000541667030268,93,0.2150537634408602150537634409,26.99999999999999942026805157,26.99999999999999942026805157,run_27f24bc114b54329b27e653e23a29223,ema_pullback:e1b7b5482b19247a2d605924
w10-lb125-r2_0,lab_3d_w10_lb_ratio,10,125,2.0,6.0,3.0,fea0013f5ffe0c9d378c76b392293e35e883783c0bccc40eebd4560969eda02b,250,250,0.396,1.243844395498762006468049019,46.99999999999999948659651571,46.99999999999999948659651571,0.2022401622397141986531075714,-0.0670571668699726207985566956,160,0.43125,46.99999999999999989992689569,46.99999999999999989992689569,90,0.3333333333333333333333333333,-4.13330379990E-16,-4.13330379990E-16,run_1c572d1e43c041a2b156a1c1bf3be582,ema_pullback:08dfe1ad799bb57515844cb6
w10-lb125-r2_25,lab_3d_w10_lb_ratio,10,125,2.25,6.75,3.0,fea0013f5ffe0c9d378c76b392293e35e883783c0bccc40eebd4560969eda02b,250,250,0.356,1.095404114361229577608206584,39.25000000000000347796882394,39.25000000000000347796882394,0.0811461564506942197643748393,-0.0940687543916872659907755133,160,0.38125,38.25000000000000201485762937,38.25000000000000201485762937,90,0.3111111111111111111111111111,1.000000000000001463111194566,1.000000000000001463111194566,run_f47177ecfb5a49708601355cd3e79362,ema_pullback:177c1a0237e22a2a858c2f02
w10-lb125-r2_5,lab_3d_w10_lb_ratio,10,125,2.5,7.5,3.0,fea0013f5ffe0c9d378c76b392293e35e883783c0bccc40eebd4560969eda02b,250,250,0.344,1.162419579206113596375549303,51.00000000000000511774847929,51.00000000000000511774847929,0.1453703247518401465374142649,-0.0797361463015163688736381426,160,0.3625,43.00000000000000398996551641,43.00000000000000398996551641,90,0.3111111111111111111111111111,8.000000000000001127782962876,8.000000000000001127782962876,run_d8ef5eab5bb343eebebdb809b3ac4cf9,ema_pullback:d742bce09a810a01de8152c5
w10-lb125-r2_75,lab_3d_w10_lb_ratio,10,125,2.75,8.25,3.0,fea0013f5ffe0c9d378c76b392293e35e883783c0bccc40eebd4560969eda02b,250,250,0.336,1.217210478230443102581837537,65.00000000000000607641418807,65.00000000000000607641418807,0.2017634655047545142042212968,-0.0669902620776365070836081671,160,0.35,50.00000000000000405017834205,50.00000000000000405017834205,90,0.3111111111111111111111111111,15.00000000000000202623584601,15.00000000000000202623584601,run_2d2b63f2aaf74740a2cb2da0cc8c3181,ema_pullback:65745688dc551b5e26869d8b
w10-lb125-r3_0,lab_3d_w10_lb_ratio,10,125,3.0,9.0,3.0,fea0013f5ffe0c9d378c76b392293e35e883783c0bccc40eebd4560969eda02b,249,249,0.3092369477911646586345381526,1.175972393178675031356104561,59.00000000000000388683032268,59.00000000000000388683032268,0.1646158674727044561362518445,-0.0723399284319003485557909799,160,0.325,48.00000000000000338999546888,48.00000000000000338999546888,89,0.2808988764044943820224719101,11.00000000000000049683485383,11.00000000000000049683485383,run_1277799ce6c54ecc87006174c71de108,ema_pullback:d9dbca201071816a94cc84ec
w10-lb125-r3_25,lab_3d_w10_lb_ratio,10,125,3.25,9.75,3.0,fea0013f5ffe0c9d378c76b392293e35e883783c0bccc40eebd4560969eda02b,249,249,0.3012048192771084337349397590,1.251746512776486310798634426,69.75000000000000260171303565,69.75000000000000260171303565,0.2448889791974718982578278513,-0.0592938922525882993699828054,160,0.3125,52.50000000000000267710290069,52.50000000000000267710290069,89,0.2808988764044943820224719101,17.24999999999999992461013498,17.24999999999999992461013498,run_5843d87a07924f7fb360052297326240,ema_pullback:437e4c8ddb863f0d282e37e3
w10-lb125-r3_5,lab_3d_w10_lb_ratio,10,125,3.5,10.5,3.0,fea0013f5ffe0c9d378c76b392293e35e883783c0bccc40eebd4560969eda02b,249,249,0.2811244979919678714859437751,1.255325010846465158399754395,66.00000000000000681593548582,66.00000000000000681593548582,0.2532640263192530373562148475,-0.0577629725927129234309680213,160,0.3,56.00000000000000495545742369,56.00000000000000495545742369,89,0.2471910112359550561797752809,10.00000000000000186047806211,10.00000000000000186047806211,run_99020432617849a1a8cdb1bef36c1b7b,ema_pullback:e083dfe59143755ee74aced2
w10-lb125-r3_75,lab_3d_w10_lb_ratio,10,125,3.75,11.25,3.0,fea0013f5ffe0c9d378c76b392293e35e883783c0bccc40eebd4560969eda02b,249,249,0.2730923694779116465863453815,1.308028603112114193749180557,74.00000000000000345227739866,74.00000000000000345227739866,0.3172646215178526539977013794,-0.0649468761053524084518528867,160,0.2875,58.50000000000000308000928959,58.50000000000000308000928959,89,0.2471910112359550561797752809,15.50000000000000037226810905,15.50000000000000037226810905,run_d4176fb303224f739a458a212c612278,ema_pullback:dab632c8988e82c3041ab122
w10-lb125-r4_0,lab_3d_w10_lb_ratio,10,125,4.0,12.0,3.0,fea0013f5ffe0c9d378c76b392293e35e883783c0bccc40eebd4560969eda02b,249,249,0.2530120481927710843373493976,1.142071612951247695888517474,65.99999999999999960046947758,65.99999999999999960046947758,0.1357484279276046277649923245,-0.062923962218965723094249625,160,0.25625,44.99999999999999944736107569,44.99999999999999944736107569,89,0.2471910112359550561797752809,21.00000000000000015310840191,21.00000000000000015310840191,run_7e21b2ccd56f453cb09115b0a8219a6b,ema_pullback:952251f10ce3dbb90c6689c7
w10-lb125-r4_25,lab_3d_w10_lb_ratio,10,125,4.25,12.75,3.0,fea0013f5ffe0c9d378c76b392293e35e883783c0bccc40eebd4560969eda02b,249,249,0.2489959839357429718875502008,1.193588272579883161026697900,76.50000000000000660742742438,76.50000000000000660742742438,0.1916520451381436291021649793,-0.0621528483483172741208670595,160,0.25625,55.25000000000000531818030231,55.25000000000000531818030231,89,0.2359550561797752808988764045,21.25000000000000128924712211,21.25000000000000128924712211,run_162e4407bde44408b757c61e28cf19ef,ema_pullback:3ca4a487822fb8d7b53b1f91
w10-lb125-r4_5,lab_3d_w10_lb_ratio,10,125,4.5,13.5,3.0,fea0013f5ffe0c9d378c76b392293e35e883783c0bccc40eebd4560969eda02b,249,249,0.2449799196787148594377510040,1.255980199176549937085138027,86.50000000000000576323710690,86.50000000000000576323710690,0.2614221639062434524338639122,-0.0613817344776688251474844938,160,0.25625,65.50000000000000419062616050,65.50000000000000419062616050,89,0.2247191011235955056179775281,21.00000000000000157261094640,21.00000000000000157261094640,run_e8320eb19de2408698f493d4e981c7b0,ema_pullback:6bddf34e16782132abbb793e
w10-lb125-r4_75,lab_3d_w10_lb_ratio,10,125,4.75,14.25,3.0,fea0013f5ffe0c9d378c76b392293e35e883783c0bccc40eebd4560969eda02b,249,249,0.2369477911646586345381526104,1.258083552363439053425420519,90.25000000000000547861753140,90.25000000000000547861753140,0.2652827186800499836239506995,-0.0681036621631277194031075147,160,0.25,70.00000000000000354413905785,70.00000000000000354413905785,89,0.2134831460674157303370786517,20.25000000000000193447847357,20.25000000000000193447847357,run_9d38630cee8f46529baa83a222a2206e,ema_pullback:4805d4635d0be181e36918ee
w10-lb125-r5_0,lab_3d_w10_lb_ratio,10,125,5.0,15.0,3.0,fea0013f5ffe0c9d378c76b392293e35e883783c0bccc40eebd4560969eda02b,249,249,0.2329317269076305220883534137,1.297019959748482310963624999,99.0000000000000054776361803,99.0000000000000054776361803,0.3140545765718269544295097893,-0.0681036621631277194031075148,160,0.24375,74.00000000000000541667030270,74.00000000000000541667030270,89,0.2134831460674157303370786517,25.00000000000000006096587765,25.00000000000000006096587765,run_6ad9a9cce9174a90ab3f3e66d4255706,ema_pullback:2be0f9de315c0b4c58f22be3
w10-lb130-r2_0,lab_3d_w10_lb_ratio,10,130,2.0,6.0,3.0,fea0013f5ffe0c9d378c76b392293e35e883783c0bccc40eebd4560969eda02b,246,246,0.3943089430894308943089430894,1.232451198242953435796000082,44.99999999999999934103709010,44.99999999999999934103709010,0.1895433455857047463449097107,-0.0780637148191445318784253326,159,0.4339622641509433962264150943,47.99999999999999989992689568,47.99999999999999989992689568,87,0.3218390804597701149425287356,-3.000000000000000558889805591,-3.000000000000000558889805591,run_c7362ee63708477a8cfd3158e71c7b36,ema_pullback:ce01429485aecbd61847c7ec
w10-lb130-r2_25,lab_3d_w10_lb_ratio,10,130,2.25,6.75,3.0,fea0013f5ffe0c9d378c76b392293e35e883783c0bccc40eebd4560969eda02b,246,246,0.3536585365853658536585365854,1.080696714365957759275870827,36.75000000000000374522096100,36.75000000000000374522096100,0.06747255006234578019611886805,-0.1055263609266083476508171986,159,0.3836477987421383647798742138,39.25000000000000201485762935,39.25000000000000201485762935,87,0.2988505747126436781609195402,-2.499999999999998269636668341,-2.499999999999998269636668341,run_5a281e88e5734ac9b97ad0e61468bac8,ema_pullback:db0924ee9f09f2641561f892
w10-lb130-r2_5,lab_3d_w10_lb_ratio,10,130,2.5,7.5,3.0,fea0013f5ffe0c9d378c76b392293e35e883783c0bccc40eebd4560969eda02b,246,246,0.3414634146341463414634146341,1.146259213419766768278075073,48.00000000000000507001505109,48.00000000000000507001505109,0.1285026628526416133009051134,-0.0932887058595813350967807068,159,0.3647798742138364779874213836,44.00000000000000398996551643,44.00000000000000398996551643,87,0.2988505747126436781609195402,4.000000000000001080049534640,4.000000000000001080049534640,run_1d1fed2226074880956e6f265ab5c97a,ema_pullback:1018fcb46fc9c39b80d3791d
w10-lb130-r2_75,lab_3d_w10_lb_ratio,10,130,2.75,8.25,3.0,fea0013f5ffe0c9d378c76b392293e35e883783c0bccc40eebd4560969eda02b,246,246,0.3333333333333333333333333333,1.199402469983879895899372013,61.50000000000000626852747147,61.50000000000000626852747147,0.1815744632155851554766736574,-0.0838109198959657372475872374,159,0.3522012578616352201257861635,51.00000000000000405017834207,51.00000000000000405017834207,87,0.2988505747126436781609195402,10.50000000000000221834912939,10.50000000000000221834912939,run_a120569ec3c745368d311aa56e2c3228,ema_pullback:93830985007805c8513aea89
w10-lb130-r3_0,lab_3d_w10_lb_ratio,10,130,3.0,9.0,3.0,fea0013f5ffe0c9d378c76b392293e35e883783c0bccc40eebd4560969eda02b,246,246,0.3048780487804878048780487805,1.153966096955750199459425844,54.00000000000000393692289187,54.00000000000000393692289187,0.141216800313397892316564295,-0.0909781600770980195985764892,159,0.3270440251572327044025157233,49.00000000000000338999546889,49.00000000000000338999546889,87,0.2643678160919540229885057471,5.000000000000000546927422972,5.000000000000000546927422972,run_d9210cf7369346798e018604014698f2,ema_pullback:2d8c3432670c71b53f83d469
w10-lb130-r3_25,lab_3d_w10_lb_ratio,10,130,3.25,9.75,3.0,fea0013f5ffe0c9d378c76b392293e35e883783c0bccc40eebd4560969eda02b,246,246,0.2967479674796747967479674797,1.228182454377492022300896678,64.25000000000000235478890132,64.25000000000000235478890132,0.2173169603918750551256650496,-0.0801288156287049849611903385,159,0.3144654088050314465408805031,53.50000000000000267710290070,53.50000000000000267710290070,87,0.2643678160919540229885057471,10.74999999999999967768600063,10.74999999999999967768600063,run_a89b00be2fce4357ae37c823483ad26d,ema_pullback:b8cd6d03f00c2fb39ff8e040
w10-lb130-r3_5,lab_3d_w10_lb_ratio,10,130,3.5,10.5,3.0,fea0013f5ffe0c9d378c76b392293e35e883783c0bccc40eebd4560969eda02b,246,246,0.2804878048780487804878048780,1.244460424259636710844163617,64.50000000000000677269427309,64.50000000000000677269427309,0.2381022191845518288580327616,-0.0691620200278176176555554789,159,0.3018867924528301886792452830,57.00000000000000495545742373,57.00000000000000495545742373,87,0.2413793103448275862068965517,7.500000000000001817236849328,7.500000000000001817236849328,run_35f7b445926a413a994fa052c7476568,ema_pullback:3302e469f0a677ccce2c7253
w10-lb130-r3_75,lab_3d_w10_lb_ratio,10,130,3.75,11.25,3.0,fea0013f5ffe0c9d378c76b392293e35e883783c0bccc40eebd4560969eda02b,246,246,0.2723577235772357723577235772,1.296429261297826971456922897,72.25000000000000308472709007,72.25000000000000308472709007,0.2994875438893929180630763851,-0.0649468761053524084518528897,159,0.2893081761006289308176100629,59.50000000000000308000928957,59.50000000000000308000928957,87,0.2413793103448275862068965517,12.75000000000000000471780051,12.75000000000000000471780051,run_5a4b7319e110411f9998a18f6c68e045,ema_pullback:bb39c1dd37c6d8415cfe8925
w10-lb130-r4_0,lab_3d_w10_lb_ratio,10,130,4.0,12.0,3.0,fea0013f5ffe0c9d378c76b392293e35e883783c0bccc40eebd4560969eda02b,246,246,0.2520325203252032520325203252,1.126790310856277765027183816,63.99999999999999960046947759,63.99999999999999960046947759,0.118838163000234928168651583,-0.062923962218965723094249625,159,0.2578616352201257861635220126,45.99999999999999944736107566,45.99999999999999944736107566,87,0.2413793103448275862068965517,18.00000000000000015310840191,18.00000000000000015310840191,run_3f84f8bd0f414b4ba0085667df7d99d4,ema_pullback:9d08f37244cbba2df25204fe
w10-lb130-r4_25,lab_3d_w10_lb_ratio,10,130,4.25,12.75,3.0,fea0013f5ffe0c9d378c76b392293e35e883783c0bccc40eebd4560969eda02b,246,246,0.2479674796747967479674796748,1.177549692035812147408281365,74.25000000000000697497773297,74.25000000000000697497773297,0.1722533720445446323662655877,-0.0621528483483172741208670595,159,0.2578616352201257861635220126,56.25000000000000531818030229,56.25000000000000531818030229,87,0.2298850574712643678160919540,18.00000000000000165679743069,18.00000000000000165679743069,run_b5c4ec34c822461a92a2ed689601a0f8,ema_pullback:6bc4c0a6dfbf4936a5d0e7d3
w10-lb130-r4_5,lab_3d_w10_lb_ratio,10,130,4.5,13.5,3.0,fea0013f5ffe0c9d378c76b392293e35e883783c0bccc40eebd4560969eda02b,246,246,0.2439024390243902439024390244,1.239191339169828843375991343,84.00000000000000580647831971,84.00000000000000580647831971,0.2391396412119676908736533261,-0.0613817344776688251474844938,159,0.2578616352201257861635220126,66.50000000000000419062616053,66.50000000000000419062616053,87,0.2183908045977011494252873563,17.50000000000000161585215918,17.50000000000000161585215918,run_e8a98ede48a54ba6adabb103a7f0b651,ema_pullback:be2f2054d8f86b2839e0ca73
w10-lb130-r4_75,lab_3d_w10_lb_ratio,10,130,4.75,14.25,3.0,fea0013f5ffe0c9d378c76b392293e35e883783c0bccc40eebd4560969eda02b,246,246,0.2357723577235772357723577236,1.239873111366989607073328487,87.50000000000000519754964842,87.50000000000000519754964842,0.2411835087884208743134228661,-0.0633295965130554205920833719,159,0.2515723270440251572327044025,71.00000000000000354413905786,71.00000000000000354413905786,87,0.2068965517241379310344827586,16.50000000000000165341059055,16.50000000000000165341059055,run_2c5ceefaa31b4d63ad4c013c239c1dca,ema_pullback:5bbb1f14026a4b3e9212271d
w10-lb130-r5_0,lab_3d_w10_lb_ratio,10,130,5.0,15.0,3.0,fea0013f5ffe0c9d378c76b392293e35e883783c0bccc40eebd4560969eda02b,246,246,0.2317073170731707317073170732,1.277984702640154231666344316,96.00000000000000556411860590,96.00000000000000556411860590,0.2872156454363417083765771421,-0.0633295965130554205920833731,159,0.2452830188679245283018867925,75.00000000000000541667030267,75.00000000000000541667030267,87,0.2068965517241379310344827586,21.00000000000000014744830320,21.00000000000000014744830320,run_80611905803c4e6791f2c0b4cd53073c,ema_pullback:0eb0824cc106f2fe27dcfc03
w10-lb135-r2_0,lab_3d_w10_lb_ratio,10,135,2.0,6.0,3.0,fea0013f5ffe0c9d378c76b392293e35e883783c0bccc40eebd4560969eda02b,245,245,0.3959183673469387755102040816,1.235354479042427433573354656,45.99999999999999934103709010,45.99999999999999934103709010,0.1914944994501364766875023722,-0.0780637148191445318784253326,158,0.4367088607594936708860759494,48.99999999999999989992689568,48.99999999999999989992689568,87,0.3218390804597701149425287356,-3.000000000000000558889805591,-3.000000000000000558889805591,run_62ad8844f55a423fb6e7e3d51aa20bf2,ema_pullback:028b167949b50cc4d2c49f1e
w10-lb135-r2_25,lab_3d_w10_lb_ratio,10,135,2.25,6.75,3.0,fea0013f5ffe0c9d378c76b392293e35e883783c0bccc40eebd4560969eda02b,245,245,0.3551020408163265306122448980,1.082949710121971791797913650,37.75000000000000374522096100,37.75000000000000374522096100,0.06922347675111088242748710255,-0.1040591964857438277152104065,158,0.3860759493670886075949367089,40.25000000000000201485762935,40.25000000000000201485762935,87,0.2988505747126436781609195402,-2.499999999999998269636668341,-2.499999999999998269636668341,run_299729b07493448ebbb562a6c74a2915,ema_pullback:8d79dcdb854090840f76eabd
w10-lb135-r2_5,lab_3d_w10_lb_ratio,10,135,2.5,7.5,3.0,fea0013f5ffe0c9d378c76b392293e35e883783c0bccc40eebd4560969eda02b,245,245,0.3428571428571428571428571429,1.148649690895597359508325403,49.00000000000000507001505109,49.00000000000000507001505109,0.1303536944605417624033052358,-0.0932887058595813350967807068,158,0.3670886075949367088607594937,45.00000000000000398996551643,45.00000000000000398996551643,87,0.2988505747126436781609195402,4.000000000000001080049534641,4.000000000000001080049534641,run_fec21c44ba814f33a68b67ee0064d25a,ema_pullback:1c388f4e482c2d66cf550642
w10-lb135-r2_75,lab_3d_w10_lb_ratio,10,135,2.75,8.25,3.0,fea0013f5ffe0c9d378c76b392293e35e883783c0bccc40eebd4560969eda02b,245,245,0.3346938775510204081632653061,1.201916286881628744516848710,62.50000000000000626852747147,62.50000000000000626852747147,0.1835125460845887999413879404,-0.0838109198959657372475872374,158,0.3544303797468354430379746835,52.00000000000000405017834207,52.00000000000000405017834207,87,0.2988505747126436781609195402,10.50000000000000221834912939,10.50000000000000221834912939,run_7836acf28e5a43a39863a254d4651cc9,ema_pullback:86b2d145ce88e59ebbeb0b13
w10-lb135-r3_0,lab_3d_w10_lb_ratio,10,135,3.0,9.0,3.0,fea0013f5ffe0c9d378c76b392293e35e883783c0bccc40eebd4560969eda02b,245,245,0.3061224489795918367346938776,1.156291905814988058357242217,55.00000000000000393692289186,55.00000000000000393692289186,0.1430886863428973285869090104,-0.0909781600770980195985764892,158,0.3291139240506329113924050633,50.00000000000000338999546888,50.00000000000000338999546888,87,0.2643678160919540229885057471,5.000000000000000546927422974,5.000000000000000546927422974,run_784e6f1833f343ff97bd81641fcc54c9,ema_pullback:d51cdc103b379731fb65ab81
w10-lb135-r3_25,lab_3d_w10_lb_ratio,10,135,3.25,9.75,3.0,fea0013f5ffe0c9d378c76b392293e35e883783c0bccc40eebd4560969eda02b,245,245,0.2979591836734693877551020408,1.230707023565323797144336443,65.25000000000000235478890132,65.25000000000000235478890132,0.2193136700538818753229209643,-0.0801288156287049849611903385,158,0.3164556962025316455696202532,54.50000000000000267710290070,54.50000000000000267710290070,87,0.2643678160919540229885057471,10.74999999999999967768600063,10.74999999999999967768600063,run_e4d02bf9ce314c1791eb86243ad26d44,ema_pullback:a13740ec4c2c88a20a6dd7e4
w10-lb135-r3_5,lab_3d_w10_lb_ratio,10,135,3.5,10.5,3.0,fea0013f5ffe0c9d378c76b392293e35e883783c0bccc40eebd4560969eda02b,245,245,0.2816326530612244897959183673,1.247000991048189705845881858,65.50000000000000677269427306,65.50000000000000677269427306,0.2401330219615065338586185991,-0.0691620200278176176555554789,158,0.3037974683544303797468354430,58.00000000000000495545742372,58.00000000000000495545742372,87,0.2413793103448275862068965517,7.500000000000001817236849326,7.500000000000001817236849326,run_cd6ea9ef3ea347618c6339bc42099396,ema_pullback:3bd9c2cd58d6f27a97dfa0ae
w10-lb135-r3_75,lab_3d_w10_lb_ratio,10,135,3.75,11.25,3.0,fea0013f5ffe0c9d378c76b392293e35e883783c0bccc40eebd4560969eda02b,245,245,0.2734693877551020408163265306,1.299092273893927165667385249,73.25000000000000308472709006,73.25000000000000308472709006,0.3016190342234355693443327173,-0.0649468761053524084518528897,158,0.2911392405063291139240506329,60.50000000000000308000928956,60.50000000000000308000928956,87,0.2413793103448275862068965517,12.75000000000000000471780050,12.75000000000000000471780050,run_00b4bb11731745ac94ce5a0d4647f140,ema_pullback:79253ce1775291293cccc885
w10-lb135-r4_0,lab_3d_w10_lb_ratio,10,135,4.0,12.0,3.0,fea0013f5ffe0c9d378c76b392293e35e883783c0bccc40eebd4560969eda02b,245,245,0.2530612244897959183673469388,1.128967787532365349821235184,64.99999999999999960046947759,64.99999999999999960046947759,0.1206733423684459565192548226,-0.062923962218965723094249625,158,0.2594936708860759493670886076,46.99999999999999944736107566,46.99999999999999944736107566,87,0.2413793103448275862068965517,18.00000000000000015310840191,18.00000000000000015310840191,run_b3eafd116ea741dfa58ac19bfae34518,ema_pullback:f59ef08e5d4c463f7e928da9
w10-lb135-r4_25,lab_3d_w10_lb_ratio,10,135,4.25,12.75,3.0,fea0013f5ffe0c9d378c76b392293e35e883783c0bccc40eebd4560969eda02b,245,245,0.2489795918367346938775510204,1.179842565269225109084365899,75.25000000000000697497773298,75.25000000000000697497773298,0.174176165951505333047525872,-0.0621528483483172741208670595,158,0.2594936708860759493670886076,57.25000000000000531818030229,57.25000000000000531818030229,87,0.2298850574712643678160919540,18.00000000000000165679743069,18.00000000000000165679743069,run_a9b1222d52424ed0b2d85e4a9d38e8d6,ema_pullback:303e60ed0526d64f48daeae5
w10-lb135-r4_5,lab_3d_w10_lb_ratio,10,135,4.5,13.5,3.0,fea0013f5ffe0c9d378c76b392293e35e883783c0bccc40eebd4560969eda02b,245,245,0.2448979591836734693877551020,1.241649459743213616741603575,85.00000000000000580647831967,85.00000000000000580647831967,0.2411721456251051802882742567,-0.0613817344776688251474844938,158,0.2594936708860759493670886076,67.50000000000000419062616051,67.50000000000000419062616051,87,0.2183908045977011494252873563,17.50000000000000161585215917,17.50000000000000161585215917,run_82d45a5aa5494a5aa6cfc889f7bdc94e,ema_pullback:47fa29236a8685ac1b86b805
w10-lb135-r4_75,lab_3d_w10_lb_ratio,10,135,4.75,14.25,3.0,fea0013f5ffe0c9d378c76b392293e35e883783c0bccc40eebd4560969eda02b,245,245,0.2367346938775510204081632653,1.242319178959180835012464068,88.50000000000000519754964842,88.50000000000000519754964842,0.2432193656646148652886560869,-0.0633295965130554205920833719,158,0.2531645569620253164556962025,72.00000000000000354413905787,72.00000000000000354413905787,87,0.2068965517241379310344827586,16.50000000000000165341059055,16.50000000000000165341059055,run_ad75986695864466a40ff107eaf06c16,ema_pullback:7830c3c187db17346e9d3a31
w10-lb135-r5_0,lab_3d_w10_lb_ratio,10,135,5.0,15.0,3.0,fea0013f5ffe0c9d378c76b392293e35e883783c0bccc40eebd4560969eda02b,245,245,0.2326530612244897959183673469,1.280516481153158595825345557,97.00000000000000556411860590,97.00000000000000556411860590,0.2893270067333219943778643733,-0.0633295965130554205920833731,158,0.2468354430379746835443037975,76.00000000000000541667030267,76.00000000000000541667030267,87,0.2068965517241379310344827586,21.00000000000000014744830321,21.00000000000000014744830321,run_59a2476088e947df8827a68bfe11ecb9,ema_pullback:c209d6f88389015b72c5c722
w10-lb140-r2_0,lab_3d_w10_lb_ratio,10,140,2.0,6.0,3.0,fea0013f5ffe0c9d378c76b392293e35e883783c0bccc40eebd4560969eda02b,238,238,0.3907563025210084033613445378,1.215823405065884397256234421,40.99999999999999913471802758,40.99999999999999913471802758,0.1720779915446221350063465075,-0.0807437634133407181043266433,153,0.4313725490196078431372549020,44.99999999999999958826152686,44.99999999999999958826152686,85,0.3176470588235294117647058824,-4.000000000000000453543499288,-4.000000000000000453543499288,run_b5b3abdcc50a40adb87a6a97595025aa,ema_pullback:d05dbb2d1213a535f273cad3
w10-lb140-r2_25,lab_3d_w10_lb_ratio,10,140,2.25,6.75,3.0,fea0013f5ffe0c9d378c76b392293e35e883783c0bccc40eebd4560969eda02b,238,238,0.3487394957983193277310924370,1.059623254864607589521017438,31.75000000000000331454063826,31.75000000000000331454063826,0.04867176815484495210603312766,-0.1117714227450642740725906418,153,0.3790849673202614379084967320,35.50000000000000179486991921,35.50000000000000179486991921,85,0.2941176470588235294117647059,-3.749999999999998480329280956,-3.749999999999998480329280956,run_6ad31934fd55467480812ca6ac800da8,ema_pullback:2d8c1bdbdc92dc84b83b7bcf
w10-lb140-r2_5,lab_3d_w10_lb_ratio,10,140,2.5,7.5,3.0,fea0013f5ffe0c9d378c76b392293e35e883783c0bccc40eebd4560969eda02b,238,238,0.3361344537815126050420168067,1.123019880190696887441435743,42.00000000000000482680750417,42.00000000000000482680750417,0.105333709707152538500066938,-0.0965810505143881176802578010,153,0.3594771241830065359477124183,39.50000000000000374675796951,39.50000000000000374675796951,85,0.2941176470588235294117647059,2.500000000000001080049534646,2.500000000000001080049534646,run_d186043ca538480283ed242fbda711bd,ema_pullback:7ee47c203c91376b3775707a
w10-lb140-r2_75,lab_3d_w10_lb_ratio,10,140,2.75,8.25,3.0,fea0013f5ffe0c9d378c76b392293e35e883783c0bccc40eebd4560969eda02b,238,238,0.3277310924369747899159663866,1.173698875892422115306867389,54.50000000000000529222265077,54.50000000000000529222265077,0.1538815564576117637046086572,-0.0874690268251455346413468187,153,0.3464052287581699346405228758,45.75000000000000312654667452,45.75000000000000312654667452,85,0.2941176470588235294117647059,8.750000000000002165675976237,8.750000000000002165675976237,run_3aeba8c00bf343ed9107556fc5c04219,ema_pullback:106d616c911310381b847cd4
w10-lb140-r3_0,lab_3d_w10_lb_ratio,10,140,3.0,9.0,3.0,fea0013f5ffe0c9d378c76b392293e35e883783c0bccc40eebd4560969eda02b,238,238,0.3025210084033613445378151261,1.133576090353859449591721326,50.00000000000000392958350908,50.00000000000000392958350908,0.1196202334894549234079548427,-0.0909781600770980195985764874,153,0.3202614379084967320261437908,43.00000000000000338265608610,43.00000000000000338265608610,85,0.2705882352941176470588235294,7.000000000000000546927422984,7.000000000000000546927422984,run_76e9d0ee0be84b878aff6074d28f9cbf,ema_pullback:dc4f072ffb91b15424595245
w10-lb140-r3_25,lab_3d_w10_lb_ratio,10,140,3.25,9.75,3.0,fea0013f5ffe0c9d378c76b392293e35e883783c0bccc40eebd4560969eda02b,238,238,0.2983193277310924369747899160,1.213820323525987895469350758,63.75000000000000205667490598,63.75000000000000205667490598,0.1986968192595870364324890663,-0.0801288156287049849611903369,153,0.3137254901960784313725490196,51.00000000000000237898890538,51.00000000000000237898890538,85,0.2705882352941176470588235294,12.74999999999999967768600063,12.74999999999999967768600063,run_9b87e3f415b44701ac5b83155ad509ed,ema_pullback:8ee6dfed0431e79d684df7ec
w10-lb140-r3_5,lab_3d_w10_lb_ratio,10,140,3.5,10.5,3.0,fea0013f5ffe0c9d378c76b392293e35e883783c0bccc40eebd4560969eda02b,238,238,0.2857142857142857142857142857,1.242453315473434454423262243,68.00000000000000661319189722,68.00000000000000661319189722,0.229706268620132354311867259,-0.0703603216021104365143780848,153,0.3071895424836601307189542484,58.50000000000000479595504788,58.50000000000000479595504788,85,0.2470588235294117647058823529,9.50000000000000181723684934,9.50000000000000181723684934,run_308594290c4748039b4f62b91dde1db7,ema_pullback:8bbb3ce8355739c5ba6cc332
w10-lb140-r3_75,lab_3d_w10_lb_ratio,10,140,3.75,11.25,3.0,fea0013f5ffe0c9d378c76b392293e35e883783c0bccc40eebd4560969eda02b,238,238,0.2773109243697478991596638655,1.294114828732100731858552923,75.50000000000000260621996265,75.50000000000000260621996265,0.28869881750650376102503387,-0.0687571672860970683753648141,153,0.2941176470588235294117647059,60.75000000000000260150216216,60.75000000000000260150216216,85,0.2470588235294117647058823529,14.75000000000000000471780050,14.75000000000000000471780050,run_f0d6b21717c94497ae0bfea3f25072da,ema_pullback:cd5fd0815ce3d7b73eabb929
w10-lb140-r4_0,lab_3d_w10_lb_ratio,10,140,4.0,12.0,3.0,fea0013f5ffe0c9d378c76b392293e35e883783c0bccc40eebd4560969eda02b,238,238,0.2563025210084033613445378151,1.118573328005771950835411010,66.99999999999999944096710177,66.99999999999999944096710177,0.1078527068940314287965768292,-0.0747123648300557550769017646,153,0.2614379084967320261437908497,46.99999999999999928785869986,46.99999999999999928785869986,85,0.2470588235294117647058823529,20.00000000000000015310840192,20.00000000000000015310840192,run_f811dac4d10b4fa1ba2deb42b45385e8,ema_pullback:a32942d121827d0e30e0ff9b
w10-lb140-r4_25,lab_3d_w10_lb_ratio,10,140,4.25,12.75,3.0,fea0013f5ffe0c9d378c76b392293e35e883783c0bccc40eebd4560969eda02b,238,238,0.2521008403361344537815126050,1.169057937315773760949145558,77.00000000000000649647060554,77.00000000000000649647060554,0.1589713501560969724677813164,-0.0731194677248543636020719856,153,0.2614379084967320261437908497,57.00000000000000483967317489,57.00000000000000483967317489,85,0.2352941176470588235294117647,20.00000000000000165679743069,20.00000000000000165679743069,run_4a08ea87062840939dc34ccd2b4f9f13,ema_pullback:994f1680b69f1a38a637b45b
w10-lb140-r4_5,lab_3d_w10_lb_ratio,10,140,4.5,13.5,3.0,fea0013f5ffe0c9d378c76b392293e35e883783c0bccc40eebd4560969eda02b,238,238,0.2478991596638655462184873950,1.230665478328302803148318727,86.50000000000000548747356807,86.50000000000000548747356807,0.2232322724819420747000562847,-0.0715252032993647991631485139,153,0.2614379084967320261437908497,67.00000000000000387162140886,67.00000000000000387162140886,85,0.2235294117647058823529411765,19.50000000000000161585215917,19.50000000000000161585215917,run_046e325a40f349b894eb995b90ac821c,ema_pullback:5f2d416813c00c4b2ce0420c
w10-lb140-r4_75,lab_3d_w10_lb_ratio,10,140,4.75,14.25,3.0,fea0013f5ffe0c9d378c76b392293e35e883783c0bccc40eebd4560969eda02b,238,238,0.2394957983193277310924369748,1.229821063668448249490725495,89.75000000000000471904252096,89.75000000000000471904252096,0.2233850128887209791344105764,-0.0699295715535870617565615732,153,0.2549019607843137254901960784,71.25000000000000306563193042,71.25000000000000306563193042,85,0.2117647058823529411764705882,18.50000000000000165341059055,18.50000000000000165341059055,run_30b8f78f69af4d38ab15efe57fec7d1f,ema_pullback:2265d1ea9cf0ba89c16e7df8
w10-lb140-r5_0,lab_3d_w10_lb_ratio,10,140,5.0,15.0,3.0,fea0013f5ffe0c9d378c76b392293e35e883783c0bccc40eebd4560969eda02b,238,238,0.2352941176470588235294117647,1.267483694525841952672221302,98.0000000000000055641186059,98.0000000000000055641186059,0.2668288771434633126878523596,-0.0683325724875211568753829193,153,0.2483660130718954248366013072,75.00000000000000541667030269,75.00000000000000541667030269,85,0.2117647058823529411764705882,23.00000000000000014744830320,23.00000000000000014744830320,run_c1332994e86043f185dfbec0983aa041,ema_pullback:1ed642dfb6ad21888db56fd8
w11-lb070-r2_0,lab_3d_w11_lb_ratio,11,70,2.0,6.0,3.0,2554aa64ed15885e03a7d968c21da8f36cee763a55718eff7428d36f9d9bfd2b,216,216,0.3935185185185185185185185185,1.271423645690058295474054008,38.99999999999999941984579319,38.99999999999999941984579319,0.1659830937672406621810719131,-0.0895574736434941025148203021,146,0.4452054794520547945205479452,48.99999999999999980291013212,48.99999999999999980291013212,70,0.2857142857142857142857142857,-10.00000000000000038306433894,-10.00000000000000038306433894,run_4b22a6dd200b42ae9a2ba73876b676dc,ema_pullback:51e667389e5ea03e550da4b9
w11-lb070-r2_25,lab_3d_w11_lb_ratio,11,70,2.25,6.75,3.0,2554aa64ed15885e03a7d968c21da8f36cee763a55718eff7428d36f9d9bfd2b,215,215,0.3488372093023255813953488372,1.065330275101717387897554683,28.75000000000000186938070404,28.75000000000000186938070404,0.04108551351830091431237878329,-0.1023715061325573195879310653,146,0.3835616438356164383561643836,36.00000000000000155671472076,36.00000000000000155671472076,69,0.2753623188405797101449275362,-7.249999999999999687334016760,-7.249999999999999687334016760,run_4b40b577979b4765bf84e21beb6e89df,ema_pullback:802a23749c109e1ecd7f769c
w11-lb070-r2_5,lab_3d_w11_lb_ratio,11,70,2.5,7.5,3.0,2554aa64ed15885e03a7d968c21da8f36cee763a55718eff7428d36f9d9bfd2b,215,215,0.3395348837209302325581395349,1.133204276916209336821021489,40.50000000000000303101089358,40.50000000000000303101089358,0.0871609870971660932231644266,-0.0940753392829975367750451584,146,0.3698630136986301369863013699,43.00000000000000326531597536,43.00000000000000326531597536,69,0.2753623188405797101449275362,-2.500000000000000234305081785,-2.500000000000000234305081785,run_8b8ab10b68a54bc083d477f9dd453274,ema_pullback:a4cbc11312f0f8dc49f3d366
w11-lb070-r2_75,lab_3d_w11_lb_ratio,11,70,2.75,8.25,3.0,2554aa64ed15885e03a7d968c21da8f36cee763a55718eff7428d36f9d9bfd2b,215,215,0.3348837209302325581395348837,1.202463002642864276845529155,55.00000000000000395095046626,55.00000000000000395095046626,0.1375648982395253551576248829,-0.0933658373439419237061477293,146,0.3630136986301369863013698630,52.75000000000000273679446588,52.75000000000000273679446588,69,0.2753623188405797101449275362,2.250000000000001214156000377,2.250000000000001214156000377,run_fd941241c7884dc89f08ce56822a64e2,ema_pullback:61adb35045b14fe16a0e99ba
w11-lb070-r3_0,lab_3d_w11_lb_ratio,11,70,3.0,9.0,3.0,2554aa64ed15885e03a7d968c21da8f36cee763a55718eff7428d36f9d9bfd2b,214,214,0.3084112149532710280373831776,1.164633137888931759548277381,50.00000000000000094746545537,50.00000000000000094746545537,0.1131313900548487991634383974,-0.0730632261670410435426366203,146,0.3356164383561643835616438356,50.00000000000000110220917512,50.00000000000000110220917512,68,0.25,-1.54743719746E-16,-1.54743719746E-16,run_733bcd65da08454a8d905014dbf8b32f,ema_pullback:5a8a9554eb3c07caf6356703
w11-lb070-r3_25,lab_3d_w11_lb_ratio,11,70,3.25,9.75,3.0,2554aa64ed15885e03a7d968c21da8f36cee763a55718eff7428d36f9d9bfd2b,214,214,0.3037383177570093457943925234,1.248879184582409345034721981,62.25000000000000103003032302,62.25000000000000103003032302,0.1758008581184837395387620647,-0.0674778502227395813573800847,146,0.3287671232876712328767123288,58.00000000000000176877623900,58.00000000000000176877623900,68,0.25,4.249999999999999261254084056,4.249999999999999261254084056,run_6a8d8fb764d948e08071987b22d09fd3,ema_pullback:b10db9a339546bcdcd194ee9
w11-lb070-r3_5,lab_3d_w11_lb_ratio,11,70,3.5,10.5,3.0,2554aa64ed15885e03a7d968c21da8f36cee763a55718eff7428d36f9d9bfd2b,213,213,0.2863849765258215962441314554,1.280346058323089496992096614,61.50000000000000474802325934,61.50000000000000474802325934,0.2045957458849791826750210936,-0.0691560569961107149902377968,145,0.3103448275862068965517241379,57.50000000000000390456524246,57.50000000000000390456524246,68,0.2352941176470588235294117647,4.000000000000000843458016899,4.000000000000000843458016899,run_4ac8bbe837654098b5d47017c86b560b,ema_pullback:7ce6d581f0bdef49f902d150
w11-lb070-r3_75,lab_3d_w11_lb_ratio,11,70,3.75,11.25,3.0,2554aa64ed15885e03a7d968c21da8f36cee763a55718eff7428d36f9d9bfd2b,213,213,0.2816901408450704225352112676,1.355107466223727014183453144,72.00000000000000083517905372,72.00000000000000083517905372,0.2670369950057705132587448224,-0.0696321225260312140917836437,145,0.3034482758620689655172413793,64.00000000000000065991776397,64.00000000000000065991776397,68,0.2352941176470588235294117647,8.000000000000000175261289749,8.000000000000000175261289749,run_0ad3c29964724f619fd044aef262a6bc,ema_pullback:572103d7f3c2eeddae62ddc2
w11-lb070-r4_0,lab_3d_w11_lb_ratio,11,70,4.0,12.0,3.0,2554aa64ed15885e03a7d968c21da8f36cee763a55718eff7428d36f9d9bfd2b,213,213,0.2676056338028169014084507042,1.295279031948761743026524645,71.99999999999999994721177265,71.99999999999999994721177265,0.2250052361239588691668632636,-0.0632519246882218546154210768,145,0.2827586206896551724137931034,59.99999999999999940663730441,59.99999999999999940663730441,68,0.2352941176470588235294117647,12.00000000000000054057446823,12.00000000000000054057446823,run_173444dcf9a04df8b36e9c6e8514baaf,ema_pullback:cdd002f46df77eb2ed595dc5
w11-lb070-r4_25,lab_3d_w11_lb_ratio,11,70,4.25,12.75,3.0,2554aa64ed15885e03a7d968c21da8f36cee763a55718eff7428d36f9d9bfd2b,213,213,0.2676056338028169014084507042,1.374715703606437854374673428,86.25000000000000516618213371,86.25000000000000516618213371,0.293894879113662188984562352,-0.0610314771081545511589196676,145,0.2827586206896551724137931034,70.25000000000000371405800827,70.25000000000000371405800827,68,0.2352941176470588235294117647,16.00000000000000145212412545,16.00000000000000145212412545,run_a4819e4008af4bd8b3aa31f7e856c67c,ema_pullback:53e3d08aa995654f16d4b9b0
w11-lb070-r4_5,lab_3d_w11_lb_ratio,11,70,4.5,13.5,3.0,2554aa64ed15885e03a7d968c21da8f36cee763a55718eff7428d36f9d9bfd2b,213,213,0.2629107981220657276995305164,1.444957724976241549362120160,95.00000000000000292272285104,95.00000000000000292272285104,0.3588704176518743448473069666,-0.059416420948730784920015867,145,0.2827586206896551724137931034,80.50000000000000247603823778,80.50000000000000247603823778,68,0.2205882352941176470588235294,14.50000000000000044668461325,14.50000000000000044668461325,run_1af17a8a0d2a4e468c8457cdc1087e2a,ema_pullback:2c9d7a679df81a44f8f4ffb4
w11-lb070-r4_75,lab_3d_w11_lb_ratio,11,70,4.75,14.25,3.0,2554aa64ed15885e03a7d968c21da8f36cee763a55718eff7428d36f9d9bfd2b,213,213,0.2535211267605633802816901408,1.433788653278628384596548453,97.5000000000000022195304649,97.5000000000000022195304649,0.3523175201415451089656026644,-0.0801872011343346971591397076,145,0.2758620689655172413793103448,85.00000000000000084238241387,85.00000000000000084238241387,68,0.2058823529411764705882352941,12.50000000000000137714805095,12.50000000000000137714805095,run_89555e6649f444e7a8c4024a65629235,ema_pullback:6c0135ba19e730f1c67d8670
w11-lb070-r5_0,lab_3d_w11_lb_ratio,11,70,5.0,15.0,3.0,2554aa64ed15885e03a7d968c21da8f36cee763a55718eff7428d36f9d9bfd2b,213,213,0.2488262910798122065727699531,1.471591686809766701456732570,105.0000000000000038783284024,105.0000000000000038783284024,0.3934245266868570597493001818,-0.0766465050400173826076904856,145,0.2689655172413793103448275862,89.00000000000000375135446871,89.00000000000000375135446871,68,0.2058823529411764705882352941,16.00000000000000012697393366,16.00000000000000012697393366,run_8a838672c7b84771b0108964fff6b54d,ema_pullback:fc27496ed29900434a2157b0
w11-lb075-r2_0,lab_3d_w11_lb_ratio,11,75,2.0,6.0,3.0,2554aa64ed15885e03a7d968c21da8f36cee763a55718eff7428d36f9d9bfd2b,210,210,0.3952380952380952380952380952,1.270473292835018291120492874,38.99999999999999931296592213,38.99999999999999931296592213,0.1617496978263946759055894716,-0.1001552606734579341044410069,140,0.45,48.99999999999999969603026108,48.99999999999999969603026108,70,0.2857142857142857142857142857,-10.00000000000000038306433894,-10.00000000000000038306433894,run_2937b9c334aa4bed92bbc606f5d32d1b,ema_pullback:d4f15a392b739770e97a6d94
w11-lb075-r2_25,lab_3d_w11_lb_ratio,11,75,2.25,6.75,3.0,2554aa64ed15885e03a7d968c21da8f36cee763a55718eff7428d36f9d9bfd2b,209,209,0.3492822966507177033492822967,1.057681097543497800779908738,28.25000000000000201139280514,28.25000000000000201139280514,0.03553290207877684648913418569,-0.1143362671083025989298162033,140,0.3857142857142857142857142857,35.50000000000000169872682192,35.50000000000000169872682192,69,0.2753623188405797101449275362,-7.249999999999999687334016752,-7.249999999999999687334016752,run_3ad412b02f70487a92805e9a3f44387c,ema_pullback:ec67258533868a213b04153b
w11-lb075-r2_5,lab_3d_w11_lb_ratio,11,75,2.5,7.5,3.0,2554aa64ed15885e03a7d968c21da8f36cee763a55718eff7428d36f9d9bfd2b,209,209,0.3397129186602870813397129187,1.124147055555963177596666317,39.50000000000000296421097420,39.50000000000000296421097420,0.07951624379510581469918467822,-0.1076768990253264851304876498,140,0.3714285714285714285714285714,42.00000000000000319851605598,42.00000000000000319851605598,69,0.2753623188405797101449275362,-2.500000000000000234305081785,-2.500000000000000234305081785,run_14a2538c6cab48bcada246f58752a73a,ema_pullback:57d9f705b5800ced21f938f3
w11-lb075-r2_75,lab_3d_w11_lb_ratio,11,75,2.75,8.25,3.0,2554aa64ed15885e03a7d968c21da8f36cee763a55718eff7428d36f9d9bfd2b,209,209,0.3349282296650717703349282297,1.192045708620279424360418734,53.50000000000000410129179984,53.50000000000000410129179984,0.1276386855627580562854717399,-0.1085015433871227656689477246,140,0.3642857142857142857142857143,51.25000000000000288713579948,51.25000000000000288713579948,69,0.2753623188405797101449275362,2.250000000000001214156000374,2.250000000000001214156000374,run_f9799057f4a3459f83d415c60b938e5f,ema_pullback:45cdb669a39a2e228b103fab
w11-lb075-r3_0,lab_3d_w11_lb_ratio,11,75,3.0,9.0,3.0,2554aa64ed15885e03a7d968c21da8f36cee763a55718eff7428d36f9d9bfd2b,208,208,0.3076923076923076923076923077,1.151099168631115758304787727,48.00000000000000099744085013,48.00000000000000099744085013,0.1015375665596185428993262602,-0.0883776310163080507710441266,140,0.3357142857142857142857142857,48.00000000000000115218456986,48.00000000000000115218456986,68,0.25,-1.54743719743E-16,-1.54743719743E-16,run_6c883acd465549c08dcf0e278df76d14,ema_pullback:780dfa7959d19dc43cc74be4
w11-lb075-r3_25,lab_3d_w11_lb_ratio,11,75,3.25,9.75,3.0,2554aa64ed15885e03a7d968c21da8f36cee763a55718eff7428d36f9d9bfd2b,208,208,0.3028846153846153846153846154,1.234138564386676052299387291,59.75000000000000108025480738,59.75000000000000108025480738,0.1615726842218422474456532895,-0.0733839244033250442020728861,140,0.3285714285714285714285714286,55.50000000000000181900072334,55.50000000000000181900072334,68,0.25,4.249999999999999261254084056,4.249999999999999261254084056,run_ec24edecfc304f84853bdb27f278be28,ema_pullback:9613c09a526dbe790aeadf8a
w11-lb075-r3_5,lab_3d_w11_lb_ratio,11,75,3.5,10.5,3.0,2554aa64ed15885e03a7d968c21da8f36cee763a55718eff7428d36f9d9bfd2b,207,207,0.2850241545893719806763285024,1.263877557317401101924497529,58.50000000000000469788180488,58.50000000000000469788180488,0.1879941787037356165567176084,-0.0782390271007111120693203573,139,0.3093525179856115107913669065,54.50000000000000385442378798,54.50000000000000385442378798,68,0.2352941176470588235294117647,4.000000000000000843458016897,4.000000000000000843458016897,run_66f243eeee3d4f7488b87376d8a33a09,ema_pullback:47f51f613b9a2c5b5779005f
w11-lb075-r3_75,lab_3d_w11_lb_ratio,11,75,3.75,11.25,3.0,2554aa64ed15885e03a7d968c21da8f36cee763a55718eff7428d36f9d9bfd2b,207,207,0.2801932367149758454106280193,1.337411021904398401180889194,68.50000000000000131968604408,68.50000000000000131968604408,0.2474504001589997184701084866,-0.0772925313077610650701607756,139,0.3021582733812949640287769784,60.50000000000000114442475431,60.50000000000000114442475431,68,0.2352941176470588235294117647,8.000000000000000175261289755,8.000000000000000175261289755,run_c25651f9b1804b9ba94e57d825fa96df,ema_pullback:5a197f7e2e03dc29209af6ca
w11-lb075-r4_0,lab_3d_w11_lb_ratio,11,75,4.0,12.0,3.0,2554aa64ed15885e03a7d968c21da8f36cee763a55718eff7428d36f9d9bfd2b,207,207,0.2657004830917874396135265700,1.274610266085453149470600764,68.00000000000000006415314651,68.00000000000000006415314651,0.204019643330815680736724414,-0.0689027130859286631845334438,139,0.2805755395683453237410071942,55.99999999999999952357867829,55.99999999999999952357867829,68,0.2352941176470588235294117647,12.00000000000000054057446823,12.00000000000000054057446823,run_9089cc4dc93342f9a9498f4e6020deb7,ema_pullback:6a6fa67bb6292c59bf6a7342
w11-lb075-r4_25,lab_3d_w11_lb_ratio,11,75,4.25,12.75,3.0,2554aa64ed15885e03a7d968c21da8f36cee763a55718eff7428d36f9d9bfd2b,207,207,0.2657004830917874396135265700,1.352911423918308368459365419,81.75000000000000464835821354,81.75000000000000464835821354,0.2695706954663580944723634953,-0.0610314771081545511589196676,139,0.2805755395683453237410071942,65.75000000000000319623408811,65.75000000000000319623408811,68,0.2352941176470588235294117647,16.00000000000000145212412545,16.00000000000000145212412545,run_bc4882fedc9b42298cb8a83706dcaecf,ema_pullback:f581d450f9cdee633a44eda1
w11-lb075-r4_5,lab_3d_w11_lb_ratio,11,75,4.5,13.5,3.0,2554aa64ed15885e03a7d968c21da8f36cee763a55718eff7428d36f9d9bfd2b,207,207,0.2608695652173913043478260870,1.421916704519204613135426735,90.00000000000000347394673096,90.00000000000000347394673096,0.3310636948152193276577421436,-0.059416420948730784920015867,139,0.2805755395683453237410071942,75.50000000000000302726211767,75.50000000000000302726211767,68,0.2205882352941176470588235294,14.50000000000000044668461327,14.50000000000000044668461327,run_74bf433d90454de7a9679363d450c8ab,ema_pullback:d68536df1857d6d7712373e2
w11-lb075-r4_75,lab_3d_w11_lb_ratio,11,75,4.75,14.25,3.0,2554aa64ed15885e03a7d968c21da8f36cee763a55718eff7428d36f9d9bfd2b,207,207,0.2512077294685990338164251208,1.408151816191875610901449352,92.00000000000000186878937301,92.00000000000000186878937301,0.3224004747086678744904427737,-0.0796412444602625301342765993,139,0.2733812949640287769784172662,79.50000000000000049164132203,79.50000000000000049164132203,68,0.2058823529411764705882352941,12.50000000000000137714805095,12.50000000000000137714805095,run_c2d4c0128b4940e38687457d44c3c5ad,ema_pullback:bd24732514f68247526de61b
w11-lb075-r5_0,lab_3d_w11_lb_ratio,11,75,5.0,15.0,3.0,2554aa64ed15885e03a7d968c21da8f36cee763a55718eff7428d36f9d9bfd2b,207,207,0.2463768115942028985507246377,1.444456736569234100116853205,99.0000000000000040622357554,99.0000000000000040622357554,0.3602913261669904205987417881,-0.0766465050400173826076904863,139,0.2661870503597122302158273381,83.00000000000000393526182173,83.00000000000000393526182173,68,0.2058823529411764705882352941,16.00000000000000012697393366,16.00000000000000012697393366,run_183e1d65824b411398175fae071eba0e,ema_pullback:6a214494f42fa112ea2c1425
w11-lb080-r2_0,lab_3d_w11_lb_ratio,11,80,2.0,6.0,3.0,2554aa64ed15885e03a7d968c21da8f36cee763a55718eff7428d36f9d9bfd2b,208,208,0.3990384615384615384615384615,1.281200285013486703729062273,40.99999999999999931296592213,40.99999999999999931296592213,0.1671465010988112213824488867,-0.1001552606734579341044410071,139,0.4532374100719424460431654676,49.99999999999999969603026108,49.99999999999999969603026108,69,0.2898550724637681159420289855,-9.000000000000000383064338939,-9.000000000000000383064338939,run_a6f21d0d653b45fc850b324886efc992,ema_pullback:bb4d64649ce3f1ea40e863fe
w11-lb080-r2_25,lab_3d_w11_lb_ratio,11,80,2.25,6.75,3.0,2554aa64ed15885e03a7d968c21da8f36cee763a55718eff7428d36f9d9bfd2b,208,208,0.3509615384615384615384615385,1.061898106119863899874630446,29.25000000000000201139280514,29.25000000000000201139280514,0.03798738155816076994329120242,-0.1143362671083025989298162033,139,0.3884892086330935251798561151,36.50000000000000169872682192,36.50000000000000169872682192,69,0.2753623188405797101449275362,-7.249999999999999687334016749,-7.249999999999999687334016749,run_fbd5a68fef1c4d759eb5858b47c547bd,ema_pullback:510e98c89dcc5cf3b12e9b5e
w11-lb080-r2_5,lab_3d_w11_lb_ratio,11,80,2.5,7.5,3.0,2554aa64ed15885e03a7d968c21da8f36cee763a55718eff7428d36f9d9bfd2b,208,208,0.3413461538461538461538461538,1.128623466496598837029446749,40.50000000000000296421097420,40.50000000000000296421097420,0.08207497511377050269347475494,-0.1076768990253264851304876498,139,0.3741007194244604316546762590,43.00000000000000319851605598,43.00000000000000319851605598,69,0.2753623188405797101449275362,-2.500000000000000234305081786,-2.500000000000000234305081786,run_537977b58e9349349c41a65dd1db34f3,ema_pullback:6590ec646161189ca2e2394f
w11-lb080-r2_75,lab_3d_w11_lb_ratio,11,80,2.75,8.25,3.0,2554aa64ed15885e03a7d968c21da8f36cee763a55718eff7428d36f9d9bfd2b,208,208,0.3365384615384615384615384615,1.196804088448758741658262814,54.50000000000000410129179984,54.50000000000000410129179984,0.1303114794530507819926113317,-0.1085015433871227656689477246,139,0.3669064748201438848920863309,52.25000000000000288713579948,52.25000000000000288713579948,69,0.2753623188405797101449275362,2.250000000000001214156000372,2.250000000000001214156000372,run_d7961874c44e40428dbad8b3c6017f26,ema_pullback:cdc1eed28bc4993c3458ab35
w11-lb080-r3_0,lab_3d_w11_lb_ratio,11,80,3.0,9.0,3.0,2554aa64ed15885e03a7d968c21da8f36cee763a55718eff7428d36f9d9bfd2b,207,207,0.3091787439613526570048309179,1.155546783884635730050241816,49.00000000000000099744085013,49.00000000000000099744085013,0.1041484940805727788995833466,-0.0883776310163080507710441266,139,0.3381294964028776978417266187,49.00000000000000115218456986,49.00000000000000115218456986,68,0.25,-1.54743719742E-16,-1.54743719742E-16,run_665b8c096dc94b6cbbe4a57563cdf519,ema_pullback:a191587fdace4426f9958434
w11-lb080-r3_25,lab_3d_w11_lb_ratio,11,80,3.25,9.75,3.0,2554aa64ed15885e03a7d968c21da8f36cee763a55718eff7428d36f9d9bfd2b,207,207,0.3043478260869565217391304348,1.239010215362896292962816176,60.75000000000000108025480738,60.75000000000000108025480738,0.164325910422103070640031786,-0.0733839244033250442020728861,139,0.3309352517985611510791366906,56.50000000000000181900072334,56.50000000000000181900072334,68,0.25,4.249999999999999261254084058,4.249999999999999261254084058,run_52f4d6d6999e4deb9409fabbcaa969c3,ema_pullback:2d3b5436b0b3f2ea576a7650
w11-lb080-r3_5,lab_3d_w11_lb_ratio,11,80,3.5,10.5,3.0,2554aa64ed15885e03a7d968c21da8f36cee763a55718eff7428d36f9d9bfd2b,206,206,0.2864077669902912621359223301,1.268815339097550311227268515,59.50000000000000469788180490,59.50000000000000469788180490,0.1908100306456703912993170633,-0.0782390271007111120693203573,138,0.3115942028985507246376811594,55.50000000000000385442378798,55.50000000000000385442378798,68,0.2352941176470588235294117647,4.000000000000000843458016898,4.000000000000000843458016898,run_5126ef81758a4884a0016018ce06d56d,ema_pullback:e8695da99afce6e5bb862f31
w11-lb080-r3_75,lab_3d_w11_lb_ratio,11,80,3.75,11.25,3.0,2554aa64ed15885e03a7d968c21da8f36cee763a55718eff7428d36f9d9bfd2b,206,206,0.2815533980582524271844660194,1.342717286159506451098902060,69.50000000000000131968604407,69.50000000000000131968604407,0.2504071786472476977966013588,-0.0772925313077610650701607756,138,0.3043478260869565217391304348,61.50000000000000114442475431,61.50000000000000114442475431,68,0.2352941176470588235294117647,8.000000000000000175261289754,8.000000000000000175261289754,run_a150572aabb644a98e55899adac1849f,ema_pullback:f91a1806c4108a6f26254638
w11-lb080-r4_0,lab_3d_w11_lb_ratio,11,80,4.0,12.0,3.0,2554aa64ed15885e03a7d968c21da8f36cee763a55718eff7428d36f9d9bfd2b,206,206,0.2669902912621359223300970874,1.279436366178755270547066362,69.00000000000000006415314651,69.00000000000000006415314651,0.2068734797481792899556658881,-0.0689027130859286631845334438,138,0.2826086956521739130434782609,56.99999999999999952357867829,56.99999999999999952357867829,68,0.2352941176470588235294117647,12.00000000000000054057446823,12.00000000000000054057446823,run_488877b872734b589b1a8470c38b5b3f,ema_pullback:16f0c4701eeb5588337f55f5
w11-lb080-r4_25,lab_3d_w11_lb_ratio,11,80,4.25,12.75,3.0,2554aa64ed15885e03a7d968c21da8f36cee763a55718eff7428d36f9d9bfd2b,206,206,0.2669902912621359223300970874,1.358138573993765518030849039,82.75000000000000464835821353,82.75000000000000464835821353,0.27257990474729342512675347,-0.0610314771081545511589196676,138,0.2826086956521739130434782609,66.75000000000000319623408811,66.75000000000000319623408811,68,0.2352941176470588235294117647,16.00000000000000145212412545,16.00000000000000145212412545,run_5f8a639e4b0742fd931e6b9b4a305fbf,ema_pullback:c842f4888360fcd085ded008
w11-lb080-r4_5,lab_3d_w11_lb_ratio,11,80,4.5,13.5,3.0,2554aa64ed15885e03a7d968c21da8f36cee763a55718eff7428d36f9d9bfd2b,206,206,0.2621359223300970873786407767,1.427497795274693666337100596,91.00000000000000347394673096,91.00000000000000347394673096,0.3342186583302543748314859578,-0.059416420948730784920015867,138,0.2826086956521739130434782609,76.50000000000000302726211767,76.50000000000000302726211767,68,0.2205882352941176470588235294,14.50000000000000044668461327,14.50000000000000044668461327,run_f393de6494194cfdbffb0f1d690ccb33,ema_pullback:94488b4a02133c8321585d50
w11-lb080-r4_75,lab_3d_w11_lb_ratio,11,80,4.75,14.25,3.0,2554aa64ed15885e03a7d968c21da8f36cee763a55718eff7428d36f9d9bfd2b,206,206,0.2524271844660194174757281553,1.413601839349654805875890062,93.00000000000000186878937301,93.00000000000000186878937301,0.3255349041625115959055600137,-0.0796412444602625301342765993,138,0.2753623188405797101449275362,80.50000000000000049164132203,80.50000000000000049164132203,68,0.2058823529411764705882352941,12.50000000000000137714805095,12.50000000000000137714805095,run_045813977c704f56b0199ab773cd71b5,ema_pullback:393c3d6957e681ecb70c6b82
w11-lb080-r5_0,lab_3d_w11_lb_ratio,11,80,5.0,15.0,3.0,2554aa64ed15885e03a7d968c21da8f36cee763a55718eff7428d36f9d9bfd2b,206,206,0.2475728155339805825242718447,1.450041834767321961956547346,100.0000000000000040622357554,100.0000000000000040622357554,0.3635155666902594977201613808,-0.0766465050400173826076904863,138,0.2681159420289855072463768116,84.00000000000000393526182173,84.00000000000000393526182173,68,0.2058823529411764705882352941,16.00000000000000012697393366,16.00000000000000012697393366,run_d3670ccdc7124c7ca93669ae6d493d91,ema_pullback:38861329999265c1f7907180
w11-lb085-r2_0,lab_3d_w11_lb_ratio,11,85,2.0,6.0,3.0,2554aa64ed15885e03a7d968c21da8f36cee763a55718eff7428d36f9d9bfd2b,208,208,0.3990384615384615384615384615,1.281200285013486703729062273,40.99999999999999931296592213,40.99999999999999931296592213,0.1671465010988112213824488867,-0.1001552606734579341044410071,139,0.4532374100719424460431654676,49.99999999999999969603026108,49.99999999999999969603026108,69,0.2898550724637681159420289855,-9.000000000000000383064338939,-9.000000000000000383064338939,run_537d55b5d43b4445ab3eb6b0a42d7bfc,ema_pullback:bb2e8326e348237170fc1023
w11-lb085-r2_25,lab_3d_w11_lb_ratio,11,85,2.25,6.75,3.0,2554aa64ed15885e03a7d968c21da8f36cee763a55718eff7428d36f9d9bfd2b,208,208,0.3509615384615384615384615385,1.061898106119863899874630446,29.25000000000000201139280514,29.25000000000000201139280514,0.03798738155816076994329120242,-0.1143362671083025989298162033,139,0.3884892086330935251798561151,36.50000000000000169872682192,36.50000000000000169872682192,69,0.2753623188405797101449275362,-7.249999999999999687334016749,-7.249999999999999687334016749,run_e043b93e5bef49ac9c6a2259b83c56dd,ema_pullback:89fe009abf5df2b5d5fe0ab4
w11-lb085-r2_5,lab_3d_w11_lb_ratio,11,85,2.5,7.5,3.0,2554aa64ed15885e03a7d968c21da8f36cee763a55718eff7428d36f9d9bfd2b,208,208,0.3413461538461538461538461538,1.128623466496598837029446749,40.50000000000000296421097420,40.50000000000000296421097420,0.08207497511377050269347475494,-0.1076768990253264851304876498,139,0.3741007194244604316546762590,43.00000000000000319851605598,43.00000000000000319851605598,69,0.2753623188405797101449275362,-2.500000000000000234305081786,-2.500000000000000234305081786,run_2b1a7fab6e1f4db7941d1c53d96cd8a6,ema_pullback:54d1ae76b82001b77598421a
w11-lb085-r2_75,lab_3d_w11_lb_ratio,11,85,2.75,8.25,3.0,2554aa64ed15885e03a7d968c21da8f36cee763a55718eff7428d36f9d9bfd2b,208,208,0.3365384615384615384615384615,1.196804088448758741658262814,54.50000000000000410129179984,54.50000000000000410129179984,0.1303114794530507819926113317,-0.1085015433871227656689477246,139,0.3669064748201438848920863309,52.25000000000000288713579948,52.25000000000000288713579948,69,0.2753623188405797101449275362,2.250000000000001214156000372,2.250000000000001214156000372,run_d06b1d4ed86b4bc097121bcfba814c22,ema_pullback:92a66c8236abfaaf45a114d1
w11-lb085-r3_0,lab_3d_w11_lb_ratio,11,85,3.0,9.0,3.0,2554aa64ed15885e03a7d968c21da8f36cee763a55718eff7428d36f9d9bfd2b,207,207,0.3091787439613526570048309179,1.155546783884635730050241816,49.00000000000000099744085013,49.00000000000000099744085013,0.1041484940805727788995833466,-0.0883776310163080507710441266,139,0.3381294964028776978417266187,49.00000000000000115218456986,49.00000000000000115218456986,68,0.25,-1.54743719742E-16,-1.54743719742E-16,run_38b30874d2fc499191ec5828661f6d8f,ema_pullback:19b6a6c67b49f3785bea1c5d
w11-lb085-r3_25,lab_3d_w11_lb_ratio,11,85,3.25,9.75,3.0,2554aa64ed15885e03a7d968c21da8f36cee763a55718eff7428d36f9d9bfd2b,207,207,0.3043478260869565217391304348,1.239010215362896292962816176,60.75000000000000108025480738,60.75000000000000108025480738,0.164325910422103070640031786,-0.0733839244033250442020728861,139,0.3309352517985611510791366906,56.50000000000000181900072334,56.50000000000000181900072334,68,0.25,4.249999999999999261254084058,4.249999999999999261254084058,run_79f86a26e97d47ef8dd1a51444652a95,ema_pullback:a7f20854e09f5e24d96cb4c5
w11-lb085-r3_5,lab_3d_w11_lb_ratio,11,85,3.5,10.5,3.0,2554aa64ed15885e03a7d968c21da8f36cee763a55718eff7428d36f9d9bfd2b,206,206,0.2864077669902912621359223301,1.268815339097550311227268515,59.50000000000000469788180490,59.50000000000000469788180490,0.1908100306456703912993170633,-0.0782390271007111120693203573,138,0.3115942028985507246376811594,55.50000000000000385442378798,55.50000000000000385442378798,68,0.2352941176470588235294117647,4.000000000000000843458016898,4.000000000000000843458016898,run_09106bc5c0b94e04aa74856adf5a1a84,ema_pullback:340e5a5411638f3e24930a0c
w11-lb085-r3_75,lab_3d_w11_lb_ratio,11,85,3.75,11.25,3.0,2554aa64ed15885e03a7d968c21da8f36cee763a55718eff7428d36f9d9bfd2b,206,206,0.2815533980582524271844660194,1.342717286159506451098902060,69.50000000000000131968604407,69.50000000000000131968604407,0.2504071786472476977966013588,-0.0772925313077610650701607756,138,0.3043478260869565217391304348,61.50000000000000114442475431,61.50000000000000114442475431,68,0.2352941176470588235294117647,8.000000000000000175261289754,8.000000000000000175261289754,run_bf5c9caac54d4222ab0bc1cef12a2396,ema_pullback:6542aa4f2761226adf0d088a
w11-lb085-r4_0,lab_3d_w11_lb_ratio,11,85,4.0,12.0,3.0,2554aa64ed15885e03a7d968c21da8f36cee763a55718eff7428d36f9d9bfd2b,206,206,0.2669902912621359223300970874,1.279436366178755270547066362,69.00000000000000006415314651,69.00000000000000006415314651,0.2068734797481792899556658881,-0.0689027130859286631845334438,138,0.2826086956521739130434782609,56.99999999999999952357867829,56.99999999999999952357867829,68,0.2352941176470588235294117647,12.00000000000000054057446823,12.00000000000000054057446823,run_177ba2ec90584565a4e969c5499ac4c2,ema_pullback:dbbbe5b31f3fe48c4affa58a
w11-lb085-r4_25,lab_3d_w11_lb_ratio,11,85,4.25,12.75,3.0,2554aa64ed15885e03a7d968c21da8f36cee763a55718eff7428d36f9d9bfd2b,206,206,0.2669902912621359223300970874,1.358138573993765518030849039,82.75000000000000464835821353,82.75000000000000464835821353,0.27257990474729342512675347,-0.0610314771081545511589196676,138,0.2826086956521739130434782609,66.75000000000000319623408811,66.75000000000000319623408811,68,0.2352941176470588235294117647,16.00000000000000145212412545,16.00000000000000145212412545,run_fe2e22d163bf4f4aabfdb4aec24073d4,ema_pullback:4896d91769788fb89602a3a0
w11-lb085-r4_5,lab_3d_w11_lb_ratio,11,85,4.5,13.5,3.0,2554aa64ed15885e03a7d968c21da8f36cee763a55718eff7428d36f9d9bfd2b,206,206,0.2621359223300970873786407767,1.427497795274693666337100596,91.00000000000000347394673096,91.00000000000000347394673096,0.3342186583302543748314859578,-0.059416420948730784920015867,138,0.2826086956521739130434782609,76.50000000000000302726211767,76.50000000000000302726211767,68,0.2205882352941176470588235294,14.50000000000000044668461327,14.50000000000000044668461327,run_b5edf7ff698c468a96b05df20c84e3f0,ema_pullback:39578f992cb6ff8e487d57f9
w11-lb085-r4_75,lab_3d_w11_lb_ratio,11,85,4.75,14.25,3.0,2554aa64ed15885e03a7d968c21da8f36cee763a55718eff7428d36f9d9bfd2b,206,206,0.2524271844660194174757281553,1.413601839349654805875890062,93.00000000000000186878937301,93.00000000000000186878937301,0.3255349041625115959055600137,-0.0796412444602625301342765993,138,0.2753623188405797101449275362,80.50000000000000049164132203,80.50000000000000049164132203,68,0.2058823529411764705882352941,12.50000000000000137714805095,12.50000000000000137714805095,run_bce2fba8ee084a94a64e27ff36683c84,ema_pullback:e5821b42d0c77bb610d75284
w11-lb085-r5_0,lab_3d_w11_lb_ratio,11,85,5.0,15.0,3.0,2554aa64ed15885e03a7d968c21da8f36cee763a55718eff7428d36f9d9bfd2b,206,206,0.2475728155339805825242718447,1.450041834767321961956547346,100.0000000000000040622357554,100.0000000000000040622357554,0.3635155666902594977201613808,-0.0766465050400173826076904863,138,0.2681159420289855072463768116,84.00000000000000393526182173,84.00000000000000393526182173,68,0.2058823529411764705882352941,16.00000000000000012697393366,16.00000000000000012697393366,run_dc164bed26e94992bfbc81c0a5cb8ba3,ema_pullback:da636b1cc3308eb0a226e6a1
w11-lb090-r2_0,lab_3d_w11_lb_ratio,11,90,2.0,6.0,3.0,2554aa64ed15885e03a7d968c21da8f36cee763a55718eff7428d36f9d9bfd2b,207,207,0.3961352657004830917874396135,1.274000826822502745457147839,38.99999999999999921730642556,38.99999999999999921730642556,0.162286402752247015783766004,-0.1001552606734579341044410072,138,0.4492753623188405797101449275,47.99999999999999960037076453,47.99999999999999960037076453,69,0.2898550724637681159420289855,-9.000000000000000383064338939,-9.000000000000000383064338939,run_507599bec9414f4ca0db9e2c25970b4d,ema_pullback:567240dc7708cfa9c65bc73b
w11-lb090-r2_25,lab_3d_w11_lb_ratio,11,90,2.25,6.75,3.0,2554aa64ed15885e03a7d968c21da8f36cee763a55718eff7428d36f9d9bfd2b,207,207,0.3478260869565217391304347826,1.054195569821255536486102205,27.00000000000000244186053972,27.00000000000000244186053972,0.03312735899657037645506818474,-0.1143362671083025989298162105,138,0.3840579710144927536231884058,34.25000000000000212919455648,34.25000000000000212919455648,69,0.2753623188405797101449275362,-7.249999999999999687334016764,-7.249999999999999687334016764,run_468e795790484ca19e2bf869b1bad6e6,ema_pullback:c4f37ea350c515b524951832
w11-lb090-r2_5,lab_3d_w11_lb_ratio,11,90,2.5,7.5,3.0,2554aa64ed15885e03a7d968c21da8f36cee763a55718eff7428d36f9d9bfd2b,207,207,0.3381642512077294685990338164,1.120343292564347209544153166,38.00000000000000296421097422,38.00000000000000296421097422,0.07644851587812894444991170359,-0.1076768990253264851304876511,138,0.3695652173913043478260869565,40.50000000000000319851605598,40.50000000000000319851605598,69,0.2753623188405797101449275362,-2.500000000000000234305081785,-2.500000000000000234305081785,run_44869e449b6f4399bc342f91d79230aa,ema_pullback:d1fec69a5f42e89c1283b863
w11-lb090-r2_75,lab_3d_w11_lb_ratio,11,90,2.75,8.25,3.0,2554aa64ed15885e03a7d968c21da8f36cee763a55718eff7428d36f9d9bfd2b,207,207,0.3333333333333333333333333333,1.187973127775830535370462812,51.75000000000000414912154812,51.75000000000000414912154812,0.1238498375582407394077436894,-0.1085015433871227656689477316,138,0.3623188405797101449275362319,49.50000000000000293496554772,49.50000000000000293496554772,69,0.2753623188405797101449275362,2.250000000000001214156000377,2.250000000000001214156000377,run_225594c9c061496c90c877f08cda9f45,ema_pullback:62462484487a15b8e4300ca5
w11-lb090-r3_0,lab_3d_w11_lb_ratio,11,90,3.0,9.0,3.0,2554aa64ed15885e03a7d968c21da8f36cee763a55718eff7428d36f9d9bfd2b,206,206,0.3058252427184466019417475728,1.146039693057688345073810453,46.00000000000000133224908813,46.00000000000000133224908813,0.09726616953004131677937374351,-0.0883776310163080507710441293,138,0.3333333333333333333333333333,46.00000000000000148699280785,46.00000000000000148699280785,68,0.25,-1.54743719744E-16,-1.54743719744E-16,run_a4df1d78037d45bcb1b1fce7407ec281,ema_pullback:5f506f9cbbe752176df67ab3
w11-lb090-r3_25,lab_3d_w11_lb_ratio,11,90,3.25,9.75,3.0,2554aa64ed15885e03a7d968c21da8f36cee763a55718eff7428d36f9d9bfd2b,206,206,0.3009708737864077669902912621,1.228892303131452113452446464,57.50000000000000141506304538,57.50000000000000141506304538,0.1564677877161672263684989292,-0.0733839244033250442020728877,138,0.3260869565217391304347826087,53.25000000000000215380896132,53.25000000000000215380896132,68,0.25,4.249999999999999261254084067,4.249999999999999261254084067,run_ba18e33071794e18b339eb990e3813a2,ema_pullback:390b622f69e093f2f36d56e3
w11-lb090-r3_5,lab_3d_w11_lb_ratio,11,90,3.5,10.5,3.0,2554aa64ed15885e03a7d968c21da8f36cee763a55718eff7428d36f9d9bfd2b,205,205,0.2829268292682926829268292683,1.258229618556564985303637979,56.00000000000000488920079800,56.00000000000000488920079800,0.1821594352072850880457746485,-0.0782390271007111120693203590,137,0.3065693430656934306569343066,52.00000000000000404574278112,52.00000000000000404574278112,68,0.2352941176470588235294117647,4.000000000000000843458016896,4.000000000000000843458016896,run_b5dc9234941445ba9f72e1c3e9c033de,ema_pullback:a694ea5b6df6560b9da334c8
w11-lb090-r3_75,lab_3d_w11_lb_ratio,11,90,3.75,11.25,3.0,2554aa64ed15885e03a7d968c21da8f36cee763a55718eff7428d36f9d9bfd2b,205,205,0.2780487804878048780487804878,1.331616617377019591310020588,65.75000000000000203713226834,65.75000000000000203713226834,0.2406798652873155012051227573,-0.0772925313077610650701607765,137,0.2992700729927007299270072993,57.75000000000000186187097857,57.75000000000000186187097857,68,0.2352941176470588235294117647,8.000000000000000175261289758,8.000000000000000175261289758,run_c606a0001de44d5d807eff3a1f303da9,ema_pullback:16c7987c9bdc7e2471ad4579
w11-lb090-r4_0,lab_3d_w11_lb_ratio,11,90,4.0,12.0,3.0,2554aa64ed15885e03a7d968c21da8f36cee763a55718eff7428d36f9d9bfd2b,205,205,0.2634146341463414634146341463,1.267824937776296645132157747,64.99999999999999987283415337,64.99999999999999987283415337,0.1968641098244740195282429183,-0.0689027130859286631845334448,137,0.2773722627737226277372262774,52.99999999999999933225968515,52.99999999999999933225968515,68,0.2352941176470588235294117647,12.00000000000000054057446823,12.00000000000000054057446823,run_b5d7c97915474152bfc37f96ca52b5eb,ema_pullback:1cbf85875fbb44c25b00ac1e
w11-lb090-r4_25,lab_3d_w11_lb_ratio,11,90,4.25,12.75,3.0,2554aa64ed15885e03a7d968c21da8f36cee763a55718eff7428d36f9d9bfd2b,205,205,0.2634146341463414634146341463,1.346042667365916591189772118,78.50000000000000593976141720,78.50000000000000593976141720,0.2613717546946342560121557823,-0.0610314771081545511589196676,137,0.2773722627737226277372262774,62.50000000000000448763729177,62.50000000000000448763729177,68,0.2352941176470588235294117647,16.00000000000000145212412546,16.00000000000000145212412546,run_f13ed566318f488fafc5abfa98a54430,ema_pullback:fd488856b6e6547bc80a6ab6
w11-lb090-r4_5,lab_3d_w11_lb_ratio,11,90,4.5,13.5,3.0,2554aa64ed15885e03a7d968c21da8f36cee763a55718eff7428d36f9d9bfd2b,205,205,0.2585365853658536585365853659,1.414942452119535862490723469,86.50000000000000433488220004,86.50000000000000433488220004,0.3217828354937326496801368332,-0.059416420948730784920015867,137,0.2773722627737226277372262774,72.00000000000000388819758677,72.00000000000000388819758677,68,0.2205882352941176470588235294,14.50000000000000044668461327,14.50000000000000044668461327,run_7bffa10cbf734ca782e12a7f1b10803d,ema_pullback:1d2ebc4474094f494cf00edd
w11-lb090-r4_75,lab_3d_w11_lb_ratio,11,90,4.75,14.25,3.0,2554aa64ed15885e03a7d968c21da8f36cee763a55718eff7428d36f9d9bfd2b,205,205,0.2487804878048780487804878049,1.400456211561323339909564403,88.25000000000000182095962477,88.25000000000000182095962477,0.3125003868148874768881610895,-0.0796412444602625301342765977,137,0.2700729927007299270072992701,75.75000000000000044381157382,75.75000000000000044381157382,68,0.2058823529411764705882352941,12.50000000000000137714805095,12.50000000000000137714805095,run_87f3713f40d242e7939e21a7dba8c4d5,ema_pullback:6ca635581225733b72ef4132
w11-lb090-r5_0,lab_3d_w11_lb_ratio,11,90,5.0,15.0,3.0,2554aa64ed15885e03a7d968c21da8f36cee763a55718eff7428d36f9d9bfd2b,205,205,0.2439024390243902439024390244,1.436508915048182855677581912,95.00000000000000406223575538,95.00000000000000406223575538,0.3494091869230319885319791441,-0.0766465050400173826076904862,137,0.2627737226277372262773722628,79.00000000000000393526182175,79.00000000000000393526182175,68,0.2058823529411764705882352941,16.00000000000000012697393366,16.00000000000000012697393366,run_6299060668514c6299956c4252a2c675,ema_pullback:0e434385ddefee0fdc24fef7
w11-lb095-r2_0,lab_3d_w11_lb_ratio,11,95,2.0,6.0,3.0,2554aa64ed15885e03a7d968c21da8f36cee763a55718eff7428d36f9d9bfd2b,205,205,0.3951219512195121951219512195,1.272438605828348857306070101,37.99999999999999913193525851,37.99999999999999913193525851,0.1608957250478778430684628057,-0.1001552606734579341044410049,137,0.4452554744525547445255474453,45.99999999999999951499959746,45.99999999999999951499959746,68,0.2941176470588235294117647059,-8.000000000000000383064338939,-8.000000000000000383064338939,run_78169261dbac48078ae168ac664c9581,ema_pullback:c50205971a8a000736b6731f
w11-lb095-r2_25,lab_3d_w11_lb_ratio,11,95,2.25,6.75,3.0,2554aa64ed15885e03a7d968c21da8f36cee763a55718eff7428d36f9d9bfd2b,205,205,0.3512195121951219512195121951,1.058206138792457795727306019,29.00000000000000244186053970,29.00000000000000244186053970,0.03552160766200917167545350143,-0.1143362671083025989298162067,137,0.3868613138686131386861313869,35.25000000000000212919455648,35.25000000000000212919455648,68,0.2794117647058823529411764706,-6.249999999999999687334016764,-6.249999999999999687334016764,run_e9ec83f676024a118ca49d56b3bff9b1,ema_pullback:311be1552fc05be053185096
w11-lb095-r2_5,lab_3d_w11_lb_ratio,11,95,2.5,7.5,3.0,2554aa64ed15885e03a7d968c21da8f36cee763a55718eff7428d36f9d9bfd2b,205,205,0.3414634146341463414634146341,1.124453867105560207281674126,40.00000000000000296421097420,40.00000000000000296421097420,0.07894316031873110033862723393,-0.1076768990253264851304876454,137,0.3722627737226277372262773723,41.50000000000000319851605598,41.50000000000000319851605598,68,0.2794117647058823529411764706,-1.500000000000000234305081788,-1.500000000000000234305081788,run_5fe6dc05308543128489e60668094a0a,ema_pullback:a80181c1de86b1ae8fa64cf0
w11-lb095-r2_75,lab_3d_w11_lb_ratio,11,95,2.75,8.25,3.0,2554aa64ed15885e03a7d968c21da8f36cee763a55718eff7428d36f9d9bfd2b,205,205,0.3365853658536585365853658537,1.192186171153994787714605709,53.75000000000000414912154813,53.75000000000000414912154813,0.1264543334611861933260716745,-0.1085015433871227656689477304,137,0.3649635036496350364963503650,50.50000000000000293496554775,50.50000000000000293496554775,68,0.2794117647058823529411764706,3.250000000000001214156000378,3.250000000000001214156000378,run_bc7bf9bcf0044f16b6cbf0be53015d2d,ema_pullback:5b340f5c51d46e630593b572
w11-lb095-r3_0,lab_3d_w11_lb_ratio,11,95,3.0,9.0,3.0,2554aa64ed15885e03a7d968c21da8f36cee763a55718eff7428d36f9d9bfd2b,204,204,0.3088235294117647058823529412,1.150039800823211206500146381,48.00000000000000133224908811,48.00000000000000133224908811,0.09980905839959951943105023129,-0.0883776310163080507710441294,137,0.3357664233576642335766423358,47.00000000000000148699280784,47.00000000000000148699280784,67,0.2537313432835820895522388060,0.999999999999999845256280261,0.999999999999999845256280261,run_6e7397c27d394ecaab155a2e958f3296,ema_pullback:9b136655d6d4265d2561d90e
w11-lb095-r3_25,lab_3d_w11_lb_ratio,11,95,3.25,9.75,3.0,2554aa64ed15885e03a7d968c21da8f36cee763a55718eff7428d36f9d9bfd2b,204,204,0.3039215686274509803921568627,1.233075647001827055578118005,59.50000000000000141506304540,59.50000000000000141506304540,0.159147874961220603189146144,-0.0733839244033250442020728855,137,0.3284671532846715328467153285,54.25000000000000215380896132,54.25000000000000215380896132,67,0.2537313432835820895522388060,5.249999999999999261254084059,5.249999999999999261254084059,run_5b7405ddf29f4904aefddadc0902250a,ema_pullback:6cc79e59f902a7f0bc313770
w11-lb095-r3_5,lab_3d_w11_lb_ratio,11,95,3.5,10.5,3.0,2554aa64ed15885e03a7d968c21da8f36cee763a55718eff7428d36f9d9bfd2b,203,203,0.2857142857142857142857142857,1.262382174804285510509426360,58.00000000000000488920079799,58.00000000000000488920079799,0.1848990622488435897596339433,-0.0782390271007111120693203622,136,0.3088235294117647058823529412,53.00000000000000404574278110,53.00000000000000404574278110,67,0.2388059701492537313432835821,5.000000000000000843458016895,5.000000000000000843458016895,run_a3ba11c61ac547c6bffcd6472eed981a,ema_pullback:866abf1d20d4384db46f2961
w11-lb095-r3_75,lab_3d_w11_lb_ratio,11,95,3.75,11.25,3.0,2554aa64ed15885e03a7d968c21da8f36cee763a55718eff7428d36f9d9bfd2b,203,203,0.2807881773399014778325123153,1.335892244045321793025037972,67.75000000000000203713226834,67.75000000000000203713226834,0.2435551120667503689145575852,-0.0772925313077610650701607776,136,0.3014705882352941176470588235,58.75000000000000186187097857,58.75000000000000186187097857,67,0.2388059701492537313432835821,9.000000000000000175261289748,9.000000000000000175261289748,run_dc3c4b2e782d4a8fba001fc4386d37a3,ema_pullback:357505efe8184ab63e66096b
w11-lb095-r4_0,lab_3d_w11_lb_ratio,11,95,4.0,12.0,3.0,2554aa64ed15885e03a7d968c21da8f36cee763a55718eff7428d36f9d9bfd2b,203,203,0.2660098522167487684729064039,1.271842494441541099019920281,66.99999999999999987283415338,66.99999999999999987283415338,0.199637814608017895573884177,-0.0689027130859286631845334462,136,0.2794117647058823529411764706,53.99999999999999933225968514,53.99999999999999933225968514,67,0.2388059701492537313432835821,13.00000000000000054057446823,13.00000000000000054057446823,run_043801f6356a4ac3a81d0c991ffc74a2,ema_pullback:1ed3b7dfc5449d541f75a7a1
w11-lb095-r4_25,lab_3d_w11_lb_ratio,11,95,4.25,12.75,3.0,2554aa64ed15885e03a7d968c21da8f36cee763a55718eff7428d36f9d9bfd2b,203,203,0.2660098522167487684729064039,1.350198352984951146882365330,80.50000000000000593976141720,80.50000000000000593976141720,0.2642949544473085484387758842,-0.0604460543348619416497899186,136,0.2794117647058823529411764706,63.50000000000000448763729175,63.50000000000000448763729175,67,0.2388059701492537313432835821,17.00000000000000145212412546,17.00000000000000145212412546,run_1c8ed12116aa421ea314a4ffb32b74cc,ema_pullback:d2513e2b0f76c9fee0637f85
w11-lb095-r4_5,lab_3d_w11_lb_ratio,11,95,4.5,13.5,3.0,2554aa64ed15885e03a7d968c21da8f36cee763a55718eff7428d36f9d9bfd2b,203,203,0.2610837438423645320197044335,1.419201662009550827481371308,88.50000000000000433488220005,88.50000000000000433488220005,0.3248460365234241706355313289,-0.0572595415981261492563701366,136,0.2794117647058823529411764706,73.00000000000000388819758679,73.00000000000000388819758679,67,0.2238805970149253731343283582,15.50000000000000044668461326,15.50000000000000044668461326,run_19e321ac5f864d7a94335b20892538b7,ema_pullback:dc981bc6471dacdf6a31c18c
w11-lb095-r4_75,lab_3d_w11_lb_ratio,11,95,4.75,14.25,3.0,2554aa64ed15885e03a7d968c21da8f36cee763a55718eff7428d36f9d9bfd2b,203,203,0.2512315270935960591133004926,1.404646229714856898955857548,90.25000000000000182095962477,90.25000000000000182095962477,0.3155420759853026015629768782,-0.0796412444602625301342766011,136,0.2720588235294117647058823529,76.75000000000000044381157379,76.75000000000000044381157379,67,0.2089552238805970149253731343,13.50000000000000137714805095,13.50000000000000137714805095,run_436ba54b46054d839fd8c6cc19cc8672,ema_pullback:6e4dbc9510b24afbb95995bc
w11-lb095-r5_0,lab_3d_w11_lb_ratio,11,95,5.0,15.0,3.0,2554aa64ed15885e03a7d968c21da8f36cee763a55718eff7428d36f9d9bfd2b,203,203,0.2463054187192118226600985222,1.440701892494014701445772751,97.0000000000000040622357554,97.0000000000000040622357554,0.3525364113806818844345917593,-0.0766465050400173826076904872,136,0.2647058823529411764705882353,80.00000000000000393526182174,80.00000000000000393526182174,67,0.2089552238805970149253731343,17.00000000000000012697393365,17.00000000000000012697393365,run_e41fb5abc9914fb799d602f8a9ac9541,ema_pullback:448abc177e93cbb179bec812
w11-lb100-r2_0,lab_3d_w11_lb_ratio,11,100,2.0,6.0,3.0,2554aa64ed15885e03a7d968c21da8f36cee763a55718eff7428d36f9d9bfd2b,202,202,0.3960396039603960396039603960,1.276906221671127403181655540,37.99999999999999913193525851,37.99999999999999913193525851,0.1628201358652746644251266023,-0.1001552606734579341044410088,134,0.4477611940298507462686567164,45.99999999999999951499959746,45.99999999999999951499959746,68,0.2941176470588235294117647059,-8.00000000000000038306433894,-8.00000000000000038306433894,run_cde65041351b47cb863807c9d00e7dca,ema_pullback:2e5d43de9255579bd221fa93
w11-lb100-r2_25,lab_3d_w11_lb_ratio,11,100,2.25,6.75,3.0,2554aa64ed15885e03a7d968c21da8f36cee763a55718eff7428d36f9d9bfd2b,202,202,0.3514851485148514851485148515,1.060966215666960293981253394,28.75000000000000273696913057,28.75000000000000273696913057,0.03706271563234443420630891675,-0.1143362671083025989298162046,134,0.3880597014925373134328358209,35.00000000000000242430314733,35.00000000000000242430314733,68,0.2794117647058823529411764706,-6.249999999999999687334016754,-6.249999999999999687334016754,run_4492957aca704386ba40bf7c3c831ae3,ema_pullback:916ca89063ce23666bc532fe
w11-lb100-r2_5,lab_3d_w11_lb_ratio,11,100,2.5,7.5,3.0,2554aa64ed15885e03a7d968c21da8f36cee763a55718eff7428d36f9d9bfd2b,202,202,0.3415841584158415841584158416,1.127177872966541680447047763,39.50000000000000296421097420,39.50000000000000296421097420,0.08036612329059452543230006788,-0.1076768990253264851304876469,134,0.3731343283582089552238805970,41.00000000000000319851605596,41.00000000000000319851605596,68,0.2794117647058823529411764706,-1.500000000000000234305081787,-1.500000000000000234305081787,run_1714f7d0f4664b409c10c3adf9664854,ema_pullback:e57c0b1dfe212ad55c73bc0d
w11-lb100-r2_75,lab_3d_w11_lb_ratio,11,100,2.75,8.25,3.0,2554aa64ed15885e03a7d968c21da8f36cee763a55718eff7428d36f9d9bfd2b,202,202,0.3366336633663366336633663366,1.194880289521600218636957580,53.00000000000000444423013899,53.00000000000000444423013899,0.1277492060789014861262009024,-0.1085015433871227656689477293,134,0.3656716417910447761194029851,49.75000000000000323007413861,49.75000000000000323007413861,68,0.2794117647058823529411764706,3.250000000000001214156000375,3.250000000000001214156000375,run_60ca869b1d8b4216836e4b1bd77f2d80,ema_pullback:e565be6a78f789b654761c54
w11-lb100-r3_0,lab_3d_w11_lb_ratio,11,100,3.0,9.0,3.0,2554aa64ed15885e03a7d968c21da8f36cee763a55718eff7428d36f9d9bfd2b,201,201,0.3084577114427860696517412935,1.152199387319850658904826858,47.00000000000000192246626983,47.00000000000000192246626983,0.100887126557886720638041155,-0.0883776310163080507710441257,134,0.3358208955223880597014925373,46.00000000000000207720998958,46.00000000000000207720998958,67,0.2537313432835820895522388060,0.999999999999999845256280257,0.999999999999999845256280257,run_70430ca7101b43948a29e8406728d65c,ema_pullback:60977bbb3af0bc326583f39c
w11-lb100-r3_25,lab_3d_w11_lb_ratio,11,100,3.25,9.75,3.0,2554aa64ed15885e03a7d968c21da8f36cee763a55718eff7428d36f9d9bfd2b,201,201,0.3034825870646766169154228856,1.235288504970695071228935974,58.25000000000000156261734079,58.25000000000000156261734079,0.1600879550182674435547704738,-0.0733839244033250442020728863,134,0.3283582089552238805970149254,53.00000000000000230136325675,53.00000000000000230136325675,67,0.2537313432835820895522388060,5.249999999999999261254084064,5.249999999999999261254084064,run_23177592baf54f3daf0575342f7c6e77,ema_pullback:7a80a40c8f5f3c14d2b67bdc
w11-lb100-r3_5,lab_3d_w11_lb_ratio,11,100,3.5,10.5,3.0,2554aa64ed15885e03a7d968c21da8f36cee763a55718eff7428d36f9d9bfd2b,201,201,0.2835820895522388059701492537,1.260579799268478784192154575,55.50000000000000488920079800,55.50000000000000488920079800,0.1835130478653354366045086816,-0.0782390271007111120693203639,134,0.3059701492537313432835820896,50.50000000000000404574278113,50.50000000000000404574278113,67,0.2388059701492537313432835821,5.000000000000000843458016897,5.000000000000000843458016897,run_235ffb13463e4046a4a8d4d818435ecf,ema_pullback:cb9d61abd15f031cc25b725e
w11-lb100-r3_75,lab_3d_w11_lb_ratio,11,100,3.75,11.25,3.0,2554aa64ed15885e03a7d968c21da8f36cee763a55718eff7428d36f9d9bfd2b,201,201,0.2786069651741293532338308458,1.333793877329400074359026882,65.00000000000000277490374550,65.00000000000000277490374550,0.241890571268633716205252128,-0.0772925313077610650701607790,134,0.2985074626865671641791044776,56.00000000000000259964245573,56.00000000000000259964245573,67,0.2388059701492537313432835821,9.000000000000000175261289751,9.000000000000000175261289751,run_7bc4b31482824cc5af7b15123e4dc73c,ema_pullback:962101827b78f10ad8853898
w11-lb100-r4_0,lab_3d_w11_lb_ratio,11,100,4.0,12.0,3.0,2554aa64ed15885e03a7d968c21da8f36cee763a55718eff7428d36f9d9bfd2b,201,201,0.2636815920398009950248756219,1.269535441538299464419671753,63.99999999999999987283415338,63.99999999999999987283415338,0.1978296258113509908887795896,-0.0689027130859286631845334437,134,0.2761194029850746268656716418,50.99999999999999933225968514,50.99999999999999933225968514,67,0.2388059701492537313432835821,13.00000000000000054057446823,13.00000000000000054057446823,run_6a20ed2512504e13909b9494fabaf61f,ema_pullback:74dd3bb157cc90c8eecd0cf0
w11-lb100-r4_25,lab_3d_w11_lb_ratio,11,100,4.25,12.75,3.0,2554aa64ed15885e03a7d968c21da8f36cee763a55718eff7428d36f9d9bfd2b,201,201,0.2636815920398009950248756219,1.347578138545340985045499616,77.25000000000000623487000811,77.25000000000000623487000811,0.2621760380332345849950053446,-0.0604460543348619416497899179,134,0.2761194029850746268656716418,60.25000000000000478274588264,60.25000000000000478274588264,67,0.2388059701492537313432835821,17.00000000000000145212412547,17.00000000000000145212412547,run_453afb9817ed4017be658466244f6f43,ema_pullback:f17855d274ad23979464e3c7
w11-lb100-r4_5,lab_3d_w11_lb_ratio,11,100,4.5,13.5,3.0,2554aa64ed15885e03a7d968c21da8f36cee763a55718eff7428d36f9d9bfd2b,201,201,0.2587064676616915422885572139,1.416258286835965535191178640,85.00000000000000477754508637,85.00000000000000477754508637,0.3224022284950160506712088109,-0.0572595415981261492563701350,134,0.2761194029850746268656716418,69.50000000000000433086047309,69.50000000000000433086047309,67,0.2238805970149253731343283582,15.50000000000000044668461326,15.50000000000000044668461326,run_67b7cf26d94a4ad7a57e703c4a29c5b4,ema_pullback:fdfe1bd6f3b5e03066e035a1
w11-lb100-r4_75,lab_3d_w11_lb_ratio,11,100,4.75,14.25,3.0,2554aa64ed15885e03a7d968c21da8f36cee763a55718eff7428d36f9d9bfd2b,201,201,0.2487562189054726368159203980,1.401451796036757588527151097,86.50000000000000255873110195,86.50000000000000255873110195,0.3128936638796492834723924134,-0.0796412444602625301342765975,134,0.2686567164179104477611940299,73.00000000000000118158305096,73.00000000000000118158305096,67,0.2089552238805970149253731343,13.50000000000000137714805095,13.50000000000000137714805095,run_46383f7ae2a54ceaa9f6350451924b2b,ema_pullback:83fc929e8f294dde1cf7fd75
w11-lb100-r5_0,lab_3d_w11_lb_ratio,11,100,5.0,15.0,3.0,2554aa64ed15885e03a7d968c21da8f36cee763a55718eff7428d36f9d9bfd2b,201,201,0.2437810945273631840796019900,1.437218691064155293487645235,93.00000000000000406223575541,93.00000000000000406223575541,0.3495855979010174317020971684,-0.0766465050400173826076904842,134,0.2611940298507462686567164179,76.00000000000000393526182172,76.00000000000000393526182172,67,0.2089552238805970149253731343,17.00000000000000012697393366,17.00000000000000012697393366,run_412eb8c673a64445b803a8ae56f06bfb,ema_pullback:4a1b9b40d02a33f798be6ca7
w11-lb105-r2_0,lab_3d_w11_lb_ratio,11,105,2.0,6.0,3.0,2554aa64ed15885e03a7d968c21da8f36cee763a55718eff7428d36f9d9bfd2b,201,201,0.3980099502487562189054726368,1.289751541991624847376559752,38.99999999999999913193525852,38.99999999999999913193525852,0.1691602773709637248971751721,-0.0952489619222457644463716467,133,0.4511278195488721804511278195,46.99999999999999951499959747,46.99999999999999951499959747,68,0.2941176470588235294117647059,-8.00000000000000038306433894,-8.00000000000000038306433894,run_142acea9e1e8488c98715074a79debfc,ema_pullback:daed63624717a7f9f3ab6b39
w11-lb105-r2_25,lab_3d_w11_lb_ratio,11,105,2.25,6.75,3.0,2554aa64ed15885e03a7d968c21da8f36cee763a55718eff7428d36f9d9bfd2b,201,201,0.3532338308457711442786069652,1.070696838350905951679874727,29.75000000000000273696913059,29.75000000000000273696913059,0.0427171794351152504535681818,-0.1095072886448261580847429376,133,0.3909774436090225563909774436,36.00000000000000242430314735,36.00000000000000242430314735,68,0.2794117647058823529411764706,-6.249999999999999687334016763,-6.249999999999999687334016763,run_1a0944186b7449db85f600d3ef747877,ema_pullback:a2d40b543b435b6bc2a56f9d
w11-lb105-r2_5,lab_3d_w11_lb_ratio,11,105,2.5,7.5,3.0,2554aa64ed15885e03a7d968c21da8f36cee763a55718eff7428d36f9d9bfd2b,201,201,0.3432835820895522388059701493,1.137316507660764178831362883,40.50000000000000296421097418,40.50000000000000296421097418,0.08625669388560586966125775173,-0.1028116111321435142890682546,133,0.3759398496240601503759398496,42.00000000000000319851605596,42.00000000000000319851605596,68,0.2794117647058823529411764706,-1.500000000000000234305081787,-1.500000000000000234305081787,run_34e7cec145594933979f097ad7b64ff7,ema_pullback:03087ed840efdc66af0430f2
w11-lb105-r2_75,lab_3d_w11_lb_ratio,11,105,2.75,8.25,3.0,2554aa64ed15885e03a7d968c21da8f36cee763a55718eff7428d36f9d9bfd2b,201,201,0.3383084577114427860696517413,1.205462358540025607453586876,54.00000000000000444423013900,54.00000000000000444423013900,0.1338981274201613905800852283,-0.1036407517713815047180052396,133,0.3684210526315789473684210526,50.75000000000000323007413862,50.75000000000000323007413862,68,0.2794117647058823529411764706,3.250000000000001214156000375,3.250000000000001214156000375,run_48f4d2ce1cea439a950e08497d4eb720,ema_pullback:7249340cfa534718e1886f01
w11-lb105-r3_0,lab_3d_w11_lb_ratio,11,105,3.0,9.0,3.0,2554aa64ed15885e03a7d968c21da8f36cee763a55718eff7428d36f9d9bfd2b,200,200,0.31,1.162153134809631718041659378,48.00000000000000192246626985,48.00000000000000192246626985,0.1068895855357531879295666488,-0.0834071161096262600249253249,133,0.3383458646616541353383458647,47.00000000000000207720998958,47.00000000000000207720998958,67,0.2537313432835820895522388060,0.999999999999999845256280261,0.999999999999999845256280261,run_2aa170945377432186333719c80e067d,ema_pullback:8052ca97748b8afbe876d8c0
w11-lb105-r3_25,lab_3d_w11_lb_ratio,11,105,3.25,9.75,3.0,2554aa64ed15885e03a7d968c21da8f36cee763a55718eff7428d36f9d9bfd2b,200,200,0.305,1.245926096893115882437031232,59.25000000000000156261734081,59.25000000000000156261734081,0.166413199625756276985422111,-0.0700696843689024887534172018,133,0.3308270676691729323308270677,54.00000000000000230136325675,54.00000000000000230136325675,67,0.2537313432835820895522388060,5.249999999999999261254084059,5.249999999999999261254084059,run_d74d283533294fc3bdcfa1b9a48957c6,ema_pullback:b929ee783d6c164db7a72abb
w11-lb105-r3_5,lab_3d_w11_lb_ratio,11,105,3.5,10.5,3.0,2554aa64ed15885e03a7d968c21da8f36cee763a55718eff7428d36f9d9bfd2b,200,200,0.285,1.271190213552765009302402264,56.50000000000000488920079800,56.50000000000000488920079800,0.1899660150662447912421354894,-0.0774362089054640629250186484,133,0.3082706766917293233082706767,51.50000000000000404574278112,51.50000000000000404574278112,67,0.2388059701492537313432835821,5.000000000000000843458016899,5.000000000000000843458016899,run_e344db070f1e4a55ba49a680acba73a8,ema_pullback:6c65b2e068647df16c9fce3a
w11-lb105-r3_75,lab_3d_w11_lb_ratio,11,105,3.75,11.25,3.0,2554aa64ed15885e03a7d968c21da8f36cee763a55718eff7428d36f9d9bfd2b,200,200,0.28,1.344961358797876282432533645,66.00000000000000277490374550,66.00000000000000277490374550,0.2486618351241268615589232891,-0.0772925313077610650701607789,133,0.3007518796992481203007518797,57.00000000000000259964245573,57.00000000000000259964245573,67,0.2388059701492537313432835821,9.000000000000000175261289750,9.000000000000000175261289750,run_9314ef09f4ac4873a1539ac76d8341fd,ema_pullback:b072d0e43a478aba4771d98f
w11-lb105-r4_0,lab_3d_w11_lb_ratio,11,105,4.0,12.0,3.0,2554aa64ed15885e03a7d968c21da8f36cee763a55718eff7428d36f9d9bfd2b,200,200,0.265,1.279854216983860928916321985,64.99999999999999987283415337,64.99999999999999987283415337,0.20436065248788803833933824,-0.0689027130859286631845334457,133,0.2781954887218045112781954887,51.99999999999999933225968515,51.99999999999999933225968515,67,0.2388059701492537313432835821,13.00000000000000054057446823,13.00000000000000054057446823,run_f6ee8a086b7f474280348d6221f178a2,ema_pullback:2fb0bf0114238baafcad5c79
w11-lb105-r4_25,lab_3d_w11_lb_ratio,11,105,4.25,12.75,3.0,2554aa64ed15885e03a7d968c21da8f36cee763a55718eff7428d36f9d9bfd2b,200,200,0.265,1.358500990636195908992359822,78.25000000000000623487000807,78.25000000000000623487000807,0.2690579060362047767275520191,-0.0604460543348619416497899213,133,0.2781954887218045112781954887,61.25000000000000478274588264,61.25000000000000478274588264,67,0.2388059701492537313432835821,17.00000000000000145212412547,17.00000000000000145212412547,run_82bcb6c613a2464a9487b1ff440e7167,ema_pullback:01f92eff78ab742b297a4d47
w11-lb105-r4_5,lab_3d_w11_lb_ratio,11,105,4.5,13.5,3.0,2554aa64ed15885e03a7d968c21da8f36cee763a55718eff7428d36f9d9bfd2b,200,200,0.26,1.427693653797966794991346123,86.00000000000000477754508638,86.00000000000000477754508638,0.3296124727946283190256232126,-0.0572595415981261492563701372,133,0.2781954887218045112781954887,70.50000000000000433086047309,70.50000000000000433086047309,67,0.2238805970149253731343283582,15.50000000000000044668461326,15.50000000000000044668461326,run_ea6d495ddf304c62807d87d0a6feedc7,ema_pullback:4a3913d0f0fb42800a6567a5
w11-lb105-r4_75,lab_3d_w11_lb_ratio,11,105,4.75,14.25,3.0,2554aa64ed15885e03a7d968c21da8f36cee763a55718eff7428d36f9d9bfd2b,200,200,0.25,1.412670465033816689833125812,87.50000000000000255873110195,87.50000000000000255873110195,0.3200520638369441102891814008,-0.0796412444602625301342765995,133,0.2706766917293233082706766917,74.00000000000000118158305097,74.00000000000000118158305097,67,0.2089552238805970149253731343,13.50000000000000137714805095,13.50000000000000137714805095,run_09cddd6544264d92b5be472a1e746b57,ema_pullback:ece86b5da90e0a94947710d2
w11-lb105-r5_0,lab_3d_w11_lb_ratio,11,105,5.0,15.0,3.0,2554aa64ed15885e03a7d968c21da8f36cee763a55718eff7428d36f9d9bfd2b,200,200,0.245,1.448611350919001659800450805,94.00000000000000406223575540,94.00000000000000406223575540,0.3569440563597414371271184219,-0.0766465050400173826076904861,133,0.2631578947368421052631578947,77.00000000000000393526182173,77.00000000000000393526182173,67,0.2089552238805970149253731343,17.00000000000000012697393366,17.00000000000000012697393366,run_b86b60fda4f54409bd6bbbe1ec8c1ca6,ema_pullback:6c66c550a49586ab7f7ab415
w11-lb110-r2_0,lab_3d_w11_lb_ratio,11,110,2.0,6.0,3.0,2554aa64ed15885e03a7d968c21da8f36cee763a55718eff7428d36f9d9bfd2b,199,199,0.3969849246231155778894472362,1.281096458242987433126483259,37.99999999999999913193525851,37.99999999999999913193525851,0.1629627279896163654350035898,-0.1024071087532204067015485857,131,0.4503816793893129770992366412,45.99999999999999951499959746,45.99999999999999951499959746,68,0.2941176470588235294117647059,-8.00000000000000038306433894,-8.00000000000000038306433894,run_4e8bf0761dd74b26bbcc7f1653d37e23,ema_pullback:da654d0ead437b0860cc2f42
w11-lb110-r2_25,lab_3d_w11_lb_ratio,11,110,2.25,6.75,3.0,2554aa64ed15885e03a7d968c21da8f36cee763a55718eff7428d36f9d9bfd2b,199,199,0.3517587939698492462311557789,1.060277498277475660089341620,28.50000000000000261157453999,28.50000000000000261157453999,0.03616515411611984871508049923,-0.1174254639693740595469085256,131,0.3893129770992366412213740458,34.75000000000000229890855675,34.75000000000000229890855675,68,0.2794117647058823529411764706,-6.249999999999999687334016764,-6.249999999999999687334016764,run_cfbe6ee48de8475997e03fae792ed786,ema_pullback:947ba7aa023cb7d37fd4ff1a
w11-lb110-r2_5,lab_3d_w11_lb_ratio,11,110,2.5,7.5,3.0,2554aa64ed15885e03a7d968c21da8f36cee763a55718eff7428d36f9d9bfd2b,199,199,0.3417085427135678391959798995,1.125702011172033290425943450,39.00000000000000296421097422,39.00000000000000296421097422,0.07836566962593832907753319211,-0.1116669872746858507935993882,131,0.3740458015267175572519083969,40.50000000000000319851605600,40.50000000000000319851605600,68,0.2794117647058823529411764706,-1.500000000000000234305081785,-1.500000000000000234305081785,run_02758b9870cc4d53b1198766f4627c1a,ema_pullback:8203f4de727b282a9b4346fc
w11-lb110-r2_75,lab_3d_w11_lb_ratio,11,110,2.75,8.25,3.0,2554aa64ed15885e03a7d968c21da8f36cee763a55718eff7428d36f9d9bfd2b,199,199,0.3366834170854271356783919598,1.192672148179173751287286483,52.25000000000000406804636724,52.25000000000000406804636724,0.1245510680133958000463897655,-0.1133630673565850664342083530,131,0.3664122137404580152671755725,49.00000000000000285389036686,49.00000000000000285389036686,68,0.2794117647058823529411764706,3.250000000000001214156000376,3.250000000000001214156000376,run_79660722210642b9b2ff7f5422020c65,ema_pullback:2ab5e64b0371ecc3b32b275c
w11-lb110-r3_0,lab_3d_w11_lb_ratio,11,110,3.0,9.0,3.0,2554aa64ed15885e03a7d968c21da8f36cee763a55718eff7428d36f9d9bfd2b,198,198,0.3080808080808080808080808081,1.147911277890662758208060677,46.00000000000000192246626985,46.00000000000000192246626985,0.09668379050875028544328800662,-0.0942420092240817170326466144,131,0.3358778625954198473282442748,45.00000000000000207720998959,45.00000000000000207720998959,67,0.2537313432835820895522388060,0.999999999999999845256280254,0.999999999999999845256280254,run_585688804db2473381b4932af2c0a76e,ema_pullback:fff70cad317dc8b1a6cf3410
w11-lb110-r3_25,lab_3d_w11_lb_ratio,11,110,3.25,9.75,3.0,2554aa64ed15885e03a7d968c21da8f36cee763a55718eff7428d36f9d9bfd2b,198,198,0.3030303030303030303030303030,1.230406939685295134250379269,57.00000000000000118643356905,57.00000000000000118643356905,0.1545212983926112839587650391,-0.0802507726477292073305180781,131,0.3282442748091603053435114504,51.75000000000000192517948498,51.75000000000000192517948498,67,0.2537313432835820895522388060,5.249999999999999261254084061,5.249999999999999261254084061,run_207de2ce5e674d1cbc58342c083b7d52,ema_pullback:5b4a9d5eeacfdea97f9ce3c1
w11-lb110-r3_5,lab_3d_w11_lb_ratio,11,110,3.5,10.5,3.0,2554aa64ed15885e03a7d968c21da8f36cee763a55718eff7428d36f9d9bfd2b,198,198,0.2828282828282828282828282828,1.254632051274900886043422318,54.00000000000000463841161682,54.00000000000000463841161682,0.1766760193807811817862195994,-0.0859693934395237190883709312,131,0.3053435114503816793893129771,49.00000000000000379495359993,49.00000000000000379495359993,67,0.2388059701492537313432835821,5.000000000000000843458016898,5.000000000000000843458016898,run_75e62fd38fcd42b095d58ddd4c925d53,ema_pullback:73f2d53587139f89e5607ebc
w11-lb110-r3_75,lab_3d_w11_lb_ratio,11,110,3.75,11.25,3.0,2554aa64ed15885e03a7d968c21da8f36cee763a55718eff7428d36f9d9bfd2b,198,198,0.2777777777777777777777777778,1.327221034883434209669443501,63.25000000000000264950915492,63.25000000000000264950915492,0.2335036043817343634275346347,-0.0848318463921647650248362454,131,0.2977099236641221374045801527,54.25000000000000247424786517,54.25000000000000247424786517,67,0.2388059701492537313432835821,9.000000000000000175261289754,9.000000000000000175261289754,run_fe0291286f634bf4a55ee207123193ad,ema_pullback:606364a380787a04d00b0ba9
w11-lb110-r4_0,lab_3d_w11_lb_ratio,11,110,4.0,12.0,3.0,2554aa64ed15885e03a7d968c21da8f36cee763a55718eff7428d36f9d9bfd2b,198,198,0.2626262626262626262626262626,1.260991449704754122398221330,61.99999999999999987283415337,61.99999999999999987283415337,0.1885728424161965711324595862,-0.0755063328798335835854498813,131,0.2748091603053435114503816794,48.99999999999999933225968515,48.99999999999999933225968515,67,0.2388059701492537313432835821,13.00000000000000054057446823,13.00000000000000054057446823,run_e09554d2c0d6464ca263b7449c6a5e37,ema_pullback:ab2e44a054cf0f128ab6d3b2
w11-lb110-r4_25,lab_3d_w11_lb_ratio,11,110,4.25,12.75,3.0,2554aa64ed15885e03a7d968c21da8f36cee763a55718eff7428d36f9d9bfd2b,198,198,0.2626262626262626262626262626,1.338474168403527911742533952,75.00000000000000560789705514,75.00000000000000560789705514,0.251194311865997791454220401,-0.0660962828999521701030607994,131,0.2748091603053435114503816794,58.00000000000000415577292967,58.00000000000000415577292967,67,0.2388059701492537313432835821,17.00000000000000145212412547,17.00000000000000145212412547,run_1bacb7890de148739eb89f7890a6aa34,ema_pullback:857e11711cd9ab9c6d922f4b
w11-lb110-r4_5,lab_3d_w11_lb_ratio,11,110,4.5,13.5,3.0,2554aa64ed15885e03a7d968c21da8f36cee763a55718eff7428d36f9d9bfd2b,198,198,0.2575757575757575757575757576,1.406519457079933162121987277,82.50000000000000427596672402,82.50000000000000427596672402,0.3096127597239276750834270322,-0.0619121277750856102253704712,131,0.2748091603053435114503816794,67.00000000000000382928211073,67.00000000000000382928211073,67,0.2238805970149253731343283582,15.50000000000000044668461327,15.50000000000000044668461327,run_054920828e8740f0914cc4e51554b6d7,ema_pullback:8891664e5511bf3f8a4a7814
w11-lb110-r4_75,lab_3d_w11_lb_ratio,11,110,4.75,14.25,3.0,2554aa64ed15885e03a7d968c21da8f36cee763a55718eff7428d36f9d9bfd2b,198,198,0.2474747474747474747474747475,1.390201060440474083920310159,83.75000000000000193175814899,83.75000000000000193175814899,0.298924143628269926448338394,-0.0838301804305918067464852566,131,0.2671755725190839694656488550,70.25000000000000055461009803,70.25000000000000055461009803,67,0.2089552238805970149253731343,13.50000000000000137714805095,13.50000000000000137714805095,run_3ab90be1d35f4cf7b9fd8004df66035a,ema_pullback:e4be54a2f94d8b880a276e59
w11-lb110-r5_0,lab_3d_w11_lb_ratio,11,110,5.0,15.0,3.0,2554aa64ed15885e03a7d968c21da8f36cee763a55718eff7428d36f9d9bfd2b,198,198,0.2424242424242424242424242424,1.425133137215524761084859161,90.00000000000000406223575537,90.00000000000000406223575537,0.3339206602009309481269692029,-0.0808490713165763980301143872,131,0.2595419847328244274809160305,73.00000000000000393526182174,73.00000000000000393526182174,67,0.2089552238805970149253731343,17.00000000000000012697393365,17.00000000000000012697393365,run_e906fcd9f9fa448d89c1707b7f10bbf1,ema_pullback:1b786513a250a547a4236ad7
w11-lb115-r2_0,lab_3d_w11_lb_ratio,11,115,2.0,6.0,3.0,2554aa64ed15885e03a7d968c21da8f36cee763a55718eff7428d36f9d9bfd2b,196,196,0.3979591836734693877551020408,1.285636812178220470201117612,37.99999999999999937810088800,37.99999999999999937810088800,0.1627645591883089410501982061,-0.0952687080563219519244999342,128,0.453125,45.99999999999999976116522697,45.99999999999999976116522697,68,0.2941176470588235294117647059,-8.00000000000000038306433894,-8.00000000000000038306433894,run_4cab6f0e724147a4a868b461340dce37,ema_pullback:d5c5416fcb7af3bfe4314d5a
w11-lb115-r2_25,lab_3d_w11_lb_ratio,11,115,2.25,6.75,3.0,2554aa64ed15885e03a7d968c21da8f36cee763a55718eff7428d36f9d9bfd2b,196,196,0.3520408163265306122448979592,1.059178214971650889994765118,28.25000000000000267311594737,28.25000000000000267311594737,0.03494599559100680762794576462,-0.1184639067942220766205450826,128,0.390625,34.50000000000000236044996413,34.50000000000000236044996413,68,0.2794117647058823529411764706,-6.249999999999999687334016760,-6.249999999999999687334016760,run_6d195f844f214b1cb53c972c6866e708,ema_pullback:fc8360ecd0e346a322ed56d4
w11-lb115-r2_5,lab_3d_w11_lb_ratio,11,115,2.5,7.5,3.0,2554aa64ed15885e03a7d968c21da8f36cee763a55718eff7428d36f9d9bfd2b,196,196,0.3418367346938775510204081633,1.123956194067280656809230861,38.50000000000000357962504791,38.50000000000000357962504791,0.0760139810126664315632383513,-0.1136042546503658447525437424,128,0.375,40.00000000000000381393012972,40.00000000000000381393012972,68,0.2794117647058823529411764706,-1.500000000000000234305081788,-1.500000000000000234305081788,run_17cbff4cb8ae41c2b59b495b01f4847c,ema_pullback:a28cf2169fda8e4b2b2707de
w11-lb115-r2_75,lab_3d_w11_lb_ratio,11,115,2.75,8.25,3.0,2554aa64ed15885e03a7d968c21da8f36cee763a55718eff7428d36f9d9bfd2b,196,196,0.3367346938775510204081632653,1.190375151568372039851266597,51.50000000000000449883621883,51.50000000000000449883621883,0.1209716718202732198684326045,-0.1161851934046196553947039949,128,0.3671875,48.25000000000000328468021843,48.25000000000000328468021843,68,0.2794117647058823529411764706,3.250000000000001214156000377,3.250000000000001214156000377,run_4a20f78bf8374dc48baea04df0fb29e9,ema_pullback:4b142dca592915f6c05427e1
w11-lb115-r3_0,lab_3d_w11_lb_ratio,11,115,3.0,9.0,3.0,2554aa64ed15885e03a7d968c21da8f36cee763a55718eff7428d36f9d9bfd2b,195,195,0.3076923076923076923076923077,1.143355570648351782226057956,45.00000000000000241479752881,45.00000000000000241479752881,0.09209624079987015129649326968,-0.0980308951754025825846269774,128,0.3359375,44.00000000000000256954124856,44.00000000000000256954124856,67,0.2537313432835820895522388060,0.999999999999999845256280258,0.999999999999999845256280258,run_3cb06e0ee7914e5191b32a6b87a751e7,ema_pullback:374c7e38131fbb64b6b7c5aa
w11-lb115-r3_25,lab_3d_w11_lb_ratio,11,115,3.25,9.75,3.0,2554aa64ed15885e03a7d968c21da8f36cee763a55718eff7428d36f9d9bfd2b,195,195,0.3025641025641025641025641026,1.225507760857917611196101056,55.75000000000000149414060589,55.75000000000000149414060589,0.1485394224967208348224827995,-0.0795243012304748803905969814,128,0.328125,50.50000000000000223288652186,50.50000000000000223288652186,67,0.2537313432835820895522388060,5.249999999999999261254084061,5.249999999999999261254084061,run_890d9967751f49f9b1e0dbb25878f745,ema_pullback:c8e36bd0e38b53cc729414cf
w11-lb115-r3_5,lab_3d_w11_lb_ratio,11,115,3.5,10.5,3.0,2554aa64ed15885e03a7d968c21da8f36cee763a55718eff7428d36f9d9bfd2b,195,195,0.2820512820512820512820512821,1.248745236157772958846789892,52.50000000000000500766006105,52.50000000000000500766006105,0.1694072070186875518806428511,-0.0787002664416540924555827451,128,0.3046875,47.50000000000000416420204416,47.50000000000000416420204416,67,0.2388059701492537313432835821,5.000000000000000843458016896,5.000000000000000843458016896,run_7ee9b73e7c26476c98f25ea7c8a3f520,ema_pullback:b9400861de915f63476077fd
w11-lb115-r3_75,lab_3d_w11_lb_ratio,11,115,3.75,11.25,3.0,2554aa64ed15885e03a7d968c21da8f36cee763a55718eff7428d36f9d9bfd2b,195,195,0.2769230769230769230769230769,1.320974368631326378436000805,61.50000000000000308029900652,61.50000000000000308029900652,0.2246574470257410068371593938,-0.0775536726797825683580016517,128,0.296875,52.50000000000000290503771676,52.50000000000000290503771676,67,0.2388059701492537313432835821,9.000000000000000175261289751,9.000000000000000175261289751,run_2c9bfc30310f4d3c8fba7fea83e3b75c,ema_pullback:fee934c606f441b29725a687
w11-lb115-r4_0,lab_3d_w11_lb_ratio,11,115,4.0,12.0,3.0,2554aa64ed15885e03a7d968c21da8f36cee763a55718eff7428d36f9d9bfd2b,195,195,0.2615384615384615384615384615,1.252484293091572032933739857,60.00000000000000011899978287,60.00000000000000011899978287,0.1788696415383919877329199316,-0.0681539949747482846688667181,128,0.2734375,46.99999999999999957842531465,46.99999999999999957842531465,67,0.2388059701492537313432835821,13.00000000000000054057446823,13.00000000000000054057446823,run_5654ad5d8f4341af80c8276ff7428234,ema_pullback:f4adf0aabfa596673f5887f0
w11-lb115-r4_25,lab_3d_w11_lb_ratio,11,115,4.25,12.75,3.0,2554aa64ed15885e03a7d968c21da8f36cee763a55718eff7428d36f9d9bfd2b,195,195,0.2615384615384615384615384615,1.329713969772463300861211651,72.75000000000000591560409198,72.75000000000000591560409198,0.2397409653703183454216727071,-0.0586691084982888622457100319,128,0.2734375,55.75000000000000446347996655,55.75000000000000446347996655,67,0.2388059701492537313432835821,17.00000000000000145212412546,17.00000000000000145212412546,run_7ff4c610c06446589c5b69ddfee071e6,ema_pullback:1b1dd246c7a1a70d82177acb
w11-lb115-r4_5,lab_3d_w11_lb_ratio,11,115,4.5,13.5,3.0,2554aa64ed15885e03a7d968c21da8f36cee763a55718eff7428d36f9d9bfd2b,195,195,0.2564102564102564102564102564,1.397415522017727958001244763,80.00000000000000439904953874,80.00000000000000439904953874,0.2963304759026061852506892585,-0.0547555728057310104157450824,128,0.2734375,64.50000000000000395236492547,64.50000000000000395236492547,67,0.2238805970149253731343283582,15.50000000000000044668461326,15.50000000000000044668461326,run_e02af9fd9f404ddc8476f08f867b2628,ema_pullback:c35bd3811783fb5101bba581
w11-lb115-r4_75,lab_3d_w11_lb_ratio,11,115,4.75,14.25,3.0,2554aa64ed15885e03a7d968c21da8f36cee763a55718eff7428d36f9d9bfd2b,195,195,0.2461538461538461538461538462,1.379451383715736434892113990,81.00000000000000285487925960,81.00000000000000285487925960,0.2844692069459500298247043736,-0.0765440406424219331903357271,128,0.265625,67.50000000000000147773120861,67.50000000000000147773120861,67,0.2089552238805970149253731343,13.50000000000000137714805095,13.50000000000000137714805095,run_86d7911d2c484a55ab8246b5ec7a2813,ema_pullback:f8141e8a94bef26d2a4a8114
w11-lb115-r5_0,lab_3d_w11_lb_ratio,11,115,5.0,15.0,3.0,2554aa64ed15885e03a7d968c21da8f36cee763a55718eff7428d36f9d9bfd2b,195,195,0.2410256410256410256410256410,1.413724828490412909958607479,87.00000000000000529306390285,87.00000000000000529306390285,0.3177633139792146216328259622,-0.0735392232842965928838083743,128,0.2578125,70.00000000000000516608996920,70.00000000000000516608996920,67,0.2089552238805970149253731343,17.00000000000000012697393367,17.00000000000000012697393367,run_fb7df9972bc64c338c8d88fd8c7670a0,ema_pullback:4e6597871195c68f7b8d060f
w11-lb120-r2_0,lab_3d_w11_lb_ratio,11,120,2.0,6.0,3.0,2554aa64ed15885e03a7d968c21da8f36cee763a55718eff7428d36f9d9bfd2b,196,196,0.3979591836734693877551020408,1.285636812178220470201117612,37.99999999999999937810088800,37.99999999999999937810088800,0.1627645591883089410501982061,-0.0952687080563219519244999342,128,0.453125,45.99999999999999976116522697,45.99999999999999976116522697,68,0.2941176470588235294117647059,-8.00000000000000038306433894,-8.00000000000000038306433894,run_d0aa4b0b153449fbad9288c605d611b4,ema_pullback:87bc865eef3070d124fa74dc
w11-lb120-r2_25,lab_3d_w11_lb_ratio,11,120,2.25,6.75,3.0,2554aa64ed15885e03a7d968c21da8f36cee763a55718eff7428d36f9d9bfd2b,196,196,0.3520408163265306122448979592,1.059178214971650889994765118,28.25000000000000267311594737,28.25000000000000267311594737,0.03494599559100680762794576462,-0.1184639067942220766205450826,128,0.390625,34.50000000000000236044996413,34.50000000000000236044996413,68,0.2794117647058823529411764706,-6.249999999999999687334016760,-6.249999999999999687334016760,run_c3a687670c344ed09d1c77bf47790787,ema_pullback:c6ce87a60de0a5bf066330ef
w11-lb120-r2_5,lab_3d_w11_lb_ratio,11,120,2.5,7.5,3.0,2554aa64ed15885e03a7d968c21da8f36cee763a55718eff7428d36f9d9bfd2b,196,196,0.3418367346938775510204081633,1.123956194067280656809230861,38.50000000000000357962504791,38.50000000000000357962504791,0.0760139810126664315632383513,-0.1136042546503658447525437424,128,0.375,40.00000000000000381393012972,40.00000000000000381393012972,68,0.2794117647058823529411764706,-1.500000000000000234305081788,-1.500000000000000234305081788,run_cf6a5e3befd74a91a6a5739e09e03a90,ema_pullback:ece8da6c47ef5bade9f5bee5
w11-lb120-r2_75,lab_3d_w11_lb_ratio,11,120,2.75,8.25,3.0,2554aa64ed15885e03a7d968c21da8f36cee763a55718eff7428d36f9d9bfd2b,196,196,0.3367346938775510204081632653,1.190375151568372039851266597,51.50000000000000449883621883,51.50000000000000449883621883,0.1209716718202732198684326045,-0.1161851934046196553947039949,128,0.3671875,48.25000000000000328468021843,48.25000000000000328468021843,68,0.2794117647058823529411764706,3.250000000000001214156000377,3.250000000000001214156000377,run_497a88815a6b43f1888cd9311bc5c2cf,ema_pullback:85b3ba5c420c415c1248b6f1
w11-lb120-r3_0,lab_3d_w11_lb_ratio,11,120,3.0,9.0,3.0,2554aa64ed15885e03a7d968c21da8f36cee763a55718eff7428d36f9d9bfd2b,195,195,0.3076923076923076923076923077,1.143355570648351782226057956,45.00000000000000241479752881,45.00000000000000241479752881,0.09209624079987015129649326968,-0.0980308951754025825846269774,128,0.3359375,44.00000000000000256954124856,44.00000000000000256954124856,67,0.2537313432835820895522388060,0.999999999999999845256280258,0.999999999999999845256280258,run_fbb68b7dc41646179143af37d3795f09,ema_pullback:ce5460464fa5acf947add7ee
w11-lb120-r3_25,lab_3d_w11_lb_ratio,11,120,3.25,9.75,3.0,2554aa64ed15885e03a7d968c21da8f36cee763a55718eff7428d36f9d9bfd2b,195,195,0.3025641025641025641025641026,1.225507760857917611196101056,55.75000000000000149414060589,55.75000000000000149414060589,0.1485394224967208348224827995,-0.0795243012304748803905969814,128,0.328125,50.50000000000000223288652186,50.50000000000000223288652186,67,0.2537313432835820895522388060,5.249999999999999261254084061,5.249999999999999261254084061,run_646af7fe4f68453a8f332b269284e74a,ema_pullback:978a640bd706707c3bc775cd
w11-lb120-r3_5,lab_3d_w11_lb_ratio,11,120,3.5,10.5,3.0,2554aa64ed15885e03a7d968c21da8f36cee763a55718eff7428d36f9d9bfd2b,195,195,0.2820512820512820512820512821,1.248745236157772958846789892,52.50000000000000500766006105,52.50000000000000500766006105,0.1694072070186875518806428511,-0.0787002664416540924555827451,128,0.3046875,47.50000000000000416420204416,47.50000000000000416420204416,67,0.2388059701492537313432835821,5.000000000000000843458016896,5.000000000000000843458016896,run_9b793c47724d4748902903beee6c7605,ema_pullback:c9bcc50a590c39f9610738f0
w11-lb120-r3_75,lab_3d_w11_lb_ratio,11,120,3.75,11.25,3.0,2554aa64ed15885e03a7d968c21da8f36cee763a55718eff7428d36f9d9bfd2b,195,195,0.2769230769230769230769230769,1.320974368631326378436000805,61.50000000000000308029900652,61.50000000000000308029900652,0.2246574470257410068371593938,-0.0775536726797825683580016517,128,0.296875,52.50000000000000290503771676,52.50000000000000290503771676,67,0.2388059701492537313432835821,9.000000000000000175261289751,9.000000000000000175261289751,run_e33eb4313ace4b678ee452d52fc1afb2,ema_pullback:1e3e41d81b2166d5ac5b3d3c
w11-lb120-r4_0,lab_3d_w11_lb_ratio,11,120,4.0,12.0,3.0,2554aa64ed15885e03a7d968c21da8f36cee763a55718eff7428d36f9d9bfd2b,195,195,0.2615384615384615384615384615,1.252484293091572032933739857,60.00000000000000011899978287,60.00000000000000011899978287,0.1788696415383919877329199316,-0.0681539949747482846688667181,128,0.2734375,46.99999999999999957842531465,46.99999999999999957842531465,67,0.2388059701492537313432835821,13.00000000000000054057446823,13.00000000000000054057446823,run_24ee29f9f44e42c7994aa894a47a6a57,ema_pullback:fb65c7c259e8070ba1e2d11b
w11-lb120-r4_25,lab_3d_w11_lb_ratio,11,120,4.25,12.75,3.0,2554aa64ed15885e03a7d968c21da8f36cee763a55718eff7428d36f9d9bfd2b,195,195,0.2615384615384615384615384615,1.329713969772463300861211651,72.75000000000000591560409198,72.75000000000000591560409198,0.2397409653703183454216727071,-0.0586691084982888622457100319,128,0.2734375,55.75000000000000446347996655,55.75000000000000446347996655,67,0.2388059701492537313432835821,17.00000000000000145212412546,17.00000000000000145212412546,run_afae5e2ed8e84032ac698215dab2bb77,ema_pullback:9945dc248847353f5824276b
w11-lb120-r4_5,lab_3d_w11_lb_ratio,11,120,4.5,13.5,3.0,2554aa64ed15885e03a7d968c21da8f36cee763a55718eff7428d36f9d9bfd2b,195,195,0.2564102564102564102564102564,1.397415522017727958001244763,80.00000000000000439904953874,80.00000000000000439904953874,0.2963304759026061852506892585,-0.0547555728057310104157450824,128,0.2734375,64.50000000000000395236492547,64.50000000000000395236492547,67,0.2238805970149253731343283582,15.50000000000000044668461326,15.50000000000000044668461326,run_9e8107030d1c4f7698554fa80c6f7b3b,ema_pullback:d8827ffdecd1018f225f8262
w11-lb120-r4_75,lab_3d_w11_lb_ratio,11,120,4.75,14.25,3.0,2554aa64ed15885e03a7d968c21da8f36cee763a55718eff7428d36f9d9bfd2b,195,195,0.2461538461538461538461538462,1.379451383715736434892113990,81.00000000000000285487925960,81.00000000000000285487925960,0.2844692069459500298247043736,-0.0765440406424219331903357271,128,0.265625,67.50000000000000147773120861,67.50000000000000147773120861,67,0.2089552238805970149253731343,13.50000000000000137714805095,13.50000000000000137714805095,run_3ebd12f94fe44f23b1dd0189de84af95,ema_pullback:fecd4033b61a4c48cf6ea98a
w11-lb120-r5_0,lab_3d_w11_lb_ratio,11,120,5.0,15.0,3.0,2554aa64ed15885e03a7d968c21da8f36cee763a55718eff7428d36f9d9bfd2b,195,195,0.2410256410256410256410256410,1.413724828490412909958607479,87.00000000000000529306390285,87.00000000000000529306390285,0.3177633139792146216328259622,-0.0735392232842965928838083743,128,0.2578125,70.00000000000000516608996920,70.00000000000000516608996920,67,0.2089552238805970149253731343,17.00000000000000012697393367,17.00000000000000012697393367,run_d57f91236dea44848e496da07d32de9e,ema_pullback:2bd6f292f82033e955eac05b
w11-lb125-r2_0,lab_3d_w11_lb_ratio,11,125,2.0,6.0,3.0,2554aa64ed15885e03a7d968c21da8f36cee763a55718eff7428d36f9d9bfd2b,192,192,0.40625,1.331462381107265527721205232,41.99999999999999937810088799,41.99999999999999937810088799,0.1846876947750710200501285797,-0.0869602374557305577489783060,127,0.4566929133858267716535433071,46.99999999999999976116522694,46.99999999999999976116522694,65,0.3076923076923076923076923077,-5.000000000000000383064338941,-5.000000000000000383064338941,run_519b8a4d9ea5494ca6db756a9d33910c,ema_pullback:e63c6adbaa411d183a390136
w11-lb125-r2_25,lab_3d_w11_lb_ratio,11,125,2.25,6.75,3.0,2554aa64ed15885e03a7d968c21da8f36cee763a55718eff7428d36f9d9bfd2b,192,192,0.359375,1.094042028957403642040798021,32.25000000000000267311594737,32.25000000000000267311594737,0.0544591990224536723414286254,-0.1103684459883673001375014616,127,0.3937007874015748031496062992,35.50000000000000236044996413,35.50000000000000236044996413,65,0.2923076923076923076923076923,-3.249999999999999687334016746,-3.249999999999999687334016746,run_fc10ee885f004d9d9124b14aec9602b7,ema_pullback:d16731d9b16e79a45f4bd44b
w11-lb125-r2_5,lab_3d_w11_lb_ratio,11,125,2.5,7.5,3.0,2554aa64ed15885e03a7d968c21da8f36cee763a55718eff7428d36f9d9bfd2b,192,192,0.3489583333333333333333333333,1.160025689479912716944563658,42.50000000000000357962504794,42.50000000000000357962504794,0.09630149340078008015507201241,-0.1054641659231316848594727477,127,0.3779527559055118110236220472,41.00000000000000381393012969,41.00000000000000381393012969,65,0.2923076923076923076923076923,1.499999999999999765694918218,1.499999999999999765694918218,run_23182af378d54d9890b4bebe801b5927,ema_pullback:f8afa6b8a3a83f7167fd047d
w11-lb125-r2_75,lab_3d_w11_lb_ratio,11,125,2.75,8.25,3.0,2554aa64ed15885e03a7d968c21da8f36cee763a55718eff7428d36f9d9bfd2b,192,192,0.34375,1.227753334355375095131555934,55.50000000000000449883621883,55.50000000000000449883621883,0.1421068309167892281147409753,-0.1080688063598105350102952928,127,0.3700787401574803149606299213,49.25000000000000328468021845,49.25000000000000328468021845,65,0.2923076923076923076923076923,6.250000000000001214156000379,6.250000000000001214156000379,run_8c36685042254fc8b77745270e69648e,ema_pullback:09a742c42f66ab1c07cba307
w11-lb125-r3_0,lab_3d_w11_lb_ratio,11,125,3.0,9.0,3.0,2554aa64ed15885e03a7d968c21da8f36cee763a55718eff7428d36f9d9bfd2b,191,191,0.3141361256544502617801047120,1.178494034896004797959219168,49.00000000000000241479752881,49.00000000000000241479752881,0.1126869732672941975454770966,-0.0897477907257076717501218643,127,0.3385826771653543307086614173,45.00000000000000256954124856,45.00000000000000256954124856,64,0.265625,3.999999999999999845256280255,3.999999999999999845256280255,run_c4f4d562c0714eba997c74700c5411ab,ema_pullback:5e8333e8a1b17c86f500ef2c
w11-lb125-r3_25,lab_3d_w11_lb_ratio,11,125,3.25,9.75,3.0,2554aa64ed15885e03a7d968c21da8f36cee763a55718eff7428d36f9d9bfd2b,191,191,0.3089005235602094240837696335,1.262835039510644348353179500,59.75000000000000149414060593,59.75000000000000149414060593,0.1701943527981002822529171644,-0.0710712441185058690706336180,127,0.3307086614173228346456692913,51.50000000000000223288652187,51.50000000000000223288652187,64,0.265625,8.249999999999999261254084065,8.249999999999999261254084065,run_cc48a3899cd4473780b7e94172d36341,ema_pullback:4b55917a1e416c51cf292738
w11-lb125-r3_5,lab_3d_w11_lb_ratio,11,125,3.5,10.5,3.0,2554aa64ed15885e03a7d968c21da8f36cee763a55718eff7428d36f9d9bfd2b,191,191,0.2879581151832460732984293194,1.285782348405878703192361287,56.50000000000000500766006105,56.50000000000000500766006105,0.1914555852161653888020935896,-0.0702396419238953759358720553,127,0.3070866141732283464566929134,48.50000000000000416420204416,48.50000000000000416420204416,64,0.25,8.000000000000000843458016898,8.000000000000000843458016898,run_91fac736176843a491f78edc1f5b447d,ema_pullback:09d9e91c74a0da4e0509b5b9
w11-lb125-r3_75,lab_3d_w11_lb_ratio,11,125,3.75,11.25,3.0,2554aa64ed15885e03a7d968c21da8f36cee763a55718eff7428d36f9d9bfd2b,191,191,0.2827225130890052356020942408,1.359716794621001815856470105,65.50000000000000308029900652,65.50000000000000308029900652,0.2477475309522972418509648426,-0.0690825185819748795802210976,127,0.2992125984251968503937007874,53.50000000000000290503771677,53.50000000000000290503771677,64,0.25,12.00000000000000017526128975,12.00000000000000017526128975,run_08048a826c39483283e9e4a072d28c3b,ema_pullback:276ddb8a0116b80e30eed99b
w11-lb125-r4_0,lab_3d_w11_lb_ratio,11,125,4.0,12.0,3.0,2554aa64ed15885e03a7d968c21da8f36cee763a55718eff7428d36f9d9bfd2b,191,191,0.2670157068062827225130890052,1.288284933043204555183153982,64.00000000000000011899978286,64.00000000000000011899978286,0.2010964275083780874210505397,-0.0595965202792529307702661392,127,0.2755905511811023622047244094,47.99999999999999957842531464,47.99999999999999957842531464,64,0.25,16.00000000000000054057446823,16.00000000000000054057446823,run_c8f7fb4815ef4b28a62c0dc5f0fdc192,ema_pullback:0ff61ec3f74b0b935b1c4f18
w11-lb125-r4_25,lab_3d_w11_lb_ratio,11,125,4.25,12.75,3.0,2554aa64ed15885e03a7d968c21da8f36cee763a55718eff7428d36f9d9bfd2b,191,191,0.2670157068062827225130890052,1.367394215767712338507011755,76.75000000000000591560409199,76.75000000000000591560409199,0.2631154387849962501387536422,-0.0514629386045775834134996947,127,0.2755905511811023622047244094,56.75000000000000446347996655,56.75000000000000446347996655,64,0.25,20.00000000000000145212412545,20.00000000000000145212412545,run_f170f90002654bdd900151f01babd38d,ema_pullback:17e8db3162b43d8df28d1b0c
w11-lb125-r4_5,lab_3d_w11_lb_ratio,11,125,4.5,13.5,3.0,2554aa64ed15885e03a7d968c21da8f36cee763a55718eff7428d36f9d9bfd2b,191,191,0.2617801047120418848167539267,1.436652260604439391529240867,84.00000000000000439904953876,84.00000000000000439904953876,0.3207719060819913719708805074,-0.0490493167966409331280895774,127,0.2755905511811023622047244094,65.50000000000000395236492547,65.50000000000000395236492547,64,0.234375,18.50000000000000044668461326,18.50000000000000044668461326,run_c69839b5fb724c96afff5107ce567b85,ema_pullback:64bffe8d220155a8ce8cb52d
w11-lb125-r4_75,lab_3d_w11_lb_ratio,11,125,4.75,14.25,3.0,2554aa64ed15885e03a7d968c21da8f36cee763a55718eff7428d36f9d9bfd2b,191,191,0.2513089005235602094240837696,1.417869708241694748825593569,85.00000000000000285487925957,85.00000000000000285487925957,0.3086870009596875910680030856,-0.0724089013298909720529345284,127,0.2677165354330708661417322835,68.50000000000000147773120858,68.50000000000000147773120858,64,0.21875,16.50000000000000137714805095,16.50000000000000137714805095,run_3a102619627b41ca9642d98c014c3c4a,ema_pullback:5ecc2a94a79abffa3ca1bf3f
w11-lb125-r5_0,lab_3d_w11_lb_ratio,11,125,5.0,15.0,3.0,2554aa64ed15885e03a7d968c21da8f36cee763a55718eff7428d36f9d9bfd2b,191,191,0.2460732984293193717277486911,1.452555750729108174070084510,91.00000000000000529306390285,91.00000000000000529306390285,0.342608845755479067706035643,-0.0701748143863141221640322501,127,0.2598425196850393700787401575,71.00000000000000516608996916,71.00000000000000516608996916,64,0.21875,20.00000000000000012697393366,20.00000000000000012697393366,run_ba07b0dd31de4d1bb7fbd7d54871b73a,ema_pullback:2876335ed5d4b9e18f4e053d
w11-lb130-r2_0,lab_3d_w11_lb_ratio,11,130,2.0,6.0,3.0,2554aa64ed15885e03a7d968c21da8f36cee763a55718eff7428d36f9d9bfd2b,190,190,0.4105263157894736842105263158,1.348108596256354440523992351,43.99999999999999937810088799,43.99999999999999937810088799,0.1922469904177111012588609476,-0.0869602374557305577489783031,126,0.4603174603174603174603174603,47.99999999999999976116522694,47.99999999999999976116522694,64,0.3125,-4.000000000000000383064338943,-4.000000000000000383064338943,run_95fa91e0b2bd407887a234ef1caa6aa2,ema_pullback:9faa7cd85483853100710163
w11-lb130-r2_25,lab_3d_w11_lb_ratio,11,130,2.25,6.75,3.0,2554aa64ed15885e03a7d968c21da8f36cee763a55718eff7428d36f9d9bfd2b,190,190,0.3631578947368421052631578947,1.106472089462764673966282834,34.25000000000000267311594735,34.25000000000000267311594735,0.06118752823838731167196424469,-0.1058109010439522094224497289,126,0.3968253968253968253968253968,36.50000000000000236044996413,36.50000000000000236044996413,64,0.296875,-2.249999999999999687334016747,-2.249999999999999687334016747,run_188ba0c1996943d6828330156f9b9a29,ema_pullback:a2571f22a45b90d6d11a0cf7
w11-lb130-r2_5,lab_3d_w11_lb_ratio,11,130,2.5,7.5,3.0,2554aa64ed15885e03a7d968c21da8f36cee763a55718eff7428d36f9d9bfd2b,190,190,0.3526315789473684210526315789,1.172931563088485168192609587,44.50000000000000357962504790,44.50000000000000357962504790,0.1032968113555747235959703313,-0.1008814965587063996489355207,126,0.3809523809523809523809523810,42.00000000000000381393012970,42.00000000000000381393012970,64,0.296875,2.499999999999999765694918214,2.499999999999999765694918214,run_edb73c7f50af4b5a993bb82c9ef2c74b,ema_pullback:db7505df8fdd91f5180427d3
w11-lb130-r2_75,lab_3d_w11_lb_ratio,11,130,2.75,8.25,3.0,2554aa64ed15885e03a7d968c21da8f36cee763a55718eff7428d36f9d9bfd2b,190,190,0.3473684210526315789473684211,1.241178604464745103068000901,57.50000000000000449883621881,57.50000000000000449883621881,0.1493944251312441591508069409,-0.1034994804585309484146882941,126,0.3730158730158730158730158730,50.25000000000000328468021843,50.25000000000000328468021843,64,0.296875,7.250000000000001214156000384,7.250000000000001214156000384,run_d4bd2691f6ed4c62970453cd790b5179,ema_pullback:127a66a0bbc0a5a728bf0846
w11-lb130-r3_0,lab_3d_w11_lb_ratio,11,130,3.0,9.0,3.0,2554aa64ed15885e03a7d968c21da8f36cee763a55718eff7428d36f9d9bfd2b,190,190,0.3157894736842105263157894737,1.188470326467339772890652541,50.00000000000000241479752883,50.00000000000000241479752883,0.1183872217205595777688810076,-0.0850846070337469516451715053,126,0.3412698412698412698412698413,46.00000000000000256954124858,46.00000000000000256954124858,64,0.265625,3.999999999999999845256280256,3.999999999999999845256280256,run_8f46d7d08683425daa7f6ce93f67c8bf,ema_pullback:5ffa53ef159209e00f2b0264
w11-lb130-r3_25,lab_3d_w11_lb_ratio,11,130,3.25,9.75,3.0,2554aa64ed15885e03a7d968c21da8f36cee763a55718eff7428d36f9d9bfd2b,190,190,0.3105263157894736842105263158,1.273432002667329077992971515,60.75000000000000149414060589,60.75000000000000149414060589,0.1761892091321960203188647274,-0.0663123812656779835189931755,126,0.3333333333333333333333333333,52.50000000000000223288652185,52.50000000000000223288652185,64,0.265625,8.249999999999999261254084063,8.249999999999999261254084063,run_a66cfcfc3b4441f99168fbbfbb2f3f9f,ema_pullback:ad3af8940735df8b07afc736
w11-lb130-r3_5,lab_3d_w11_lb_ratio,11,130,3.5,10.5,3.0,2554aa64ed15885e03a7d968c21da8f36cee763a55718eff7428d36f9d9bfd2b,190,190,0.2894736842105263157894736842,1.296297510529208113567174836,57.50000000000000500766006106,57.50000000000000500766006106,0.1975593619475672231202122507,-0.0702396419238953759358720543,126,0.3095238095238095238095238095,49.50000000000000416420204417,49.50000000000000416420204417,64,0.25,8.000000000000000843458016893,8.000000000000000843458016893,run_7690a7a05b21455bb560a71e7ccc21d9,ema_pullback:55acd03fe2bbe89c46a264a4
w11-lb130-r3_75,lab_3d_w11_lb_ratio,11,130,3.75,11.25,3.0,2554aa64ed15885e03a7d968c21da8f36cee763a55718eff7428d36f9d9bfd2b,190,190,0.2842105263157894736842105263,1.370720001535291605447981385,66.50000000000000308029900652,66.50000000000000308029900652,0.2541396889484418976633498572,-0.0690825185819748795802210963,126,0.3015873015873015873015873016,54.50000000000000290503771676,54.50000000000000290503771676,64,0.25,12.00000000000000017526128975,12.00000000000000017526128975,run_2aa7c96a749c4b01bbb8d5335e81b9ca,ema_pullback:f5afda5ab728bdf9fd6f8719
w11-lb130-r4_0,lab_3d_w11_lb_ratio,11,130,4.0,12.0,3.0,2554aa64ed15885e03a7d968c21da8f36cee763a55718eff7428d36f9d9bfd2b,190,190,0.2684210526315789473684210526,1.298420453368319106021333192,65.00000000000000011899978286,65.00000000000000011899978286,0.2072495938683858812851570506,-0.0595965202792529307702661411,126,0.2777777777777777777777777778,48.99999999999999957842531462,48.99999999999999957842531462,64,0.25,16.00000000000000054057446823,16.00000000000000054057446823,run_56c94f1a90a44b94aa02e673525fb122,ema_pullback:a8f5de9a2e9bc70cba182925
w11-lb130-r4_25,lab_3d_w11_lb_ratio,11,130,4.25,12.75,3.0,2554aa64ed15885e03a7d968c21da8f36cee763a55718eff7428d36f9d9bfd2b,190,190,0.2684210526315789473684210526,1.378058781985501401154528578,77.75000000000000591560409198,77.75000000000000591560409198,0.2695863259250582074798177173,-0.0514629386045775834134996908,126,0.2777777777777777777777777778,57.75000000000000446347996654,57.75000000000000446347996654,64,0.25,20.00000000000000145212412546,20.00000000000000145212412546,run_7e18ede8fb2d43368bb8f15588aae21a,ema_pullback:7240cc242826b68dcaf5af13
w11-lb130-r4_5,lab_3d_w11_lb_ratio,11,130,4.5,13.5,3.0,2554aa64ed15885e03a7d968c21da8f36cee763a55718eff7428d36f9d9bfd2b,190,190,0.2631578947368421052631578947,1.447753478406365700057692961,85.00000000000000439904953876,85.00000000000000439904953876,0.3275381648732243467445955586,-0.0490493167966409331280895742,126,0.2777777777777777777777777778,66.50000000000000395236492548,66.50000000000000395236492548,64,0.234375,18.50000000000000044668461326,18.50000000000000044668461326,run_1fc3a992082f493da0030619e126ae87,ema_pullback:32bd177e199860d0c82b0ba2
w11-lb130-r4_75,lab_3d_w11_lb_ratio,11,130,4.75,14.25,3.0,2554aa64ed15885e03a7d968c21da8f36cee763a55718eff7428d36f9d9bfd2b,190,190,0.2526315789473684210526315789,1.428722185544012061266595411,86.00000000000000285487925957,86.00000000000000285487925957,0.315391349291477519328103251,-0.0724089013298909720529345283,126,0.2698412698412698412698412698,69.50000000000000147773120859,69.50000000000000147773120859,64,0.21875,16.50000000000000137714805095,16.50000000000000137714805095,run_836d895aa93a4584be32be3e5b58df0d,ema_pullback:461fb8ad4ef88691acb0855d
w11-lb130-r5_0,lab_3d_w11_lb_ratio,11,130,5.0,15.0,3.0,2554aa64ed15885e03a7d968c21da8f36cee763a55718eff7428d36f9d9bfd2b,190,190,0.2473684210526315789473684211,1.463522178536543250048406238,92.00000000000000529306390285,92.00000000000000529306390285,0.3494869742680159024174299571,-0.0701748143863141221640322498,126,0.2619047619047619047619047619,72.00000000000000516608996916,72.00000000000000516608996916,64,0.21875,20.00000000000000012697393367,20.00000000000000012697393367,run_2380b4cdb9bc49dfba85eca44ec89d5f,ema_pullback:8804120b3de75311ab2985be
w11-lb135-r2_0,lab_3d_w11_lb_ratio,11,135,2.0,6.0,3.0,2554aa64ed15885e03a7d968c21da8f36cee763a55718eff7428d36f9d9bfd2b,190,190,0.4105263157894736842105263158,1.348108596256354440523992351,43.99999999999999937810088799,43.99999999999999937810088799,0.1922469904177111012588609476,-0.0869602374557305577489783031,126,0.4603174603174603174603174603,47.99999999999999976116522694,47.99999999999999976116522694,64,0.3125,-4.000000000000000383064338943,-4.000000000000000383064338943,run_ca7865713d584622a0760bf7ae6e52ac,ema_pullback:ba51fe54c5b2ef6f1bc91369
w11-lb135-r2_25,lab_3d_w11_lb_ratio,11,135,2.25,6.75,3.0,2554aa64ed15885e03a7d968c21da8f36cee763a55718eff7428d36f9d9bfd2b,190,190,0.3631578947368421052631578947,1.106472089462764673966282834,34.25000000000000267311594735,34.25000000000000267311594735,0.06118752823838731167196424469,-0.1058109010439522094224497289,126,0.3968253968253968253968253968,36.50000000000000236044996413,36.50000000000000236044996413,64,0.296875,-2.249999999999999687334016747,-2.249999999999999687334016747,run_5abaaa0ca577474486331640da65bb61,ema_pullback:a4fca12329ecd8a0ccf524a9
w11-lb135-r2_5,lab_3d_w11_lb_ratio,11,135,2.5,7.5,3.0,2554aa64ed15885e03a7d968c21da8f36cee763a55718eff7428d36f9d9bfd2b,190,190,0.3526315789473684210526315789,1.172931563088485168192609587,44.50000000000000357962504790,44.50000000000000357962504790,0.1032968113555747235959703313,-0.1008814965587063996489355207,126,0.3809523809523809523809523810,42.00000000000000381393012970,42.00000000000000381393012970,64,0.296875,2.499999999999999765694918214,2.499999999999999765694918214,run_da312e9c12f844ebb3dfe89b00182b1a,ema_pullback:6a107dc4d50e6c1a88391cb3
w11-lb135-r2_75,lab_3d_w11_lb_ratio,11,135,2.75,8.25,3.0,2554aa64ed15885e03a7d968c21da8f36cee763a55718eff7428d36f9d9bfd2b,190,190,0.3473684210526315789473684211,1.241178604464745103068000901,57.50000000000000449883621881,57.50000000000000449883621881,0.1493944251312441591508069409,-0.1034994804585309484146882941,126,0.3730158730158730158730158730,50.25000000000000328468021843,50.25000000000000328468021843,64,0.296875,7.250000000000001214156000384,7.250000000000001214156000384,run_06b40cdea9e44da6af75d9c4ca4e2b6a,ema_pullback:cd4f1cbb2a650dccedda115f
w11-lb135-r3_0,lab_3d_w11_lb_ratio,11,135,3.0,9.0,3.0,2554aa64ed15885e03a7d968c21da8f36cee763a55718eff7428d36f9d9bfd2b,190,190,0.3157894736842105263157894737,1.188470326467339772890652541,50.00000000000000241479752883,50.00000000000000241479752883,0.1183872217205595777688810076,-0.0850846070337469516451715053,126,0.3412698412698412698412698413,46.00000000000000256954124858,46.00000000000000256954124858,64,0.265625,3.999999999999999845256280256,3.999999999999999845256280256,run_2141d4e3ed104edfb8152d1497277d7c,ema_pullback:574034bc2ae91ab87992f7a5
w11-lb135-r3_25,lab_3d_w11_lb_ratio,11,135,3.25,9.75,3.0,2554aa64ed15885e03a7d968c21da8f36cee763a55718eff7428d36f9d9bfd2b,190,190,0.3105263157894736842105263158,1.273432002667329077992971515,60.75000000000000149414060589,60.75000000000000149414060589,0.1761892091321960203188647274,-0.0663123812656779835189931755,126,0.3333333333333333333333333333,52.50000000000000223288652185,52.50000000000000223288652185,64,0.265625,8.249999999999999261254084063,8.249999999999999261254084063,run_94a20580449b41d68bad7b39da518841,ema_pullback:dc8a066f20f5481f4f1f64ae
w11-lb135-r3_5,lab_3d_w11_lb_ratio,11,135,3.5,10.5,3.0,2554aa64ed15885e03a7d968c21da8f36cee763a55718eff7428d36f9d9bfd2b,190,190,0.2894736842105263157894736842,1.296297510529208113567174836,57.50000000000000500766006106,57.50000000000000500766006106,0.1975593619475672231202122507,-0.0702396419238953759358720543,126,0.3095238095238095238095238095,49.50000000000000416420204417,49.50000000000000416420204417,64,0.25,8.000000000000000843458016893,8.000000000000000843458016893,run_6c6e599321d74f8cb3560ace5e0f0382,ema_pullback:020851b2d9d9e06d016b342b
w11-lb135-r3_75,lab_3d_w11_lb_ratio,11,135,3.75,11.25,3.0,2554aa64ed15885e03a7d968c21da8f36cee763a55718eff7428d36f9d9bfd2b,190,190,0.2842105263157894736842105263,1.370720001535291605447981385,66.50000000000000308029900652,66.50000000000000308029900652,0.2541396889484418976633498572,-0.0690825185819748795802210963,126,0.3015873015873015873015873016,54.50000000000000290503771676,54.50000000000000290503771676,64,0.25,12.00000000000000017526128975,12.00000000000000017526128975,run_b33937a0e9764c86a6781149bb1b24ca,ema_pullback:ab6ef6d86b73d786900bd6a6
w11-lb135-r4_0,lab_3d_w11_lb_ratio,11,135,4.0,12.0,3.0,2554aa64ed15885e03a7d968c21da8f36cee763a55718eff7428d36f9d9bfd2b,190,190,0.2684210526315789473684210526,1.298420453368319106021333192,65.00000000000000011899978286,65.00000000000000011899978286,0.2072495938683858812851570506,-0.0595965202792529307702661411,126,0.2777777777777777777777777778,48.99999999999999957842531462,48.99999999999999957842531462,64,0.25,16.00000000000000054057446823,16.00000000000000054057446823,run_9ca11e9210c64b0a95d1cf5de6f7b471,ema_pullback:864955c8406a8827f9f15e48
w11-lb135-r4_25,lab_3d_w11_lb_ratio,11,135,4.25,12.75,3.0,2554aa64ed15885e03a7d968c21da8f36cee763a55718eff7428d36f9d9bfd2b,190,190,0.2684210526315789473684210526,1.378058781985501401154528578,77.75000000000000591560409198,77.75000000000000591560409198,0.2695863259250582074798177173,-0.0514629386045775834134996908,126,0.2777777777777777777777777778,57.75000000000000446347996654,57.75000000000000446347996654,64,0.25,20.00000000000000145212412546,20.00000000000000145212412546,run_a484b956047a427495f941e7b08b0832,ema_pullback:fa1d9208fac83411cf905f23
w11-lb135-r4_5,lab_3d_w11_lb_ratio,11,135,4.5,13.5,3.0,2554aa64ed15885e03a7d968c21da8f36cee763a55718eff7428d36f9d9bfd2b,190,190,0.2631578947368421052631578947,1.447753478406365700057692961,85.00000000000000439904953876,85.00000000000000439904953876,0.3275381648732243467445955586,-0.0490493167966409331280895742,126,0.2777777777777777777777777778,66.50000000000000395236492548,66.50000000000000395236492548,64,0.234375,18.50000000000000044668461326,18.50000000000000044668461326,run_555199ca0f7e44af8db55dc070c3b051,ema_pullback:a4afd97844d740255abba577
w11-lb135-r4_75,lab_3d_w11_lb_ratio,11,135,4.75,14.25,3.0,2554aa64ed15885e03a7d968c21da8f36cee763a55718eff7428d36f9d9bfd2b,190,190,0.2526315789473684210526315789,1.428722185544012061266595411,86.00000000000000285487925957,86.00000000000000285487925957,0.315391349291477519328103251,-0.0724089013298909720529345283,126,0.2698412698412698412698412698,69.50000000000000147773120859,69.50000000000000147773120859,64,0.21875,16.50000000000000137714805095,16.50000000000000137714805095,run_d7ef10bd445d48f7beca5240feded718,ema_pullback:042b597b16d71abb96f8735f
w11-lb135-r5_0,lab_3d_w11_lb_ratio,11,135,5.0,15.0,3.0,2554aa64ed15885e03a7d968c21da8f36cee763a55718eff7428d36f9d9bfd2b,190,190,0.2473684210526315789473684211,1.463522178536543250048406238,92.00000000000000529306390285,92.00000000000000529306390285,0.3494869742680159024174299571,-0.0701748143863141221640322498,126,0.2619047619047619047619047619,72.00000000000000516608996916,72.00000000000000516608996916,64,0.21875,20.00000000000000012697393367,20.00000000000000012697393367,run_e799591b15124a05856601e92b4b77cb,ema_pullback:c75317a3640f393f46c3a20a
w11-lb140-r2_0,lab_3d_w11_lb_ratio,11,140,2.0,6.0,3.0,2554aa64ed15885e03a7d968c21da8f36cee763a55718eff7428d36f9d9bfd2b,185,185,0.4054054054054054054054054054,1.329265544622853953203887216,39.99999999999999954088049787,39.99999999999999954088049787,0.1805781673950056017296053109,-0.0895431609886507107654354787,123,0.4552845528455284552845528455,44.99999999999999981859853052,44.99999999999999981859853052,62,0.3064516129032258064516129032,-5.000000000000000277718032640,-5.000000000000000277718032640,run_15fb98a276f4453b82641ac4d005415b,ema_pullback:ec4541dd99665f0f0e13415e
w11-lb140-r2_25,lab_3d_w11_lb_ratio,11,140,2.25,6.75,3.0,2554aa64ed15885e03a7d968c21da8f36cee763a55718eff7428d36f9d9bfd2b,185,185,0.3567567567567567567567567568,1.086429547998646933617318184,29.50000000000000231618804065,29.50000000000000231618804065,0.04930866517395621781869688596,-0.1086556909940575246601551708,123,0.3902439024390243902439024390,33.00000000000000221421466999,33.00000000000000221421466999,62,0.2903225806451612903225806452,-3.499999999999999898026629360,-3.499999999999999898026629360,run_2d2e49ff03a04e0faef66e3c8c97c216,ema_pullback:d962ace1ee878c27ddfc1e32
w11-lb140-r2_5,lab_3d_w11_lb_ratio,11,140,2.5,7.5,3.0,2554aa64ed15885e03a7d968c21da8f36cee763a55718eff7428d36f9d9bfd2b,185,185,0.3459459459459459459459459459,1.150843778209567031827643694,39.00000000000000337071748490,39.00000000000000337071748490,0.08939756331252157883087105209,-0.1040586761764852726005816677,123,0.3739837398373983739837398374,38.00000000000000360502256667,38.00000000000000360502256667,62,0.2903225806451612903225806452,0.999999999999999765694918210,0.999999999999999765694918210,run_03084b81abd34e6b999e24db1a736692,ema_pullback:b1265f0b64871f200aac313f
w11-lb140-r2_75,lab_3d_w11_lb_ratio,11,140,2.75,8.25,3.0,2554aa64ed15885e03a7d968c21da8f36cee763a55718eff7428d36f9d9bfd2b,185,185,0.3405405405405405405405405405,1.217021756631500193879391641,51.25000000000000424249446801,51.25000000000000424249446801,0.1333037925855931023085246136,-0.1069829709176201679353311590,123,0.3658536585365853658536585366,45.75000000000000308101162078,45.75000000000000308101162078,62,0.2903225806451612903225806452,5.500000000000001161482847224,5.500000000000001161482847224,run_c0e11ed1fdfb4ae686019a86728a143d,ema_pullback:853388bef1df35ba86a44210
w11-lb140-r3_0,lab_3d_w11_lb_ratio,11,140,3.0,9.0,3.0,2554aa64ed15885e03a7d968c21da8f36cee763a55718eff7428d36f9d9bfd2b,185,185,0.3135135135135135135135135135,1.175229668105047744098056089,47.00000000000000235736422527,47.00000000000000235736422527,0.1095446279759238749485084487,-0.0889614676882185767199869785,123,0.3333333333333333333333333333,41.00000000000000251210794502,41.00000000000000251210794502,62,0.2741935483870967741935483871,5.999999999999999845256280261,5.999999999999999845256280261,run_dcc398d385714905838af2fdb022d3d8,ema_pullback:c1ade2bfdd3af5144a100026
w11-lb140-r3_25,lab_3d_w11_lb_ratio,11,140,3.25,9.75,3.0,2554aa64ed15885e03a7d968c21da8f36cee763a55718eff7428d36f9d9bfd2b,185,185,0.3081081081081081081081081081,1.258546395599245046349984790,57.25000000000000165602769097,57.25000000000000165602769097,0.1657851225021997305324368849,-0.0705969748552084533405677777,123,0.3252032520325203252032520325,47.00000000000000239477360688,47.00000000000000239477360688,62,0.2741935483870967741935483871,10.24999999999999926125408405,10.24999999999999926125408405,run_d1e0d6d08d2f4673a51edd0d8e893aa0,ema_pullback:44367e135b1ef19df099e8b8
w11-lb140-r3_5,lab_3d_w11_lb_ratio,11,140,3.5,10.5,3.0,2554aa64ed15885e03a7d968c21da8f36cee763a55718eff7428d36f9d9bfd2b,185,185,0.2972972972972972972972972973,1.312019275627627659358577088,62.50000000000000500766006107,62.50000000000000500766006107,0.2063078736401748677471439903,-0.0689189251605005352460947616,123,0.3170731707317073170731707317,52.50000000000000416420204416,52.50000000000000416420204416,62,0.2580645161290322580645161290,10.00000000000000084345801689,10.00000000000000084345801689,run_416e0a070090477f8ddffcfa199999bc,ema_pullback:cf27d9790445dd5bd36bf9e1
w11-lb140-r3_75,lab_3d_w11_lb_ratio,11,140,3.75,11.25,3.0,2554aa64ed15885e03a7d968c21da8f36cee763a55718eff7428d36f9d9bfd2b,185,185,0.2918918918918918918918918919,1.387290302800856802247168120,71.50000000000000308029900650,71.50000000000000308029900650,0.2633015360197097848026233537,-0.0677601581346116751117224653,123,0.3089430894308943089430894309,57.50000000000000290503771677,57.50000000000000290503771677,62,0.2580645161290322580645161290,14.00000000000000017526128975,14.00000000000000017526128975,run_37822e71de3c4b84a32c0ff9af36d38b,ema_pullback:242701ffd2593f9b665ae7a1
w11-lb140-r4_0,lab_3d_w11_lb_ratio,11,140,4.0,12.0,3.0,2554aa64ed15885e03a7d968c21da8f36cee763a55718eff7428d36f9d9bfd2b,185,185,0.2756756756756756756756756757,1.313599957492988278112584455,70.00000000000000011899978287,70.00000000000000011899978287,0.2160688954608156890305053749,-0.0582606850511388412534817480,123,0.2845528455284552845528455285,51.99999999999999957842531465,51.99999999999999957842531465,62,0.2580645161290322580645161290,18.00000000000000054057446823,18.00000000000000054057446823,run_ed014c05a06f4651a176e34ff608e8e5,ema_pullback:eccd8634c250ac1f22e4147e
w11-lb140-r4_25,lab_3d_w11_lb_ratio,11,140,4.25,12.75,3.0,2554aa64ed15885e03a7d968c21da8f36cee763a55718eff7428d36f9d9bfd2b,185,185,0.2756756756756756756756756757,1.394179614875867492817788144,82.75000000000000591560409199,82.75000000000000591560409199,0.2788610150720471894422547318,-0.0501155496921502447357583889,123,0.2845528455284552845528455285,60.75000000000000446347996655,60.75000000000000446347996655,62,0.2580645161290322580645161290,22.00000000000000145212412545,22.00000000000000145212412545,run_bb33ec64e693498896fcff89e0158946,ema_pullback:8445feb80289a286ade88494
w11-lb140-r4_5,lab_3d_w11_lb_ratio,11,140,4.5,13.5,3.0,2554aa64ed15885e03a7d968c21da8f36cee763a55718eff7428d36f9d9bfd2b,185,185,0.2702702702702702702702702703,1.464666902540166999612857874,90.00000000000000439904953872,90.00000000000000439904953872,0.3372362086836695392689638594,-0.0476984993547494716428801125,123,0.2845528455284552845528455285,69.50000000000000395236492546,69.50000000000000395236492546,62,0.2419354838709677419354838710,20.50000000000000044668461326,20.50000000000000044668461326,run_124c7647aef543cab9a0c2bd43acf4a6,ema_pullback:4bf168f368695080e55d7e0a
w11-lb140-r4_75,lab_3d_w11_lb_ratio,11,140,4.75,14.25,3.0,2554aa64ed15885e03a7d968c21da8f36cee763a55718eff7428d36f9d9bfd2b,185,185,0.2594594594594594594594594595,1.445210918459689367741099727,91.00000000000000285487925961,91.00000000000000285487925961,0.3250006571598713369323943415,-0.0721261973877991639920735478,123,0.2764227642276422764227642276,72.50000000000000147773120863,72.50000000000000147773120863,62,0.2258064516129032258064516129,18.50000000000000137714805095,18.50000000000000137714805095,run_c69fd4e890b449adae7e7d130ac1c31a,ema_pullback:c8a3aa7068f8c3f13e90078c
w11-lb140-r5_0,lab_3d_w11_lb_ratio,11,140,5.0,15.0,3.0,2554aa64ed15885e03a7d968c21da8f36cee763a55718eff7428d36f9d9bfd2b,185,185,0.2540540540540540540540540541,1.480241570880757430422153819,97.00000000000000529306390285,97.00000000000000529306390285,0.3593453603727394120082580038,-0.0701748143863141221640322524,123,0.2682926829268292682926829268,75.00000000000000516608996918,75.00000000000000516608996918,62,0.2258064516129032258064516129,22.00000000000000012697393366,22.00000000000000012697393366,run_eba91686346248c99896ac3123a99c2f,ema_pullback:43b02214d9ccedb2b19534a6
w12-lb070-r2_0,lab_3d_w12_lb_ratio,12,70,2.0,6.0,3.0,7f5e1f992ea368c8ef8f844661c775384e787ba5d15aa4a5c0a564c1dab0bb72,154,154,0.3766233766233766233766233766,1.243290991550223409523458646,19.99999999999999980430576678,19.99999999999999980430576678,0.09364306191848048967330961787,-0.0717699745724875006779811454,99,0.4343434343434343434343434343,29.99999999999999992755906299,29.99999999999999992755906299,55,0.2727272727272727272727272727,-10.00000000000000012325329619,-10.00000000000000012325329619,run_dcb8b09965204642adecb6e1ab8a5bdb,ema_pullback:8f09ec7f63a0132434586a0b
w12-lb070-r2_25,lab_3d_w12_lb_ratio,12,70,2.25,6.75,3.0,7f5e1f992ea368c8ef8f844661c775384e787ba5d15aa4a5c0a564c1dab0bb72,153,153,0.3333333333333333333333333333,1.096704399931787178181180631,12.75000000000000098815045460,12.75000000000000098815045460,0.03889112227386339910784487488,-0.0888575490023654220746191083,99,0.3737373737373737373737373737,21.25000000000000101839144966,21.25000000000000101839144966,54,0.2592592592592592592592592593,-8.500000000000000030240995053,-8.500000000000000030240995053,run_0f9dd27619c74763a1750c961ef81643,ema_pullback:766e53cd50cd4156a6ac842d
w12-lb070-r2_5,lab_3d_w12_lb_ratio,12,70,2.5,7.5,3.0,7f5e1f992ea368c8ef8f844661c775384e787ba5d15aa4a5c0a564c1dab0bb72,153,153,0.3202614379084967320261437908,1.141263343641761158521870478,18.50000000000000189397269642,18.50000000000000189397269642,0.05877476612343899391503970111,-0.0888953504456804785985728788,99,0.3535353535353535353535353535,23.50000000000000240537982853,23.50000000000000240537982853,54,0.2592592592592592592592592593,-5.000000000000000511407132095,-5.000000000000000511407132095,run_47e34a5e1f3e46f6b0d1f9120ae8d57c,ema_pullback:700ae3274d811469512c453e
w12-lb070-r2_75,lab_3d_w12_lb_ratio,12,70,2.75,8.25,3.0,7f5e1f992ea368c8ef8f844661c775384e787ba5d15aa4a5c0a564c1dab0bb72,153,153,0.3137254901960784313725490196,1.189354425537094820421572563,27.00000000000000255001473784,27.00000000000000255001473784,0.08125147019960994469045765495,-0.0853634644585397250605399153,99,0.3434343434343434343434343434,28.50000000000000185496196730,28.50000000000000185496196730,54,0.2592592592592592592592592593,-1.499999999999999304947229463,-1.499999999999999304947229463,run_94a3c75cc3d2493a88f1f98194aeb17e,ema_pullback:55488073b9407fca49dd9148
w12-lb070-r3_0,lab_3d_w12_lb_ratio,12,70,3.0,9.0,3.0,7f5e1f992ea368c8ef8f844661c775384e787ba5d15aa4a5c0a564c1dab0bb72,153,153,0.2941176470588235294117647059,1.124980853618626788350691305,27.00000000000000121515453529,27.00000000000000121515453529,0.05434397869827951732914823817,-0.0740464246917849703423196027,99,0.3131313131313131313131313131,25.00000000000000133128207092,25.00000000000000133128207092,54,0.2592592592592592592592592593,1.999999999999999883872464364,1.999999999999999883872464364,run_58f3e2605ac545a2a1ab97e21c6ba955,ema_pullback:5ab87da3df6346a063d29a56
w12-lb070-r3_25,lab_3d_w12_lb_ratio,12,70,3.25,9.75,3.0,7f5e1f992ea368c8ef8f844661c775384e787ba5d15aa4a5c0a564c1dab0bb72,153,153,0.2875816993464052287581699346,1.200318863718294088847142078,33.99999999999999996617987155,33.99999999999999996617987155,0.08851826051563179527352303486,-0.0673597621589321618886266453,99,0.3030303030303030303030303030,28.50000000000000126144316740,28.50000000000000126144316740,54,0.2592592592592592592592592593,5.499999999999998704736704147,5.499999999999998704736704147,run_0db7d21d24ae4616a91c401903785b0a,ema_pullback:e3415d9535e4ebfc60159b9a
w12-lb070-r3_5,lab_3d_w12_lb_ratio,12,70,3.5,10.5,3.0,7f5e1f992ea368c8ef8f844661c775384e787ba5d15aa4a5c0a564c1dab0bb72,152,152,0.2697368421052631578947368421,1.214177365247985435319225422,32.50000000000000481614124002,32.50000000000000481614124002,0.09696020669065630757433434766,-0.0732214847465434474361627080,98,0.2857142857142857142857142857,28.00000000000000394513998041,28.00000000000000394513998041,54,0.2407407407407407407407407407,4.500000000000000871001259611,4.500000000000000871001259611,run_8a3b4086bb254513a27f22befbe10cdf,ema_pullback:837c6f9cf2435e6f72e3512d
w12-lb070-r3_75,lab_3d_w12_lb_ratio,12,70,3.75,11.25,3.0,7f5e1f992ea368c8ef8f844661c775384e787ba5d15aa4a5c0a564c1dab0bb72,152,152,0.2631578947368421052631578947,1.278023872828834419134228670,38.00000000000000018762220343,38.00000000000000018762220343,0.1282013845591645526708842559,-0.0788432913036233283316316254,98,0.2755102040816326530612244898,30.25000000000000040190339618,30.25000000000000040190339618,54,0.2407407407407407407407407407,7.749999999999999785718807239,7.749999999999999785718807239,run_5e03642b942044b680a61361bb6de87a,ema_pullback:2571104989a6b229dbc0afaa
w12-lb070-r4_0,lab_3d_w12_lb_ratio,12,70,4.0,12.0,3.0,7f5e1f992ea368c8ef8f844661c775384e787ba5d15aa4a5c0a564c1dab0bb72,152,152,0.2565789473684210526315789474,1.270889159546254081160442931,43.00000000000000032702680423,43.00000000000000032702680423,0.1252042714990495690817161952,-0.0765661852176532018461827252,98,0.2653061224489795918367346939,32.00000000000000027991270887,32.00000000000000027991270887,54,0.2407407407407407407407407407,11.00000000000000004711409535,11.00000000000000004711409535,run_65bbecc839a3464b8f6e9e96754859b1,ema_pullback:05792404b8cbd2ff4b78c7c2
w12-lb070-r4_25,lab_3d_w12_lb_ratio,12,70,4.25,12.75,3.0,7f5e1f992ea368c8ef8f844661c775384e787ba5d15aa4a5c0a564c1dab0bb72,152,152,0.2565789473684210526315789474,1.351778099446585586256434935,52.75000000000000309670284482,52.75000000000000309670284482,0.1652360370246209536603199862,-0.0742855869503031189545424854,98,0.2653061224489795918367346939,38.50000000000000314004316066,38.50000000000000314004316066,54,0.2407407407407407407407407407,14.24999999999999995665968417,14.24999999999999995665968417,run_b6ac074eef364360983fc678e6103051,ema_pullback:b2d74054c3e4281955daaa12
w12-lb070-r4_5,lab_3d_w12_lb_ratio,12,70,4.5,13.5,3.0,7f5e1f992ea368c8ef8f844661c775384e787ba5d15aa4a5c0a564c1dab0bb72,152,152,0.25,1.418735033781912289473999293,57.00000000000000170754003270,57.00000000000000170754003270,0.1998499849152583529045948401,-0.0772259032782387053227198235,98,0.2653061224489795918367346939,45.00000000000000214219307457,45.00000000000000214219307457,54,0.2222222222222222222222222222,11.99999999999999956534695812,11.99999999999999956534695812,run_caa7477892884192bbd0d954021f6a52,ema_pullback:be30d9283d1ad888b1084b73
w12-lb070-r4_75,lab_3d_w12_lb_ratio,12,70,4.75,14.25,3.0,7f5e1f992ea368c8ef8f844661c775384e787ba5d15aa4a5c0a564c1dab0bb72,152,152,0.2434210526315789473684210526,1.418095640309507800504643793,60.75000000000000231708590640,60.75000000000000231708590640,0.2020467207191788507384303199,-0.1050233944042153408273961478,98,0.2653061224489795918367346939,51.50000000000000266394674070,51.50000000000000266394674070,54,0.2037037037037037037037037037,9.249999999999999653139165681,9.249999999999999653139165681,run_f3ed465cd7d544bf8187e603df696a4a,ema_pullback:d951a43f4ab8a88c2ee5febb
w12-lb070-r5_0,lab_3d_w12_lb_ratio,12,70,5.0,15.0,3.0,7f5e1f992ea368c8ef8f844661c775384e787ba5d15aa4a5c0a564c1dab0bb72,152,152,0.2434210526315789473684210526,1.494350118054640217193581493,70.00000000000000122290486332,70.00000000000000122290486332,0.2426000436438608109487598299,-0.1043050842011377509994601023,98,0.2653061224489795918367346939,58.00000000000000241392703113,58.00000000000000241392703113,54,0.2037037037037037037037037037,11.99999999999999880897783221,11.99999999999999880897783221,run_9c347f8899a84befba9c745cc78a585d,ema_pullback:fc0a93c49a7efd0f217235fe
w12-lb075-r2_0,lab_3d_w12_lb_ratio,12,75,2.0,6.0,3.0,7f5e1f992ea368c8ef8f844661c775384e787ba5d15aa4a5c0a564c1dab0bb72,150,150,0.3733333333333333333333333333,1.227278779789268295547606061,17.99999999999999969742589573,17.99999999999999969742589573,0.08549835742262144101002452777,-0.0770649887682472099863834521,95,0.4315789473684210526315789474,27.99999999999999982067919192,27.99999999999999982067919192,55,0.2727272727272727272727272727,-10.00000000000000012325329619,-10.00000000000000012325329619,run_a628d65bbb1d48f8aadd0c74589ba384,ema_pullback:55a2e8266d296bc07719fc58
w12-lb075-r2_25,lab_3d_w12_lb_ratio,12,75,2.25,6.75,3.0,7f5e1f992ea368c8ef8f844661c775384e787ba5d15aa4a5c0a564c1dab0bb72,149,149,0.3288590604026845637583892617,1.074700623661783337521912871,10.25000000000000113016255574,10.25000000000000113016255574,0.02939199740570997696353619775,-0.0964659103590966464725453786,95,0.3684210526315789473684210526,18.75000000000000116040355076,18.75000000000000116040355076,54,0.2592592592592592592592592593,-8.500000000000000030240995062,-8.500000000000000030240995062,run_8b274454cc084fa2b49511a1a1b53ffa,ema_pullback:f84a998c96aa4168a5383513
w12-lb075-r2_5,lab_3d_w12_lb_ratio,12,75,2.5,7.5,3.0,7f5e1f992ea368c8ef8f844661c775384e787ba5d15aa4a5c0a564c1dab0bb72,149,149,0.3154362416107382550335570470,1.116271765377320231124394428,15.50000000000000182717277705,15.50000000000000182717277705,0.04730254342503855309711940801,-0.0973408986348142341482033023,95,0.3473684210526315789473684211,20.50000000000000233857990914,20.50000000000000233857990914,54,0.2592592592592592592592592593,-5.000000000000000511407132084,-5.000000000000000511407132084,run_1a7032f5d4584f87b140f990d110fd52,ema_pullback:1ea59c2c134f892beeaf762b
w12-lb075-r2_75,lab_3d_w12_lb_ratio,12,75,2.75,8.25,3.0,7f5e1f992ea368c8ef8f844661c775384e787ba5d15aa4a5c0a564c1dab0bb72,149,149,0.3087248322147651006711409396,1.161467915456865000785705870,23.50000000000000270035607144,23.50000000000000270035607144,0.06771107798333286025625583083,-0.0969580082888939061134734615,95,0.3368421052631578947368421053,25.00000000000000200530330088,25.00000000000000200530330088,54,0.2592592592592592592592592593,-1.499999999999999304947229463,-1.499999999999999304947229463,run_1d4e09a4225e4a859bc6f2a5843513e6,ema_pullback:8a2f706fe81cd9068ff03542
w12-lb075-r3_0,lab_3d_w12_lb_ratio,12,75,3.0,9.0,3.0,7f5e1f992ea368c8ef8f844661c775384e787ba5d15aa4a5c0a564c1dab0bb72,149,149,0.2885906040268456375838926174,1.092645263830954306555783213,23.00000000000000126512993003,23.00000000000000126512993003,0.03936588690404225014074835865,-0.0851058787422121926722937623,95,0.3052631578947368421052631579,21.00000000000000138125746566,21.00000000000000138125746566,54,0.2592592592592592592592592593,1.999999999999999883872464367,1.999999999999999883872464367,run_1c3e289eb2f2458b9db2a53657bc6d60,ema_pullback:8120449d5202b7aed583b3ec
w12-lb075-r3_25,lab_3d_w12_lb_ratio,12,75,3.25,9.75,3.0,7f5e1f992ea368c8ef8f844661c775384e787ba5d15aa4a5c0a564c1dab0bb72,149,149,0.2818791946308724832214765101,1.165095458711668615443927355,29.50000000000000001640435589,29.50000000000000001640435589,0.07122719721013198347756961357,-0.0731112720807293066910434968,95,0.2947368421052631578947368421,24.00000000000000131166765174,24.00000000000000131166765174,54,0.2592592592592592592592592593,5.499999999999998704736704146,5.499999999999998704736704146,run_b3956b3597784083aa767911e7a9ecba,ema_pullback:915eadaaffbdef2a08616d17
w12-lb075-r3_5,lab_3d_w12_lb_ratio,12,75,3.5,10.5,3.0,7f5e1f992ea368c8ef8f844661c775384e787ba5d15aa4a5c0a564c1dab0bb72,148,148,0.2635135135135135135135135135,1.175910450583609573154843364,27.50000000000000476599978555,27.50000000000000476599978555,0.0776980934634329571643575415,-0.0743072977953996831428400861,94,0.2765957446808510638297872340,23.00000000000000389499852594,23.00000000000000389499852594,54,0.2407407407407407407407407407,4.500000000000000871001259607,4.500000000000000871001259607,run_5d456bb921e94e138ab405ab6d5898af,ema_pullback:238c9deed0b5d28b11ebe081
w12-lb075-r3_75,lab_3d_w12_lb_ratio,12,75,3.75,11.25,3.0,7f5e1f992ea368c8ef8f844661c775384e787ba5d15aa4a5c0a564c1dab0bb72,148,148,0.2567567567567567567567567568,1.236941688221691354832645496,32.50000000000000067212919377,32.50000000000000067212919377,0.1065062544854961010495563111,-0.0788432913036233283316316247,94,0.2659574468085106382978723404,24.75000000000000088641038653,24.75000000000000088641038653,54,0.2407407407407407407407407407,7.749999999999999785718807239,7.749999999999999785718807239,run_10cbcff7771345dabda90b094412330b,ema_pullback:b318461c64b41c8e2ae4b4ef
w12-lb075-r4_0,lab_3d_w12_lb_ratio,12,75,4.0,12.0,3.0,7f5e1f992ea368c8ef8f844661c775384e787ba5d15aa4a5c0a564c1dab0bb72,148,148,0.25,1.225791473403542101333846937,37.00000000000000044396817810,37.00000000000000044396817810,0.1016921456788979054952420543,-0.0765661852176532018461827269,94,0.2553191489361702127659574468,26.00000000000000039685408276,26.00000000000000039685408276,54,0.2407407407407407407407407407,11.00000000000000004711409536,11.00000000000000004711409536,run_e6c4ff5e3e3347d6baec9bba859c6c25,ema_pullback:c2579f95e34cb56a071961db
w12-lb075-r4_25,lab_3d_w12_lb_ratio,12,75,4.25,12.75,3.0,7f5e1f992ea368c8ef8f844661c775384e787ba5d15aa4a5c0a564c1dab0bb72,148,148,0.25,1.303888524058313571313650362,46.25000000000000257887892470,46.25000000000000257887892470,0.1389510426702045239936619375,-0.0742855869503031189545424862,94,0.2553191489361702127659574468,32.00000000000000262221924050,32.00000000000000262221924050,54,0.2407407407407407407407407407,14.24999999999999995665968417,14.24999999999999995665968417,run_2610d5585e98496086e5d956dab6e0e6,ema_pullback:35d46307312679419807823c
w12-lb075-r4_5,lab_3d_w12_lb_ratio,12,75,4.5,13.5,3.0,7f5e1f992ea368c8ef8f844661c775384e787ba5d15aa4a5c0a564c1dab0bb72,148,148,0.2432432432432432432432432432,1.367962613117629969846910199,50.00000000000000225876391257,50.00000000000000225876391257,0.170795374309777403367980771,-0.0772259032782387053227198248,94,0.2553191489361702127659574468,38.00000000000000269341695446,38.00000000000000269341695446,54,0.2222222222222222222222222222,11.99999999999999956534695812,11.99999999999999956534695812,run_d4f4bbf241414899b8c60b9fd073c732,ema_pullback:6637b65d10fb98269b99de2b
w12-lb075-r4_75,lab_3d_w12_lb_ratio,12,75,4.75,14.25,3.0,7f5e1f992ea368c8ef8f844661c775384e787ba5d15aa4a5c0a564c1dab0bb72,148,148,0.2364864864864864864864864865,1.363918554694064445215445684,53.25000000000000196634481460,53.25000000000000196634481460,0.1709515438007498660345986725,-0.1050233944042153408273961502,94,0.2553191489361702127659574468,44.00000000000000231320564890,44.00000000000000231320564890,54,0.2037037037037037037037037037,9.249999999999999653139165689,9.249999999999999653139165689,run_1eb5812b994a4226b34ce6cab8490d5b,ema_pullback:9fecb9ba8c6964381fbb041d
w12-lb075-r5_0,lab_3d_w12_lb_ratio,12,75,5.0,15.0,3.0,7f5e1f992ea368c8ef8f844661c775384e787ba5d15aa4a5c0a564c1dab0bb72,148,148,0.2364864864864864864864864865,1.437324010431024192996591691,62.00000000000000140681221633,62.00000000000000140681221633,0.2084066217483125270643584938,-0.1043050842011377509994601025,94,0.2553191489361702127659574468,50.00000000000000259783438414,50.00000000000000259783438414,54,0.2037037037037037037037037037,11.99999999999999880897783221,11.99999999999999880897783221,run_1f62a69232e94da2accd55b0dac28809,ema_pullback:524e0db9af40add6f6a0efc2
w12-lb080-r2_0,lab_3d_w12_lb_ratio,12,80,2.0,6.0,3.0,7f5e1f992ea368c8ef8f844661c775384e787ba5d15aa4a5c0a564c1dab0bb72,147,147,0.3809523809523809523809523810,1.253653945610409204910709359,20.99999999999999969742589573,20.99999999999999969742589573,0.09368468946572566082217245222,-0.0770649887682472099863834487,93,0.4408602150537634408602150538,29.99999999999999982067919192,29.99999999999999982067919192,54,0.2777777777777777777777777778,-9.000000000000000123253296189,-9.000000000000000123253296189,run_d0f9b758d9cb4db4be9c6bf8f4bb42c6,ema_pullback:70c8f54928fc61300e02bbb2
w12-lb080-r2_25,lab_3d_w12_lb_ratio,12,80,2.25,6.75,3.0,7f5e1f992ea368c8ef8f844661c775384e787ba5d15aa4a5c0a564c1dab0bb72,147,147,0.3333333333333333333333333333,1.089608066844603982447629321,12.25000000000000113016255574,12.25000000000000113016255574,0.03480642592256864980289125413,-0.0964659103590966464725453786,93,0.3763440860215053763440860215,20.75000000000000116040355076,20.75000000000000116040355076,54,0.2592592592592592592592592593,-8.500000000000000030240995063,-8.500000000000000030240995063,run_8f2c51c975664163b29fb17ae7b45462,ema_pullback:348b1d4eab48437f710aab27
w12-lb080-r2_5,lab_3d_w12_lb_ratio,12,80,2.5,7.5,3.0,7f5e1f992ea368c8ef8f844661c775384e787ba5d15aa4a5c0a564c1dab0bb72,147,147,0.3197278911564625850340136054,1.131454003945883332047461653,17.50000000000000182717277703,17.50000000000000182717277703,0.05281117839712901430874627736,-0.0973408986348142341482033023,93,0.3548387096774193548387096774,22.50000000000000233857990912,22.50000000000000233857990912,54,0.2592592592592592592592592593,-5.000000000000000511407132084,-5.000000000000000511407132084,run_ae76984224704f5f9dd76f121d34c617,ema_pullback:a9ad12583f77383f45843329
w12-lb080-r2_75,lab_3d_w12_lb_ratio,12,80,2.75,8.25,3.0,7f5e1f992ea368c8ef8f844661c775384e787ba5d15aa4a5c0a564c1dab0bb72,147,147,0.3129251700680272108843537415,1.177029460822959271211177148,25.50000000000000270035607143,25.50000000000000270035607143,0.07332705840961201698537184742,-0.0969580082888939061134734615,93,0.3440860215053763440860215054,27.00000000000000200530330088,27.00000000000000200530330088,54,0.2592592592592592592592592593,-1.499999999999999304947229462,-1.499999999999999304947229462,run_b378f4eea62a4f849d94a994993fbce1,ema_pullback:a47dfbd7072ff26c252ec372
w12-lb080-r3_0,lab_3d_w12_lb_ratio,12,80,3.0,9.0,3.0,7f5e1f992ea368c8ef8f844661c775384e787ba5d15aa4a5c0a564c1dab0bb72,147,147,0.2925170068027210884353741497,1.106768692319484039583051129,25.00000000000000126512993003,25.00000000000000126512993003,0.04483277639967272856648369486,-0.0851058787422121926722937623,93,0.3118279569892473118279569892,23.00000000000000138125746566,23.00000000000000138125746566,54,0.2592592592592592592592592593,1.999999999999999883872464368,1.999999999999999883872464368,run_a42cb8cc34a24f7c829cabb134124c81,ema_pullback:25dcf038be5e85b519385b65
w12-lb080-r3_25,lab_3d_w12_lb_ratio,12,80,3.25,9.75,3.0,7f5e1f992ea368c8ef8f844661c775384e787ba5d15aa4a5c0a564c1dab0bb72,147,147,0.2857142857142857142857142857,1.180295151551542371819159181,31.50000000000000001640435590,31.50000000000000001640435590,0.07686167183129339647594009784,-0.0731112720807293066910434968,93,0.3010752688172043010752688172,26.00000000000000131166765175,26.00000000000000131166765175,54,0.2592592592592592592592592593,5.499999999999998704736704148,5.499999999999998704736704148,run_ba2b87dc63b44bc9a4656e0373e4fe32,ema_pullback:dea6f2ceb5e152e6d5e46242
w12-lb080-r3_5,lab_3d_w12_lb_ratio,12,80,3.5,10.5,3.0,7f5e1f992ea368c8ef8f844661c775384e787ba5d15aa4a5c0a564c1dab0bb72,146,146,0.2671232876712328767123287671,1.190974166931326403599446097,29.50000000000000476599978554,29.50000000000000476599978554,0.08336660390893709434694303335,-0.0743072977953996831428400861,92,0.2826086956521739130434782609,25.00000000000000389499852594,25.00000000000000389499852594,54,0.2407407407407407407407407407,4.500000000000000871001259603,4.500000000000000871001259603,run_110d63b70f8f45ed96a8ad8b492b4ca7,ema_pullback:1ee187a1c9679ca153ba9943
w12-lb080-r3_75,lab_3d_w12_lb_ratio,12,80,3.75,11.25,3.0,7f5e1f992ea368c8ef8f844661c775384e787ba5d15aa4a5c0a564c1dab0bb72,146,146,0.2602739726027397260273972603,1.252848415679787753729592271,34.50000000000000067212919377,34.50000000000000067212919377,0.1123262910055658242871154409,-0.0788432913036233283316316247,92,0.2717391304347826086956521739,26.75000000000000088641038652,26.75000000000000088641038652,54,0.2407407407407407407407407407,7.749999999999999785718807240,7.749999999999999785718807240,run_945590af93884a99a0b47f401cbd6c85,ema_pullback:62bf89459bf9527159239943
w12-lb080-r4_0,lab_3d_w12_lb_ratio,12,80,4.0,12.0,3.0,7f5e1f992ea368c8ef8f844661c775384e787ba5d15aa4a5c0a564c1dab0bb72,146,146,0.2534246575342465753424657534,1.241446958784968747609310093,39.00000000000000044396817810,39.00000000000000044396817810,0.1074868607975273641857995279,-0.0765661852176532018461827269,92,0.2608695652173913043478260870,28.00000000000000039685408276,28.00000000000000039685408276,54,0.2407407407407407407407407407,11.00000000000000004711409536,11.00000000000000004711409536,run_2b0519bf7f87449eb5a8942ed59443f8,ema_pullback:678a93c9aa16ef68e68b8497
w12-lb080-r4_25,lab_3d_w12_lb_ratio,12,80,4.25,12.75,3.0,7f5e1f992ea368c8ef8f844661c775384e787ba5d15aa4a5c0a564c1dab0bb72,146,146,0.2534246575342465753424657534,1.320738332433316582689826613,48.25000000000000257887892469,48.25000000000000257887892469,0.1449417333111664349516885399,-0.0742855869503031189545424862,92,0.2608695652173913043478260870,34.00000000000000262221924049,34.00000000000000262221924049,54,0.2407407407407407407407407407,14.24999999999999995665968417,14.24999999999999995665968417,run_a25f348d9f604c82b5c46f733fa4536f,ema_pullback:2cb9fe08824134c4a660e265
w12-lb080-r4_5,lab_3d_w12_lb_ratio,12,80,4.5,13.5,3.0,7f5e1f992ea368c8ef8f844661c775384e787ba5d15aa4a5c0a564c1dab0bb72,146,146,0.2465753424657534246575342466,1.385764551687342719127942494,52.00000000000000225876391258,52.00000000000000225876391258,0.176953560771344235513569068,-0.0772259032782387053227198248,92,0.2608695652173913043478260870,40.00000000000000269341695445,40.00000000000000269341695445,54,0.2222222222222222222222222222,11.99999999999999956534695812,11.99999999999999956534695812,run_f319b4f2a73b449eb26cf911a0c428de,ema_pullback:1bf4c66c0fb47858a9c3aa6c
w12-lb080-r4_75,lab_3d_w12_lb_ratio,12,80,4.75,14.25,3.0,7f5e1f992ea368c8ef8f844661c775384e787ba5d15aa4a5c0a564c1dab0bb72,146,146,0.2397260273972602739726027397,1.381431532235369014493114493,55.25000000000000196634481458,55.25000000000000196634481458,0.177110551687534220387644968,-0.1050233944042153408273961502,92,0.2608695652173913043478260870,46.00000000000000231320564888,46.00000000000000231320564888,54,0.2037037037037037037037037037,9.249999999999999653139165687,9.249999999999999653139165687,run_01b1e20e43a94316b4aa61beb9ad2e26,ema_pullback:f98c176ae0d6dad32c8dd856
w12-lb080-r5_0,lab_3d_w12_lb_ratio,12,80,5.0,15.0,3.0,7f5e1f992ea368c8ef8f844661c775384e787ba5d15aa4a5c0a564c1dab0bb72,146,146,0.2397260273972602739726027397,1.455979264446074306815498968,64.00000000000000140681221633,64.00000000000000140681221633,0.2147626370362147665553214861,-0.1043050842011377509994601025,92,0.2608695652173913043478260870,52.00000000000000259783438414,52.00000000000000259783438414,54,0.2037037037037037037037037037,11.99999999999999880897783222,11.99999999999999880897783222,run_9ef147c2ff5446e5b413ab8ee0891565,ema_pullback:fa25a8bda1e7cccf401c9447
w12-lb085-r2_0,lab_3d_w12_lb_ratio,12,85,2.0,6.0,3.0,7f5e1f992ea368c8ef8f844661c775384e787ba5d15aa4a5c0a564c1dab0bb72,147,147,0.3809523809523809523809523810,1.253653945610409204910709359,20.99999999999999969742589573,20.99999999999999969742589573,0.09368468946572566082217245222,-0.0770649887682472099863834487,93,0.4408602150537634408602150538,29.99999999999999982067919192,29.99999999999999982067919192,54,0.2777777777777777777777777778,-9.000000000000000123253296189,-9.000000000000000123253296189,run_f8681244cffe4392b430abc9a548588d,ema_pullback:aac22e4cf433c2c801d59b39
w12-lb085-r2_25,lab_3d_w12_lb_ratio,12,85,2.25,6.75,3.0,7f5e1f992ea368c8ef8f844661c775384e787ba5d15aa4a5c0a564c1dab0bb72,147,147,0.3333333333333333333333333333,1.089608066844603982447629321,12.25000000000000113016255574,12.25000000000000113016255574,0.03480642592256864980289125413,-0.0964659103590966464725453786,93,0.3763440860215053763440860215,20.75000000000000116040355076,20.75000000000000116040355076,54,0.2592592592592592592592592593,-8.500000000000000030240995063,-8.500000000000000030240995063,run_3a8860e8c4274d5581a6597566ac55de,ema_pullback:3e25649a35cda0c0b15ecc70
w12-lb085-r2_5,lab_3d_w12_lb_ratio,12,85,2.5,7.5,3.0,7f5e1f992ea368c8ef8f844661c775384e787ba5d15aa4a5c0a564c1dab0bb72,147,147,0.3197278911564625850340136054,1.131454003945883332047461653,17.50000000000000182717277703,17.50000000000000182717277703,0.05281117839712901430874627736,-0.0973408986348142341482033023,93,0.3548387096774193548387096774,22.50000000000000233857990912,22.50000000000000233857990912,54,0.2592592592592592592592592593,-5.000000000000000511407132084,-5.000000000000000511407132084,run_fb4f3154fa9d4db9ba8c9814592b9316,ema_pullback:0b8fe2d067dc4018beb68fb3
w12-lb085-r2_75,lab_3d_w12_lb_ratio,12,85,2.75,8.25,3.0,7f5e1f992ea368c8ef8f844661c775384e787ba5d15aa4a5c0a564c1dab0bb72,147,147,0.3129251700680272108843537415,1.177029460822959271211177148,25.50000000000000270035607143,25.50000000000000270035607143,0.07332705840961201698537184742,-0.0969580082888939061134734615,93,0.3440860215053763440860215054,27.00000000000000200530330088,27.00000000000000200530330088,54,0.2592592592592592592592592593,-1.499999999999999304947229462,-1.499999999999999304947229462,run_26342b2bba8e454f872ad831d7568d82,ema_pullback:e72e946a3916ff82d2626d2f
w12-lb085-r3_0,lab_3d_w12_lb_ratio,12,85,3.0,9.0,3.0,7f5e1f992ea368c8ef8f844661c775384e787ba5d15aa4a5c0a564c1dab0bb72,147,147,0.2925170068027210884353741497,1.106768692319484039583051129,25.00000000000000126512993003,25.00000000000000126512993003,0.04483277639967272856648369486,-0.0851058787422121926722937623,93,0.3118279569892473118279569892,23.00000000000000138125746566,23.00000000000000138125746566,54,0.2592592592592592592592592593,1.999999999999999883872464368,1.999999999999999883872464368,run_806b1da6ebe74b8a828b29f56463090d,ema_pullback:19c134dc2a936d3005880155
w12-lb085-r3_25,lab_3d_w12_lb_ratio,12,85,3.25,9.75,3.0,7f5e1f992ea368c8ef8f844661c775384e787ba5d15aa4a5c0a564c1dab0bb72,147,147,0.2857142857142857142857142857,1.180295151551542371819159181,31.50000000000000001640435590,31.50000000000000001640435590,0.07686167183129339647594009784,-0.0731112720807293066910434968,93,0.3010752688172043010752688172,26.00000000000000131166765175,26.00000000000000131166765175,54,0.2592592592592592592592592593,5.499999999999998704736704148,5.499999999999998704736704148,run_648ecd84c1a3498e8cd0ed4cc9878889,ema_pullback:f79c04a297a085d24b536a90
w12-lb085-r3_5,lab_3d_w12_lb_ratio,12,85,3.5,10.5,3.0,7f5e1f992ea368c8ef8f844661c775384e787ba5d15aa4a5c0a564c1dab0bb72,146,146,0.2671232876712328767123287671,1.190974166931326403599446097,29.50000000000000476599978554,29.50000000000000476599978554,0.08336660390893709434694303335,-0.0743072977953996831428400861,92,0.2826086956521739130434782609,25.00000000000000389499852594,25.00000000000000389499852594,54,0.2407407407407407407407407407,4.500000000000000871001259603,4.500000000000000871001259603,run_8d8eaed3726748439c6d124f514eb00c,ema_pullback:d27c1b5ead46a438d3cfd158
w12-lb085-r3_75,lab_3d_w12_lb_ratio,12,85,3.75,11.25,3.0,7f5e1f992ea368c8ef8f844661c775384e787ba5d15aa4a5c0a564c1dab0bb72,146,146,0.2602739726027397260273972603,1.252848415679787753729592271,34.50000000000000067212919377,34.50000000000000067212919377,0.1123262910055658242871154409,-0.0788432913036233283316316247,92,0.2717391304347826086956521739,26.75000000000000088641038652,26.75000000000000088641038652,54,0.2407407407407407407407407407,7.749999999999999785718807240,7.749999999999999785718807240,run_651799c4bfe64c97b3969e717c3f6468,ema_pullback:1737a75cbcd407710947aa69
w12-lb085-r4_0,lab_3d_w12_lb_ratio,12,85,4.0,12.0,3.0,7f5e1f992ea368c8ef8f844661c775384e787ba5d15aa4a5c0a564c1dab0bb72,146,146,0.2534246575342465753424657534,1.241446958784968747609310093,39.00000000000000044396817810,39.00000000000000044396817810,0.1074868607975273641857995279,-0.0765661852176532018461827269,92,0.2608695652173913043478260870,28.00000000000000039685408276,28.00000000000000039685408276,54,0.2407407407407407407407407407,11.00000000000000004711409536,11.00000000000000004711409536,run_2ebea0a41fd74c0f981209d5d4f4f8bd,ema_pullback:405ca712c1671b999d4e73c0
w12-lb085-r4_25,lab_3d_w12_lb_ratio,12,85,4.25,12.75,3.0,7f5e1f992ea368c8ef8f844661c775384e787ba5d15aa4a5c0a564c1dab0bb72,146,146,0.2534246575342465753424657534,1.320738332433316582689826613,48.25000000000000257887892469,48.25000000000000257887892469,0.1449417333111664349516885399,-0.0742855869503031189545424862,92,0.2608695652173913043478260870,34.00000000000000262221924049,34.00000000000000262221924049,54,0.2407407407407407407407407407,14.24999999999999995665968417,14.24999999999999995665968417,run_379ed0daec834cc18cfc923658ec95ee,ema_pullback:d78c2cc43c725f0a53126466
w12-lb085-r4_5,lab_3d_w12_lb_ratio,12,85,4.5,13.5,3.0,7f5e1f992ea368c8ef8f844661c775384e787ba5d15aa4a5c0a564c1dab0bb72,146,146,0.2465753424657534246575342466,1.385764551687342719127942494,52.00000000000000225876391258,52.00000000000000225876391258,0.176953560771344235513569068,-0.0772259032782387053227198248,92,0.2608695652173913043478260870,40.00000000000000269341695445,40.00000000000000269341695445,54,0.2222222222222222222222222222,11.99999999999999956534695812,11.99999999999999956534695812,run_668c947674d340fbac82be1357ea9d2b,ema_pullback:355679f0978b595137f5ea3e
w12-lb085-r4_75,lab_3d_w12_lb_ratio,12,85,4.75,14.25,3.0,7f5e1f992ea368c8ef8f844661c775384e787ba5d15aa4a5c0a564c1dab0bb72,146,146,0.2397260273972602739726027397,1.381431532235369014493114493,55.25000000000000196634481458,55.25000000000000196634481458,0.177110551687534220387644968,-0.1050233944042153408273961502,92,0.2608695652173913043478260870,46.00000000000000231320564888,46.00000000000000231320564888,54,0.2037037037037037037037037037,9.249999999999999653139165687,9.249999999999999653139165687,run_232681f700924b66b076497e9f32c1b3,ema_pullback:f82eaaaa19a82986d2b88191
w12-lb085-r5_0,lab_3d_w12_lb_ratio,12,85,5.0,15.0,3.0,7f5e1f992ea368c8ef8f844661c775384e787ba5d15aa4a5c0a564c1dab0bb72,146,146,0.2397260273972602739726027397,1.455979264446074306815498968,64.00000000000000140681221633,64.00000000000000140681221633,0.2147626370362147665553214861,-0.1043050842011377509994601025,92,0.2608695652173913043478260870,52.00000000000000259783438414,52.00000000000000259783438414,54,0.2037037037037037037037037037,11.99999999999999880897783222,11.99999999999999880897783222,run_d9fa9d7d378546388ec05b7cde851b83,ema_pullback:f9a416d3fc452f1bfcf201b7
w12-lb090-r2_0,lab_3d_w12_lb_ratio,12,90,2.0,6.0,3.0,7f5e1f992ea368c8ef8f844661c775384e787ba5d15aa4a5c0a564c1dab0bb72,147,147,0.3809523809523809523809523810,1.253653945610409204910709359,20.99999999999999969742589573,20.99999999999999969742589573,0.09368468946572566082217245222,-0.0770649887682472099863834487,93,0.4408602150537634408602150538,29.99999999999999982067919192,29.99999999999999982067919192,54,0.2777777777777777777777777778,-9.000000000000000123253296189,-9.000000000000000123253296189,run_5f16d1c58c5743439dfe81e63ac0aef7,ema_pullback:c8dbe8e8de44bddecf34a3e6
w12-lb090-r2_25,lab_3d_w12_lb_ratio,12,90,2.25,6.75,3.0,7f5e1f992ea368c8ef8f844661c775384e787ba5d15aa4a5c0a564c1dab0bb72,147,147,0.3333333333333333333333333333,1.089608066844603982447629321,12.25000000000000113016255574,12.25000000000000113016255574,0.03480642592256864980289125413,-0.0964659103590966464725453786,93,0.3763440860215053763440860215,20.75000000000000116040355076,20.75000000000000116040355076,54,0.2592592592592592592592592593,-8.500000000000000030240995063,-8.500000000000000030240995063,run_b2ec3cf0574547c4b4ec97ffde54d25f,ema_pullback:62f16a3b3e6d4925af3f9af4
w12-lb090-r2_5,lab_3d_w12_lb_ratio,12,90,2.5,7.5,3.0,7f5e1f992ea368c8ef8f844661c775384e787ba5d15aa4a5c0a564c1dab0bb72,147,147,0.3197278911564625850340136054,1.131454003945883332047461653,17.50000000000000182717277703,17.50000000000000182717277703,0.05281117839712901430874627736,-0.0973408986348142341482033023,93,0.3548387096774193548387096774,22.50000000000000233857990912,22.50000000000000233857990912,54,0.2592592592592592592592592593,-5.000000000000000511407132084,-5.000000000000000511407132084,run_6faf1551e6d74a24b916a8c4a04cb83e,ema_pullback:b1a9c69b250a9cd662af7c66
w12-lb090-r2_75,lab_3d_w12_lb_ratio,12,90,2.75,8.25,3.0,7f5e1f992ea368c8ef8f844661c775384e787ba5d15aa4a5c0a564c1dab0bb72,147,147,0.3129251700680272108843537415,1.177029460822959271211177148,25.50000000000000270035607143,25.50000000000000270035607143,0.07332705840961201698537184742,-0.0969580082888939061134734615,93,0.3440860215053763440860215054,27.00000000000000200530330088,27.00000000000000200530330088,54,0.2592592592592592592592592593,-1.499999999999999304947229462,-1.499999999999999304947229462,run_cce32928d59a4d54b07d8f9694b9c334,ema_pullback:66e6c49612e4022236a4d4d7
w12-lb090-r3_0,lab_3d_w12_lb_ratio,12,90,3.0,9.0,3.0,7f5e1f992ea368c8ef8f844661c775384e787ba5d15aa4a5c0a564c1dab0bb72,147,147,0.2925170068027210884353741497,1.106768692319484039583051129,25.00000000000000126512993003,25.00000000000000126512993003,0.04483277639967272856648369486,-0.0851058787422121926722937623,93,0.3118279569892473118279569892,23.00000000000000138125746566,23.00000000000000138125746566,54,0.2592592592592592592592592593,1.999999999999999883872464368,1.999999999999999883872464368,run_abb5942ff00c4f9f845ba74cc4ad3254,ema_pullback:5aa864f57f5c70045e603eb9
w12-lb090-r3_25,lab_3d_w12_lb_ratio,12,90,3.25,9.75,3.0,7f5e1f992ea368c8ef8f844661c775384e787ba5d15aa4a5c0a564c1dab0bb72,147,147,0.2857142857142857142857142857,1.180295151551542371819159181,31.50000000000000001640435590,31.50000000000000001640435590,0.07686167183129339647594009784,-0.0731112720807293066910434968,93,0.3010752688172043010752688172,26.00000000000000131166765175,26.00000000000000131166765175,54,0.2592592592592592592592592593,5.499999999999998704736704148,5.499999999999998704736704148,run_1e0781c0acd34f618de659b718972742,ema_pullback:567e1887560b05389a4dbafe
w12-lb090-r3_5,lab_3d_w12_lb_ratio,12,90,3.5,10.5,3.0,7f5e1f992ea368c8ef8f844661c775384e787ba5d15aa4a5c0a564c1dab0bb72,146,146,0.2671232876712328767123287671,1.190974166931326403599446097,29.50000000000000476599978554,29.50000000000000476599978554,0.08336660390893709434694303335,-0.0743072977953996831428400861,92,0.2826086956521739130434782609,25.00000000000000389499852594,25.00000000000000389499852594,54,0.2407407407407407407407407407,4.500000000000000871001259603,4.500000000000000871001259603,run_0bced5faa3c94c978a8842f30e415cce,ema_pullback:b70e555d1a6dbb8decc9bf72
w12-lb090-r3_75,lab_3d_w12_lb_ratio,12,90,3.75,11.25,3.0,7f5e1f992ea368c8ef8f844661c775384e787ba5d15aa4a5c0a564c1dab0bb72,146,146,0.2602739726027397260273972603,1.252848415679787753729592271,34.50000000000000067212919377,34.50000000000000067212919377,0.1123262910055658242871154409,-0.0788432913036233283316316247,92,0.2717391304347826086956521739,26.75000000000000088641038652,26.75000000000000088641038652,54,0.2407407407407407407407407407,7.749999999999999785718807240,7.749999999999999785718807240,run_2908305988ed4e50a6a6a9637311a9c1,ema_pullback:54a174a881aab431906e1973
w12-lb090-r4_0,lab_3d_w12_lb_ratio,12,90,4.0,12.0,3.0,7f5e1f992ea368c8ef8f844661c775384e787ba5d15aa4a5c0a564c1dab0bb72,146,146,0.2534246575342465753424657534,1.241446958784968747609310093,39.00000000000000044396817810,39.00000000000000044396817810,0.1074868607975273641857995279,-0.0765661852176532018461827269,92,0.2608695652173913043478260870,28.00000000000000039685408276,28.00000000000000039685408276,54,0.2407407407407407407407407407,11.00000000000000004711409536,11.00000000000000004711409536,run_65f11ce73cdc491f869e7e75675768d9,ema_pullback:4fa58c09d1ee48190f366be5
w12-lb090-r4_25,lab_3d_w12_lb_ratio,12,90,4.25,12.75,3.0,7f5e1f992ea368c8ef8f844661c775384e787ba5d15aa4a5c0a564c1dab0bb72,146,146,0.2534246575342465753424657534,1.320738332433316582689826613,48.25000000000000257887892469,48.25000000000000257887892469,0.1449417333111664349516885399,-0.0742855869503031189545424862,92,0.2608695652173913043478260870,34.00000000000000262221924049,34.00000000000000262221924049,54,0.2407407407407407407407407407,14.24999999999999995665968417,14.24999999999999995665968417,run_ec59b3cc31f14acdaa51cedc4cccb0c7,ema_pullback:9a0fae5bc72e77f2a45f59ca
w12-lb090-r4_5,lab_3d_w12_lb_ratio,12,90,4.5,13.5,3.0,7f5e1f992ea368c8ef8f844661c775384e787ba5d15aa4a5c0a564c1dab0bb72,146,146,0.2465753424657534246575342466,1.385764551687342719127942494,52.00000000000000225876391258,52.00000000000000225876391258,0.176953560771344235513569068,-0.0772259032782387053227198248,92,0.2608695652173913043478260870,40.00000000000000269341695445,40.00000000000000269341695445,54,0.2222222222222222222222222222,11.99999999999999956534695812,11.99999999999999956534695812,run_a88f76bd231a493a865562079e71dd1a,ema_pullback:109cac067bbe5a629ed31bdd
w12-lb090-r4_75,lab_3d_w12_lb_ratio,12,90,4.75,14.25,3.0,7f5e1f992ea368c8ef8f844661c775384e787ba5d15aa4a5c0a564c1dab0bb72,146,146,0.2397260273972602739726027397,1.381431532235369014493114493,55.25000000000000196634481458,55.25000000000000196634481458,0.177110551687534220387644968,-0.1050233944042153408273961502,92,0.2608695652173913043478260870,46.00000000000000231320564888,46.00000000000000231320564888,54,0.2037037037037037037037037037,9.249999999999999653139165687,9.249999999999999653139165687,run_e34557368cbe4ddc9506ccf0c10fd4e9,ema_pullback:0d1914afe89993ec57e22fee
w12-lb090-r5_0,lab_3d_w12_lb_ratio,12,90,5.0,15.0,3.0,7f5e1f992ea368c8ef8f844661c775384e787ba5d15aa4a5c0a564c1dab0bb72,146,146,0.2397260273972602739726027397,1.455979264446074306815498968,64.00000000000000140681221633,64.00000000000000140681221633,0.2147626370362147665553214861,-0.1043050842011377509994601025,92,0.2608695652173913043478260870,52.00000000000000259783438414,52.00000000000000259783438414,54,0.2037037037037037037037037037,11.99999999999999880897783222,11.99999999999999880897783222,run_7453285b36a24f3b973be90f79683a61,ema_pullback:885be016cefb8aaa968a6aa2
w12-lb095-r2_0,lab_3d_w12_lb_ratio,12,95,2.0,6.0,3.0,7f5e1f992ea368c8ef8f844661c775384e787ba5d15aa4a5c0a564c1dab0bb72,145,145,0.3793103448275862068965517241,1.251145692874854333596055878,19.99999999999999961205472870,19.99999999999999961205472870,0.09237609383073558568758207782,-0.0770649887682472099863834471,92,0.4347826086956521739130434783,27.99999999999999973530802489,27.99999999999999973530802489,53,0.2830188679245283018867924528,-8.00000000000000012325329619,-8.00000000000000012325329619,run_a76dd035fea146bdb761b61e5b60dc5d,ema_pullback:37744b33cb022fc42ea2418f
w12-lb095-r2_25,lab_3d_w12_lb_ratio,12,95,2.25,6.75,3.0,7f5e1f992ea368c8ef8f844661c775384e787ba5d15aa4a5c0a564c1dab0bb72,145,145,0.3379310344827586206896551724,1.096152657707098561611896639,14.25000000000000113016255574,14.25000000000000113016255574,0.03720456578662080701018291916,-0.0964659103590966464725453780,92,0.3804347826086956521739130435,21.75000000000000116040355078,21.75000000000000116040355078,53,0.2641509433962264150943396226,-7.500000000000000030240995055,-7.500000000000000030240995055,run_ca2ba777b38749eb9a5bca7f6d6ace89,ema_pullback:3957195a8548ace852ef15a3
w12-lb095-r2_5,lab_3d_w12_lb_ratio,12,95,2.5,7.5,3.0,7f5e1f992ea368c8ef8f844661c775384e787ba5d15aa4a5c0a564c1dab0bb72,145,145,0.3241379310344827586206896552,1.138034106405594315946797164,19.50000000000000182717277705,19.50000000000000182717277705,0.05525104385697377611552166508,-0.0973408986348142341482033014,92,0.3586956521739130434782608696,23.50000000000000233857990916,23.50000000000000233857990916,53,0.2641509433962264150943396226,-4.000000000000000511407132075,-4.000000000000000511407132075,run_159bbe6558e94117a881c2f09e52a78c,ema_pullback:510d91670b66ff7e569b4909
w12-lb095-r2_75,lab_3d_w12_lb_ratio,12,95,2.75,8.25,3.0,7f5e1f992ea368c8ef8f844661c775384e787ba5d15aa4a5c0a564c1dab0bb72,145,145,0.3172413793103448275862068966,1.183680179603313055832837532,27.50000000000000270035607144,27.50000000000000270035607144,0.0758144689450105788772108457,-0.0969580082888939061134734621,92,0.3478260869565217391304347826,28.00000000000000200530330090,28.00000000000000200530330090,53,0.2641509433962264150943396226,-0.499999999999999304947229465,-0.499999999999999304947229465,run_77b0ef5abc214ee48015f42bae61b1e9,ema_pullback:6b7051c5dbd679a4e1b0f83c
w12-lb095-r3_0,lab_3d_w12_lb_ratio,12,95,3.0,9.0,3.0,7f5e1f992ea368c8ef8f844661c775384e787ba5d15aa4a5c0a564c1dab0bb72,145,145,0.2965517241379310344827586207,1.112906205234776662356954675,27.00000000000000126512993005,27.00000000000000126512993005,0.04725415209814547801605075038,-0.0851058787422121926722937615,92,0.3152173913043478260869565217,24.00000000000000138125746566,24.00000000000000138125746566,53,0.2641509433962264150943396226,2.999999999999999883872464371,2.999999999999999883872464371,run_a381f810aad94dfb900dd09ecc013b51,ema_pullback:892bc5654033e98090ba5e84
w12-lb095-r3_25,lab_3d_w12_lb_ratio,12,95,3.25,9.75,3.0,7f5e1f992ea368c8ef8f844661c775384e787ba5d15aa4a5c0a564c1dab0bb72,145,145,0.2896551724137931034482758621,1.186748390334516823919131862,33.50000000000000001640435589,33.50000000000000001640435589,0.07935727375122360234076699007,-0.0731112720807293066910434983,92,0.3043478260869565217391304348,27.00000000000000131166765174,27.00000000000000131166765174,53,0.2641509433962264150943396226,6.499999999999998704736704146,6.499999999999998704736704146,run_ac6a3ea549544a218da004085385c7d8,ema_pullback:a8cc3ba0337808cb54a8421e
w12-lb095-r3_5,lab_3d_w12_lb_ratio,12,95,3.5,10.5,3.0,7f5e1f992ea368c8ef8f844661c775384e787ba5d15aa4a5c0a564c1dab0bb72,144,144,0.2708333333333333333333333333,1.197334622541766952390477857,31.50000000000000476599978554,31.50000000000000476599978554,0.0858772808579138595476866812,-0.0743072977953996831428400850,91,0.2857142857142857142857142857,26.00000000000000389499852594,26.00000000000000389499852594,53,0.2452830188679245283018867925,5.500000000000000871001259600,5.500000000000000871001259600,run_25150b31981c477a9604ba86174cc48a,ema_pullback:c1e6303ec9ebba0437af4eb2
w12-lb095-r3_75,lab_3d_w12_lb_ratio,12,95,3.75,11.25,3.0,7f5e1f992ea368c8ef8f844661c775384e787ba5d15aa4a5c0a564c1dab0bb72,144,144,0.2638888888888888888888888889,1.259429182335037641068649554,36.50000000000000067212919377,36.50000000000000067212919377,0.1149040813569501803690592794,-0.0788432913036233283316316249,91,0.2747252747252747252747252747,27.75000000000000088641038652,27.75000000000000088641038652,53,0.2452830188679245283018867925,8.749999999999999785718807239,8.749999999999999785718807239,run_b4d8aab7d05e40ca9b6d932161556714,ema_pullback:bf3f57307e298c0d4f45136f
w12-lb095-r4_0,lab_3d_w12_lb_ratio,12,95,4.0,12.0,3.0,7f5e1f992ea368c8ef8f844661c775384e787ba5d15aa4a5c0a564c1dab0bb72,144,144,0.2569444444444444444444444444,1.247954831169762859806695429,41.00000000000000044396817810,41.00000000000000044396817810,0.1100534358817753102848623106,-0.0765661852176532018461827253,91,0.2637362637362637362637362637,29.00000000000000039685408273,29.00000000000000039685408273,53,0.2452830188679245283018867925,12.00000000000000004711409536,12.00000000000000004711409536,run_69b11247ba9948b4bab92dab857c7e77,ema_pullback:ffcf2dc2f82a4e68cb2d8cde
w12-lb095-r4_25,lab_3d_w12_lb_ratio,12,95,4.25,12.75,3.0,7f5e1f992ea368c8ef8f844661c775384e787ba5d15aa4a5c0a564c1dab0bb72,144,144,0.2569444444444444444444444444,1.327567226299463715427232001,50.25000000000000257887892467,50.25000000000000257887892467,0.1475951091927691806080153209,-0.0742855869503031189545424851,91,0.2637362637362637362637362637,35.00000000000000262221924050,35.00000000000000262221924050,53,0.2452830188679245283018867925,15.24999999999999995665968417,15.24999999999999995665968417,run_adbbee0f929e4a2ba23d61bc47c09904,ema_pullback:f6733992be4a00d9ee75cf74
w12-lb095-r4_5,lab_3d_w12_lb_ratio,12,95,4.5,13.5,3.0,7f5e1f992ea368c8ef8f844661c775384e787ba5d15aa4a5c0a564c1dab0bb72,144,144,0.25,1.392830756310393012526169118,54.00000000000000225876391258,54.00000000000000225876391258,0.1796811233197769340381583624,-0.0772259032782387053227198211,91,0.2637362637362637362637362637,41.00000000000000269341695446,41.00000000000000269341695446,53,0.2264150943396226415094339623,12.99999999999999956534695811,12.99999999999999956534695811,run_414e9da7cd274c3c8f9b77f083394a86,ema_pullback:89c5734d918736cfe0e38d2f
w12-lb095-r4_75,lab_3d_w12_lb_ratio,12,95,4.75,14.25,3.0,7f5e1f992ea368c8ef8f844661c775384e787ba5d15aa4a5c0a564c1dab0bb72,144,144,0.2430555555555555555555555556,1.388392052972941899185789404,57.25000000000000196634481460,57.25000000000000196634481460,0.1798384780587698877113695533,-0.1050233944042153408273961502,91,0.2637362637362637362637362637,47.00000000000000231320564888,47.00000000000000231320564888,53,0.2075471698113207547169811321,10.24999999999999965313916569,10.24999999999999965313916569,run_0945f29fa56b4248b8d966391007d388,ema_pullback:2def2b5a7efd2ca4a294e427
w12-lb095-r5_0,lab_3d_w12_lb_ratio,12,95,5.0,15.0,3.0,7f5e1f992ea368c8ef8f844661c775384e787ba5d15aa4a5c0a564c1dab0bb72,144,144,0.2430555555555555555555555556,1.463220555342349987919080220,66.00000000000000140681221634,66.00000000000000140681221634,0.217577821240971194675956003,-0.1043050842011377509994601055,91,0.2637362637362637362637362637,53.00000000000000259783438414,53.00000000000000259783438414,53,0.2075471698113207547169811321,12.99999999999999880897783222,12.99999999999999880897783222,run_c472509bbc094fcf8b73bbf72b998116,ema_pullback:bfd119ce716c66c4eba2ef22
w12-lb100-r2_0,lab_3d_w12_lb_ratio,12,100,2.0,6.0,3.0,7f5e1f992ea368c8ef8f844661c775384e787ba5d15aa4a5c0a564c1dab0bb72,143,143,0.3846153846153846153846153846,1.262051687197548157453518071,21.99999999999999961205472869,21.99999999999999961205472869,0.09567001735748566413875106585,-0.0770649887682472099863834492,90,0.4444444444444444444444444444,29.99999999999999973530802486,29.99999999999999973530802486,53,0.2830188679245283018867924528,-8.000000000000000123253296189,-8.000000000000000123253296189,run_ca5e6ba82e524b659e0b536b9ba3420c,ema_pullback:2bf5fef364d6cee81657e3fe
w12-lb100-r2_25,lab_3d_w12_lb_ratio,12,100,2.25,6.75,3.0,7f5e1f992ea368c8ef8f844661c775384e787ba5d15aa4a5c0a564c1dab0bb72,143,143,0.3426573426573426573426573427,1.104947849376675324794683242,16.25000000000000113016255574,16.25000000000000113016255574,0.04033212646887291650536794298,-0.0964659103590966464725453744,90,0.3888888888888888888888888889,23.75000000000000116040355078,23.75000000000000116040355078,53,0.2641509433962264150943396226,-7.500000000000000030240995055,-7.500000000000000030240995055,run_c18559a66a494c90bb7f24922d5ff150,ema_pullback:2860ede48e38b72841f61db0
w12-lb100-r2_5,lab_3d_w12_lb_ratio,12,100,2.5,7.5,3.0,7f5e1f992ea368c8ef8f844661c775384e787ba5d15aa4a5c0a564c1dab0bb72,143,143,0.3286713286713286713286713287,1.146953834590005429719091239,21.50000000000000182717277702,21.50000000000000182717277702,0.05843302143742296923050084368,-0.0973408986348142341482032997,90,0.3666666666666666666666666667,25.50000000000000233857990914,25.50000000000000233857990914,53,0.2641509433962264150943396226,-4.000000000000000511407132085,-4.000000000000000511407132085,run_97a737c985c84b81b9d4de41e16a65fa,ema_pullback:4598e163f244d84b7459ad22
w12-lb100-r2_75,lab_3d_w12_lb_ratio,12,100,2.75,8.25,3.0,7f5e1f992ea368c8ef8f844661c775384e787ba5d15aa4a5c0a564c1dab0bb72,143,143,0.3216783216783216783216783217,1.192784018331393256679739992,29.50000000000000270035607142,29.50000000000000270035607142,0.07905845296268462644885646479,-0.0969580082888939061134734584,90,0.3555555555555555555555555556,30.00000000000000200530330090,30.00000000000000200530330090,53,0.2641509433962264150943396226,-0.499999999999999304947229469,-0.499999999999999304947229469,run_0dc0b4ace16544e7b384f2076c3a4800,ema_pullback:32de32a01bc02583cace005a
w12-lb100-r3_0,lab_3d_w12_lb_ratio,12,100,3.0,9.0,3.0,7f5e1f992ea368c8ef8f844661c775384e787ba5d15aa4a5c0a564c1dab0bb72,143,143,0.3006993006993006993006993007,1.121193333809644167179742280,29.00000000000000126512993005,29.00000000000000126512993005,0.05041201605137961059668934352,-0.0851058787422121926722937623,90,0.3222222222222222222222222222,26.00000000000000138125746568,26.00000000000000138125746568,53,0.2641509433962264150943396226,2.999999999999999883872464366,2.999999999999999883872464366,run_9b58fced09824aff98f4ee77a3049cd5,ema_pullback:c4085c502a0d248d4f807bbb
w12-lb100-r3_25,lab_3d_w12_lb_ratio,12,100,3.25,9.75,3.0,7f5e1f992ea368c8ef8f844661c775384e787ba5d15aa4a5c0a564c1dab0bb72,143,143,0.2937062937062937062937062937,1.195604040459816465140750999,35.50000000000000001640435589,35.50000000000000001640435589,0.08261194065381958648012690998,-0.0731112720807293066910434953,90,0.3111111111111111111111111111,29.00000000000000131166765175,29.00000000000000131166765175,53,0.2641509433962264150943396226,6.499999999999998704736704143,6.499999999999998704736704143,run_78668aa0d7e94df3a0f9637e9224d8c1,ema_pullback:180c4efeafff8c4da5a69d75
w12-lb100-r3_5,lab_3d_w12_lb_ratio,12,100,3.5,10.5,3.0,7f5e1f992ea368c8ef8f844661c775384e787ba5d15aa4a5c0a564c1dab0bb72,143,143,0.2727272727272727272727272727,1.200668334255680221329337777,32.50000000000000476599978558,32.50000000000000476599978558,0.08717979235715532195383183938,-0.0743072977953996831428400839,90,0.2888888888888888888888888889,27.00000000000000389499852594,27.00000000000000389499852594,53,0.2452830188679245283018867925,5.500000000000000871001259605,5.500000000000000871001259605,run_d2c793919c1746e3a516150f2ce4d37f,ema_pullback:d38a5bdeb977b45e46c5092c
w12-lb100-r3_75,lab_3d_w12_lb_ratio,12,100,3.75,11.25,3.0,7f5e1f992ea368c8ef8f844661c775384e787ba5d15aa4a5c0a564c1dab0bb72,143,143,0.2657342657342657342657342657,1.262884299997182957831798380,37.50000000000000067212919377,37.50000000000000067212919377,0.1162414105488560588188713686,-0.0788432913036233283316316270,90,0.2777777777777777777777777778,28.75000000000000088641038652,28.75000000000000088641038652,53,0.2452830188679245283018867925,8.749999999999999785718807244,8.749999999999999785718807244,run_2b4de23e220142be96fd26e76e09854e,ema_pullback:742a6529a1d852f22908311e
w12-lb100-r4_0,lab_3d_w12_lb_ratio,12,100,4.0,12.0,3.0,7f5e1f992ea368c8ef8f844661c775384e787ba5d15aa4a5c0a564c1dab0bb72,143,143,0.2587412587412587412587412587,1.251372429747104668800418640,42.00000000000000044396817810,42.00000000000000044396817810,0.111384946716835959237957263,-0.0765661852176532018461827266,90,0.2666666666666666666666666667,30.00000000000000039685408274,30.00000000000000039685408274,53,0.2452830188679245283018867925,12.00000000000000004711409536,12.00000000000000004711409536,run_b3cdd84aca1d40339ad7203eea8891c1,ema_pullback:38093425c9b03b9ee5135ceb
w12-lb100-r4_25,lab_3d_w12_lb_ratio,12,100,4.25,12.75,3.0,7f5e1f992ea368c8ef8f844661c775384e787ba5d15aa4a5c0a564c1dab0bb72,143,143,0.2587412587412587412587412587,1.331161623381881289325580130,51.25000000000000257887892464,51.25000000000000257887892464,0.148971651323769369661887485,-0.0742855869503031189545424866,90,0.2666666666666666666666666667,36.00000000000000262221924049,36.00000000000000262221924049,53,0.2452830188679245283018867925,15.24999999999999995665968417,15.24999999999999995665968417,run_fa4ea412ba3844848c8bdb82140f2f7f,ema_pullback:cdc5a5f4f6b448f8667a0a9b
w12-lb100-r4_5,lab_3d_w12_lb_ratio,12,100,4.5,13.5,3.0,7f5e1f992ea368c8ef8f844661c775384e787ba5d15aa4a5c0a564c1dab0bb72,143,143,0.2517482517482517482517482517,1.396557410211603082236834834,55.00000000000000225876391256,55.00000000000000225876391256,0.1810961526749800577813173453,-0.0772259032782387053227198231,90,0.2666666666666666666666666667,42.00000000000000269341695446,42.00000000000000269341695446,53,0.2264150943396226415094339623,12.99999999999999956534695811,12.99999999999999956534695811,run_59350911892149d79c6e049d4403e3f4,ema_pullback:85450c4b3c0801c7205f23b8
w12-lb100-r4_75,lab_3d_w12_lb_ratio,12,100,4.75,14.25,3.0,7f5e1f992ea368c8ef8f844661c775384e787ba5d15aa4a5c0a564c1dab0bb72,143,143,0.2447552447552447552447552448,1.392064786221865895312312829,58.25000000000000196634481458,58.25000000000000196634481458,0.1812536961612289044337116403,-0.1050233944042153408273961476,90,0.2666666666666666666666666667,48.00000000000000231320564889,48.00000000000000231320564889,53,0.2075471698113207547169811321,10.24999999999999965313916568,10.24999999999999965313916568,run_92f3480ccb894940bde4e6c4f7c08493,ema_pullback:b3240d1985a50c486234dd87
w12-lb100-r5_0,lab_3d_w12_lb_ratio,12,100,5.0,15.0,3.0,7f5e1f992ea368c8ef8f844661c775384e787ba5d15aa4a5c0a564c1dab0bb72,143,143,0.2447552447552447552447552448,1.467050209948660034388260982,67.00000000000000140681221633,67.00000000000000140681221633,0.2190383077446898829315537423,-0.1043050842011377509994601068,90,0.2666666666666666666666666667,54.00000000000000259783438413,54.00000000000000259783438413,53,0.2075471698113207547169811321,12.99999999999999880897783221,12.99999999999999880897783221,run_474ec4b6a8624b7f8d90a38e476c4b8a,ema_pullback:265834f8fd3612f66c3994cf
w12-lb105-r2_0,lab_3d_w12_lb_ratio,12,105,2.0,6.0,3.0,7f5e1f992ea368c8ef8f844661c775384e787ba5d15aa4a5c0a564c1dab0bb72,143,143,0.3846153846153846153846153846,1.262051687197548157453518071,21.99999999999999961205472869,21.99999999999999961205472869,0.09567001735748566413875106585,-0.0770649887682472099863834492,90,0.4444444444444444444444444444,29.99999999999999973530802486,29.99999999999999973530802486,53,0.2830188679245283018867924528,-8.000000000000000123253296189,-8.000000000000000123253296189,run_a7dec5a3c0764920b89f6570de2bb1d5,ema_pullback:b93652ba2f3693a9d7cddd85
w12-lb105-r2_25,lab_3d_w12_lb_ratio,12,105,2.25,6.75,3.0,7f5e1f992ea368c8ef8f844661c775384e787ba5d15aa4a5c0a564c1dab0bb72,143,143,0.3426573426573426573426573427,1.104947849376675324794683242,16.25000000000000113016255574,16.25000000000000113016255574,0.04033212646887291650536794298,-0.0964659103590966464725453744,90,0.3888888888888888888888888889,23.75000000000000116040355078,23.75000000000000116040355078,53,0.2641509433962264150943396226,-7.500000000000000030240995055,-7.500000000000000030240995055,run_35882ad4a2974b0fb504394cbe92680a,ema_pullback:bed5dc6fc0f5eabcbcc0a5da
w12-lb105-r2_5,lab_3d_w12_lb_ratio,12,105,2.5,7.5,3.0,7f5e1f992ea368c8ef8f844661c775384e787ba5d15aa4a5c0a564c1dab0bb72,143,143,0.3286713286713286713286713287,1.146953834590005429719091239,21.50000000000000182717277702,21.50000000000000182717277702,0.05843302143742296923050084368,-0.0973408986348142341482032997,90,0.3666666666666666666666666667,25.50000000000000233857990914,25.50000000000000233857990914,53,0.2641509433962264150943396226,-4.000000000000000511407132085,-4.000000000000000511407132085,run_a9d438a901f84d19819ff39581d600d0,ema_pullback:50da2c616dc19cdf2da3338d
w12-lb105-r2_75,lab_3d_w12_lb_ratio,12,105,2.75,8.25,3.0,7f5e1f992ea368c8ef8f844661c775384e787ba5d15aa4a5c0a564c1dab0bb72,143,143,0.3216783216783216783216783217,1.192784018331393256679739992,29.50000000000000270035607142,29.50000000000000270035607142,0.07905845296268462644885646479,-0.0969580082888939061134734584,90,0.3555555555555555555555555556,30.00000000000000200530330090,30.00000000000000200530330090,53,0.2641509433962264150943396226,-0.499999999999999304947229469,-0.499999999999999304947229469,run_01b389f579304673bbb6063af352ea48,ema_pullback:7e2766733c7505b6b2eb1d0a
w12-lb105-r3_0,lab_3d_w12_lb_ratio,12,105,3.0,9.0,3.0,7f5e1f992ea368c8ef8f844661c775384e787ba5d15aa4a5c0a564c1dab0bb72,143,143,0.3006993006993006993006993007,1.121193333809644167179742280,29.00000000000000126512993005,29.00000000000000126512993005,0.05041201605137961059668934352,-0.0851058787422121926722937623,90,0.3222222222222222222222222222,26.00000000000000138125746568,26.00000000000000138125746568,53,0.2641509433962264150943396226,2.999999999999999883872464366,2.999999999999999883872464366,run_94c7abe576064a8d8c3b43a8067aada8,ema_pullback:dcecaf1fe968ac0fe747705d
w12-lb105-r3_25,lab_3d_w12_lb_ratio,12,105,3.25,9.75,3.0,7f5e1f992ea368c8ef8f844661c775384e787ba5d15aa4a5c0a564c1dab0bb72,143,143,0.2937062937062937062937062937,1.195604040459816465140750999,35.50000000000000001640435589,35.50000000000000001640435589,0.08261194065381958648012690998,-0.0731112720807293066910434953,90,0.3111111111111111111111111111,29.00000000000000131166765175,29.00000000000000131166765175,53,0.2641509433962264150943396226,6.499999999999998704736704143,6.499999999999998704736704143,run_aa9dc83572114126a27fe44460e5b287,ema_pullback:4ddc92a77d8a8149d8272ac5
w12-lb105-r3_5,lab_3d_w12_lb_ratio,12,105,3.5,10.5,3.0,7f5e1f992ea368c8ef8f844661c775384e787ba5d15aa4a5c0a564c1dab0bb72,143,143,0.2727272727272727272727272727,1.200668334255680221329337777,32.50000000000000476599978558,32.50000000000000476599978558,0.08717979235715532195383183938,-0.0743072977953996831428400839,90,0.2888888888888888888888888889,27.00000000000000389499852594,27.00000000000000389499852594,53,0.2452830188679245283018867925,5.500000000000000871001259605,5.500000000000000871001259605,run_93b0cb286b1b4d3d836e5f7a6539a815,ema_pullback:7a236688212c64392673ea22
w12-lb105-r3_75,lab_3d_w12_lb_ratio,12,105,3.75,11.25,3.0,7f5e1f992ea368c8ef8f844661c775384e787ba5d15aa4a5c0a564c1dab0bb72,143,143,0.2657342657342657342657342657,1.262884299997182957831798380,37.50000000000000067212919377,37.50000000000000067212919377,0.1162414105488560588188713686,-0.0788432913036233283316316270,90,0.2777777777777777777777777778,28.75000000000000088641038652,28.75000000000000088641038652,53,0.2452830188679245283018867925,8.749999999999999785718807244,8.749999999999999785718807244,run_c4b99b9dc1d9494f95e0aec9f9b8da0f,ema_pullback:dffe83cd9754ba44cab4d035
w12-lb105-r4_0,lab_3d_w12_lb_ratio,12,105,4.0,12.0,3.0,7f5e1f992ea368c8ef8f844661c775384e787ba5d15aa4a5c0a564c1dab0bb72,143,143,0.2587412587412587412587412587,1.251372429747104668800418640,42.00000000000000044396817810,42.00000000000000044396817810,0.111384946716835959237957263,-0.0765661852176532018461827266,90,0.2666666666666666666666666667,30.00000000000000039685408274,30.00000000000000039685408274,53,0.2452830188679245283018867925,12.00000000000000004711409536,12.00000000000000004711409536,run_37c5414081574307a60940422ce865a9,ema_pullback:515f9e82f389dae6854a59c9
w12-lb105-r4_25,lab_3d_w12_lb_ratio,12,105,4.25,12.75,3.0,7f5e1f992ea368c8ef8f844661c775384e787ba5d15aa4a5c0a564c1dab0bb72,143,143,0.2587412587412587412587412587,1.331161623381881289325580130,51.25000000000000257887892464,51.25000000000000257887892464,0.148971651323769369661887485,-0.0742855869503031189545424866,90,0.2666666666666666666666666667,36.00000000000000262221924049,36.00000000000000262221924049,53,0.2452830188679245283018867925,15.24999999999999995665968417,15.24999999999999995665968417,run_89b58fb78bca45c2b9e5dcbed03d7d05,ema_pullback:f699d5e8f2aea0e5f61bb7c4
w12-lb105-r4_5,lab_3d_w12_lb_ratio,12,105,4.5,13.5,3.0,7f5e1f992ea368c8ef8f844661c775384e787ba5d15aa4a5c0a564c1dab0bb72,143,143,0.2517482517482517482517482517,1.396557410211603082236834834,55.00000000000000225876391256,55.00000000000000225876391256,0.1810961526749800577813173453,-0.0772259032782387053227198231,90,0.2666666666666666666666666667,42.00000000000000269341695446,42.00000000000000269341695446,53,0.2264150943396226415094339623,12.99999999999999956534695811,12.99999999999999956534695811,run_d43a7a65a18141c89b2eb0f791da4282,ema_pullback:46d24670443cde074c556f2d
w12-lb105-r4_75,lab_3d_w12_lb_ratio,12,105,4.75,14.25,3.0,7f5e1f992ea368c8ef8f844661c775384e787ba5d15aa4a5c0a564c1dab0bb72,143,143,0.2447552447552447552447552448,1.392064786221865895312312829,58.25000000000000196634481458,58.25000000000000196634481458,0.1812536961612289044337116403,-0.1050233944042153408273961476,90,0.2666666666666666666666666667,48.00000000000000231320564889,48.00000000000000231320564889,53,0.2075471698113207547169811321,10.24999999999999965313916568,10.24999999999999965313916568,run_fc28673aac92407d81d15a1d20cb8694,ema_pullback:2d40422e675db6f3dcf2361e
w12-lb105-r5_0,lab_3d_w12_lb_ratio,12,105,5.0,15.0,3.0,7f5e1f992ea368c8ef8f844661c775384e787ba5d15aa4a5c0a564c1dab0bb72,143,143,0.2447552447552447552447552448,1.467050209948660034388260982,67.00000000000000140681221633,67.00000000000000140681221633,0.2190383077446898829315537423,-0.1043050842011377509994601068,90,0.2666666666666666666666666667,54.00000000000000259783438413,54.00000000000000259783438413,53,0.2075471698113207547169811321,12.99999999999999880897783221,12.99999999999999880897783221,run_980e8bd4e91746389a034c6fcaad87c1,ema_pullback:f5c441770aa43ea7227d25a8
w12-lb110-r2_0,lab_3d_w12_lb_ratio,12,110,2.0,6.0,3.0,7f5e1f992ea368c8ef8f844661c775384e787ba5d15aa4a5c0a564c1dab0bb72,142,142,0.3802816901408450704225352113,1.239544003935714161850840837,19.99999999999999961205472871,19.99999999999999961205472871,0.08700137092055569257768596466,-0.0843670023032417447033389784,89,0.4382022471910112359550561798,27.99999999999999973530802486,27.99999999999999973530802486,53,0.2830188679245283018867924528,-8.000000000000000123253296191,-8.000000000000000123253296191,run_63101ddf3cdc449cb75a302febefa9d1,ema_pullback:9a5abfaef4a462b7b4a53ce2
w12-lb110-r2_25,lab_3d_w12_lb_ratio,12,110,2.25,6.75,3.0,7f5e1f992ea368c8ef8f844661c775384e787ba5d15aa4a5c0a564c1dab0bb72,142,142,0.3380281690140845070422535211,1.081318711350617124523171282,14.00000000000000100476796514,14.00000000000000100476796514,0.0310815935132418749109357675,-0.1045000483618600817174204819,89,0.3820224719101123595505617978,21.50000000000000103500896018,21.50000000000000103500896018,53,0.2641509433962264150943396226,-7.500000000000000030240995054,-7.500000000000000030240995054,run_5b13d45dc5334f108876f42b9e31daf2,ema_pullback:28eed0b305082f362c206215
w12-lb110-r2_5,lab_3d_w12_lb_ratio,12,110,2.5,7.5,3.0,7f5e1f992ea368c8ef8f844661c775384e787ba5d15aa4a5c0a564c1dab0bb72,142,142,0.3239436619718309859154929577,1.121423175596954142623231095,19.00000000000000182717277704,19.00000000000000182717277704,0.04798613799263906146129842193,-0.1062502714825443071243820638,89,0.3595505617977528089887640449,23.00000000000000233857990914,23.00000000000000233857990914,53,0.2641509433962264150943396226,-4.000000000000000511407132085,-4.000000000000000511407132085,run_31895271a8cb4d7286b83d0f81f53b85,ema_pullback:3f3dfcca7c415a147024236c
w12-lb110-r2_75,lab_3d_w12_lb_ratio,12,110,2.75,8.25,3.0,7f5e1f992ea368c8ef8f844661c775384e787ba5d15aa4a5c0a564c1dab0bb72,142,142,0.3169014084507042253521126761,1.165367981761091747662218105,26.75000000000000232417229964,26.75000000000000232417229964,0.0673544996255411545303921849,-0.1067528079157806474209387785,89,0.3483146067415730337078651685,27.25000000000000162911952912,27.25000000000000162911952912,53,0.2641509433962264150943396226,-0.499999999999999304947229469,-0.499999999999999304947229469,run_f17e04cc29994ce186ff16ce6cb32f71,ema_pullback:7af994a8fa12e1953db07784
w12-lb110-r3_0,lab_3d_w12_lb_ratio,12,110,3.0,9.0,3.0,7f5e1f992ea368c8ef8f844661c775384e787ba5d15aa4a5c0a564c1dab0bb72,142,142,0.2957746478873239436619718310,1.092011196780006453612902273,26.00000000000000126512993005,26.00000000000000126512993005,0.03799526907452050434651668646,-0.0959206910641212600997257695,89,0.3146067415730337078651685393,23.00000000000000138125746568,23.00000000000000138125746568,53,0.2641509433962264150943396226,2.999999999999999883872464369,2.999999999999999883872464369,run_770dd5a2488c4c67bf7ac59dc3c2e558,ema_pullback:4e03c4935eebd442c4f110f8
w12-lb110-r3_25,lab_3d_w12_lb_ratio,12,110,3.25,9.75,3.0,7f5e1f992ea368c8ef8f844661c775384e787ba5d15aa4a5c0a564c1dab0bb72,142,142,0.2887323943661971830985915493,1.164101287689564131557636075,32.24999999999999964022058413,32.24999999999999964022058413,0.06876175899756312351816759957,-0.0849692396263905887906441709,89,0.3033707865168539325842696629,25.75000000000000093548387998,25.75000000000000093548387998,53,0.2641509433962264150943396226,6.499999999999998704736704147,6.499999999999998704736704147,run_7f9d466d87b5401aa81d15f8ff69a49f,ema_pullback:4f43ae18d9f786482eaba157
w12-lb110-r3_5,lab_3d_w12_lb_ratio,12,110,3.5,10.5,3.0,7f5e1f992ea368c8ef8f844661c775384e787ba5d15aa4a5c0a564c1dab0bb72,142,142,0.2676056338028169014084507042,1.167662116473859875449770665,29.00000000000000451521060438,29.00000000000000451521060438,0.07221600484712639599950526408,-0.0870484000424726969462953051,89,0.2808988764044943820224719101,23.50000000000000364420934477,23.50000000000000364420934477,53,0.2452830188679245283018867925,5.500000000000000871001259602,5.500000000000000871001259602,run_c36de537a3eb4d9b85b57d361140583d,ema_pullback:17e4ae8a0efc232a256df7fb
w12-lb110-r3_75,lab_3d_w12_lb_ratio,12,110,3.75,11.25,3.0,7f5e1f992ea368c8ef8f844661c775384e787ba5d15aa4a5c0a564c1dab0bb72,142,142,0.2605633802816901408450704225,1.227795571530456180263227446,33.75000000000000054673460317,33.75000000000000054673460317,0.09979637733164195789808909008,-0.0888204651376330443874073110,89,0.2696629213483146067415730337,25.00000000000000076101579592,25.00000000000000076101579592,53,0.2452830188679245283018867925,8.749999999999999785718807236,8.749999999999999785718807236,run_25d54d9808e74d139fff2606a040a6b7,ema_pullback:16e6d03602043055a5000103
w12-lb110-r4_0,lab_3d_w12_lb_ratio,12,110,4.0,12.0,3.0,7f5e1f992ea368c8ef8f844661c775384e787ba5d15aa4a5c0a564c1dab0bb72,142,142,0.2535211267605633802816901408,1.214061037266493426081413760,38.00000000000000044396817809,38.00000000000000044396817809,0.09393703245960586824558818501,-0.0824597262553831369120757129,89,0.2584269662921348314606741573,26.00000000000000039685408273,26.00000000000000039685408273,53,0.2452830188679245283018867925,12.00000000000000004711409536,12.00000000000000004711409536,run_f81218c3293e454b8e3d7ec07916ae04,ema_pullback:7e6a6f9a69b168fe391bcad6
w12-lb110-r4_25,lab_3d_w12_lb_ratio,12,110,4.25,12.75,3.0,7f5e1f992ea368c8ef8f844661c775384e787ba5d15aa4a5c0a564c1dab0bb72,142,142,0.2535211267605633802816901408,1.291600780898238910758485047,47.00000000000000195190597173,47.00000000000000195190597173,0.1298250657067389119300514469,-0.0784988987482683010414133048,89,0.2584269662921348314606741573,31.75000000000000199524628756,31.75000000000000199524628756,53,0.2452830188679245283018867925,15.24999999999999995665968417,15.24999999999999995665968417,run_11df4a676df242d4956b647a93acadbd,ema_pullback:57006f1bfc3f1e50a7e4e2e1
w12-lb110-r4_5,lab_3d_w12_lb_ratio,12,110,4.5,13.5,3.0,7f5e1f992ea368c8ef8f844661c775384e787ba5d15aa4a5c0a564c1dab0bb72,142,142,0.2464788732394366197183098592,1.354852392327319638228324630,50.50000000000000175718555021,50.50000000000000175718555021,0.1602768893497272613117450126,-0.0814258324721311823282796403,89,0.2584269662921348314606741573,37.50000000000000219183859210,37.50000000000000219183859210,53,0.2264150943396226415094339623,12.99999999999999956534695811,12.99999999999999956534695811,run_3c66946b3c8f4c7baaf5b06d4369de9d,ema_pullback:7ab98f1c98c74f97f95a7808
w12-lb110-r4_75,lab_3d_w12_lb_ratio,12,110,4.75,14.25,3.0,7f5e1f992ea368c8ef8f844661c775384e787ba5d15aa4a5c0a564c1dab0bb72,142,142,0.2394366197183098591549295775,1.348607445196801621213150242,53.50000000000000133937186164,53.50000000000000133937186164,0.1592963781840192461620742041,-0.1090968056400163278346258035,89,0.2584269662921348314606741573,43.25000000000000168623269595,43.25000000000000168623269595,53,0.2075471698113207547169811321,10.24999999999999965313916568,10.24999999999999965313916568,run_9910fe0d47e74d88929bff0a21a72702,ema_pullback:21374a2f7a7d561d5eed457b
w12-lb110-r5_0,lab_3d_w12_lb_ratio,12,110,5.0,15.0,3.0,7f5e1f992ea368c8ef8f844661c775384e787ba5d15aa4a5c0a564c1dab0bb72,142,142,0.2394366197183098591549295775,1.421397278364056282170626633,62.00000000000000140681221634,62.00000000000000140681221634,0.1952093423809171671532723137,-0.1083817647658057857963209569,89,0.2584269662921348314606741573,49.00000000000000259783438413,49.00000000000000259783438413,53,0.2075471698113207547169811321,12.99999999999999880897783222,12.99999999999999880897783222,run_e52df83781994f42b9047d2394b880df,ema_pullback:f0fc66e2b14fcf434c856952
w12-lb115-r2_0,lab_3d_w12_lb_ratio,12,115,2.0,6.0,3.0,7f5e1f992ea368c8ef8f844661c775384e787ba5d15aa4a5c0a564c1dab0bb72,140,140,0.3857142857142857142857142857,1.268413204245228190458713437,21.99999999999999961205472869,21.99999999999999961205472869,0.09564610442878434305574680495,-0.0770851317663852497939780687,87,0.4482758620689655172413793103,29.99999999999999973530802486,29.99999999999999973530802486,53,0.2830188679245283018867924528,-8.00000000000000012325329619,-8.00000000000000012325329619,run_7769daf030894361abfd0a52eb25b5f4,ema_pullback:af7bfc170ba3403348f7e200
w12-lb115-r2_25,lab_3d_w12_lb_ratio,12,115,2.25,6.75,3.0,7f5e1f992ea368c8ef8f844661c775384e787ba5d15aa4a5c0a564c1dab0bb72,140,140,0.3428571428571428571428571429,1.104528995049916574826950269,16.00000000000000100476796514,16.00000000000000100476796514,0.03928160672354090695086304674,-0.0973782924509292691928151317,87,0.3908045977011494252873563218,23.50000000000000103500896018,23.50000000000000103500896018,53,0.2641509433962264150943396226,-7.500000000000000030240995054,-7.500000000000000030240995054,run_078c3287d8ee4bbb8fc302c0d77c007b,ema_pullback:c4166eedb978aa8771c3b982
w12-lb115-r2_5,lab_3d_w12_lb_ratio,12,115,2.5,7.5,3.0,7f5e1f992ea368c8ef8f844661c775384e787ba5d15aa4a5c0a564c1dab0bb72,140,140,0.3285714285714285714285714286,1.144886386838637777538372815,21.00000000000000182717277706,21.00000000000000182717277706,0.05632059011535512936959816363,-0.0991424347927506694520602674,87,0.3678160919540229885057471264,25.00000000000000233857990916,25.00000000000000233857990916,53,0.2641509433962264150943396226,-4.000000000000000511407132084,-4.000000000000000511407132084,run_1c0b128e9e8f45fbbdb5fef8389b72b6,ema_pullback:a575b964ad5c575766a7bbb0
w12-lb115-r2_75,lab_3d_w12_lb_ratio,12,115,2.75,8.25,3.0,7f5e1f992ea368c8ef8f844661c775384e787ba5d15aa4a5c0a564c1dab0bb72,140,140,0.3214285714285714285714285714,1.189258359429023647423931832,28.75000000000000232417229964,28.75000000000000232417229964,0.07584298497147721041709079336,-0.0996489678111429464166861931,87,0.3563218390804597701149425287,29.25000000000000162911952912,29.25000000000000162911952912,53,0.2641509433962264150943396226,-0.499999999999999304947229465,-0.499999999999999304947229465,run_de37b9f493b24beab53b4b734515cc05,ema_pullback:ffd6a704042f82cd9edcc44d
w12-lb115-r3_0,lab_3d_w12_lb_ratio,12,115,3.0,9.0,3.0,7f5e1f992ea368c8ef8f844661c775384e787ba5d15aa4a5c0a564c1dab0bb72,140,140,0.3,1.113745070882335450907421487,28.00000000000000126512993005,28.00000000000000126512993005,0.0462502655483079639440169194,-0.0887307050115412064589680898,87,0.3218390804597701149425287356,25.00000000000000138125746568,25.00000000000000138125746568,53,0.2641509433962264150943396226,2.999999999999999883872464368,2.999999999999999883872464368,run_7333a867ceda49058729cbb6d548e439,ema_pullback:a585383bad38cc13b5f3aeeb
w12-lb115-r3_25,lab_3d_w12_lb_ratio,12,115,3.25,9.75,3.0,7f5e1f992ea368c8ef8f844661c775384e787ba5d15aa4a5c0a564c1dab0bb72,140,140,0.2928571428571428571428571429,1.187233805502540667242714095,34.24999999999999964022058414,34.24999999999999964022058414,0.07726143603338433985293038924,-0.0776921585785877477391362306,87,0.3103448275862068965517241379,27.75000000000000093548387999,27.75000000000000093548387999,53,0.2641509433962264150943396226,6.499999999999998704736704144,6.499999999999998704736704144,run_4e10cce761094001827c2603f554df0e,ema_pullback:b7bd0fe358a61a9a22de665b
w12-lb115-r3_5,lab_3d_w12_lb_ratio,12,115,3.5,10.5,3.0,7f5e1f992ea368c8ef8f844661c775384e787ba5d15aa4a5c0a564c1dab0bb72,140,140,0.2714285714285714285714285714,1.190286902818651312008316611,31.00000000000000451521060436,31.00000000000000451521060436,0.08074315290151320141096713468,-0.0797878541971072420121055763,87,0.2873563218390804597701149425,25.50000000000000364420934476,25.50000000000000364420934476,53,0.2452830188679245283018867925,5.500000000000000871001259599,5.500000000000000871001259599,run_37ae19026701407394d88aad80db7804,ema_pullback:02338bd34ee0ea8144201717
w12-lb115-r3_75,lab_3d_w12_lb_ratio,12,115,3.75,11.25,3.0,7f5e1f992ea368c8ef8f844661c775384e787ba5d15aa4a5c0a564c1dab0bb72,140,140,0.2642857142857142857142857143,1.251472365136582365909354853,35.75000000000000054673460317,35.75000000000000054673460317,0.1085428673082789649806835928,-0.0815740122188422097997447643,87,0.2758620689655172413793103448,27.00000000000000076101579592,27.00000000000000076101579592,53,0.2452830188679245283018867925,8.749999999999999785718807240,8.749999999999999785718807240,run_a2b8bf4431324d0e8430c71c3641417b,ema_pullback:9176d23992221659bebce04f
w12-lb115-r4_0,lab_3d_w12_lb_ratio,12,115,4.0,12.0,3.0,7f5e1f992ea368c8ef8f844661c775384e787ba5d15aa4a5c0a564c1dab0bb72,140,140,0.2571428571428571428571428571,1.237295099201929048306216913,40.00000000000000044396817811,40.00000000000000044396817811,0.1026369240819936422125505539,-0.0751626874826794305018277492,87,0.2643678160919540229885057471,28.00000000000000039685408275,28.00000000000000039685408275,53,0.2452830188679245283018867925,12.00000000000000004711409537,12.00000000000000004711409537,run_9b9a68b2958548a6bdf0332fa4832086,ema_pullback:1dad66d1d1391f6f4f86b19b
w12-lb115-r4_25,lab_3d_w12_lb_ratio,12,115,4.25,12.75,3.0,7f5e1f992ea368c8ef8f844661c775384e787ba5d15aa4a5c0a564c1dab0bb72,140,140,0.2571428571428571428571428571,1.316316652831355607776794057,49.00000000000000195190597171,49.00000000000000195190597171,0.1388103686375716585826661461,-0.0711703602008751919138046338,87,0.2643678160919540229885057471,33.75000000000000199524628755,33.75000000000000199524628755,53,0.2452830188679245283018867925,15.24999999999999995665968417,15.24999999999999995665968417,run_d8a691282dae44afbc4056b83982dc23,ema_pullback:fd74933271aa3cfd49a47970
w12-lb115-r4_5,lab_3d_w12_lb_ratio,12,115,4.5,13.5,3.0,7f5e1f992ea368c8ef8f844661c775384e787ba5d15aa4a5c0a564c1dab0bb72,140,140,0.25,1.380714355634339007792840575,52.50000000000000175718555022,52.50000000000000175718555022,0.1695043703562051862505974306,-0.0741205713213595823105305967,87,0.2643678160919540229885057471,39.50000000000000219183859210,39.50000000000000219183859210,53,0.2264150943396226415094339623,12.99999999999999956534695811,12.99999999999999956534695811,run_8a52374e75f94a209fc2fd26024c7991,ema_pullback:b2981e0080ace4607aaceb77
w12-lb115-r4_75,lab_3d_w12_lb_ratio,12,115,4.75,14.25,3.0,7f5e1f992ea368c8ef8f844661c775384e787ba5d15aa4a5c0a564c1dab0bb72,140,140,0.2428571428571428571428571429,1.374058808554354480986072949,55.50000000000000133937186164,55.50000000000000133937186164,0.1685160613551345440310799084,-0.1020116069430272220041152931,87,0.2643678160919540229885057471,45.25000000000000168623269594,45.25000000000000168623269594,53,0.2075471698113207547169811321,10.24999999999999965313916569,10.24999999999999965313916569,run_d2aa9023d33b4a2f8370057a6587123a,ema_pullback:f872a5a03d55d7b17fb4a0f0
w12-lb115-r5_0,lab_3d_w12_lb_ratio,12,115,5.0,15.0,3.0,7f5e1f992ea368c8ef8f844661c775384e787ba5d15aa4a5c0a564c1dab0bb72,140,140,0.2428571428571428571428571429,1.448224398046121521015860441,64.00000000000000140681221633,64.00000000000000140681221633,0.204714635131999985908646842,-0.1012908794726720898704080786,87,0.2643678160919540229885057471,51.00000000000000259783438413,51.00000000000000259783438413,53,0.2075471698113207547169811321,12.99999999999999880897783221,12.99999999999999880897783221,run_c9fb7b3e18704ee1ac942fad0ee7fb16,ema_pullback:09e0eb047a488d74a9e9a558
w12-lb120-r2_0,lab_3d_w12_lb_ratio,12,120,2.0,6.0,3.0,7f5e1f992ea368c8ef8f844661c775384e787ba5d15aa4a5c0a564c1dab0bb72,140,140,0.3857142857142857142857142857,1.268413204245228190458713437,21.99999999999999961205472869,21.99999999999999961205472869,0.09564610442878434305574680495,-0.0770851317663852497939780687,87,0.4482758620689655172413793103,29.99999999999999973530802486,29.99999999999999973530802486,53,0.2830188679245283018867924528,-8.00000000000000012325329619,-8.00000000000000012325329619,run_236a828fe27d4baf93b0d59d8dc3a5d9,ema_pullback:a5a6c96c5a86959267f1a538
w12-lb120-r2_25,lab_3d_w12_lb_ratio,12,120,2.25,6.75,3.0,7f5e1f992ea368c8ef8f844661c775384e787ba5d15aa4a5c0a564c1dab0bb72,140,140,0.3428571428571428571428571429,1.104528995049916574826950269,16.00000000000000100476796514,16.00000000000000100476796514,0.03928160672354090695086304674,-0.0973782924509292691928151317,87,0.3908045977011494252873563218,23.50000000000000103500896018,23.50000000000000103500896018,53,0.2641509433962264150943396226,-7.500000000000000030240995054,-7.500000000000000030240995054,run_dd248d4f900e49c8b597656a468789db,ema_pullback:6a864e2301a94af6fb0a6de4
w12-lb120-r2_5,lab_3d_w12_lb_ratio,12,120,2.5,7.5,3.0,7f5e1f992ea368c8ef8f844661c775384e787ba5d15aa4a5c0a564c1dab0bb72,140,140,0.3285714285714285714285714286,1.144886386838637777538372815,21.00000000000000182717277706,21.00000000000000182717277706,0.05632059011535512936959816363,-0.0991424347927506694520602674,87,0.3678160919540229885057471264,25.00000000000000233857990916,25.00000000000000233857990916,53,0.2641509433962264150943396226,-4.000000000000000511407132084,-4.000000000000000511407132084,run_c0e28b883e14470ba6d963473b936d72,ema_pullback:b0bd91d3dae409d4c5f5cf0f
w12-lb120-r2_75,lab_3d_w12_lb_ratio,12,120,2.75,8.25,3.0,7f5e1f992ea368c8ef8f844661c775384e787ba5d15aa4a5c0a564c1dab0bb72,140,140,0.3214285714285714285714285714,1.189258359429023647423931832,28.75000000000000232417229964,28.75000000000000232417229964,0.07584298497147721041709079336,-0.0996489678111429464166861931,87,0.3563218390804597701149425287,29.25000000000000162911952912,29.25000000000000162911952912,53,0.2641509433962264150943396226,-0.499999999999999304947229465,-0.499999999999999304947229465,run_bcf6d0be507b4513b44e454ad22da070,ema_pullback:f0bd4d370e3046189b6c337f
w12-lb120-r3_0,lab_3d_w12_lb_ratio,12,120,3.0,9.0,3.0,7f5e1f992ea368c8ef8f844661c775384e787ba5d15aa4a5c0a564c1dab0bb72,140,140,0.3,1.113745070882335450907421487,28.00000000000000126512993005,28.00000000000000126512993005,0.0462502655483079639440169194,-0.0887307050115412064589680898,87,0.3218390804597701149425287356,25.00000000000000138125746568,25.00000000000000138125746568,53,0.2641509433962264150943396226,2.999999999999999883872464368,2.999999999999999883872464368,run_b1425f4d005a48e88e7787220fe86e26,ema_pullback:6f7af2c01bfdd7ba5c05e4e9
w12-lb120-r3_25,lab_3d_w12_lb_ratio,12,120,3.25,9.75,3.0,7f5e1f992ea368c8ef8f844661c775384e787ba5d15aa4a5c0a564c1dab0bb72,140,140,0.2928571428571428571428571429,1.187233805502540667242714095,34.24999999999999964022058414,34.24999999999999964022058414,0.07726143603338433985293038924,-0.0776921585785877477391362306,87,0.3103448275862068965517241379,27.75000000000000093548387999,27.75000000000000093548387999,53,0.2641509433962264150943396226,6.499999999999998704736704144,6.499999999999998704736704144,run_986bca8d1cac438199f47c61fd3537d3,ema_pullback:bd9648efc56eaa967f45908a
w12-lb120-r3_5,lab_3d_w12_lb_ratio,12,120,3.5,10.5,3.0,7f5e1f992ea368c8ef8f844661c775384e787ba5d15aa4a5c0a564c1dab0bb72,140,140,0.2714285714285714285714285714,1.190286902818651312008316611,31.00000000000000451521060436,31.00000000000000451521060436,0.08074315290151320141096713468,-0.0797878541971072420121055763,87,0.2873563218390804597701149425,25.50000000000000364420934476,25.50000000000000364420934476,53,0.2452830188679245283018867925,5.500000000000000871001259599,5.500000000000000871001259599,run_e1e9863edbb0470384b4a64db5b26beb,ema_pullback:2366ba4bb85fe15c6e37c178
w12-lb120-r3_75,lab_3d_w12_lb_ratio,12,120,3.75,11.25,3.0,7f5e1f992ea368c8ef8f844661c775384e787ba5d15aa4a5c0a564c1dab0bb72,140,140,0.2642857142857142857142857143,1.251472365136582365909354853,35.75000000000000054673460317,35.75000000000000054673460317,0.1085428673082789649806835928,-0.0815740122188422097997447643,87,0.2758620689655172413793103448,27.00000000000000076101579592,27.00000000000000076101579592,53,0.2452830188679245283018867925,8.749999999999999785718807240,8.749999999999999785718807240,run_02baffc7395a42a8ac03d20cc904a025,ema_pullback:b6dd3e562a68a4382b2be874
w12-lb120-r4_0,lab_3d_w12_lb_ratio,12,120,4.0,12.0,3.0,7f5e1f992ea368c8ef8f844661c775384e787ba5d15aa4a5c0a564c1dab0bb72,140,140,0.2571428571428571428571428571,1.237295099201929048306216913,40.00000000000000044396817811,40.00000000000000044396817811,0.1026369240819936422125505539,-0.0751626874826794305018277492,87,0.2643678160919540229885057471,28.00000000000000039685408275,28.00000000000000039685408275,53,0.2452830188679245283018867925,12.00000000000000004711409537,12.00000000000000004711409537,run_8eeb8765746a418dbcce074d2fac969f,ema_pullback:304be56855d9c3cc91764375
w12-lb120-r4_25,lab_3d_w12_lb_ratio,12,120,4.25,12.75,3.0,7f5e1f992ea368c8ef8f844661c775384e787ba5d15aa4a5c0a564c1dab0bb72,140,140,0.2571428571428571428571428571,1.316316652831355607776794057,49.00000000000000195190597171,49.00000000000000195190597171,0.1388103686375716585826661461,-0.0711703602008751919138046338,87,0.2643678160919540229885057471,33.75000000000000199524628755,33.75000000000000199524628755,53,0.2452830188679245283018867925,15.24999999999999995665968417,15.24999999999999995665968417,run_9b52434a5bb44cb88c69a1db9c578e32,ema_pullback:83e5dcb60551db3a9565c719
w12-lb120-r4_5,lab_3d_w12_lb_ratio,12,120,4.5,13.5,3.0,7f5e1f992ea368c8ef8f844661c775384e787ba5d15aa4a5c0a564c1dab0bb72,140,140,0.25,1.380714355634339007792840575,52.50000000000000175718555022,52.50000000000000175718555022,0.1695043703562051862505974306,-0.0741205713213595823105305967,87,0.2643678160919540229885057471,39.50000000000000219183859210,39.50000000000000219183859210,53,0.2264150943396226415094339623,12.99999999999999956534695811,12.99999999999999956534695811,run_f9b817acf70a475eaaa7c2feb7c23097,ema_pullback:f5ae238227389c7ed0b24f42
w12-lb120-r4_75,lab_3d_w12_lb_ratio,12,120,4.75,14.25,3.0,7f5e1f992ea368c8ef8f844661c775384e787ba5d15aa4a5c0a564c1dab0bb72,140,140,0.2428571428571428571428571429,1.374058808554354480986072949,55.50000000000000133937186164,55.50000000000000133937186164,0.1685160613551345440310799084,-0.1020116069430272220041152931,87,0.2643678160919540229885057471,45.25000000000000168623269594,45.25000000000000168623269594,53,0.2075471698113207547169811321,10.24999999999999965313916569,10.24999999999999965313916569,run_f44f0afbe66948c6973f9e4e51238d39,ema_pullback:0b9ae3766c2b568d89bc727f
w12-lb120-r5_0,lab_3d_w12_lb_ratio,12,120,5.0,15.0,3.0,7f5e1f992ea368c8ef8f844661c775384e787ba5d15aa4a5c0a564c1dab0bb72,140,140,0.2428571428571428571428571429,1.448224398046121521015860441,64.00000000000000140681221633,64.00000000000000140681221633,0.204714635131999985908646842,-0.1012908794726720898704080786,87,0.2643678160919540229885057471,51.00000000000000259783438413,51.00000000000000259783438413,53,0.2075471698113207547169811321,12.99999999999999880897783221,12.99999999999999880897783221,run_03d5f7f4008c418984dc073de900a58e,ema_pullback:6413d2ababbb969e486669b8
w12-lb125-r2_0,lab_3d_w12_lb_ratio,12,125,2.0,6.0,3.0,7f5e1f992ea368c8ef8f844661c775384e787ba5d15aa4a5c0a564c1dab0bb72,138,138,0.3913043478260869565217391304,1.303327229633656462680670623,23.99999999999999961205472869,23.99999999999999961205472869,0.1057078139422712915674249302,-0.0686096748900191089883634719,87,0.4482758620689655172413793103,29.99999999999999973530802486,29.99999999999999973530802486,51,0.2941176470588235294117647059,-6.000000000000000123253296182,-6.000000000000000123253296182,run_b7cbb13c99d44eb6873aa72ad875a40e,ema_pullback:4704e2d4b3550ccb29725025
w12-lb125-r2_25,lab_3d_w12_lb_ratio,12,125,2.25,6.75,3.0,7f5e1f992ea368c8ef8f844661c775384e787ba5d15aa4a5c0a564c1dab0bb72,138,138,0.3478260869565217391304347826,1.132511075295577929223705722,18.00000000000000100476796516,18.00000000000000100476796516,0.04882570092265640417065759004,-0.0890891949173226659213089675,87,0.3908045977011494252873563218,23.50000000000000103500896020,23.50000000000000103500896020,51,0.2745098039215686274509803922,-5.500000000000000030240995065,-5.500000000000000030240995065,run_3054f812a3cf4b1187d0ea054fbaf9dc,ema_pullback:f9d34259c1359e6a4e2d1ef8
w12-lb125-r2_5,lab_3d_w12_lb_ratio,12,125,2.5,7.5,3.0,7f5e1f992ea368c8ef8f844661c775384e787ba5d15aa4a5c0a564c1dab0bb72,138,138,0.3333333333333333333333333333,1.173139980327906544894462280,23.00000000000000182717277700,23.00000000000000182717277700,0.06602115938484286533865610493,-0.0908695380083751362338156730,87,0.3678160919540229885057471264,25.00000000000000233857990912,25.00000000000000233857990912,51,0.2745098039215686274509803922,-2.000000000000000511407132091,-2.000000000000000511407132091,run_6bf0a90dd54d4f5f8f0159b8fc7b851d,ema_pullback:e82df857754456f7c4245923
w12-lb125-r2_75,lab_3d_w12_lb_ratio,12,125,2.75,8.25,3.0,7f5e1f992ea368c8ef8f844661c775384e787ba5d15aa4a5c0a564c1dab0bb72,138,138,0.3260869565217391304347826087,1.217987913579179087218504412,30.75000000000000232417229966,30.75000000000000232417229966,0.08572283536582441950570936479,-0.0913807227003958335188950525,87,0.3563218390804597701149425287,29.25000000000000162911952912,29.25000000000000162911952912,51,0.2745098039215686274509803922,1.500000000000000695052770535,1.500000000000000695052770535,run_04b8c62da6c14148a3afbac39aae463a,ema_pullback:6be841f81f4a21dc3606b4d5
w12-lb125-r3_0,lab_3d_w12_lb_ratio,12,125,3.0,9.0,3.0,7f5e1f992ea368c8ef8f844661c775384e787ba5d15aa4a5c0a564c1dab0bb72,138,138,0.3043478260869565217391304348,1.139854634395399954517713609,30.00000000000000126512993005,30.00000000000000126512993005,0.05585835543043641616492834591,-0.0803621935937836039325092359,87,0.3218390804597701149425287356,25.00000000000000138125746569,25.00000000000000138125746569,51,0.2745098039215686274509803922,4.999999999999999883872464363,4.999999999999999883872464363,run_492ba9c62905473e957e2710c6f3d0ef,ema_pullback:dcf1e227271e1494e6f5cb5b
w12-lb125-r3_25,lab_3d_w12_lb_ratio,12,125,3.25,9.75,3.0,7f5e1f992ea368c8ef8f844661c775384e787ba5d15aa4a5c0a564c1dab0bb72,138,138,0.2971014492753623188405797101,1.214984265877619958673519160,36.24999999999999964022058414,36.24999999999999964022058414,0.08715431257046716097156732656,-0.0692222762462523766095481953,87,0.3103448275862068965517241379,27.75000000000000093548387999,27.75000000000000093548387999,51,0.2745098039215686274509803922,8.499999999999998704736704151,8.499999999999998704736704151,run_f0deda40564b4de7a0c3c39b14cca96b,ema_pullback:bf674437d2f264179b6b93fd
w12-lb125-r3_5,lab_3d_w12_lb_ratio,12,125,3.5,10.5,3.0,7f5e1f992ea368c8ef8f844661c775384e787ba5d15aa4a5c0a564c1dab0bb72,138,138,0.2753623188405797101449275362,1.217415955094567633433008723,33.00000000000000451521060438,33.00000000000000451521060438,0.0906680032881754760276730882,-0.0713372173861651348630530636,87,0.2873563218390804597701149425,25.50000000000000364420934476,25.50000000000000364420934476,51,0.2549019607843137254901960784,7.500000000000000871001259603,7.500000000000000871001259603,run_601ab29ed6b4436e979369ffab4ec3e4,ema_pullback:9a11e27ced9ecf8c2c806e5c
w12-lb125-r3_75,lab_3d_w12_lb_ratio,12,125,3.75,11.25,3.0,7f5e1f992ea368c8ef8f844661c775384e787ba5d15aa4a5c0a564c1dab0bb72,138,138,0.2681159420289855072463768116,1.279848696762741014034300794,37.75000000000000054673460317,37.75000000000000054673460317,0.1187230124016792365330436115,-0.0731397783349832517866201811,87,0.2758620689655172413793103448,27.00000000000000076101579592,27.00000000000000076101579592,51,0.2549019607843137254901960784,10.74999999999999978571880723,10.74999999999999978571880723,run_1c29435690aa496aba20b10e0740cc17,ema_pullback:68b3acb1f2e6af8d17d582ef
w12-lb125-r4_0,lab_3d_w12_lb_ratio,12,125,4.0,12.0,3.0,7f5e1f992ea368c8ef8f844661c775384e787ba5d15aa4a5c0a564c1dab0bb72,138,138,0.2608695652173913043478260870,1.265115908476437667530414611,42.00000000000000044396817810,42.00000000000000044396817810,0.1127628327892964069363461936,-0.0666695761138085260647281957,87,0.2643678160919540229885057471,28.00000000000000039685408274,28.00000000000000039685408274,51,0.2549019607843137254901960784,14.00000000000000004711409536,14.00000000000000004711409536,run_8a340a5c1e2743fba68c3f6ab35d21db,ema_pullback:202f5b4eafac8fb35711c2dd
w12-lb125-r4_25,lab_3d_w12_lb_ratio,12,125,4.25,12.75,3.0,7f5e1f992ea368c8ef8f844661c775384e787ba5d15aa4a5c0a564c1dab0bb72,138,138,0.2608695652173913043478260870,1.345880959576413640068013992,51.00000000000000195190597172,51.00000000000000195190597172,0.1492684710064493040113429342,-0.0626405858646191885646496700,87,0.2643678160919540229885057471,33.75000000000000199524628756,33.75000000000000199524628756,51,0.2549019607843137254901960784,17.24999999999999995665968417,17.24999999999999995665968417,run_f3e2743dcf054e64999dd42b8f11d374,ema_pullback:e4f9068256a8c473d6aa2474
w12-lb125-r4_5,lab_3d_w12_lb_ratio,12,125,4.5,13.5,3.0,7f5e1f992ea368c8ef8f844661c775384e787ba5d15aa4a5c0a564c1dab0bb72,138,138,0.2536231884057971014492753623,1.411634956278888869479928071,54.50000000000000175718555022,54.50000000000000175718555022,0.1802443467059704564696892989,-0.0656178898275622747249502518,87,0.2643678160919540229885057471,39.50000000000000219183859210,39.50000000000000219183859210,51,0.2352941176470588235294117647,14.99999999999999956534695812,14.99999999999999956534695812,run_5db68cbe810c4c599441913de794ff74,ema_pullback:2be562379696afb76c7c808d
w12-lb125-r4_75,lab_3d_w12_lb_ratio,12,125,4.75,14.25,3.0,7f5e1f992ea368c8ef8f844661c775384e787ba5d15aa4a5c0a564c1dab0bb72,138,138,0.2463768115942028985507246377,1.404563569098289348480984178,57.50000000000000133937186162,57.50000000000000133937186162,0.1792469617103445088089183521,-0.0937650587913019368739712584,87,0.2643678160919540229885057471,45.25000000000000168623269594,45.25000000000000168623269594,51,0.2156862745098039215686274510,12.24999999999999965313916568,12.24999999999999965313916568,run_a9d1ce1c6bc84bc3a19a42aa19472bf5,ema_pullback:21e8e6ce94db6d49ae769be0
w12-lb125-r5_0,lab_3d_w12_lb_ratio,12,125,5.0,15.0,3.0,7f5e1f992ea368c8ef8f844661c775384e787ba5d15aa4a5c0a564c1dab0bb72,138,138,0.2463768115942028985507246377,1.480366142974356976014498086,66.00000000000000140681221635,66.00000000000000140681221635,0.215777959919399423251537128,-0.0930377126231612781632761325,87,0.2643678160919540229885057471,51.00000000000000259783438414,51.00000000000000259783438414,51,0.2156862745098039215686274510,14.99999999999999880897783221,14.99999999999999880897783221,run_a7d22422446b4aef82e57adf97ec2844,ema_pullback:aead6d3ce2764bb6b7371f9d
w12-lb130-r2_0,lab_3d_w12_lb_ratio,12,130,2.0,6.0,3.0,7f5e1f992ea368c8ef8f844661c775384e787ba5d15aa4a5c0a564c1dab0bb72,137,137,0.3941605839416058394160583942,1.308370816345276774559525282,24.99999999999999961205472869,24.99999999999999961205472869,0.1070915686367036236778926066,-0.0686096748900191089883634719,87,0.4482758620689655172413793103,29.99999999999999973530802486,29.99999999999999973530802486,50,0.3,-5.000000000000000123253296185,-5.000000000000000123253296185,run_94b0be1f0d2b41f9813773f2ffaad060,ema_pullback:f305e552ef0fe191ee9332fc
w12-lb130-r2_25,lab_3d_w12_lb_ratio,12,130,2.25,6.75,3.0,7f5e1f992ea368c8ef8f844661c775384e787ba5d15aa4a5c0a564c1dab0bb72,137,137,0.3503649635036496350364963504,1.136499808007057126135169173,19.00000000000000100476796514,19.00000000000000100476796514,0.05013826964017184343100101796,-0.0890891949173226659213089675,87,0.3908045977011494252873563218,23.50000000000000103500896020,23.50000000000000103500896020,50,0.28,-4.500000000000000030240995065,-4.500000000000000030240995065,run_755db7a6a2da4a28b325c62a5bf97b2b,ema_pullback:06c5281f658052360868a777
w12-lb130-r2_5,lab_3d_w12_lb_ratio,12,130,2.5,7.5,3.0,7f5e1f992ea368c8ef8f844661c775384e787ba5d15aa4a5c0a564c1dab0bb72,137,137,0.3357664233576642335766423358,1.177174439984200705762262728,24.00000000000000182717277701,24.00000000000000182717277701,0.067355247617794422318091735,-0.0908695380083751362338156730,87,0.3678160919540229885057471264,25.00000000000000233857990912,25.00000000000000233857990912,50,0.28,-1.000000000000000511407132089,-1.000000000000000511407132089,run_302fa53c21bc48c3a371ac301af64378,ema_pullback:6957b06edee4576293bd67ef
w12-lb130-r2_75,lab_3d_w12_lb_ratio,12,130,2.75,8.25,3.0,7f5e1f992ea368c8ef8f844661c775384e787ba5d15aa4a5c0a564c1dab0bb72,137,137,0.3284671532846715328467153285,1.222096896257886719994402902,31.75000000000000232417229964,31.75000000000000232417229964,0.08708157955786671264244247596,-0.0913807227003958335188950525,87,0.3563218390804597701149425287,29.25000000000000162911952912,29.25000000000000162911952912,50,0.28,2.500000000000000695052770537,2.500000000000000695052770537,run_be9ac70889cb4d4eaee345cc5a8c2ba7,ema_pullback:1166a0d5055020c9082d2995
w12-lb130-r3_0,lab_3d_w12_lb_ratio,12,130,3.0,9.0,3.0,7f5e1f992ea368c8ef8f844661c775384e787ba5d15aa4a5c0a564c1dab0bb72,137,137,0.3065693430656934306569343066,1.143568020092351552218213500,31.00000000000000126512993005,31.00000000000000126512993005,0.05717972526933921804623669888,-0.0803621935937836039325092359,87,0.3218390804597701149425287356,25.00000000000000138125746568,25.00000000000000138125746568,50,0.28,5.999999999999999883872464368,5.999999999999999883872464368,run_7f6b252987384366b57eb6de9d9006ee,ema_pullback:71d96e299806c563b9fd2c59
w12-lb130-r3_25,lab_3d_w12_lb_ratio,12,130,3.25,9.75,3.0,7f5e1f992ea368c8ef8f844661c775384e787ba5d15aa4a5c0a564c1dab0bb72,137,137,0.2992700729927007299270072993,1.218958691308058440278284605,37.24999999999999964022058414,37.24999999999999964022058414,0.08851484820621358685614827741,-0.0692222762462523766095481953,87,0.3103448275862068965517241379,27.75000000000000093548387999,27.75000000000000093548387999,50,0.28,9.499999999999998704736704150,9.499999999999998704736704150,run_96ccada109b842a491ce7c38c0748e2c,ema_pullback:9eb463dba00157a0da4be86c
w12-lb130-r3_5,lab_3d_w12_lb_ratio,12,130,3.5,10.5,3.0,7f5e1f992ea368c8ef8f844661c775384e787ba5d15aa4a5c0a564c1dab0bb72,137,137,0.2773722627737226277372262774,1.221300783662011963700138578,34.00000000000000451521060436,34.00000000000000451521060436,0.09203293618508267547572339048,-0.0713372173861651348630530636,87,0.2873563218390804597701149425,25.50000000000000364420934476,25.50000000000000364420934476,50,0.26,8.500000000000000871001259600,8.500000000000000871001259600,run_409c513c2d32450abb830a7be834dd37,ema_pullback:485bfe86cbe541496addd256
w12-lb130-r3_75,lab_3d_w12_lb_ratio,12,130,3.75,11.25,3.0,7f5e1f992ea368c8ef8f844661c775384e787ba5d15aa4a5c0a564c1dab0bb72,137,137,0.2700729927007299270072992701,1.283930833847546354552452490,38.75000000000000054673460317,38.75000000000000054673460317,0.1201230551622173531591521725,-0.0731397783349832517866201811,87,0.2758620689655172413793103448,27.00000000000000076101579592,27.00000000000000076101579592,50,0.26,11.74999999999999978571880723,11.74999999999999978571880723,run_da52da1ebd9b49f698e53617daaab646,ema_pullback:fe50b0f2855366d20648de85
w12-lb130-r4_0,lab_3d_w12_lb_ratio,12,130,4.0,12.0,3.0,7f5e1f992ea368c8ef8f844661c775384e787ba5d15aa4a5c0a564c1dab0bb72,137,137,0.2627737226277372262773722628,1.269116609582713659296741623,43.00000000000000044396817810,43.00000000000000044396817810,0.1141554165933052309025615951,-0.0666695761138085260647281957,87,0.2643678160919540229885057471,28.00000000000000039685408274,28.00000000000000039685408274,50,0.26,15.00000000000000004711409536,15.00000000000000004711409536,run_e28009ba000941a0b60700303a2916d8,ema_pullback:81e8d68806f00b1e199527fe
w12-lb130-r4_25,lab_3d_w12_lb_ratio,12,130,4.25,12.75,3.0,7f5e1f992ea368c8ef8f844661c775384e787ba5d15aa4a5c0a564c1dab0bb72,137,137,0.2627737226277372262773722628,1.350164582099767969900305988,52.00000000000000195190597172,52.00000000000000195190597172,0.1507067403411374571904183534,-0.0626405858646191885646496700,87,0.2643678160919540229885057471,33.75000000000000199524628754,33.75000000000000199524628754,50,0.26,18.24999999999999995665968417,18.24999999999999995665968417,run_c21cfaad90424602b0c7659a1f9f9c22,ema_pullback:805b7a99f0bfb77bab02d1c6
w12-lb130-r4_5,lab_3d_w12_lb_ratio,12,130,4.5,13.5,3.0,7f5e1f992ea368c8ef8f844661c775384e787ba5d15aa4a5c0a564c1dab0bb72,137,137,0.2554744525547445255474452555,1.416138322008875963094254906,55.50000000000000175718555022,55.50000000000000175718555022,0.1817213812667634535279058437,-0.0656178898275622747249502518,87,0.2643678160919540229885057471,39.50000000000000219183859210,39.50000000000000219183859210,50,0.24,15.99999999999999956534695812,15.99999999999999956534695812,run_29ae65b6aeee4448b34afab5d5a30dac,ema_pullback:375b138718681574eba97965
w12-lb130-r4_75,lab_3d_w12_lb_ratio,12,130,4.75,14.25,3.0,7f5e1f992ea368c8ef8f844661c775384e787ba5d15aa4a5c0a564c1dab0bb72,137,137,0.2481751824817518248175182482,1.408978192811133076998724713,58.50000000000000133937186162,58.50000000000000133937186162,0.1807227480786652712152387001,-0.0937650587913019368739712584,87,0.2643678160919540229885057471,45.25000000000000168623269594,45.25000000000000168623269594,50,0.22,13.24999999999999965313916568,13.24999999999999965313916568,run_696d6f79a522462bb514afece5ff4f91,ema_pullback:ca99ab7b517e68c2821ddf02
w12-lb130-r5_0,lab_3d_w12_lb_ratio,12,130,5.0,15.0,3.0,7f5e1f992ea368c8ef8f844661c775384e787ba5d15aa4a5c0a564c1dab0bb72,137,137,0.2481751824817518248175182482,1.485044830899647713204395124,67.00000000000000140681221635,67.00000000000000140681221635,0.2172994635555432726470405397,-0.0930377126231612781632761325,87,0.2643678160919540229885057471,51.00000000000000259783438414,51.00000000000000259783438414,50,0.22,15.99999999999999880897783220,15.99999999999999880897783220,run_6a02984b89a049b69735be3b749e26c4,ema_pullback:956e9c7b8ce9eb8af15d76ac
w12-lb135-r2_0,lab_3d_w12_lb_ratio,12,135,2.0,6.0,3.0,7f5e1f992ea368c8ef8f844661c775384e787ba5d15aa4a5c0a564c1dab0bb72,137,137,0.3941605839416058394160583942,1.308370816345276774559525282,24.99999999999999961205472869,24.99999999999999961205472869,0.1070915686367036236778926066,-0.0686096748900191089883634719,87,0.4482758620689655172413793103,29.99999999999999973530802486,29.99999999999999973530802486,50,0.3,-5.000000000000000123253296185,-5.000000000000000123253296185,run_4c72456b4054410e95533ffe05b282b6,ema_pullback:e6fb5b8d2db181603f699081
w12-lb135-r2_25,lab_3d_w12_lb_ratio,12,135,2.25,6.75,3.0,7f5e1f992ea368c8ef8f844661c775384e787ba5d15aa4a5c0a564c1dab0bb72,137,137,0.3503649635036496350364963504,1.136499808007057126135169173,19.00000000000000100476796514,19.00000000000000100476796514,0.05013826964017184343100101796,-0.0890891949173226659213089675,87,0.3908045977011494252873563218,23.50000000000000103500896020,23.50000000000000103500896020,50,0.28,-4.500000000000000030240995065,-4.500000000000000030240995065,run_68e84b98be73405890e3d43a9a8d8c9d,ema_pullback:ce45273172796d8d10e29541
w12-lb135-r2_5,lab_3d_w12_lb_ratio,12,135,2.5,7.5,3.0,7f5e1f992ea368c8ef8f844661c775384e787ba5d15aa4a5c0a564c1dab0bb72,137,137,0.3357664233576642335766423358,1.177174439984200705762262728,24.00000000000000182717277701,24.00000000000000182717277701,0.067355247617794422318091735,-0.0908695380083751362338156730,87,0.3678160919540229885057471264,25.00000000000000233857990912,25.00000000000000233857990912,50,0.28,-1.000000000000000511407132089,-1.000000000000000511407132089,run_551ea7bf29764ed198a2d133937dd196,ema_pullback:cd65ac1e13493bf77d8d0321
w12-lb135-r2_75,lab_3d_w12_lb_ratio,12,135,2.75,8.25,3.0,7f5e1f992ea368c8ef8f844661c775384e787ba5d15aa4a5c0a564c1dab0bb72,137,137,0.3284671532846715328467153285,1.222096896257886719994402902,31.75000000000000232417229964,31.75000000000000232417229964,0.08708157955786671264244247596,-0.0913807227003958335188950525,87,0.3563218390804597701149425287,29.25000000000000162911952912,29.25000000000000162911952912,50,0.28,2.500000000000000695052770537,2.500000000000000695052770537,run_4fb107febe9047948a6526151676139b,ema_pullback:a9f688103f1d66e78667568a
w12-lb135-r3_0,lab_3d_w12_lb_ratio,12,135,3.0,9.0,3.0,7f5e1f992ea368c8ef8f844661c775384e787ba5d15aa4a5c0a564c1dab0bb72,137,137,0.3065693430656934306569343066,1.143568020092351552218213500,31.00000000000000126512993005,31.00000000000000126512993005,0.05717972526933921804623669888,-0.0803621935937836039325092359,87,0.3218390804597701149425287356,25.00000000000000138125746568,25.00000000000000138125746568,50,0.28,5.999999999999999883872464368,5.999999999999999883872464368,run_c89aaeba8b46416baf670ffa42a6a4aa,ema_pullback:9f841bfa37c420a5919763ee
w12-lb135-r3_25,lab_3d_w12_lb_ratio,12,135,3.25,9.75,3.0,7f5e1f992ea368c8ef8f844661c775384e787ba5d15aa4a5c0a564c1dab0bb72,137,137,0.2992700729927007299270072993,1.218958691308058440278284605,37.24999999999999964022058414,37.24999999999999964022058414,0.08851484820621358685614827741,-0.0692222762462523766095481953,87,0.3103448275862068965517241379,27.75000000000000093548387999,27.75000000000000093548387999,50,0.28,9.499999999999998704736704150,9.499999999999998704736704150,run_afefe8c68c8946b4970f6ae8aad59a49,ema_pullback:a96e6b96e5e14afd14006336
w12-lb135-r3_5,lab_3d_w12_lb_ratio,12,135,3.5,10.5,3.0,7f5e1f992ea368c8ef8f844661c775384e787ba5d15aa4a5c0a564c1dab0bb72,137,137,0.2773722627737226277372262774,1.221300783662011963700138578,34.00000000000000451521060436,34.00000000000000451521060436,0.09203293618508267547572339048,-0.0713372173861651348630530636,87,0.2873563218390804597701149425,25.50000000000000364420934476,25.50000000000000364420934476,50,0.26,8.500000000000000871001259600,8.500000000000000871001259600,run_1a68888e08c846cf8bf43efdb16093ea,ema_pullback:864aebf98a6ca7cbbe9c71a2
w12-lb135-r3_75,lab_3d_w12_lb_ratio,12,135,3.75,11.25,3.0,7f5e1f992ea368c8ef8f844661c775384e787ba5d15aa4a5c0a564c1dab0bb72,137,137,0.2700729927007299270072992701,1.283930833847546354552452490,38.75000000000000054673460317,38.75000000000000054673460317,0.1201230551622173531591521725,-0.0731397783349832517866201811,87,0.2758620689655172413793103448,27.00000000000000076101579592,27.00000000000000076101579592,50,0.26,11.74999999999999978571880723,11.74999999999999978571880723,run_a8316eb4c3024fbe9652cf9b9fc96dc7,ema_pullback:051c544913e9960d8df3a52e
w12-lb135-r4_0,lab_3d_w12_lb_ratio,12,135,4.0,12.0,3.0,7f5e1f992ea368c8ef8f844661c775384e787ba5d15aa4a5c0a564c1dab0bb72,137,137,0.2627737226277372262773722628,1.269116609582713659296741623,43.00000000000000044396817810,43.00000000000000044396817810,0.1141554165933052309025615951,-0.0666695761138085260647281957,87,0.2643678160919540229885057471,28.00000000000000039685408274,28.00000000000000039685408274,50,0.26,15.00000000000000004711409536,15.00000000000000004711409536,run_646f0064b4884520a7db63458d39713e,ema_pullback:a21764c73aa4f2e94ca7d45e
w12-lb135-r4_25,lab_3d_w12_lb_ratio,12,135,4.25,12.75,3.0,7f5e1f992ea368c8ef8f844661c775384e787ba5d15aa4a5c0a564c1dab0bb72,137,137,0.2627737226277372262773722628,1.350164582099767969900305988,52.00000000000000195190597172,52.00000000000000195190597172,0.1507067403411374571904183534,-0.0626405858646191885646496700,87,0.2643678160919540229885057471,33.75000000000000199524628754,33.75000000000000199524628754,50,0.26,18.24999999999999995665968417,18.24999999999999995665968417,run_873f50463e6f44b491f3d15413cd7e51,ema_pullback:d68b0b6d7b8f94fef0682697
w12-lb135-r4_5,lab_3d_w12_lb_ratio,12,135,4.5,13.5,3.0,7f5e1f992ea368c8ef8f844661c775384e787ba5d15aa4a5c0a564c1dab0bb72,137,137,0.2554744525547445255474452555,1.416138322008875963094254906,55.50000000000000175718555022,55.50000000000000175718555022,0.1817213812667634535279058437,-0.0656178898275622747249502518,87,0.2643678160919540229885057471,39.50000000000000219183859210,39.50000000000000219183859210,50,0.24,15.99999999999999956534695812,15.99999999999999956534695812,run_ae1c12fc2370435c8bfd8afb1dbf72df,ema_pullback:b15d8e7c29c06f9eaf6c64ea
w12-lb135-r4_75,lab_3d_w12_lb_ratio,12,135,4.75,14.25,3.0,7f5e1f992ea368c8ef8f844661c775384e787ba5d15aa4a5c0a564c1dab0bb72,137,137,0.2481751824817518248175182482,1.408978192811133076998724713,58.50000000000000133937186162,58.50000000000000133937186162,0.1807227480786652712152387001,-0.0937650587913019368739712584,87,0.2643678160919540229885057471,45.25000000000000168623269594,45.25000000000000168623269594,50,0.22,13.24999999999999965313916568,13.24999999999999965313916568,run_f85ec54362c74a4bac3af0ff0f478916,ema_pullback:22c22b63106bef1206c2f856
w12-lb135-r5_0,lab_3d_w12_lb_ratio,12,135,5.0,15.0,3.0,7f5e1f992ea368c8ef8f844661c775384e787ba5d15aa4a5c0a564c1dab0bb72,137,137,0.2481751824817518248175182482,1.485044830899647713204395124,67.00000000000000140681221635,67.00000000000000140681221635,0.2172994635555432726470405397,-0.0930377126231612781632761325,87,0.2643678160919540229885057471,51.00000000000000259783438414,51.00000000000000259783438414,50,0.22,15.99999999999999880897783220,15.99999999999999880897783220,run_a40e4ebaa01c437da97d628b3a59f834,ema_pullback:92e4dba4c4436b34e1595f82
w12-lb140-r2_0,lab_3d_w12_lb_ratio,12,140,2.0,6.0,3.0,7f5e1f992ea368c8ef8f844661c775384e787ba5d15aa4a5c0a564c1dab0bb72,134,134,0.3955223880597014925373134328,1.299380965546923163206843411,24.99999999999999952849170349,24.99999999999999952849170349,0.1035405051581088961228867332,-0.0686096748900191089883634766,85,0.4470588235294117647058823529,28.99999999999999965174499966,28.99999999999999965174499966,49,0.3061224489795918367346938776,-4.000000000000000123253296185,-4.000000000000000123253296185,run_48a49d49db794748bdc68626ab8f6eb6,ema_pullback:0876927c416c4e0d210a393a
w12-lb140-r2_25,lab_3d_w12_lb_ratio,12,140,2.25,6.75,3.0,7f5e1f992ea368c8ef8f844661c775384e787ba5d15aa4a5c0a564c1dab0bb72,134,134,0.3507462686567164179104477612,1.126120830428292818944951977,18.75000000000000085853267102,18.75000000000000085853267102,0.04614690661562863673418443967,-0.0890891949173226659213089689,85,0.3882352941176470588235294118,22.25000000000000088877366608,22.25000000000000088877366608,49,0.2857142857142857142857142857,-3.500000000000000030240995054,-3.500000000000000030240995054,run_22f736c98990400bb7dbf6ba6621a43a,ema_pullback:f78014ae87ac07a4e24eb652
w12-lb140-r2_5,lab_3d_w12_lb_ratio,12,140,2.5,7.5,3.0,7f5e1f992ea368c8ef8f844661c775384e787ba5d15aa4a5c0a564c1dab0bb72,134,134,0.3358208955223880597014925373,1.165467107342910832483419225,23.50000000000000161826521403,23.50000000000000161826521403,0.06266600512336920909952019241,-0.0908695380083751362338156689,85,0.3647058823529411764705882353,23.50000000000000212967234612,23.50000000000000212967234612,49,0.2857142857142857142857142857,-5.11407132090E-16,-5.11407132090E-16,run_4b47991d8d15496fb6ca0f5ae5a7959d,ema_pullback:2e3c322484f47957a35a92ed
w12-lb140-r2_75,lab_3d_w12_lb_ratio,12,140,2.75,8.25,3.0,7f5e1f992ea368c8ef8f844661c775384e787ba5d15aa4a5c0a564c1dab0bb72,134,134,0.3283582089552238805970149254,1.209057546429847095594545861,31.00000000000000226150003074,31.00000000000000226150003074,0.08166230890578778138281496068,-0.0913807227003958335188950532,85,0.3529411764705882352941176471,27.50000000000000156644726020,27.50000000000000156644726020,49,0.2857142857142857142857142857,3.500000000000000695052770537,3.500000000000000695052770537,run_086242c3d5904b268c9eb3368b57b1aa,ema_pullback:63a23f66e87e3e991c50ec63
w12-lb140-r3_0,lab_3d_w12_lb_ratio,12,140,3.0,9.0,3.0,7f5e1f992ea368c8ef8f844661c775384e787ba5d15aa4a5c0a564c1dab0bb72,134,134,0.3059701492537313432835820896,1.129228123748893734488281398,30.00000000000000134869295525,30.00000000000000134869295525,0.05128459622710711607225837783,-0.0803621935937836039325092383,85,0.3176470588235294117647058824,23.00000000000000146482049088,23.00000000000000146482049088,49,0.2857142857142857142857142857,6.999999999999999883872464371,6.999999999999999883872464371,run_08973b54af8144009c115c5665d08a9c,ema_pullback:cc844da00b57cbe3d75f98d4
w12-lb140-r3_25,lab_3d_w12_lb_ratio,12,140,3.25,9.75,3.0,7f5e1f992ea368c8ef8f844661c775384e787ba5d15aa4a5c0a564c1dab0bb72,134,134,0.2985074626865671641791044776,1.203083946417036959877415400,35.99999999999999966111134041,35.99999999999999966111134041,0.08180230313863208179301495538,-0.0692222762462523766095481965,85,0.3058823529411764705882352941,25.50000000000000095637463626,25.50000000000000095637463626,49,0.2857142857142857142857142857,10.49999999999999870473670415,10.49999999999999870473670415,run_9a3343d59e1d4ec7833d1cc969a1956c,ema_pullback:44021e31cb1ea573de9185f2
w12-lb140-r3_5,lab_3d_w12_lb_ratio,12,140,3.5,10.5,3.0,7f5e1f992ea368c8ef8f844661c775384e787ba5d15aa4a5c0a564c1dab0bb72,134,134,0.2835820895522388059701492537,1.233793211932604402898539258,37.00000000000000451521060438,37.00000000000000451521060438,0.09636479994233546691959263522,-0.0713372173861651348630530633,85,0.2941176470588235294117647059,27.50000000000000364420934477,27.50000000000000364420934477,49,0.2653061224489795918367346939,9.500000000000000871001259601,9.500000000000000871001259601,run_9791bdd7b6c14ad4abe56981969a3278,ema_pullback:98c6aa59c7783a2f616ad2c2
w12-lb140-r3_75,lab_3d_w12_lb_ratio,12,140,3.75,11.25,3.0,7f5e1f992ea368c8ef8f844661c775384e787ba5d15aa4a5c0a564c1dab0bb72,134,134,0.2761194029850746268656716418,1.297070728169921164574321338,41.75000000000000054673460318,41.75000000000000054673460318,0.1245663464820481154677167853,-0.0731397783349832517866201769,85,0.2823529411764705882352941176,29.00000000000000076101579593,29.00000000000000076101579593,49,0.2653061224489795918367346939,12.74999999999999978571880724,12.74999999999999978571880724,run_8c217864ec4a40afa1fbe551c2504291,ema_pullback:77a85a134a8d0bba4f812761
w12-lb140-r4_0,lab_3d_w12_lb_ratio,12,140,4.0,12.0,3.0,7f5e1f992ea368c8ef8f844661c775384e787ba5d15aa4a5c0a564c1dab0bb72,134,134,0.2686567164179104477611940299,1.282016660111985302316888362,46.00000000000000044396817812,46.00000000000000044396817812,0.1185750355527368989904972129,-0.0666695761138085260647281947,85,0.2705882352941176470588235294,30.00000000000000039685408276,30.00000000000000039685408276,49,0.2653061224489795918367346939,16.00000000000000004711409536,16.00000000000000004711409536,run_c0d2d62d423e4f5a8628ee210abe8cf9,ema_pullback:1df1c0fe7d210ca7ecc5c1ce
w12-lb140-r4_25,lab_3d_w12_lb_ratio,12,140,4.25,12.75,3.0,7f5e1f992ea368c8ef8f844661c775384e787ba5d15aa4a5c0a564c1dab0bb72,134,134,0.2686567164179104477611940299,1.363999751445662792942703553,55.00000000000000195190597169,55.00000000000000195190597169,0.1552713506734264108749755834,-0.0626405858646191885646496706,85,0.2705882352941176470588235294,35.75000000000000199524628753,35.75000000000000199524628753,49,0.2653061224489795918367346939,19.24999999999999995665968417,19.24999999999999995665968417,run_408622944e494bcb9d2e5f7e56d1354e,ema_pullback:1ecefaabd38b896dc649d7ba
w12-lb140-r4_5,lab_3d_w12_lb_ratio,12,140,4.5,13.5,3.0,7f5e1f992ea368c8ef8f844661c775384e787ba5d15aa4a5c0a564c1dab0bb72,134,134,0.2611940298507462686567164179,1.430708919199856282704560190,58.50000000000000175718555022,58.50000000000000175718555022,0.1864090201218360441830749478,-0.0656178898275622747249502493,85,0.2705882352941176470588235294,41.50000000000000219183859210,41.50000000000000219183859210,49,0.2448979591836734693877551020,16.99999999999999956534695812,16.99999999999999956534695812,run_8ed73ab099ff47c3b0eb4f2ff2223ed4,ema_pullback:e0bbf265850b902f1dc60fb1
w12-lb140-r4_75,lab_3d_w12_lb_ratio,12,140,4.75,14.25,3.0,7f5e1f992ea368c8ef8f844661c775384e787ba5d15aa4a5c0a564c1dab0bb72,134,134,0.2537313432835820895522388060,1.423288124107989270425252361,61.50000000000000133937186164,61.50000000000000133937186164,0.1854064255670327287705623523,-0.0937650587913019368739712573,85,0.2705882352941176470588235294,47.25000000000000168623269594,47.25000000000000168623269594,49,0.2244897959183673469387755102,14.24999999999999965313916568,14.24999999999999965313916568,run_b55393e8b22d422a9866c3a980deab81,ema_pullback:596f781b2e93d3a1613dd1ad
w12-lb140-r5_0,lab_3d_w12_lb_ratio,12,140,5.0,15.0,3.0,7f5e1f992ea368c8ef8f844661c775384e787ba5d15aa4a5c0a564c1dab0bb72,134,134,0.2537313432835820895522388060,1.500244207743555818444152644,70.00000000000000140681221635,70.00000000000000140681221635,0.2221282331403882864738207906,-0.0930377126231612781632761352,85,0.2705882352941176470588235294,53.00000000000000259783438414,53.00000000000000259783438414,49,0.2244897959183673469387755102,16.99999999999999880897783221,16.99999999999999880897783221,run_fae382dd2b9e4670a0ec20ca55d88ae0,ema_pullback:8b45d164828080954fbd173a
w13-lb070-r2_0,lab_3d_w13_lb_ratio,13,70,2.0,6.0,3.0,1b940776ff68af91c2538db7f09e5f9a46d65ec9c368af5c88508469fa9daece,119,119,0.3697478991596638655462184874,1.235406006222360107337661942,12.99999999999999995697216078,12.99999999999999995697216078,0.06110063468814824759658268436,-0.0473942575366706491359455271,75,0.4,15.00000000000000008022545697,15.00000000000000008022545697,44,0.3181818181818181818181818182,-2.000000000000000123253296188,-2.000000000000000123253296188,run_ab2941803cdb409d9f120d090792021e,ema_pullback:a538e5f226cc357f42b94341
w13-lb070-r2_25,lab_3d_w13_lb_ratio,13,70,2.25,6.75,3.0,1b940776ff68af91c2538db7f09e5f9a46d65ec9c368af5c88508469fa9daece,118,118,0.3220338983050847457627118644,1.109399655957867291007509851,5.500000000000000879795677739,5.500000000000000879795677739,0.03001005733128483280631414622,-0.0587030033705677785793395570,75,0.3333333333333333333333333333,6.250000000000000767982891277,6.250000000000000767982891277,43,0.3023255813953488372093023256,-0.749999999999999888187213537,-0.749999999999999888187213537,run_906f691913024069948bc400af62ab87,ema_pullback:9217e69b672c5305ca5e3c1a
w13-lb070-r2_5,lab_3d_w13_lb_ratio,13,70,2.5,7.5,3.0,1b940776ff68af91c2538db7f09e5f9a46d65ec9c368af5c88508469fa9daece,118,118,0.3050847457627118644067796610,1.122248196179575088702014570,8.00000000000000106787797302,8.00000000000000106787797302,0.03471680150032366826934384155,-0.0611634696635944730687284063,75,0.3066666666666666666666666667,5.500000000000001863392668127,5.500000000000001863392668127,43,0.3023255813953488372093023256,2.499999999999999204485304880,2.499999999999999204485304880,run_7c4445d6100048818e3fe4214e177fb7,ema_pullback:60000630999003b8e1626adf
w13-lb070-r2_75,lab_3d_w13_lb_ratio,13,70,2.75,8.25,3.0,1b940776ff68af91c2538db7f09e5f9a46d65ec9c368af5c88508469fa9daece,118,118,0.2966101694915254237288135593,1.142277853128690179173649874,13.25000000000000347069645244,13.25000000000000347069645244,0.04159647508491825317152476888,-0.0536789257110260063714405939,75,0.2933333333333333333333333333,7.50000000000000291769746342,7.50000000000000291769746342,43,0.3023255813953488372093023256,5.750000000000000552998989026,5.750000000000000552998989026,run_efced1568d6e423a8710b4fa86088ba0,ema_pullback:4fc8268f24d3fbdfa413ddcb
w13-lb070-r3_0,lab_3d_w13_lb_ratio,13,70,3.0,9.0,3.0,1b940776ff68af91c2538db7f09e5f9a46d65ec9c368af5c88508469fa9daece,118,118,0.2881355932203389830508474576,1.171753873449163876443586057,18.00000000000000123157540014,18.00000000000000123157540014,0.05169128878813287985593718163,-0.0449161149321433225135723857,75,0.28,9.00000000000000134770293578,9.00000000000000134770293578,43,0.3023255813953488372093023256,8.999999999999999883872464371,8.999999999999999883872464371,run_e8860816c14b46478e49ad88830d2c8e,ema_pullback:d742f22f9412ded5be9f97ec
w13-lb070-r3_25,lab_3d_w13_lb_ratio,13,70,3.25,9.75,3.0,1b940776ff68af91c2538db7f09e5f9a46d65ec9c368af5c88508469fa9daece,118,118,0.2796610169491525423728813559,1.241329906171605834988595809,22.25000000000000002637893831,22.25000000000000002637893831,0.07357012493816927243500191664,-0.0436737172491221819160073189,75,0.2666666666666666666666666667,10.00000000000000146369601567,10.00000000000000146369601567,43,0.3023255813953488372093023256,12.24999999999999856268292264,12.24999999999999856268292264,run_8fb260bd50054bbf83cfc5d6af521a72,ema_pullback:3bd6bb8cfb3dd328e257bde1
w13-lb070-r3_5,lab_3d_w13_lb_ratio,13,70,3.5,10.5,3.0,1b940776ff68af91c2538db7f09e5f9a46d65ec9c368af5c88508469fa9daece,117,117,0.2564102564102564102564102564,1.223151857404902218730257565,18.00000000000000323627402630,18.00000000000000323627402630,0.06974557290371524817615083922,-0.0500874278814361045693407252,74,0.2432432432432432432432432432,7.00000000000000236527276668,7.00000000000000236527276668,43,0.2790697674418604651162790698,11.00000000000000087100125960,11.00000000000000087100125960,run_f5d3db43557b4ce4a036f29abc7d0032,ema_pullback:6cc97ff368b8ea35ebe628cf
w13-lb070-r3_75,lab_3d_w13_lb_ratio,13,70,3.75,11.25,3.0,1b940776ff68af91c2538db7f09e5f9a46d65ec9c368af5c88508469fa9daece,117,117,0.2478632478632478632478632479,1.276907923345453072243750767,20.75000000000000096918685664,20.75000000000000096918685664,0.08787085688155725530361525958,-0.0564341064387718127324739689,74,0.2297297297297297297297297297,6.750000000000001041414267872,6.750000000000001041414267872,43,0.2790697674418604651162790698,13.99999999999999992777258875,13.99999999999999992777258875,run_98c11cf398cc4cb7bfa9ec286a56c3fa,ema_pullback:40e33dec30fe0d9a46327a18
w13-lb070-r4_0,lab_3d_w13_lb_ratio,13,70,4.0,12.0,3.0,1b940776ff68af91c2538db7f09e5f9a46d65ec9c368af5c88508469fa9daece,117,117,0.2478632478632478632478632479,1.361390927576306566475077560,27.99999999999999933983717288,27.99999999999999933983717288,0.116165917147089628477222605,-0.0543560823667533005488932947,74,0.2297297297297297297297297297,10.99999999999999929272307751,10.99999999999999929272307751,43,0.2790697674418604651162790698,17.00000000000000004711409537,17.00000000000000004711409537,run_777609d84d144770ae26a08fcda4495f,ema_pullback:7e7e15e1f03b44ec29e2a7f3
w13-lb070-r4_25,lab_3d_w13_lb_ratio,13,70,4.25,12.75,3.0,1b940776ff68af91c2538db7f09e5f9a46d65ec9c368af5c88508469fa9daece,117,117,0.2478632478632478632478632479,1.445806497613034460868375641,35.25000000000000282768497418,35.25000000000000282768497418,0.1451621999784093384781467616,-0.0522756008949841659443672150,74,0.2297297297297297297297297297,15.25000000000000301307907154,15.25000000000000301307907154,43,0.2790697674418604651162790698,19.99999999999999981460590266,19.99999999999999981460590266,run_c248954f2532400ebd6d9e584be30b85,ema_pullback:b2db71b5cb0a46c8d4688902
w13-lb070-r4_5,lab_3d_w13_lb_ratio,13,70,4.5,13.5,3.0,1b940776ff68af91c2538db7f09e5f9a46d65ec9c368af5c88508469fa9daece,117,117,0.2393162393162393162393162393,1.509743315334161234819909826,37.00000000000000115887681000,37.00000000000000115887681000,0.1682619682203337725038171186,-0.0555398492264142653265474422,74,0.2297297297297297297297297297,19.50000000000000159352985189,19.50000000000000159352985189,43,0.2558139534883720930232558140,17.49999999999999956534695812,17.49999999999999956534695812,run_5bf8a776dbf04cc7a61ae103cf7dc887,ema_pullback:1bfea2b1ca0deb8e2f58b059
w13-lb070-r4_75,lab_3d_w13_lb_ratio,13,70,4.75,14.25,3.0,1b940776ff68af91c2538db7f09e5f9a46d65ec9c368af5c88508469fa9daece,117,117,0.2307692307692307692307692308,1.476675147232653941440802357,38.25000000000000189261094298,38.25000000000000189261094298,0.1595762098361682161369136331,-0.0842368452061818247478800969,74,0.2297297297297297297297297297,23.75000000000000209741799578,23.75000000000000209741799578,43,0.2325581395348837209302325581,14.49999999999999979519294720,14.49999999999999979519294720,run_475000c31d444e85bb6e74099ec60662,ema_pullback:097e4215beaa190c77a4c8a9
w13-lb070-r5_0,lab_3d_w13_lb_ratio,13,70,5.0,15.0,3.0,1b940776ff68af91c2538db7f09e5f9a46d65ec9c368af5c88508469fa9daece,117,117,0.2307692307692307692307692308,1.553756892035724494470501136,45.00000000000000129723779191,45.00000000000000129723779191,0.1876225375981211875769228855,-0.0837481546699965278723271789,74,0.2297297297297297297297297297,28.00000000000000305647508576,28.00000000000000305647508576,43,0.2325581395348837209302325581,16.99999999999999824076270616,16.99999999999999824076270616,run_decdce45bfc1405f8555edf2c0b9bce7,ema_pullback:7228c9b923d556b9ba5bb47e
w13-lb075-r2_0,lab_3d_w13_lb_ratio,13,75,2.0,6.0,3.0,1b940776ff68af91c2538db7f09e5f9a46d65ec9c368af5c88508469fa9daece,117,117,0.3675213675213675213675213675,1.215890946504293424493911849,11.99999999999999985009228974,11.99999999999999985009228974,0.05535529242907798228564021051,-0.0473942575366706491359455277,73,0.3972602739726027397260273973,13.99999999999999997334558592,13.99999999999999997334558592,44,0.3181818181818181818181818182,-2.000000000000000123253296186,-2.000000000000000123253296186,run_768f28558b13476792dd997e3e0f7e4a,ema_pullback:60b4579304a899dc806085bf
w13-lb075-r2_25,lab_3d_w13_lb_ratio,13,75,2.25,6.75,3.0,1b940776ff68af91c2538db7f09e5f9a46d65ec9c368af5c88508469fa9daece,116,116,0.3189655172413793103448275862,1.086642034763615464869274616,4.250000000000000926555621319,4.250000000000000926555621319,0.02348256894415603915275768202,-0.0665631658364049962737603547,73,0.3287671232876712328767123288,5.000000000000000814742834855,5.000000000000000814742834855,43,0.3023255813953488372093023256,-0.749999999999999888187213538,-0.749999999999999888187213538,run_abda17c02fda46fd8ae6da4d1dab1177,ema_pullback:d7dfabda26de5955094eb0ce
w13-lb075-r2_5,lab_3d_w13_lb_ratio,13,75,2.5,7.5,3.0,1b940776ff68af91c2538db7f09e5f9a46d65ec9c368af5c88508469fa9daece,116,116,0.3017241379310344827586206897,1.097009546923996118307118752,6.500000000000001001078053611,6.500000000000001001078053611,0.02720642542126519585679729404,-0.0698660804586923046944242728,73,0.3013698630136986301369863014,4.000000000000001796592748729,4.000000000000001796592748729,43,0.3023255813953488372093023256,2.499999999999999204485304882,2.499999999999999204485304882,run_c808d0ac9ba246548130a0d665bcf325,ema_pullback:4cf7c4c4361b4af7015317ff
w13-lb075-r2_75,lab_3d_w13_lb_ratio,13,75,2.75,8.25,3.0,1b940776ff68af91c2538db7f09e5f9a46d65ec9c368af5c88508469fa9daece,116,116,0.2931034482758620689655172414,1.114621238987701835055111903,11.50000000000000355753634766,11.50000000000000355753634766,0.03307854429262516821236351571,-0.0625050271735369755535042985,73,0.2876712328767123287671232877,5.750000000000003004537358638,5.750000000000003004537358638,43,0.3023255813953488372093023256,5.750000000000000552998989031,5.750000000000000552998989031,run_bb3a8083e3904f5baf33d2c76e63509c,ema_pullback:19b18c55e0b69283d902d3cb
w13-lb075-r3_0,lab_3d_w13_lb_ratio,13,75,3.0,9.0,3.0,1b940776ff68af91c2538db7f09e5f9a46d65ec9c368af5c88508469fa9daece,116,116,0.2844827586206896551724137931,1.141882744902791528757064801,16.00000000000000147205511000,16.00000000000000147205511000,0.04212569391088724949692138003,-0.0550924408376485820290722030,73,0.2739726027397260273972602740,7.00000000000000158818264563,7.00000000000000158818264563,43,0.3023255813953488372093023256,8.999999999999999883872464373,8.999999999999999883872464373,run_c62cb01d56574e1aba3f81d3ec3a67de,ema_pullback:624d81b9dc093c88e8be4434
w13-lb075-r3_25,lab_3d_w13_lb_ratio,13,75,3.25,9.75,3.0,1b940776ff68af91c2538db7f09e5f9a46d65ec9c368af5c88508469fa9daece,116,116,0.2758620689655172413793103448,1.209007206741814306048044815,19.99999999999999988609910755,19.99999999999999988609910755,0.06282216507114222103070147593,-0.0495995911657272244075159286,73,0.2602739726027397260273972603,7.75000000000000132341618492,7.75000000000000132341618492,43,0.3023255813953488372093023256,12.24999999999999856268292264,12.24999999999999856268292264,run_1492875f79164130bcf0c05613b099ee,ema_pullback:1178579cef8212a5b1f0b341
w13-lb075-r3_5,lab_3d_w13_lb_ratio,13,75,3.5,10.5,3.0,1b940776ff68af91c2538db7f09e5f9a46d65ec9c368af5c88508469fa9daece,115,115,0.2521739130434782608695652174,1.188505616045794060405969443,15.50000000000000324963401017,15.50000000000000324963401017,0.05805784795796274267505969807,-0.0517233019776356359869852706,72,0.2361111111111111111111111111,4.500000000000002378632750568,4.500000000000002378632750568,43,0.2790697674418604651162790698,11.00000000000000087100125960,11.00000000000000087100125960,run_ade6a5bacc0243d99e3f73e1b4398aa3,ema_pullback:ebc9a3d5ce612e6dbc2abe26
w13-lb075-r3_75,lab_3d_w13_lb_ratio,13,75,3.75,11.25,3.0,1b940776ff68af91c2538db7f09e5f9a46d65ec9c368af5c88508469fa9daece,115,115,0.2434782608695652173913043478,1.239966615262723322920609611,18.00000000000000113618665513,18.00000000000000113618665513,0.07499230988946805557162350485,-0.0564341064387718127324739698,72,0.2222222222222222222222222222,4.000000000000001208414066382,4.000000000000001208414066382,43,0.2790697674418604651162790698,13.99999999999999992777258875,13.99999999999999992777258875,run_d981bad8db43467886b66557af6dc8f8,ema_pullback:86bb84b3af20c6d6e92fa364
w13-lb075-r4_0,lab_3d_w13_lb_ratio,13,75,4.0,12.0,3.0,1b940776ff68af91c2538db7f09e5f9a46d65ec9c368af5c88508469fa9daece,115,115,0.2434782608695652173913043478,1.322224616726661427332924087,24.99999999999999939327710840,24.99999999999999939327710840,0.1019356699819506812416974604,-0.0543560823667533005488932931,72,0.2222222222222222222222222222,7.99999999999999934616301303,7.99999999999999934616301303,43,0.2790697674418604651162790698,17.00000000000000004711409536,17.00000000000000004711409536,run_de82850395434ec68a05307e5117b626,ema_pullback:f0f8ba813d81b54404c56588
w13-lb075-r4_25,lab_3d_w13_lb_ratio,13,75,4.25,12.75,3.0,1b940776ff68af91c2538db7f09e5f9a46d65ec9c368af5c88508469fa9daece,115,115,0.2434782608695652173913043478,1.404444747860391380714803728,32.00000000000000250036536914,32.00000000000000250036536914,0.1295210463726056015817240329,-0.0522756008949841659443672157,72,0.2222222222222222222222222222,12.00000000000000268575946646,12.00000000000000268575946646,43,0.2790697674418604651162790698,19.99999999999999981460590268,19.99999999999999981460590268,run_93bbed8ee7a644d0bc06c5967db4c0f1,ema_pullback:1db28b43c552daaca989a447
w13-lb075-r4_5,lab_3d_w13_lb_ratio,13,75,4.5,13.5,3.0,1b940776ff68af91c2538db7f09e5f9a46d65ec9c368af5c88508469fa9daece,115,115,0.2347826086956521739130434783,1.466177575012577729425513908,33.50000000000000151959637477,33.50000000000000151959637477,0.1512450325034527561380773892,-0.0555398492264142653265474420,72,0.2222222222222222222222222222,16.00000000000000195424941667,16.00000000000000195424941667,43,0.2558139534883720930232558140,17.49999999999999956534695812,17.49999999999999956534695812,run_80735865d0ea4150ba0ccfc3695a0dee,ema_pullback:3465ddbfdd3073a61c667f2e
w13-lb075-r4_75,lab_3d_w13_lb_ratio,13,75,4.75,14.25,3.0,1b940776ff68af91c2538db7f09e5f9a46d65ec9c368af5c88508469fa9daece,115,115,0.2260869565217391304347826087,1.430666783579443667024244922,34.50000000000000160537128955,34.50000000000000160537128955,0.1416353340935720248264969178,-0.0842368452061818247478800976,72,0.2222222222222222222222222222,20.00000000000000181017834233,20.00000000000000181017834233,43,0.2325581395348837209302325581,14.49999999999999979519294720,14.49999999999999979519294720,run_6794d40e64b44051abf97cf84d81e887,ema_pullback:e231c65cd6f9e0a60a7f7a0f
w13-lb075-r5_0,lab_3d_w13_lb_ratio,13,75,5.0,15.0,3.0,1b940776ff68af91c2538db7f09e5f9a46d65ec9c368af5c88508469fa9daece,115,115,0.2260869565217391304347826087,1.505592153685019021248717716,41.00000000000000116363795310,41.00000000000000116363795310,0.1681738433128326540530418681,-0.0837481546699965278723271783,72,0.2222222222222222222222222222,24.00000000000000292287524695,24.00000000000000292287524695,43,0.2325581395348837209302325581,16.99999999999999824076270616,16.99999999999999824076270616,run_792d92085360429c8cffde6836e840f1,ema_pullback:7135c7d35baec08c4701553e
w13-lb080-r2_0,lab_3d_w13_lb_ratio,13,80,2.0,6.0,3.0,1b940776ff68af91c2538db7f09e5f9a46d65ec9c368af5c88508469fa9daece,114,114,0.3771929824561403508771929825,1.253865470822546146845637173,14.99999999999999985009228974,14.99999999999999985009228974,0.06331429926515017947606629498,-0.0473942575366706491359455275,71,0.4084507042253521126760563380,15.99999999999999997334558591,15.99999999999999997334558591,43,0.3255813953488372093023255814,-1.000000000000000123253296181,-1.000000000000000123253296181,run_bb118cc69752418b86f5278ae5e73778,ema_pullback:b541f54eb8e3af7d9bc2d0c8
w13-lb080-r2_25,lab_3d_w13_lb_ratio,13,80,2.25,6.75,3.0,1b940776ff68af91c2538db7f09e5f9a46d65ec9c368af5c88508469fa9daece,114,114,0.3245614035087719298245614035,1.108557487023576214236291210,6.250000000000000926555621319,6.250000000000000926555621319,0.02886591486268364745011984507,-0.0665631658364049962737603547,71,0.3380281690140845070422535211,7.00000000000000081474283486,7.00000000000000081474283486,43,0.3023255813953488372093023256,-0.749999999999999888187213538,-0.749999999999999888187213538,run_8817e642187442ab84f86d8eb6f8790d,ema_pullback:e099e1e2d05f65e2b9cddb1d
w13-lb080-r2_5,lab_3d_w13_lb_ratio,13,80,2.5,7.5,3.0,1b940776ff68af91c2538db7f09e5f9a46d65ec9c368af5c88508469fa9daece,114,114,0.3070175438596491228070175439,1.118435269621996874542854251,8.50000000000000100107805362,8.50000000000000100107805362,0.0326093581976206896278790232,-0.0698660804586923046944242728,71,0.3098591549295774647887323944,6.000000000000001796592748731,6.000000000000001796592748731,43,0.3023255813953488372093023256,2.499999999999999204485304884,2.499999999999999204485304884,run_111e647a565e460480939d0401add856,ema_pullback:9ff22ebbab6e7258b6f9d39b
w13-lb080-r2_75,lab_3d_w13_lb_ratio,13,80,2.75,8.25,3.0,1b940776ff68af91c2538db7f09e5f9a46d65ec9c368af5c88508469fa9daece,114,114,0.2982456140350877192982456140,1.135859297122109757982748371,13.50000000000000355753634766,13.50000000000000355753634766,0.03851236342515168678708631739,-0.0625050271735369755535042985,71,0.2957746478873239436619718310,7.75000000000000300453735864,7.75000000000000300453735864,43,0.3023255813953488372093023256,5.750000000000000552998989031,5.750000000000000552998989031,run_b66348056e6b4503bea04f5d5422e691,ema_pullback:9a3b944371152dfb47ecd7d4
w13-lb080-r3_0,lab_3d_w13_lb_ratio,13,80,3.0,9.0,3.0,1b940776ff68af91c2538db7f09e5f9a46d65ec9c368af5c88508469fa9daece,114,114,0.2894736842105263157894736842,1.163190846920058629749314041,18.00000000000000147205511000,18.00000000000000147205511000,0.04760709952651530607394176751,-0.0550924408376485820290722030,71,0.2816901408450704225352112676,9.00000000000000158818264563,9.00000000000000158818264563,43,0.3023255813953488372093023256,8.999999999999999883872464372,8.999999999999999883872464372,run_236e5db300a247d5884a03c27b01cd43,ema_pullback:09536727e15a39ce63c5390f
w13-lb080-r3_25,lab_3d_w13_lb_ratio,13,80,3.25,9.75,3.0,1b940776ff68af91c2538db7f09e5f9a46d65ec9c368af5c88508469fa9daece,114,114,0.2807017543859649122807017544,1.231657088049073324102584349,21.99999999999999988609910755,21.99999999999999988609910755,0.06841243063898560656821458879,-0.0495995911657272244075159286,71,0.2676056338028169014084507042,9.75000000000000132341618492,9.75000000000000132341618492,43,0.3023255813953488372093023256,12.24999999999999856268292264,12.24999999999999856268292264,run_a639a2ea2bf0479299adee6decfc1a1a,ema_pullback:f70c37eb532fc222402f8763
w13-lb080-r3_5,lab_3d_w13_lb_ratio,13,80,3.5,10.5,3.0,1b940776ff68af91c2538db7f09e5f9a46d65ec9c368af5c88508469fa9daece,113,113,0.2566371681415929203539823009,1.210159447636111305501719526,17.50000000000000324963401018,17.50000000000000324963401018,0.06362305402028639580558886078,-0.0517233019776356359869852706,70,0.2428571428571428571428571429,6.500000000000002378632750568,6.500000000000002378632750568,43,0.2790697674418604651162790698,11.00000000000000087100125960,11.00000000000000087100125960,run_4210fa16dab641d1bd35b879c5eb8b07,ema_pullback:c06e4247a82b689708993200
w13-lb080-r3_75,lab_3d_w13_lb_ratio,13,80,3.75,11.25,3.0,1b940776ff68af91c2538db7f09e5f9a46d65ec9c368af5c88508469fa9daece,113,113,0.2477876106194690265486725664,1.262524698919871335161585808,20.00000000000000113618665513,20.00000000000000113618665513,0.08064658836913192472393620195,-0.0564341064387718127324739698,70,0.2285714285714285714285714286,6.000000000000001208414066382,6.000000000000001208414066382,43,0.2790697674418604651162790698,13.99999999999999992777258875,13.99999999999999992777258875,run_11b3db743b0d4cc48f5d1412d1ce2dbe,ema_pullback:87d5747a7b71fb92802d563d
w13-lb080-r4_0,lab_3d_w13_lb_ratio,13,80,4.0,12.0,3.0,1b940776ff68af91c2538db7f09e5f9a46d65ec9c368af5c88508469fa9daece,113,113,0.2477876106194690265486725664,1.346489301703137088453953523,26.99999999999999939327710840,26.99999999999999939327710840,0.1077316659973952697374091862,-0.0543560823667533005488932931,70,0.2285714285714285714285714286,9.99999999999999934616301303,9.99999999999999934616301303,43,0.2790697674418604651162790698,17.00000000000000004711409536,17.00000000000000004711409536,run_0f368265aba6479c82005324091840be,ema_pullback:599e8785946d23a5fd258790
w13-lb080-r4_25,lab_3d_w13_lb_ratio,13,80,4.25,12.75,3.0,1b940776ff68af91c2538db7f09e5f9a46d65ec9c368af5c88508469fa9daece,113,113,0.2477876106194690265486725664,1.430442048094111698079549703,34.00000000000000250036536914,34.00000000000000250036536914,0.1354621368214188766525804095,-0.0522756008949841659443672157,70,0.2285714285714285714285714286,14.00000000000000268575946646,14.00000000000000268575946646,43,0.2790697674418604651162790698,19.99999999999999981460590268,19.99999999999999981460590268,run_e57efa65798b4030b0b3705c13efe857,ema_pullback:c4c003a06036eeaba734c93b
w13-lb080-r4_5,lab_3d_w13_lb_ratio,13,80,4.5,13.5,3.0,1b940776ff68af91c2538db7f09e5f9a46d65ec9c368af5c88508469fa9daece,113,113,0.2389380530973451327433628319,1.493393016930746393484977566,35.50000000000000151959637479,35.50000000000000151959637479,0.1573003874601533437298390085,-0.0555398492264142653265474420,70,0.2285714285714285714285714286,18.00000000000000195424941667,18.00000000000000195424941667,43,0.2558139534883720930232558140,17.49999999999999956534695813,17.49999999999999956534695813,run_6c77ad52483941c3bbc41478dba783ee,ema_pullback:e33f7d0bbf65fe0d3c629037
w13-lb080-r4_75,lab_3d_w13_lb_ratio,13,80,4.75,14.25,3.0,1b940776ff68af91c2538db7f09e5f9a46d65ec9c368af5c88508469fa9daece,113,113,0.2300884955752212389380530973,1.456636168320788663206583984,36.50000000000000160537128955,36.50000000000000160537128955,0.1476401436552821723441901072,-0.0842368452061818247478800976,70,0.2285714285714285714285714286,22.00000000000000181017834234,22.00000000000000181017834234,43,0.2325581395348837209302325581,14.49999999999999979519294720,14.49999999999999979519294720,run_b5ead3b9da594533a918c5a81f0b1c06,ema_pullback:23ee0845258ba29bf61bdcbd
w13-lb080-r5_0,lab_3d_w13_lb_ratio,13,80,5.0,15.0,3.0,1b940776ff68af91c2538db7f09e5f9a46d65ec9c368af5c88508469fa9daece,113,113,0.2300884955752212389380530973,1.533135281563215746890811537,43.00000000000000116363795310,43.00000000000000116363795310,0.1743182409629229458980692521,-0.0837481546699965278723271783,70,0.2285714285714285714285714286,26.00000000000000292287524695,26.00000000000000292287524695,43,0.2325581395348837209302325581,16.99999999999999824076270616,16.99999999999999824076270616,run_ff2bd3a3d37d42d3bda0799618874d77,ema_pullback:50b8f79ceb48ac70a5d2abe6
w13-lb085-r2_0,lab_3d_w13_lb_ratio,13,85,2.0,6.0,3.0,1b940776ff68af91c2538db7f09e5f9a46d65ec9c368af5c88508469fa9daece,114,114,0.3771929824561403508771929825,1.253865470822546146845637173,14.99999999999999985009228974,14.99999999999999985009228974,0.06331429926515017947606629498,-0.0473942575366706491359455275,71,0.4084507042253521126760563380,15.99999999999999997334558591,15.99999999999999997334558591,43,0.3255813953488372093023255814,-1.000000000000000123253296181,-1.000000000000000123253296181,run_5f859d6b10db41ff89931758cfe9339e,ema_pullback:6a27360ee027c6f608d824d0
w13-lb085-r2_25,lab_3d_w13_lb_ratio,13,85,2.25,6.75,3.0,1b940776ff68af91c2538db7f09e5f9a46d65ec9c368af5c88508469fa9daece,114,114,0.3245614035087719298245614035,1.108557487023576214236291210,6.250000000000000926555621319,6.250000000000000926555621319,0.02886591486268364745011984507,-0.0665631658364049962737603547,71,0.3380281690140845070422535211,7.00000000000000081474283486,7.00000000000000081474283486,43,0.3023255813953488372093023256,-0.749999999999999888187213538,-0.749999999999999888187213538,run_98da34556ea242a49b8d94a2286fbaee,ema_pullback:10f380143a3810301325c82c
w13-lb085-r2_5,lab_3d_w13_lb_ratio,13,85,2.5,7.5,3.0,1b940776ff68af91c2538db7f09e5f9a46d65ec9c368af5c88508469fa9daece,114,114,0.3070175438596491228070175439,1.118435269621996874542854251,8.50000000000000100107805362,8.50000000000000100107805362,0.0326093581976206896278790232,-0.0698660804586923046944242728,71,0.3098591549295774647887323944,6.000000000000001796592748731,6.000000000000001796592748731,43,0.3023255813953488372093023256,2.499999999999999204485304884,2.499999999999999204485304884,run_27d35a8abba94e26af116ff1ab8662c6,ema_pullback:d0e9b9be89653f4d9daf9f17
w13-lb085-r2_75,lab_3d_w13_lb_ratio,13,85,2.75,8.25,3.0,1b940776ff68af91c2538db7f09e5f9a46d65ec9c368af5c88508469fa9daece,114,114,0.2982456140350877192982456140,1.135859297122109757982748371,13.50000000000000355753634766,13.50000000000000355753634766,0.03851236342515168678708631739,-0.0625050271735369755535042985,71,0.2957746478873239436619718310,7.75000000000000300453735864,7.75000000000000300453735864,43,0.3023255813953488372093023256,5.750000000000000552998989031,5.750000000000000552998989031,run_c75a608b2db04f969e8adfab6f01fee5,ema_pullback:5eed93bea1a8af967ed9a88f
w13-lb085-r3_0,lab_3d_w13_lb_ratio,13,85,3.0,9.0,3.0,1b940776ff68af91c2538db7f09e5f9a46d65ec9c368af5c88508469fa9daece,114,114,0.2894736842105263157894736842,1.163190846920058629749314041,18.00000000000000147205511000,18.00000000000000147205511000,0.04760709952651530607394176751,-0.0550924408376485820290722030,71,0.2816901408450704225352112676,9.00000000000000158818264563,9.00000000000000158818264563,43,0.3023255813953488372093023256,8.999999999999999883872464372,8.999999999999999883872464372,run_d8422156e2ee49f6831851194227e33c,ema_pullback:ed63e77d3ca763a229b11d34
w13-lb085-r3_25,lab_3d_w13_lb_ratio,13,85,3.25,9.75,3.0,1b940776ff68af91c2538db7f09e5f9a46d65ec9c368af5c88508469fa9daece,114,114,0.2807017543859649122807017544,1.231657088049073324102584349,21.99999999999999988609910755,21.99999999999999988609910755,0.06841243063898560656821458879,-0.0495995911657272244075159286,71,0.2676056338028169014084507042,9.75000000000000132341618492,9.75000000000000132341618492,43,0.3023255813953488372093023256,12.24999999999999856268292264,12.24999999999999856268292264,run_f8b7fddf156543e9871eddaddf6b5979,ema_pullback:6732a2af97198772200b2976
w13-lb085-r3_5,lab_3d_w13_lb_ratio,13,85,3.5,10.5,3.0,1b940776ff68af91c2538db7f09e5f9a46d65ec9c368af5c88508469fa9daece,113,113,0.2566371681415929203539823009,1.210159447636111305501719526,17.50000000000000324963401018,17.50000000000000324963401018,0.06362305402028639580558886078,-0.0517233019776356359869852706,70,0.2428571428571428571428571429,6.500000000000002378632750568,6.500000000000002378632750568,43,0.2790697674418604651162790698,11.00000000000000087100125960,11.00000000000000087100125960,run_1b63db12a6fb4f418a489b39d566d025,ema_pullback:0bbfded4e83a6b698ae46785
w13-lb085-r3_75,lab_3d_w13_lb_ratio,13,85,3.75,11.25,3.0,1b940776ff68af91c2538db7f09e5f9a46d65ec9c368af5c88508469fa9daece,113,113,0.2477876106194690265486725664,1.262524698919871335161585808,20.00000000000000113618665513,20.00000000000000113618665513,0.08064658836913192472393620195,-0.0564341064387718127324739698,70,0.2285714285714285714285714286,6.000000000000001208414066382,6.000000000000001208414066382,43,0.2790697674418604651162790698,13.99999999999999992777258875,13.99999999999999992777258875,run_fef06156810d4eeca6a4c51a39e69ba3,ema_pullback:2db9aef394c090186c89d33f
w13-lb085-r4_0,lab_3d_w13_lb_ratio,13,85,4.0,12.0,3.0,1b940776ff68af91c2538db7f09e5f9a46d65ec9c368af5c88508469fa9daece,113,113,0.2477876106194690265486725664,1.346489301703137088453953523,26.99999999999999939327710840,26.99999999999999939327710840,0.1077316659973952697374091862,-0.0543560823667533005488932931,70,0.2285714285714285714285714286,9.99999999999999934616301303,9.99999999999999934616301303,43,0.2790697674418604651162790698,17.00000000000000004711409536,17.00000000000000004711409536,run_ccbb70ce5d97422396c6bdda5f7095db,ema_pullback:7cd3e5830b9b8c14a454c59d
w13-lb085-r4_25,lab_3d_w13_lb_ratio,13,85,4.25,12.75,3.0,1b940776ff68af91c2538db7f09e5f9a46d65ec9c368af5c88508469fa9daece,113,113,0.2477876106194690265486725664,1.430442048094111698079549703,34.00000000000000250036536914,34.00000000000000250036536914,0.1354621368214188766525804095,-0.0522756008949841659443672157,70,0.2285714285714285714285714286,14.00000000000000268575946646,14.00000000000000268575946646,43,0.2790697674418604651162790698,19.99999999999999981460590268,19.99999999999999981460590268,run_b070d39e95174a989ca0ea6fe4dd8bda,ema_pullback:c5c7bb58f7e532332c2443f4
w13-lb085-r4_5,lab_3d_w13_lb_ratio,13,85,4.5,13.5,3.0,1b940776ff68af91c2538db7f09e5f9a46d65ec9c368af5c88508469fa9daece,113,113,0.2389380530973451327433628319,1.493393016930746393484977566,35.50000000000000151959637479,35.50000000000000151959637479,0.1573003874601533437298390085,-0.0555398492264142653265474420,70,0.2285714285714285714285714286,18.00000000000000195424941667,18.00000000000000195424941667,43,0.2558139534883720930232558140,17.49999999999999956534695813,17.49999999999999956534695813,run_81ffc9e216d04f6e91f3ccb52a3a835f,ema_pullback:8c27628aca973071538a40e8
w13-lb085-r4_75,lab_3d_w13_lb_ratio,13,85,4.75,14.25,3.0,1b940776ff68af91c2538db7f09e5f9a46d65ec9c368af5c88508469fa9daece,113,113,0.2300884955752212389380530973,1.456636168320788663206583984,36.50000000000000160537128955,36.50000000000000160537128955,0.1476401436552821723441901072,-0.0842368452061818247478800976,70,0.2285714285714285714285714286,22.00000000000000181017834234,22.00000000000000181017834234,43,0.2325581395348837209302325581,14.49999999999999979519294720,14.49999999999999979519294720,run_1ea76a4f4efd4482bbad0e4a9507747b,ema_pullback:b68fb7c0cc1f83446489949e
w13-lb085-r5_0,lab_3d_w13_lb_ratio,13,85,5.0,15.0,3.0,1b940776ff68af91c2538db7f09e5f9a46d65ec9c368af5c88508469fa9daece,113,113,0.2300884955752212389380530973,1.533135281563215746890811537,43.00000000000000116363795310,43.00000000000000116363795310,0.1743182409629229458980692521,-0.0837481546699965278723271783,70,0.2285714285714285714285714286,26.00000000000000292287524695,26.00000000000000292287524695,43,0.2325581395348837209302325581,16.99999999999999824076270616,16.99999999999999824076270616,run_c331144073134632a6d944dd37c90201,ema_pullback:27cf9d0e594c23045e6f2aed
w13-lb090-r2_0,lab_3d_w13_lb_ratio,13,90,2.0,6.0,3.0,1b940776ff68af91c2538db7f09e5f9a46d65ec9c368af5c88508469fa9daece,114,114,0.3771929824561403508771929825,1.253865470822546146845637173,14.99999999999999985009228974,14.99999999999999985009228974,0.06331429926515017947606629498,-0.0473942575366706491359455275,71,0.4084507042253521126760563380,15.99999999999999997334558591,15.99999999999999997334558591,43,0.3255813953488372093023255814,-1.000000000000000123253296181,-1.000000000000000123253296181,run_8d11272b02434825886835ef8f7f5488,ema_pullback:beb7dd1babfbdebd6efbc7d2
w13-lb090-r2_25,lab_3d_w13_lb_ratio,13,90,2.25,6.75,3.0,1b940776ff68af91c2538db7f09e5f9a46d65ec9c368af5c88508469fa9daece,114,114,0.3245614035087719298245614035,1.108557487023576214236291210,6.250000000000000926555621319,6.250000000000000926555621319,0.02886591486268364745011984507,-0.0665631658364049962737603547,71,0.3380281690140845070422535211,7.00000000000000081474283486,7.00000000000000081474283486,43,0.3023255813953488372093023256,-0.749999999999999888187213538,-0.749999999999999888187213538,run_bdda668ca55047d6894617e899ce8099,ema_pullback:14afc089e70bb1a662397cc4
w13-lb090-r2_5,lab_3d_w13_lb_ratio,13,90,2.5,7.5,3.0,1b940776ff68af91c2538db7f09e5f9a46d65ec9c368af5c88508469fa9daece,114,114,0.3070175438596491228070175439,1.118435269621996874542854251,8.50000000000000100107805362,8.50000000000000100107805362,0.0326093581976206896278790232,-0.0698660804586923046944242728,71,0.3098591549295774647887323944,6.000000000000001796592748731,6.000000000000001796592748731,43,0.3023255813953488372093023256,2.499999999999999204485304884,2.499999999999999204485304884,run_784749c7491b4db39f463c8157bd630a,ema_pullback:c8af0b4d3d01ebb3afe6e62a
w13-lb090-r2_75,lab_3d_w13_lb_ratio,13,90,2.75,8.25,3.0,1b940776ff68af91c2538db7f09e5f9a46d65ec9c368af5c88508469fa9daece,114,114,0.2982456140350877192982456140,1.135859297122109757982748371,13.50000000000000355753634766,13.50000000000000355753634766,0.03851236342515168678708631739,-0.0625050271735369755535042985,71,0.2957746478873239436619718310,7.75000000000000300453735864,7.75000000000000300453735864,43,0.3023255813953488372093023256,5.750000000000000552998989031,5.750000000000000552998989031,run_120aa85012a5430fb86d5d5e38ce6ccf,ema_pullback:430689daefe67e27aea9a97d
w13-lb090-r3_0,lab_3d_w13_lb_ratio,13,90,3.0,9.0,3.0,1b940776ff68af91c2538db7f09e5f9a46d65ec9c368af5c88508469fa9daece,114,114,0.2894736842105263157894736842,1.163190846920058629749314041,18.00000000000000147205511000,18.00000000000000147205511000,0.04760709952651530607394176751,-0.0550924408376485820290722030,71,0.2816901408450704225352112676,9.00000000000000158818264563,9.00000000000000158818264563,43,0.3023255813953488372093023256,8.999999999999999883872464372,8.999999999999999883872464372,run_26abde51a62c45638e23b4d8d86381eb,ema_pullback:8247da0e5c2656d525563388
w13-lb090-r3_25,lab_3d_w13_lb_ratio,13,90,3.25,9.75,3.0,1b940776ff68af91c2538db7f09e5f9a46d65ec9c368af5c88508469fa9daece,114,114,0.2807017543859649122807017544,1.231657088049073324102584349,21.99999999999999988609910755,21.99999999999999988609910755,0.06841243063898560656821458879,-0.0495995911657272244075159286,71,0.2676056338028169014084507042,9.75000000000000132341618492,9.75000000000000132341618492,43,0.3023255813953488372093023256,12.24999999999999856268292264,12.24999999999999856268292264,run_1498434086604aec9cb4ccf2a0a331f3,ema_pullback:cece088f7d089f1657f6c346
w13-lb090-r3_5,lab_3d_w13_lb_ratio,13,90,3.5,10.5,3.0,1b940776ff68af91c2538db7f09e5f9a46d65ec9c368af5c88508469fa9daece,113,113,0.2566371681415929203539823009,1.210159447636111305501719526,17.50000000000000324963401018,17.50000000000000324963401018,0.06362305402028639580558886078,-0.0517233019776356359869852706,70,0.2428571428571428571428571429,6.500000000000002378632750568,6.500000000000002378632750568,43,0.2790697674418604651162790698,11.00000000000000087100125960,11.00000000000000087100125960,run_cd857b530cc749eca64abfa55bf945f2,ema_pullback:24edfd4fd688694ca8a33534
w13-lb090-r3_75,lab_3d_w13_lb_ratio,13,90,3.75,11.25,3.0,1b940776ff68af91c2538db7f09e5f9a46d65ec9c368af5c88508469fa9daece,113,113,0.2477876106194690265486725664,1.262524698919871335161585808,20.00000000000000113618665513,20.00000000000000113618665513,0.08064658836913192472393620195,-0.0564341064387718127324739698,70,0.2285714285714285714285714286,6.000000000000001208414066382,6.000000000000001208414066382,43,0.2790697674418604651162790698,13.99999999999999992777258875,13.99999999999999992777258875,run_2b388595d532412cb7136e746fba6294,ema_pullback:10bd77ffc300c9d91c57e6ab
w13-lb090-r4_0,lab_3d_w13_lb_ratio,13,90,4.0,12.0,3.0,1b940776ff68af91c2538db7f09e5f9a46d65ec9c368af5c88508469fa9daece,113,113,0.2477876106194690265486725664,1.346489301703137088453953523,26.99999999999999939327710840,26.99999999999999939327710840,0.1077316659973952697374091862,-0.0543560823667533005488932931,70,0.2285714285714285714285714286,9.99999999999999934616301303,9.99999999999999934616301303,43,0.2790697674418604651162790698,17.00000000000000004711409536,17.00000000000000004711409536,run_ca815b2e78ce4484b0ece600ff670ade,ema_pullback:b6f41e7a821471d380d32021
w13-lb090-r4_25,lab_3d_w13_lb_ratio,13,90,4.25,12.75,3.0,1b940776ff68af91c2538db7f09e5f9a46d65ec9c368af5c88508469fa9daece,113,113,0.2477876106194690265486725664,1.430442048094111698079549703,34.00000000000000250036536914,34.00000000000000250036536914,0.1354621368214188766525804095,-0.0522756008949841659443672157,70,0.2285714285714285714285714286,14.00000000000000268575946646,14.00000000000000268575946646,43,0.2790697674418604651162790698,19.99999999999999981460590268,19.99999999999999981460590268,run_c80189c5310f435181ff863b0c0d8b90,ema_pullback:05cfef3da260ad5ce9e38527
w13-lb090-r4_5,lab_3d_w13_lb_ratio,13,90,4.5,13.5,3.0,1b940776ff68af91c2538db7f09e5f9a46d65ec9c368af5c88508469fa9daece,113,113,0.2389380530973451327433628319,1.493393016930746393484977566,35.50000000000000151959637479,35.50000000000000151959637479,0.1573003874601533437298390085,-0.0555398492264142653265474420,70,0.2285714285714285714285714286,18.00000000000000195424941667,18.00000000000000195424941667,43,0.2558139534883720930232558140,17.49999999999999956534695813,17.49999999999999956534695813,run_aa762457895947ddb2605f11fac45ec6,ema_pullback:4c7dfddfeaff516353d96a0b
w13-lb090-r4_75,lab_3d_w13_lb_ratio,13,90,4.75,14.25,3.0,1b940776ff68af91c2538db7f09e5f9a46d65ec9c368af5c88508469fa9daece,113,113,0.2300884955752212389380530973,1.456636168320788663206583984,36.50000000000000160537128955,36.50000000000000160537128955,0.1476401436552821723441901072,-0.0842368452061818247478800976,70,0.2285714285714285714285714286,22.00000000000000181017834234,22.00000000000000181017834234,43,0.2325581395348837209302325581,14.49999999999999979519294720,14.49999999999999979519294720,run_d8171e4d8240447495f4d41c14759871,ema_pullback:e1d5d5c3bc1bcc35e4c29b8b
w13-lb090-r5_0,lab_3d_w13_lb_ratio,13,90,5.0,15.0,3.0,1b940776ff68af91c2538db7f09e5f9a46d65ec9c368af5c88508469fa9daece,113,113,0.2300884955752212389380530973,1.533135281563215746890811537,43.00000000000000116363795310,43.00000000000000116363795310,0.1743182409629229458980692521,-0.0837481546699965278723271783,70,0.2285714285714285714285714286,26.00000000000000292287524695,26.00000000000000292287524695,43,0.2325581395348837209302325581,16.99999999999999824076270616,16.99999999999999824076270616,run_a7de7c540a1141dd97ce32d7fd5cd84c,ema_pullback:21179ada4244617a8440050c
w13-lb095-r2_0,lab_3d_w13_lb_ratio,13,95,2.0,6.0,3.0,1b940776ff68af91c2538db7f09e5f9a46d65ec9c368af5c88508469fa9daece,113,113,0.3716814159292035398230088496,1.244425348849821149730917303,12.99999999999999976472112268,12.99999999999999976472112268,0.06082908295702616896510013557,-0.0473942575366706491359455279,70,0.4,13.99999999999999988797441887,13.99999999999999988797441887,43,0.3255813953488372093023255814,-1.000000000000000123253296185,-1.000000000000000123253296185,run_16dff7717081493aa3abe6244a8aa4a1,ema_pullback:7f49dfed642b5fb6d88763f2
w13-lb095-r2_25,lab_3d_w13_lb_ratio,13,95,2.25,6.75,3.0,1b940776ff68af91c2538db7f09e5f9a46d65ec9c368af5c88508469fa9daece,113,113,0.3274336283185840707964601770,1.113466243740703042228108568,7.25000000000000092655562132,7.25000000000000092655562132,0.03007249611456549624017085769,-0.0665631658364049962737603556,70,0.3428571428571428571428571429,8.00000000000000081474283486,8.00000000000000081474283486,43,0.3023255813953488372093023256,-0.749999999999999888187213537,-0.749999999999999888187213537,run_bcc77039f0724626a0b062bcb3db77d4,ema_pullback:e94a187957ed5666fc103d48
w13-lb095-r2_5,lab_3d_w13_lb_ratio,13,95,2.5,7.5,3.0,1b940776ff68af91c2538db7f09e5f9a46d65ec9c368af5c88508469fa9daece,113,113,0.3097345132743362831858407080,1.123218131478499195549101457,9.50000000000000100107805362,9.50000000000000100107805362,0.03382032949535804712570662153,-0.0698660804586923046944242736,70,0.3142857142857142857142857143,7.00000000000000179659274874,7.00000000000000179659274874,43,0.3023255813953488372093023256,2.499999999999999204485304882,2.499999999999999204485304882,run_e8215e0e6a9943e5861a5463e44292fa,ema_pullback:0599d6d8a69cf43a56dcbac7
w13-lb095-r2_75,lab_3d_w13_lb_ratio,13,95,2.75,8.25,3.0,1b940776ff68af91c2538db7f09e5f9a46d65ec9c368af5c88508469fa9daece,113,113,0.3008849557522123893805309735,1.140577671267797597623002009,14.50000000000000355753634766,14.50000000000000355753634766,0.03973025735035138959758217302,-0.0625050271735369755535042972,70,0.3,8.75000000000000300453735863,8.75000000000000300453735863,43,0.3023255813953488372093023256,5.750000000000000552998989024,5.750000000000000552998989024,run_0c880ca218eb4429be4c86b9e1850cab,ema_pullback:d6eabf1e307b7a4e38c4f631
w13-lb095-r3_0,lab_3d_w13_lb_ratio,13,95,3.0,9.0,3.0,1b940776ff68af91c2538db7f09e5f9a46d65ec9c368af5c88508469fa9daece,113,113,0.2920353982300884955752212389,1.167886937136431723031451260,19.00000000000000147205510999,19.00000000000000147205510999,0.04883565911563894491128073219,-0.0550924408376485820290722042,70,0.2857142857142857142857142857,10.00000000000000158818264563,10.00000000000000158818264563,43,0.3023255813953488372093023256,8.999999999999999883872464371,8.999999999999999883872464371,run_f71addd8d760444bbc921e44bb8f4b4e,ema_pullback:897078f516d7dc92f989e919
w13-lb095-r3_25,lab_3d_w13_lb_ratio,13,95,3.25,9.75,3.0,1b940776ff68af91c2538db7f09e5f9a46d65ec9c368af5c88508469fa9daece,113,113,0.2831858407079646017699115044,1.236572007074211211358398599,22.99999999999999988609910755,22.99999999999999988609910755,0.06966538925046664479291178831,-0.0495995911657272244075159272,70,0.2714285714285714285714285714,10.75000000000000132341618493,10.75000000000000132341618493,43,0.3023255813953488372093023256,12.24999999999999856268292265,12.24999999999999856268292265,run_5a0d07cd17264d8cb4e1aba71d752c97,ema_pullback:719aa1e9730b9ab40979679a
w13-lb095-r3_5,lab_3d_w13_lb_ratio,13,95,3.5,10.5,3.0,1b940776ff68af91c2538db7f09e5f9a46d65ec9c368af5c88508469fa9daece,112,112,0.2589285714285714285714285714,1.214869725825563006964282689,18.50000000000000324963401018,18.50000000000000324963401018,0.06487039598925566901904621133,-0.0517233019776356359869852718,69,0.2463768115942028985507246377,7.50000000000000237863275057,7.50000000000000237863275057,43,0.2790697674418604651162790698,11.00000000000000087100125960,11.00000000000000087100125960,run_e1f0296605a9467eb637094c8fcf8b80,ema_pullback:9612a6da9ee100276776b696
w13-lb095-r3_75,lab_3d_w13_lb_ratio,13,95,3.75,11.25,3.0,1b940776ff68af91c2538db7f09e5f9a46d65ec9c368af5c88508469fa9daece,112,112,0.25,1.267369970494526016506495673,21.00000000000000113618665515,21.00000000000000113618665515,0.08191389433641173102108142234,-0.0564341064387718127324739720,69,0.2318840579710144927536231884,7.00000000000000120841406638,7.00000000000000120841406638,43,0.2790697674418604651162790698,13.99999999999999992777258875,13.99999999999999992777258875,run_a3aa94da0c694544b3d633bd220a7a57,ema_pullback:58c87e2a32e8cf141c722aca
w13-lb095-r4_0,lab_3d_w13_lb_ratio,13,95,4.0,12.0,3.0,1b940776ff68af91c2538db7f09e5f9a46d65ec9c368af5c88508469fa9daece,112,112,0.25,1.351598869571124424760494600,27.99999999999999939327710839,27.99999999999999939327710839,0.1090307354300595704620227962,-0.0543560823667533005488932932,69,0.2318840579710144927536231884,10.99999999999999934616301303,10.99999999999999934616301303,43,0.2790697674418604651162790698,17.00000000000000004711409537,17.00000000000000004711409537,run_a013e82dd5ac471c9f446c4e4eff7e20,ema_pullback:92367eebfba2e0b7966b6076
w13-lb095-r4_25,lab_3d_w13_lb_ratio,13,95,4.25,12.75,3.0,1b940776ff68af91c2538db7f09e5f9a46d65ec9c368af5c88508469fa9daece,112,112,0.25,1.435809182768301628372323314,35.00000000000000250036536909,35.00000000000000250036536909,0.1367937265910083140804341135,-0.0522756008949841659443672173,69,0.2318840579710144927536231884,15.00000000000000268575946643,15.00000000000000268575946643,43,0.2790697674418604651162790698,19.99999999999999981460590266,19.99999999999999981460590266,run_1ef3726d169c411b93771a2a9d8aa396,ema_pullback:2d8e1480b80a309c423ae682
w13-lb095-r4_5,lab_3d_w13_lb_ratio,13,95,4.5,13.5,3.0,1b940776ff68af91c2538db7f09e5f9a46d65ec9c368af5c88508469fa9daece,112,112,0.2410714285714285714285714286,1.498927688829194436002047670,36.50000000000000151959637480,36.50000000000000151959637480,0.1586575875871411118605918687,-0.0555398492264142653265474402,69,0.2318840579710144927536231884,19.00000000000000195424941668,19.00000000000000195424941668,43,0.2558139534883720930232558140,17.49999999999999956534695811,17.49999999999999956534695811,run_10ee3ecd7dbb42adbc3501c95f137614,ema_pullback:b2c2dc16b9a9655e7bf164c6
w13-lb095-r4_75,lab_3d_w13_lb_ratio,13,95,4.75,14.25,3.0,1b940776ff68af91c2538db7f09e5f9a46d65ec9c368af5c88508469fa9daece,112,112,0.2321428571428571428571428571,1.461959132008820733075592746,37.50000000000000160537128954,37.50000000000000160537128954,0.1489860149308664794430663708,-0.0842368452061818247478800991,69,0.2318840579710144927536231884,23.00000000000000181017834233,23.00000000000000181017834233,43,0.2325581395348837209302325581,14.49999999999999979519294719,14.49999999999999979519294719,run_0d9ce699a6d243c7b9a1497397a2e7e3,ema_pullback:c11d8e1426a289f6a97db968
w13-lb095-r5_0,lab_3d_w13_lb_ratio,13,95,5.0,15.0,3.0,1b940776ff68af91c2538db7f09e5f9a46d65ec9c368af5c88508469fa9daece,112,112,0.2321428571428571428571428571,1.538679673003020148688539793,44.00000000000000116363795309,44.00000000000000116363795309,0.1756953984261263414273498786,-0.0837481546699965278723271767,69,0.2318840579710144927536231884,27.00000000000000292287524694,27.00000000000000292287524694,43,0.2325581395348837209302325581,16.99999999999999824076270616,16.99999999999999824076270616,run_a5f9b34ac7b248c3803121657bf2ee79,ema_pullback:fd8da5958fa5dcdcbf0751a0
w13-lb100-r2_0,lab_3d_w13_lb_ratio,13,100,2.0,6.0,3.0,1b940776ff68af91c2538db7f09e5f9a46d65ec9c368af5c88508469fa9daece,111,111,0.3783783783783783783783783784,1.260202674882524614610223514,14.99999999999999976472112270,14.99999999999999976472112270,0.06402788041693680461382117266,-0.0473942575366706491359455284,68,0.4117647058823529411764705882,15.99999999999999988797441887,15.99999999999999988797441887,43,0.3255813953488372093023255814,-1.000000000000000123253296180,-1.000000000000000123253296180,run_15669dfe175b4fd29749f359e2cd87b5,ema_pullback:ac59bbdb7b6cd9619303dfbe
w13-lb100-r2_25,lab_3d_w13_lb_ratio,13,100,2.25,6.75,3.0,1b940776ff68af91c2538db7f09e5f9a46d65ec9c368af5c88508469fa9daece,111,111,0.3333333333333333333333333333,1.126486795595757133677243956,9.25000000000000092655562132,9.25000000000000092655562132,0.03317855093247300952138527551,-0.0665631658364049962737603543,68,0.3529411764705882352941176471,10.00000000000000081474283485,10.00000000000000081474283485,43,0.3023255813953488372093023256,-0.749999999999999888187213535,-0.749999999999999888187213535,run_ed233e854ed84a4fbdb8f7f130b0facb,ema_pullback:ebbfe799184769cba721be1f
w13-lb100-r2_5,lab_3d_w13_lb_ratio,13,100,2.5,7.5,3.0,1b940776ff68af91c2538db7f09e5f9a46d65ec9c368af5c88508469fa9daece,111,111,0.3153153153153153153153153153,1.135922056411161270666285020,11.50000000000000100107805362,11.50000000000000100107805362,0.03693768543621859048934486805,-0.0698660804586923046944242722,68,0.3235294117647058823529411765,9.00000000000000179659274874,9.00000000000000179659274874,43,0.3023255813953488372093023256,2.499999999999999204485304883,2.499999999999999204485304883,run_3d050269f3fa4204aba41e9a4d0fc8f7,ema_pullback:3aa4c29dd268e2c4e559bfe9
w13-lb100-r2_75,lab_3d_w13_lb_ratio,13,100,2.75,8.25,3.0,1b940776ff68af91c2538db7f09e5f9a46d65ec9c368af5c88508469fa9daece,111,111,0.3063063063063063063063063063,1.153143002452682539650640582,16.50000000000000355753634764,16.50000000000000355753634764,0.04286543393971650797849947232,-0.0625050271735369755535042941,68,0.3088235294117647058823529412,10.75000000000000300453735863,10.75000000000000300453735863,43,0.3023255813953488372093023256,5.750000000000000552998989026,5.750000000000000552998989026,run_64a16c09ea7442e080fdf42f69120eac,ema_pullback:c907d926e2cac8458b29ce06
w13-lb100-r3_0,lab_3d_w13_lb_ratio,13,100,3.0,9.0,3.0,1b940776ff68af91c2538db7f09e5f9a46d65ec9c368af5c88508469fa9daece,111,111,0.2972972972972972972972972973,1.180446757942039816841310804,21.00000000000000147205510999,21.00000000000000147205510999,0.05199829190554211693067276204,-0.0550924408376485820290721994,68,0.2941176470588235294117647059,12.00000000000000158818264564,12.00000000000000158818264564,43,0.3023255813953488372093023256,8.999999999999999883872464371,8.999999999999999883872464371,run_713728588e774184bb8941b16fbde4d5,ema_pullback:6b45c2dcadd26c72724b0176
w13-lb100-r3_25,lab_3d_w13_lb_ratio,13,100,3.25,9.75,3.0,1b940776ff68af91c2538db7f09e5f9a46d65ec9c368af5c88508469fa9daece,111,111,0.2882882882882882882882882883,1.249851249154009920827758462,24.99999999999999988609910757,24.99999999999999988609910757,0.07289083148716607327499754182,-0.0495995911657272244075159276,68,0.2794117647058823529411764706,12.75000000000000132341618493,12.75000000000000132341618493,43,0.3023255813953488372093023256,12.24999999999999856268292264,12.24999999999999856268292264,run_f272c936cba340f3b860142d584c1cb0,ema_pullback:4d3c32a8660583ee9d2ac066
w13-lb100-r3_5,lab_3d_w13_lb_ratio,13,100,3.5,10.5,3.0,1b940776ff68af91c2538db7f09e5f9a46d65ec9c368af5c88508469fa9daece,111,111,0.2612612612612612612612612613,1.219744232273662599100373467,19.50000000000000324963401018,19.50000000000000324963401018,0.06614770969719326397854904742,-0.0517233019776356359869852690,68,0.25,8.50000000000000237863275056,8.50000000000000237863275056,43,0.2790697674418604651162790698,11.00000000000000087100125960,11.00000000000000087100125960,run_3d439903ac78426da2e8148b4dea9b1e,ema_pullback:c5d6e0921a6bf93df796db39
w13-lb100-r3_75,lab_3d_w13_lb_ratio,13,100,3.75,11.25,3.0,1b940776ff68af91c2538db7f09e5f9a46d65ec9c368af5c88508469fa9daece,111,111,0.2522522522522522522522522523,1.272390403070348299076585786,22.00000000000000113618665516,22.00000000000000113618665516,0.08321165174731264306252240995,-0.0564341064387718127324739685,68,0.2352941176470588235294117647,8.00000000000000120841406637,8.00000000000000120841406637,43,0.2790697674418604651162790698,13.99999999999999992777258875,13.99999999999999992777258875,run_7e910c7fd9a64aa598081b5f50a1c152,ema_pullback:f657243b267e8b8e9027085a
w13-lb100-r4_0,lab_3d_w13_lb_ratio,13,100,4.0,12.0,3.0,1b940776ff68af91c2538db7f09e5f9a46d65ec9c368af5c88508469fa9daece,111,111,0.2522522522522522522522522523,1.356903017473466550885363874,28.99999999999999939327710839,28.99999999999999939327710839,0.1103610195343264903486430329,-0.0543560823667533005488932897,68,0.2352941176470588235294117647,11.99999999999999934616301303,11.99999999999999934616301303,43,0.2790697674418604651162790698,17.00000000000000004711409537,17.00000000000000004711409537,run_78ee61cace814902959780d22157a20c,ema_pullback:5f8171134df171a427178d99
w13-lb100-r4_25,lab_3d_w13_lb_ratio,13,100,4.25,12.75,3.0,1b940776ff68af91c2538db7f09e5f9a46d65ec9c368af5c88508469fa9daece,111,111,0.2522522522522522522522522523,1.441391070599169871698308335,36.00000000000000250036536910,36.00000000000000250036536910,0.138157312446659059571086417,-0.0522756008949841659443672178,68,0.2352941176470588235294117647,16.00000000000000268575946644,16.00000000000000268575946644,43,0.2790697674418604651162790698,19.99999999999999981460590266,19.99999999999999981460590266,run_1afbf30566694f5fa38c1f9eefa36532,ema_pullback:8e56426d08ec62351b450b1c
w13-lb100-r4_5,lab_3d_w13_lb_ratio,13,100,4.5,13.5,3.0,1b940776ff68af91c2538db7f09e5f9a46d65ec9c368af5c88508469fa9daece,111,111,0.2432432432432432432432432432,1.504692618587069160212101556,37.50000000000000151959637480,37.50000000000000151959637480,0.1600473991783029460832523159,-0.0555398492264142653265474413,68,0.2352941176470588235294117647,20.00000000000000195424941667,20.00000000000000195424941667,43,0.2558139534883720930232558140,17.49999999999999956534695813,17.49999999999999956534695813,run_d8f3d34e786a4956b2b57a0282fef377,ema_pullback:19889071d9ea6ffb19a684e6
w13-lb100-r4_75,lab_3d_w13_lb_ratio,13,100,4.75,14.25,3.0,1b940776ff68af91c2538db7f09e5f9a46d65ec9c368af5c88508469fa9daece,111,111,0.2342342342342342342342342342,1.467503208641191929435274293,38.50000000000000160537128955,38.50000000000000160537128955,0.1503642254554781466996662575,-0.0842368452061818247478800973,68,0.2352941176470588235294117647,24.00000000000000181017834235,24.00000000000000181017834235,43,0.2325581395348837209302325581,14.49999999999999979519294719,14.49999999999999979519294719,run_dee7b0aa08934f5c942e4feff75fec2b,ema_pullback:775453a9995609c527631dd0
w13-lb100-r5_0,lab_3d_w13_lb_ratio,13,100,5.0,15.0,3.0,1b940776ff68af91c2538db7f09e5f9a46d65ec9c368af5c88508469fa9daece,111,111,0.2342342342342342342342342342,1.544465144874986004860834609,45.00000000000000116363795310,45.00000000000000116363795310,0.1771056468980765332501695526,-0.0837481546699965278723271775,68,0.2352941176470588235294117647,28.00000000000000292287524694,28.00000000000000292287524694,43,0.2325581395348837209302325581,16.99999999999999824076270616,16.99999999999999824076270616,run_da543c8780664a268d9d2ba2da8e1f8f,ema_pullback:cd488ee1886ac217767169d9
w13-lb105-r2_0,lab_3d_w13_lb_ratio,13,105,2.0,6.0,3.0,1b940776ff68af91c2538db7f09e5f9a46d65ec9c368af5c88508469fa9daece,111,111,0.3783783783783783783783783784,1.260202674882524614610223514,14.99999999999999976472112270,14.99999999999999976472112270,0.06402788041693680461382117266,-0.0473942575366706491359455284,68,0.4117647058823529411764705882,15.99999999999999988797441887,15.99999999999999988797441887,43,0.3255813953488372093023255814,-1.000000000000000123253296180,-1.000000000000000123253296180,run_e1dff63bf9764b7388a4a3f6d3bf9daa,ema_pullback:d7a40339394fa49110bb4b40
w13-lb105-r2_25,lab_3d_w13_lb_ratio,13,105,2.25,6.75,3.0,1b940776ff68af91c2538db7f09e5f9a46d65ec9c368af5c88508469fa9daece,111,111,0.3333333333333333333333333333,1.126486795595757133677243956,9.25000000000000092655562132,9.25000000000000092655562132,0.03317855093247300952138527551,-0.0665631658364049962737603543,68,0.3529411764705882352941176471,10.00000000000000081474283485,10.00000000000000081474283485,43,0.3023255813953488372093023256,-0.749999999999999888187213535,-0.749999999999999888187213535,run_1261c78f50da4e9b98c0809a932f9b05,ema_pullback:ebbeaed36fe2f64231ddbfd3
w13-lb105-r2_5,lab_3d_w13_lb_ratio,13,105,2.5,7.5,3.0,1b940776ff68af91c2538db7f09e5f9a46d65ec9c368af5c88508469fa9daece,111,111,0.3153153153153153153153153153,1.135922056411161270666285020,11.50000000000000100107805362,11.50000000000000100107805362,0.03693768543621859048934486805,-0.0698660804586923046944242722,68,0.3235294117647058823529411765,9.00000000000000179659274874,9.00000000000000179659274874,43,0.3023255813953488372093023256,2.499999999999999204485304883,2.499999999999999204485304883,run_c5eaafd05fa94f72ba9aceb577fb5fd2,ema_pullback:e6e003bbea855d89f5858026
w13-lb105-r2_75,lab_3d_w13_lb_ratio,13,105,2.75,8.25,3.0,1b940776ff68af91c2538db7f09e5f9a46d65ec9c368af5c88508469fa9daece,111,111,0.3063063063063063063063063063,1.153143002452682539650640582,16.50000000000000355753634764,16.50000000000000355753634764,0.04286543393971650797849947232,-0.0625050271735369755535042941,68,0.3088235294117647058823529412,10.75000000000000300453735863,10.75000000000000300453735863,43,0.3023255813953488372093023256,5.750000000000000552998989026,5.750000000000000552998989026,run_6dfee57dbc9d4ab29336a42c2d8449ff,ema_pullback:e33c4d5d293b01b63d6549d8
w13-lb105-r3_0,lab_3d_w13_lb_ratio,13,105,3.0,9.0,3.0,1b940776ff68af91c2538db7f09e5f9a46d65ec9c368af5c88508469fa9daece,111,111,0.2972972972972972972972972973,1.180446757942039816841310804,21.00000000000000147205510999,21.00000000000000147205510999,0.05199829190554211693067276204,-0.0550924408376485820290721994,68,0.2941176470588235294117647059,12.00000000000000158818264564,12.00000000000000158818264564,43,0.3023255813953488372093023256,8.999999999999999883872464371,8.999999999999999883872464371,run_d6b56404f3bf48ea9e79eb591a5196bb,ema_pullback:a25163d23fce10faa4e4d23a
w13-lb105-r3_25,lab_3d_w13_lb_ratio,13,105,3.25,9.75,3.0,1b940776ff68af91c2538db7f09e5f9a46d65ec9c368af5c88508469fa9daece,111,111,0.2882882882882882882882882883,1.249851249154009920827758462,24.99999999999999988609910757,24.99999999999999988609910757,0.07289083148716607327499754182,-0.0495995911657272244075159276,68,0.2794117647058823529411764706,12.75000000000000132341618493,12.75000000000000132341618493,43,0.3023255813953488372093023256,12.24999999999999856268292264,12.24999999999999856268292264,run_2cbfa1d817954d41965cce98e3ac4ca7,ema_pullback:efba543894fa125ec84947e0
w13-lb105-r3_5,lab_3d_w13_lb_ratio,13,105,3.5,10.5,3.0,1b940776ff68af91c2538db7f09e5f9a46d65ec9c368af5c88508469fa9daece,111,111,0.2612612612612612612612612613,1.219744232273662599100373467,19.50000000000000324963401018,19.50000000000000324963401018,0.06614770969719326397854904742,-0.0517233019776356359869852690,68,0.25,8.50000000000000237863275056,8.50000000000000237863275056,43,0.2790697674418604651162790698,11.00000000000000087100125960,11.00000000000000087100125960,run_1458242b3d3e4bc5bc8af70012fb0ec0,ema_pullback:de42ec1d4cd38b98b3165797
w13-lb105-r3_75,lab_3d_w13_lb_ratio,13,105,3.75,11.25,3.0,1b940776ff68af91c2538db7f09e5f9a46d65ec9c368af5c88508469fa9daece,111,111,0.2522522522522522522522522523,1.272390403070348299076585786,22.00000000000000113618665516,22.00000000000000113618665516,0.08321165174731264306252240995,-0.0564341064387718127324739685,68,0.2352941176470588235294117647,8.00000000000000120841406637,8.00000000000000120841406637,43,0.2790697674418604651162790698,13.99999999999999992777258875,13.99999999999999992777258875,run_e03f83b51d904a7da22073c69a628b73,ema_pullback:cafea4e7e0b0c7de3a772cc7
w13-lb105-r4_0,lab_3d_w13_lb_ratio,13,105,4.0,12.0,3.0,1b940776ff68af91c2538db7f09e5f9a46d65ec9c368af5c88508469fa9daece,111,111,0.2522522522522522522522522523,1.356903017473466550885363874,28.99999999999999939327710839,28.99999999999999939327710839,0.1103610195343264903486430329,-0.0543560823667533005488932897,68,0.2352941176470588235294117647,11.99999999999999934616301303,11.99999999999999934616301303,43,0.2790697674418604651162790698,17.00000000000000004711409537,17.00000000000000004711409537,run_3d70ecc895124d1e853c0a3b39d5fd46,ema_pullback:13f0710a191ce4246ac4027b
w13-lb105-r4_25,lab_3d_w13_lb_ratio,13,105,4.25,12.75,3.0,1b940776ff68af91c2538db7f09e5f9a46d65ec9c368af5c88508469fa9daece,111,111,0.2522522522522522522522522523,1.441391070599169871698308335,36.00000000000000250036536910,36.00000000000000250036536910,0.138157312446659059571086417,-0.0522756008949841659443672178,68,0.2352941176470588235294117647,16.00000000000000268575946644,16.00000000000000268575946644,43,0.2790697674418604651162790698,19.99999999999999981460590266,19.99999999999999981460590266,run_89ba7807b7d5473aadb06980b5b9ae24,ema_pullback:5557c5dc11cf08c7aabea1db
w13-lb105-r4_5,lab_3d_w13_lb_ratio,13,105,4.5,13.5,3.0,1b940776ff68af91c2538db7f09e5f9a46d65ec9c368af5c88508469fa9daece,111,111,0.2432432432432432432432432432,1.504692618587069160212101556,37.50000000000000151959637480,37.50000000000000151959637480,0.1600473991783029460832523159,-0.0555398492264142653265474413,68,0.2352941176470588235294117647,20.00000000000000195424941667,20.00000000000000195424941667,43,0.2558139534883720930232558140,17.49999999999999956534695813,17.49999999999999956534695813,run_24ee0b7766ae40158581e59089328a31,ema_pullback:9c4b1cbc88f8ba8506d52a65
w13-lb105-r4_75,lab_3d_w13_lb_ratio,13,105,4.75,14.25,3.0,1b940776ff68af91c2538db7f09e5f9a46d65ec9c368af5c88508469fa9daece,111,111,0.2342342342342342342342342342,1.467503208641191929435274293,38.50000000000000160537128955,38.50000000000000160537128955,0.1503642254554781466996662575,-0.0842368452061818247478800973,68,0.2352941176470588235294117647,24.00000000000000181017834235,24.00000000000000181017834235,43,0.2325581395348837209302325581,14.49999999999999979519294719,14.49999999999999979519294719,run_f3d7b4933605493582a8a431d6212670,ema_pullback:81c1582ab7d4c4f1ea6df2ae
w13-lb105-r5_0,lab_3d_w13_lb_ratio,13,105,5.0,15.0,3.0,1b940776ff68af91c2538db7f09e5f9a46d65ec9c368af5c88508469fa9daece,111,111,0.2342342342342342342342342342,1.544465144874986004860834609,45.00000000000000116363795310,45.00000000000000116363795310,0.1771056468980765332501695526,-0.0837481546699965278723271775,68,0.2352941176470588235294117647,28.00000000000000292287524694,28.00000000000000292287524694,43,0.2325581395348837209302325581,16.99999999999999824076270616,16.99999999999999824076270616,run_0882ccff0e5a4815965ab211429b9281,ema_pullback:3d0a511e0bb0a88fcb5927c9
w13-lb110-r2_0,lab_3d_w13_lb_ratio,13,110,2.0,6.0,3.0,1b940776ff68af91c2538db7f09e5f9a46d65ec9c368af5c88508469fa9daece,110,110,0.3727272727272727272727272727,1.227167168432199068862108935,12.99999999999999976472112269,12.99999999999999976472112269,0.05560957805559637680164315681,-0.0549154514069850242465629656,67,0.4029850746268656716417910448,13.99999999999999988797441888,13.99999999999999988797441888,43,0.3255813953488372093023255814,-1.000000000000000123253296184,-1.000000000000000123253296184,run_aefecd4aca6e4cae9d5b7f025c7ca168,ema_pullback:975ef18809b8ec49e09413f9
w13-lb110-r2_25,lab_3d_w13_lb_ratio,13,110,2.25,6.75,3.0,1b940776ff68af91c2538db7f09e5f9a46d65ec9c368af5c88508469fa9daece,110,110,0.3272727272727272727272727273,1.091978387832578428733784580,7.00000000000000080116103073,7.00000000000000080116103073,0.02399162688073564510158483793,-0.0748631961601235425627080218,67,0.3432835820895522388059701493,7.75000000000000068934824426,7.75000000000000068934824426,43,0.3023255813953488372093023256,-0.749999999999999888187213536,-0.749999999999999888187213536,run_74529a6a9565435cb51aa80b64158a23,ema_pullback:fdc09a24086dd341bb22fe74
w13-lb110-r2_5,lab_3d_w13_lb_ratio,13,110,2.5,7.5,3.0,1b940776ff68af91c2538db7f09e5f9a46d65ec9c368af5c88508469fa9daece,110,110,0.3090909090909090909090909091,1.098885865441391481271392849,9.00000000000000100107805363,9.00000000000000100107805363,0.02670296399437945386210236478,-0.0790466336431457872818714144,67,0.3134328358208955223880597015,6.500000000000001796592748733,6.500000000000001796592748733,43,0.3023255813953488372093023256,2.499999999999999204485304885,2.499999999999999204485304885,run_a9173e2d94ea4ddfa169cb4b7689face,ema_pullback:569b4523f981a61437347957
w13-lb110-r2_75,lab_3d_w13_lb_ratio,13,110,2.75,8.25,3.0,1b940776ff68af91c2538db7f09e5f9a46d65ec9c368af5c88508469fa9daece,110,110,0.3,1.113530734987054709086399614,13.75000000000000318135257588,13.75000000000000318135257588,0.03155404636637583684288553251,-0.0726735193304182594652532401,67,0.2985074626865671641791044776,8.00000000000000262835358686,8.00000000000000262835358686,43,0.3023255813953488372093023256,5.750000000000000552998989025,5.750000000000000552998989025,run_1859f1a6ad734f809f51bae1844783ac,ema_pullback:7d263161606db7090b8b18e2
w13-lb110-r3_0,lab_3d_w13_lb_ratio,13,110,3.0,9.0,3.0,1b940776ff68af91c2538db7f09e5f9a46d65ec9c368af5c88508469fa9daece,110,110,0.2909090909090909090909090909,1.138367625517277843659308125,18.00000000000000147205511000,18.00000000000000147205511000,0.03956279382376831454799974758,-0.0662620370526128199743514540,67,0.2835820895522388059701492537,9.00000000000000158818264564,9.00000000000000158818264564,43,0.3023255813953488372093023256,8.999999999999999883872464369,8.999999999999999883872464369,run_9e6bb48e10444487b538b08f9f1cde01,ema_pullback:3db8745817207a93f02e907b
w13-lb110-r3_25,lab_3d_w13_lb_ratio,13,110,3.25,9.75,3.0,1b940776ff68af91c2538db7f09e5f9a46d65ec9c368af5c88508469fa9daece,110,110,0.2818181818181818181818181818,1.204516802748056870747229721,21.74999999999999950991533581,21.74999999999999950991533581,0.05916501491760645453073210815,-0.0617583507491338626915662574,67,0.2686567164179104477611940299,9.50000000000000094723241315,9.50000000000000094723241315,43,0.3023255813953488372093023256,12.24999999999999856268292265,12.24999999999999856268292265,run_637f13bb5152400880a833e482088459,ema_pullback:9face12b40b0f49cc0806169
w13-lb110-r3_5,lab_3d_w13_lb_ratio,13,110,3.5,10.5,3.0,1b940776ff68af91c2538db7f09e5f9a46d65ec9c368af5c88508469fa9daece,110,110,0.2545454545454545454545454545,1.172573240316403309372079725,16.00000000000000299884482901,16.00000000000000299884482901,0.05147340477139696138749339055,-0.0647752471201709524545277838,67,0.2388059701492537313432835821,5.000000000000002127843569399,5.000000000000002127843569399,43,0.2790697674418604651162790698,11.00000000000000087100125960,11.00000000000000087100125960,run_224f9433f44b45e6b47df9cd1c3be597,ema_pullback:45b1ee964f2c94092bdb8fc7
w13-lb110-r3_75,lab_3d_w13_lb_ratio,13,110,3.75,11.25,3.0,1b940776ff68af91c2538db7f09e5f9a46d65ec9c368af5c88508469fa9daece,110,110,0.2454545454545454545454545455,1.222336917120558094278072385,18.25000000000000101079206455,18.25000000000000101079206455,0.0672532296480115317918896075,-0.0677616610786198891703978340,67,0.2238805970149253731343283582,4.250000000000001083019475778,4.250000000000001083019475778,43,0.2790697674418604651162790698,13.99999999999999992777258875,13.99999999999999992777258875,run_642189ee541e46d7ae485db8b32d924a,ema_pullback:cafb7edc221186901befb5aa
w13-lb110-r4_0,lab_3d_w13_lb_ratio,13,110,4.0,12.0,3.0,1b940776ff68af91c2538db7f09e5f9a46d65ec9c368af5c88508469fa9daece,110,110,0.2454545454545454545454545455,1.303722240098932230897221471,24.99999999999999939327710839,24.99999999999999939327710839,0.09292918016972370091288219276,-0.0624307480793895300846733612,67,0.2238805970149253731343283582,7.99999999999999934616301303,7.99999999999999934616301303,43,0.2790697674418604651162790698,17.00000000000000004711409536,17.00000000000000004711409536,run_74c281daf4b742768f43e5dd35e2b57e,ema_pullback:b5c76ec1f7538d51da9bd42b
w13-lb110-r4_25,lab_3d_w13_lb_ratio,13,110,4.25,12.75,3.0,1b940776ff68af91c2538db7f09e5f9a46d65ec9c368af5c88508469fa9daece,110,110,0.2454545454545454545454545455,1.385108986524622313931907688,31.75000000000000187339241615,31.75000000000000187339241615,0.1191909381211462083756363968,-0.0570744297756438464607761994,67,0.2238805970149253731343283582,11.75000000000000205878651348,11.75000000000000205878651348,43,0.2790697674418604651162790698,19.99999999999999981460590266,19.99999999999999981460590266,run_5755a50746cb4aba9f5518256b923811,ema_pullback:4afca15e34b735717ba590bf
w13-lb110-r4_5,lab_3d_w13_lb_ratio,13,110,4.5,13.5,3.0,1b940776ff68af91c2538db7f09e5f9a46d65ec9c368af5c88508469fa9daece,110,110,0.2363636363636363636363636364,1.445508931190402286322770838,33.00000000000000101801801243,33.00000000000000101801801243,0.1395991636823451348756921704,-0.0570313523343818593177778352,67,0.2238805970149253731343283582,15.50000000000000145267105432,15.50000000000000145267105432,43,0.2558139534883720930232558140,17.49999999999999956534695812,17.49999999999999956534695812,run_ec70860dc86d4510ab778a8a3cabd11f,ema_pullback:9d8267e255a3cec690f7af13
w13-lb110-r4_75,lab_3d_w13_lb_ratio,13,110,4.75,14.25,3.0,1b940776ff68af91c2538db7f09e5f9a46d65ec9c368af5c88508469fa9daece,110,110,0.2272727272727272727272727273,1.406134994263320257099338130,33.75000000000000097839833658,33.75000000000000097839833658,0.1289810855169387675405272624,-0.0842368452061818247478800956,67,0.2238805970149253731343283582,19.25000000000000118320538940,19.25000000000000118320538940,43,0.2325581395348837209302325581,14.49999999999999979519294719,14.49999999999999979519294719,run_548a8a69dfa141f7bfdded706f3a5f9e,ema_pullback:fab9bdd4f10a3d48c1a64be9
w13-lb110-r5_0,lab_3d_w13_lb_ratio,13,110,5.0,15.0,3.0,1b940776ff68af91c2538db7f09e5f9a46d65ec9c368af5c88508469fa9daece,110,110,0.2272727272727272727272727273,1.480106364691317711225647565,40.00000000000000116363795310,40.00000000000000116363795310,0.1540963538256310629670552317,-0.0837481546699965278723271787,67,0.2238805970149253731343283582,23.00000000000000292287524694,23.00000000000000292287524694,43,0.2325581395348837209302325581,16.99999999999999824076270616,16.99999999999999824076270616,run_d98dc3555cc44deda219dd454809e9a6,ema_pullback:6aec93b2148b0db428bc0b18
w13-lb115-r2_0,lab_3d_w13_lb_ratio,13,115,2.0,6.0,3.0,1b940776ff68af91c2538db7f09e5f9a46d65ec9c368af5c88508469fa9daece,109,109,0.3761467889908256880733944954,1.243335802513055761794531030,13.99999999999999976472112270,13.99999999999999976472112270,0.05888918579837081048754213016,-0.0519792270039710445896146223,66,0.4090909090909090909090909091,14.99999999999999988797441888,14.99999999999999988797441888,43,0.3255813953488372093023255814,-1.000000000000000123253296186,-1.000000000000000123253296186,run_f6fba59c0b2f4615a0051a11a3b55d49,ema_pullback:888648a55f10c9ad3c7cb4da
w13-lb115-r2_25,lab_3d_w13_lb_ratio,13,115,2.25,6.75,3.0,1b940776ff68af91c2538db7f09e5f9a46d65ec9c368af5c88508469fa9daece,109,109,0.3302752293577981651376146789,1.105262741463976801520722403,8.00000000000000080116103073,8.00000000000000080116103073,0.02717300277753276242478466438,-0.0748631961601235425627080218,66,0.3484848484848484848484848485,8.75000000000000068934824426,8.75000000000000068934824426,43,0.3023255813953488372093023256,-0.749999999999999888187213534,-0.749999999999999888187213534,run_ec7f679d0bad4a3da79b30d3b81de4cc,ema_pullback:9fb727fe5a8a5861bbc0b7b3
w13-lb115-r2_5,lab_3d_w13_lb_ratio,13,115,2.5,7.5,3.0,1b940776ff68af91c2538db7f09e5f9a46d65ec9c368af5c88508469fa9daece,109,109,0.3119266055045871559633027523,1.111810346806290616616117186,10.00000000000000100107805362,10.00000000000000100107805362,0.02989276357581910442450945243,-0.0761853809093447650295597152,66,0.3181818181818181818181818182,7.50000000000000179659274873,7.50000000000000179659274873,43,0.3023255813953488372093023256,2.499999999999999204485304884,2.499999999999999204485304884,run_dccbe8fb8f364a4290a111c1173d653a,ema_pullback:e71ebe7d72dddac73473a497
w13-lb115-r2_75,lab_3d_w13_lb_ratio,13,115,2.75,8.25,3.0,1b940776ff68af91c2538db7f09e5f9a46d65ec9c368af5c88508469fa9daece,109,109,0.3027522935779816513761467890,1.126291348798310722754162744,14.75000000000000318135257588,14.75000000000000318135257588,0.0347589174739163977751847322,-0.0697924663641448231149837579,66,0.3030303030303030303030303030,9.00000000000000262835358687,9.00000000000000262835358687,43,0.3023255813953488372093023256,5.750000000000000552998989026,5.750000000000000552998989026,run_dd6188c0898b4f46ac0677242d672329,ema_pullback:574e23ecb263ce2fbdb9117a
w13-lb115-r3_0,lab_3d_w13_lb_ratio,13,115,3.0,9.0,3.0,1b940776ff68af91c2538db7f09e5f9a46d65ec9c368af5c88508469fa9daece,109,109,0.2935779816513761467889908257,1.151104193045261530175475880,19.00000000000000147205510999,19.00000000000000147205510999,0.0427925468106676909290980976,-0.0650474066941157831602794523,66,0.2878787878787878787878787879,10.00000000000000158818264564,10.00000000000000158818264564,43,0.3023255813953488372093023256,8.999999999999999883872464371,8.999999999999999883872464371,run_496cc20f2de64b99b7e9b6f353b76089,ema_pullback:4f22b184590f881db04e21e1
w13-lb115-r3_25,lab_3d_w13_lb_ratio,13,115,3.25,9.75,3.0,1b940776ff68af91c2538db7f09e5f9a46d65ec9c368af5c88508469fa9daece,109,109,0.2844036697247706422018348624,1.217955201143829397748453584,22.74999999999999950991533581,22.74999999999999950991533581,0.06245566882603151833992903776,-0.0617583507491338626915662574,66,0.2727272727272727272727272727,10.50000000000000094723241316,10.50000000000000094723241316,43,0.3023255813953488372093023256,12.24999999999999856268292265,12.24999999999999856268292265,run_cf072bec23034150aff731fd7d78603b,ema_pullback:9d091cb9495d92e76d5a45d5
w13-lb115-r3_5,lab_3d_w13_lb_ratio,13,115,3.5,10.5,3.0,1b940776ff68af91c2538db7f09e5f9a46d65ec9c368af5c88508469fa9daece,109,109,0.2568807339449541284403669725,1.185218244989459314756914004,17.00000000000000299884482901,17.00000000000000299884482901,0.05474016209465047374634054089,-0.0618696555032128754351515893,66,0.2424242424242424242424242424,6.000000000000002127843569400,6.000000000000002127843569400,43,0.2790697674418604651162790698,11.00000000000000087100125960,11.00000000000000087100125960,run_36bd530c9fcf44b082c45a46ac566ed2,ema_pullback:2102ffc19d6a2916a3afe657
w13-lb115-r3_75,lab_3d_w13_lb_ratio,13,115,3.75,11.25,3.0,1b940776ff68af91c2538db7f09e5f9a46d65ec9c368af5c88508469fa9daece,109,109,0.2477064220183486238532110092,1.235424621668653199884130530,19.25000000000000101079206456,19.25000000000000101079206456,0.07056901232772334272786449261,-0.0648653477654446364279924452,66,0.2272727272727272727272727273,5.250000000000001083019475780,5.250000000000001083019475780,43,0.2790697674418604651162790698,13.99999999999999992777258875,13.99999999999999992777258875,run_65965098fd58428e9c50c8e3354f15ff,ema_pullback:6d859e9e54bdb44f60f50667
w13-lb115-r4_0,lab_3d_w13_lb_ratio,13,115,4.0,12.0,3.0,1b940776ff68af91c2538db7f09e5f9a46d65ec9c368af5c88508469fa9daece,109,109,0.2477064220183486238532110092,1.317687143337419031586320428,25.99999999999999939327710839,25.99999999999999939327710839,0.0963247338631555725724910956,-0.0595178724841814290561665086,66,0.2272727272727272727272727273,8.99999999999999934616301303,8.99999999999999934616301303,43,0.2790697674418604651162790698,17.00000000000000004711409536,17.00000000000000004711409536,run_d5566b41b32241b4b5270a3b9ea3fb66,ema_pullback:6c0fdb0845200a34e53a2a53
w13-lb115-r4_25,lab_3d_w13_lb_ratio,13,115,4.25,12.75,3.0,1b940776ff68af91c2538db7f09e5f9a46d65ec9c368af5c88508469fa9daece,109,109,0.2477064220183486238532110092,1.399951275318559765451207074,32.75000000000000187339241616,32.75000000000000187339241616,0.1226680828369662997262304093,-0.0541449129682424210800766105,66,0.2272727272727272727272727273,12.75000000000000205878651349,12.75000000000000205878651349,43,0.2790697674418604651162790698,19.99999999999999981460590266,19.99999999999999981460590266,run_96b1dda9d57d4629b8806f0500cdbf00,ema_pullback:d13aac90a4844b027bf34fe7
w13-lb115-r4_5,lab_3d_w13_lb_ratio,13,115,4.5,13.5,3.0,1b940776ff68af91c2538db7f09e5f9a46d65ec9c368af5c88508469fa9daece,109,109,0.2385321100917431192660550459,1.460936203749346606303254046,34.00000000000000101801801242,34.00000000000000101801801242,0.1431397134448398501094636056,-0.0541017016923574458125938659,66,0.2272727272727272727272727273,16.50000000000000145267105431,16.50000000000000145267105431,43,0.2558139534883720930232558140,17.49999999999999956534695812,17.49999999999999956534695812,run_f41a8c0778f44f8299db7b1dff387267,ema_pullback:9d8fe4ac2b087246a99444ce
w13-lb115-r4_75,lab_3d_w13_lb_ratio,13,115,4.75,14.25,3.0,1b940776ff68af91c2538db7f09e5f9a46d65ec9c368af5c88508469fa9daece,109,109,0.2293577981651376146788990826,1.420816625609507865044485497,34.75000000000000097839833659,34.75000000000000097839833659,0.1324886466327893379567056367,-0.0813917176178726842341643052,66,0.2272727272727272727272727273,20.25000000000000118320538939,20.25000000000000118320538939,43,0.2325581395348837209302325581,14.49999999999999979519294720,14.49999999999999979519294720,run_86934d5883404e5a95b9a94e915b4f5c,ema_pullback:079524c05c380bb3f8bf9877
w13-lb115-r5_0,lab_3d_w13_lb_ratio,13,115,5.0,15.0,3.0,1b940776ff68af91c2538db7f09e5f9a46d65ec9c368af5c88508469fa9daece,109,109,0.2293577981651376146788990826,1.495554736092913266925541491,41.00000000000000116363795310,41.00000000000000116363795310,0.1576819440065065686481584461,-0.0809015087994553844597121783,66,0.2272727272727272727272727273,24.00000000000000292287524694,24.00000000000000292287524694,43,0.2325581395348837209302325581,16.99999999999999824076270615,16.99999999999999824076270615,run_8438c4e7dedf45b8972f5ca14b1338d4,ema_pullback:59b4061981efe0fdfb313ec0
w13-lb120-r2_0,lab_3d_w13_lb_ratio,13,120,2.0,6.0,3.0,1b940776ff68af91c2538db7f09e5f9a46d65ec9c368af5c88508469fa9daece,109,109,0.3761467889908256880733944954,1.243335802513055761794531030,13.99999999999999976472112270,13.99999999999999976472112270,0.05888918579837081048754213016,-0.0519792270039710445896146223,66,0.4090909090909090909090909091,14.99999999999999988797441888,14.99999999999999988797441888,43,0.3255813953488372093023255814,-1.000000000000000123253296186,-1.000000000000000123253296186,run_4662816c8c284996a7131fb8e99226f8,ema_pullback:30401276a7f898d5e342c35f
w13-lb120-r2_25,lab_3d_w13_lb_ratio,13,120,2.25,6.75,3.0,1b940776ff68af91c2538db7f09e5f9a46d65ec9c368af5c88508469fa9daece,109,109,0.3302752293577981651376146789,1.105262741463976801520722403,8.00000000000000080116103073,8.00000000000000080116103073,0.02717300277753276242478466438,-0.0748631961601235425627080218,66,0.3484848484848484848484848485,8.75000000000000068934824426,8.75000000000000068934824426,43,0.3023255813953488372093023256,-0.749999999999999888187213534,-0.749999999999999888187213534,run_8db9e3e22e32416fbca5e13a5886862f,ema_pullback:b6e7de2f4e614a151815730d
w13-lb120-r2_5,lab_3d_w13_lb_ratio,13,120,2.5,7.5,3.0,1b940776ff68af91c2538db7f09e5f9a46d65ec9c368af5c88508469fa9daece,109,109,0.3119266055045871559633027523,1.111810346806290616616117186,10.00000000000000100107805362,10.00000000000000100107805362,0.02989276357581910442450945243,-0.0761853809093447650295597152,66,0.3181818181818181818181818182,7.50000000000000179659274873,7.50000000000000179659274873,43,0.3023255813953488372093023256,2.499999999999999204485304884,2.499999999999999204485304884,run_212255fa2c8c4553851ca66737dab4a8,ema_pullback:6724bd520b45540b5690c331
w13-lb120-r2_75,lab_3d_w13_lb_ratio,13,120,2.75,8.25,3.0,1b940776ff68af91c2538db7f09e5f9a46d65ec9c368af5c88508469fa9daece,109,109,0.3027522935779816513761467890,1.126291348798310722754162744,14.75000000000000318135257588,14.75000000000000318135257588,0.0347589174739163977751847322,-0.0697924663641448231149837579,66,0.3030303030303030303030303030,9.00000000000000262835358687,9.00000000000000262835358687,43,0.3023255813953488372093023256,5.750000000000000552998989026,5.750000000000000552998989026,run_2534c252047e43e791cf879836b84790,ema_pullback:ae27bef16602c78345f8cc88
w13-lb120-r3_0,lab_3d_w13_lb_ratio,13,120,3.0,9.0,3.0,1b940776ff68af91c2538db7f09e5f9a46d65ec9c368af5c88508469fa9daece,109,109,0.2935779816513761467889908257,1.151104193045261530175475880,19.00000000000000147205510999,19.00000000000000147205510999,0.0427925468106676909290980976,-0.0650474066941157831602794523,66,0.2878787878787878787878787879,10.00000000000000158818264564,10.00000000000000158818264564,43,0.3023255813953488372093023256,8.999999999999999883872464371,8.999999999999999883872464371,run_fc6020a89cec4509a9aedff7e06e96b3,ema_pullback:d116e32afa4a0097d1a48c0c
w13-lb120-r3_25,lab_3d_w13_lb_ratio,13,120,3.25,9.75,3.0,1b940776ff68af91c2538db7f09e5f9a46d65ec9c368af5c88508469fa9daece,109,109,0.2844036697247706422018348624,1.217955201143829397748453584,22.74999999999999950991533581,22.74999999999999950991533581,0.06245566882603151833992903776,-0.0617583507491338626915662574,66,0.2727272727272727272727272727,10.50000000000000094723241316,10.50000000000000094723241316,43,0.3023255813953488372093023256,12.24999999999999856268292265,12.24999999999999856268292265,run_4ff1a1676665453bb1d42a591dda6f88,ema_pullback:ee6deab59cdbe60f0d0cc55d
w13-lb120-r3_5,lab_3d_w13_lb_ratio,13,120,3.5,10.5,3.0,1b940776ff68af91c2538db7f09e5f9a46d65ec9c368af5c88508469fa9daece,109,109,0.2568807339449541284403669725,1.185218244989459314756914004,17.00000000000000299884482901,17.00000000000000299884482901,0.05474016209465047374634054089,-0.0618696555032128754351515893,66,0.2424242424242424242424242424,6.000000000000002127843569400,6.000000000000002127843569400,43,0.2790697674418604651162790698,11.00000000000000087100125960,11.00000000000000087100125960,run_8d980face8284707b59e3d8bdbfa2c5c,ema_pullback:47e6731a4bd5f6ba810b6f3d
w13-lb120-r3_75,lab_3d_w13_lb_ratio,13,120,3.75,11.25,3.0,1b940776ff68af91c2538db7f09e5f9a46d65ec9c368af5c88508469fa9daece,109,109,0.2477064220183486238532110092,1.235424621668653199884130530,19.25000000000000101079206456,19.25000000000000101079206456,0.07056901232772334272786449261,-0.0648653477654446364279924452,66,0.2272727272727272727272727273,5.250000000000001083019475780,5.250000000000001083019475780,43,0.2790697674418604651162790698,13.99999999999999992777258875,13.99999999999999992777258875,run_ab1ab479b3d4451696331ebc88cc1b6f,ema_pullback:032fabcf0dc31d524b9530aa
w13-lb120-r4_0,lab_3d_w13_lb_ratio,13,120,4.0,12.0,3.0,1b940776ff68af91c2538db7f09e5f9a46d65ec9c368af5c88508469fa9daece,109,109,0.2477064220183486238532110092,1.317687143337419031586320428,25.99999999999999939327710839,25.99999999999999939327710839,0.0963247338631555725724910956,-0.0595178724841814290561665086,66,0.2272727272727272727272727273,8.99999999999999934616301303,8.99999999999999934616301303,43,0.2790697674418604651162790698,17.00000000000000004711409536,17.00000000000000004711409536,run_c78f43bde6524161973ea6405734f759,ema_pullback:67bd080f2f6bd982ed74b994
w13-lb120-r4_25,lab_3d_w13_lb_ratio,13,120,4.25,12.75,3.0,1b940776ff68af91c2538db7f09e5f9a46d65ec9c368af5c88508469fa9daece,109,109,0.2477064220183486238532110092,1.399951275318559765451207074,32.75000000000000187339241616,32.75000000000000187339241616,0.1226680828369662997262304093,-0.0541449129682424210800766105,66,0.2272727272727272727272727273,12.75000000000000205878651349,12.75000000000000205878651349,43,0.2790697674418604651162790698,19.99999999999999981460590266,19.99999999999999981460590266,run_f9b79c088da241598f3d9b6447d4995f,ema_pullback:2c8e787c0f41366c45f8beec
w13-lb120-r4_5,lab_3d_w13_lb_ratio,13,120,4.5,13.5,3.0,1b940776ff68af91c2538db7f09e5f9a46d65ec9c368af5c88508469fa9daece,109,109,0.2385321100917431192660550459,1.460936203749346606303254046,34.00000000000000101801801242,34.00000000000000101801801242,0.1431397134448398501094636056,-0.0541017016923574458125938659,66,0.2272727272727272727272727273,16.50000000000000145267105431,16.50000000000000145267105431,43,0.2558139534883720930232558140,17.49999999999999956534695812,17.49999999999999956534695812,run_0fcf613fc99a436bafc2ce0b4ed9256e,ema_pullback:bdfb745b26698fe3b29d7f3e
w13-lb120-r4_75,lab_3d_w13_lb_ratio,13,120,4.75,14.25,3.0,1b940776ff68af91c2538db7f09e5f9a46d65ec9c368af5c88508469fa9daece,109,109,0.2293577981651376146788990826,1.420816625609507865044485497,34.75000000000000097839833659,34.75000000000000097839833659,0.1324886466327893379567056367,-0.0813917176178726842341643052,66,0.2272727272727272727272727273,20.25000000000000118320538939,20.25000000000000118320538939,43,0.2325581395348837209302325581,14.49999999999999979519294720,14.49999999999999979519294720,run_8243076f44424b46a9aca65e48b65bc6,ema_pullback:762eab2076aceaaea2ca7380
w13-lb120-r5_0,lab_3d_w13_lb_ratio,13,120,5.0,15.0,3.0,1b940776ff68af91c2538db7f09e5f9a46d65ec9c368af5c88508469fa9daece,109,109,0.2293577981651376146788990826,1.495554736092913266925541491,41.00000000000000116363795310,41.00000000000000116363795310,0.1576819440065065686481584461,-0.0809015087994553844597121783,66,0.2272727272727272727272727273,24.00000000000000292287524694,24.00000000000000292287524694,43,0.2325581395348837209302325581,16.99999999999999824076270615,16.99999999999999824076270615,run_2c1af0abd3594e118d60b8575c69e96b,ema_pullback:56c8f263a10944f698ba67bf
w13-lb125-r2_0,lab_3d_w13_lb_ratio,13,125,2.0,6.0,3.0,1b940776ff68af91c2538db7f09e5f9a46d65ec9c368af5c88508469fa9daece,108,108,0.3796296296296296296296296296,1.267819581554084073352023181,14.99999999999999976472112270,14.99999999999999976472112270,0.06374963906068589098130627471,-0.0476276756606859002335426497,66,0.4090909090909090909090909091,14.99999999999999988797441887,14.99999999999999988797441887,42,0.3333333333333333333333333333,-1.23253296186E-16,-1.23253296186E-16,run_776b65f5168245f2bbf62e0dbd29810e,ema_pullback:f52b03686393d06b5e10a25a
w13-lb125-r2_25,lab_3d_w13_lb_ratio,13,125,2.25,6.75,3.0,1b940776ff68af91c2538db7f09e5f9a46d65ec9c368af5c88508469fa9daece,108,108,0.3333333333333333333333333333,1.125384445221315124957539630,9.00000000000000080116103074,9.00000000000000080116103074,0.03188787421004042433410906541,-0.0706166855180104265702224443,66,0.3484848484848484848484848485,8.75000000000000068934824427,8.75000000000000068934824427,42,0.3095238095238095238095238095,0.250000000000000111812786462,0.250000000000000111812786462,run_c3e12480727a4fff9cfdb4ab619880c6,ema_pullback:adbcac0622d0473902577a61
w13-lb125-r2_5,lab_3d_w13_lb_ratio,13,125,2.5,7.5,3.0,1b940776ff68af91c2538db7f09e5f9a46d65ec9c368af5c88508469fa9daece,108,108,0.3148148148148148148148148148,1.131374516551858450942076596,11.00000000000000100107805362,11.00000000000000100107805362,0.03462011910054533081349195658,-0.0719449392849002828051745253,66,0.3181818181818181818181818182,7.50000000000000179659274874,7.50000000000000179659274874,42,0.3095238095238095238095238095,3.499999999999999204485304884,3.499999999999999204485304884,run_419ce3c0038b4d49bf97b5ce02a1d4bf,ema_pullback:03b614fa126e9dd28ad99b4d
w13-lb125-r2_75,lab_3d_w13_lb_ratio,13,125,2.75,8.25,3.0,1b940776ff68af91c2538db7f09e5f9a46d65ec9c368af5c88508469fa9daece,108,108,0.3055555555555555555555555556,1.145581356406749129718786278,15.75000000000000318135257588,15.75000000000000318135257588,0.0395086093430931546980212641,-0.0655226803448631314818510831,66,0.3030303030303030303030303030,9.00000000000000262835358686,9.00000000000000262835358686,42,0.3095238095238095238095238095,6.750000000000000552998989028,6.750000000000000552998989028,run_4bceb5cfbea84d0e8649b63663603f86,ema_pullback:24646f2568dc17bc43cd5101
w13-lb125-r3_0,lab_3d_w13_lb_ratio,13,125,3.0,9.0,3.0,1b940776ff68af91c2538db7f09e5f9a46d65ec9c368af5c88508469fa9daece,108,108,0.2962962962962962962962962963,1.170324976217504292768707486,20.00000000000000147205511000,20.00000000000000147205511000,0.04757911419093827645451089994,-0.0607558401702615724985971060,66,0.2878787878787878787878787879,10.00000000000000158818264564,10.00000000000000158818264564,42,0.3095238095238095238095238095,9.999999999999999883872464372,9.999999999999999883872464372,run_249565fc9ac0462dab1ee8c135930494,ema_pullback:8d582efac5cbc82e3ea5f0ac
w13-lb125-r3_25,lab_3d_w13_lb_ratio,13,125,3.25,9.75,3.0,1b940776ff68af91c2538db7f09e5f9a46d65ec9c368af5c88508469fa9daece,108,108,0.2870370370370370370370370370,1.238181295283445380250084708,23.74999999999999950991533579,23.74999999999999950991533579,0.06733249275706177226224544758,-0.0574516869866713731186014896,66,0.2727272727272727272727272727,10.50000000000000094723241316,10.50000000000000094723241316,42,0.3095238095238095238095238095,13.24999999999999856268292264,13.24999999999999856268292264,run_06a60107c36741228c9969c54af2678e,ema_pullback:bce4fdb84941f901e6570f6c
w13-lb125-r3_5,lab_3d_w13_lb_ratio,13,125,3.5,10.5,3.0,1b940776ff68af91c2538db7f09e5f9a46d65ec9c368af5c88508469fa9daece,108,108,0.2592592592592592592592592593,1.204270800742904863973437555,18.00000000000000299884482900,18.00000000000000299884482900,0.05958157074298079109911153129,-0.0575635026455384696348834209,66,0.2424242424242424242424242424,6.000000000000002127843569396,6.000000000000002127843569396,42,0.2857142857142857142857142857,12.00000000000000087100125960,12.00000000000000087100125960,run_a6d6ee4cfc5b4bef83d358b47eb5238a,ema_pullback:6680ad6e9242d07779393f7a
w13-lb125-r3_75,lab_3d_w13_lb_ratio,13,125,3.75,11.25,3.0,1b940776ff68af91c2538db7f09e5f9a46d65ec9c368af5c88508469fa9daece,108,108,0.25,1.255132257979178767988946288,20.25000000000000101079206455,20.25000000000000101079206455,0.07548307766929963828485896378,-0.0605729455649911543478627604,66,0.2272727272727272727272727273,5.250000000000001083019475780,5.250000000000001083019475780,42,0.2857142857142857142857142857,14.99999999999999992777258875,14.99999999999999992777258875,run_18676270b46141e1b63e0b696881842d,ema_pullback:97efa1e0febe8cae4253c715
w13-lb125-r4_0,lab_3d_w13_lb_ratio,13,125,4.0,12.0,3.0,1b940776ff68af91c2538db7f09e5f9a46d65ec9c368af5c88508469fa9daece,108,108,0.25,1.338669162254587333043709808,26.99999999999999939327710839,26.99999999999999939327710839,0.1013570216612826780210159889,-0.0552009246050822929876558842,66,0.2272727272727272727272727273,8.99999999999999934616301303,8.99999999999999934616301303,42,0.2857142857142857142857142857,18.00000000000000004711409536,18.00000000000000004711409536,run_900826471f334239b8b49c3c2ed025b4,ema_pullback:1b26d60c5699920992210b1d
w13-lb125-r4_25,lab_3d_w13_lb_ratio,13,125,4.25,12.75,3.0,1b940776ff68af91c2538db7f09e5f9a46d65ec9c368af5c88508469fa9daece,108,108,0.25,1.422202261801166464262822341,33.75000000000000187339241617,33.75000000000000187339241617,0.1278212903858825533114657264,-0.0498033024342047111859813921,66,0.2272727272727272727272727273,12.75000000000000205878651347,12.75000000000000205878651347,42,0.2857142857142857142857142857,20.99999999999999981460590268,20.99999999999999981460590268,run_0b256b10894748d49a022f18acbf1891,ema_pullback:9c6a36a310e0b97385ad13ed
w13-lb125-r4_5,lab_3d_w13_lb_ratio,13,125,4.5,13.5,3.0,1b940776ff68af91c2538db7f09e5f9a46d65ec9c368af5c88508469fa9daece,108,108,0.2407407407407407407407407407,1.484052732886052589467534159,35.00000000000000101801801244,35.00000000000000101801801244,0.148386888714937359471340599,-0.0497598928123646909896141580,66,0.2272727272727272727272727273,16.50000000000000145267105431,16.50000000000000145267105431,42,0.2619047619047619047619047619,18.49999999999999956534695813,18.49999999999999956534695813,run_58bcc2eda3e6499ab28a5e5fc9b03d97,ema_pullback:87a7a1789205e1e2603585a8
w13-lb125-r4_75,lab_3d_w13_lb_ratio,13,125,4.75,14.25,3.0,1b940776ff68af91c2538db7f09e5f9a46d65ec9c368af5c88508469fa9daece,108,108,0.2314814814814814814814814815,1.442983964948655099922246515,35.75000000000000097839833660,35.75000000000000097839833660,0.1376869319783054242800810587,-0.0771751738257784266005370013,66,0.2272727272727272727272727273,20.25000000000000118320538940,20.25000000000000118320538940,42,0.2380952380952380952380952381,15.49999999999999979519294719,15.49999999999999979519294719,run_4426f2913e874ec99f153143d1191ed5,ema_pullback:34c30df95ae42c8240e3406c
w13-lb125-r5_0,lab_3d_w13_lb_ratio,13,125,5.0,15.0,3.0,1b940776ff68af91c2538db7f09e5f9a46d65ec9c368af5c88508469fa9daece,108,108,0.2314814814814814814814814815,1.518866806950727926339134033,42.00000000000000116363795310,42.00000000000000116363795310,0.1629958702009904660699539891,-0.0766827148785632814231681483,66,0.2272727272727272727272727273,24.00000000000000292287524694,24.00000000000000292287524694,42,0.2380952380952380952380952381,17.99999999999999824076270616,17.99999999999999824076270616,run_f3d78baa991d4b5f8d443ee7303c9105,ema_pullback:7596419778d09e08b7c6a02f
w13-lb130-r2_0,lab_3d_w13_lb_ratio,13,130,2.0,6.0,3.0,1b940776ff68af91c2538db7f09e5f9a46d65ec9c368af5c88508469fa9daece,108,108,0.3796296296296296296296296296,1.267819581554084073352023181,14.99999999999999976472112270,14.99999999999999976472112270,0.06374963906068589098130627471,-0.0476276756606859002335426497,66,0.4090909090909090909090909091,14.99999999999999988797441887,14.99999999999999988797441887,42,0.3333333333333333333333333333,-1.23253296186E-16,-1.23253296186E-16,run_db3b73c528e343d68a1f301c6930d81f,ema_pullback:b83747d12ecbc3c745ef79e1
w13-lb130-r2_25,lab_3d_w13_lb_ratio,13,130,2.25,6.75,3.0,1b940776ff68af91c2538db7f09e5f9a46d65ec9c368af5c88508469fa9daece,108,108,0.3333333333333333333333333333,1.125384445221315124957539630,9.00000000000000080116103074,9.00000000000000080116103074,0.03188787421004042433410906541,-0.0706166855180104265702224443,66,0.3484848484848484848484848485,8.75000000000000068934824427,8.75000000000000068934824427,42,0.3095238095238095238095238095,0.250000000000000111812786462,0.250000000000000111812786462,run_d0dc65d448bb489a9a3d9892b50e0cfc,ema_pullback:93e50b3f435e66197532dea9
w13-lb130-r2_5,lab_3d_w13_lb_ratio,13,130,2.5,7.5,3.0,1b940776ff68af91c2538db7f09e5f9a46d65ec9c368af5c88508469fa9daece,108,108,0.3148148148148148148148148148,1.131374516551858450942076596,11.00000000000000100107805362,11.00000000000000100107805362,0.03462011910054533081349195658,-0.0719449392849002828051745253,66,0.3181818181818181818181818182,7.50000000000000179659274874,7.50000000000000179659274874,42,0.3095238095238095238095238095,3.499999999999999204485304884,3.499999999999999204485304884,run_f73f343871944724af5359b17bf2f25e,ema_pullback:ff6b703aa0902d830868f7d3
w13-lb130-r2_75,lab_3d_w13_lb_ratio,13,130,2.75,8.25,3.0,1b940776ff68af91c2538db7f09e5f9a46d65ec9c368af5c88508469fa9daece,108,108,0.3055555555555555555555555556,1.145581356406749129718786278,15.75000000000000318135257588,15.75000000000000318135257588,0.0395086093430931546980212641,-0.0655226803448631314818510831,66,0.3030303030303030303030303030,9.00000000000000262835358686,9.00000000000000262835358686,42,0.3095238095238095238095238095,6.750000000000000552998989028,6.750000000000000552998989028,run_b09312241ac145e39e2d256ba24fc535,ema_pullback:61e58137068e7cd4fd5b0d2a
w13-lb130-r3_0,lab_3d_w13_lb_ratio,13,130,3.0,9.0,3.0,1b940776ff68af91c2538db7f09e5f9a46d65ec9c368af5c88508469fa9daece,108,108,0.2962962962962962962962962963,1.170324976217504292768707486,20.00000000000000147205511000,20.00000000000000147205511000,0.04757911419093827645451089994,-0.0607558401702615724985971060,66,0.2878787878787878787878787879,10.00000000000000158818264564,10.00000000000000158818264564,42,0.3095238095238095238095238095,9.999999999999999883872464372,9.999999999999999883872464372,run_a49d9d2b4b744c68af9aa304af3437a5,ema_pullback:a825d6b13d68962d47f9c8c7
w13-lb130-r3_25,lab_3d_w13_lb_ratio,13,130,3.25,9.75,3.0,1b940776ff68af91c2538db7f09e5f9a46d65ec9c368af5c88508469fa9daece,108,108,0.2870370370370370370370370370,1.238181295283445380250084708,23.74999999999999950991533579,23.74999999999999950991533579,0.06733249275706177226224544758,-0.0574516869866713731186014896,66,0.2727272727272727272727272727,10.50000000000000094723241316,10.50000000000000094723241316,42,0.3095238095238095238095238095,13.24999999999999856268292264,13.24999999999999856268292264,run_e832d16ddf1041cc9efac65256fbb7e9,ema_pullback:22fbff3cb4b050856ba4b9ba
w13-lb130-r3_5,lab_3d_w13_lb_ratio,13,130,3.5,10.5,3.0,1b940776ff68af91c2538db7f09e5f9a46d65ec9c368af5c88508469fa9daece,108,108,0.2592592592592592592592592593,1.204270800742904863973437555,18.00000000000000299884482900,18.00000000000000299884482900,0.05958157074298079109911153129,-0.0575635026455384696348834209,66,0.2424242424242424242424242424,6.000000000000002127843569396,6.000000000000002127843569396,42,0.2857142857142857142857142857,12.00000000000000087100125960,12.00000000000000087100125960,run_62c273d7ee3948c8be19300899513716,ema_pullback:e17ef870fdaef48ead8d7cdc
w13-lb130-r3_75,lab_3d_w13_lb_ratio,13,130,3.75,11.25,3.0,1b940776ff68af91c2538db7f09e5f9a46d65ec9c368af5c88508469fa9daece,108,108,0.25,1.255132257979178767988946288,20.25000000000000101079206455,20.25000000000000101079206455,0.07548307766929963828485896378,-0.0605729455649911543478627604,66,0.2272727272727272727272727273,5.250000000000001083019475780,5.250000000000001083019475780,42,0.2857142857142857142857142857,14.99999999999999992777258875,14.99999999999999992777258875,run_88847c4ae3514175bd2bdeadef41ef8e,ema_pullback:a5284a63e5bd1335e9b0e831
w13-lb130-r4_0,lab_3d_w13_lb_ratio,13,130,4.0,12.0,3.0,1b940776ff68af91c2538db7f09e5f9a46d65ec9c368af5c88508469fa9daece,108,108,0.25,1.338669162254587333043709808,26.99999999999999939327710839,26.99999999999999939327710839,0.1013570216612826780210159889,-0.0552009246050822929876558842,66,0.2272727272727272727272727273,8.99999999999999934616301303,8.99999999999999934616301303,42,0.2857142857142857142857142857,18.00000000000000004711409536,18.00000000000000004711409536,run_18c586d4dd444565a374a0cf4ef425da,ema_pullback:daf7cf835db39bed15a5f8cd
w13-lb130-r4_25,lab_3d_w13_lb_ratio,13,130,4.25,12.75,3.0,1b940776ff68af91c2538db7f09e5f9a46d65ec9c368af5c88508469fa9daece,108,108,0.25,1.422202261801166464262822341,33.75000000000000187339241617,33.75000000000000187339241617,0.1278212903858825533114657264,-0.0498033024342047111859813921,66,0.2272727272727272727272727273,12.75000000000000205878651347,12.75000000000000205878651347,42,0.2857142857142857142857142857,20.99999999999999981460590268,20.99999999999999981460590268,run_96fd5e40a8a14c55823e70ed75c7bbee,ema_pullback:91359ff98128f7fc5b1659ed
w13-lb130-r4_5,lab_3d_w13_lb_ratio,13,130,4.5,13.5,3.0,1b940776ff68af91c2538db7f09e5f9a46d65ec9c368af5c88508469fa9daece,108,108,0.2407407407407407407407407407,1.484052732886052589467534159,35.00000000000000101801801244,35.00000000000000101801801244,0.148386888714937359471340599,-0.0497598928123646909896141580,66,0.2272727272727272727272727273,16.50000000000000145267105431,16.50000000000000145267105431,42,0.2619047619047619047619047619,18.49999999999999956534695813,18.49999999999999956534695813,run_eb5572bbfc9f4efd8d5a0e32f2a12911,ema_pullback:dfc981dc352c5c0b785d76ec
w13-lb130-r4_75,lab_3d_w13_lb_ratio,13,130,4.75,14.25,3.0,1b940776ff68af91c2538db7f09e5f9a46d65ec9c368af5c88508469fa9daece,108,108,0.2314814814814814814814814815,1.442983964948655099922246515,35.75000000000000097839833660,35.75000000000000097839833660,0.1376869319783054242800810587,-0.0771751738257784266005370013,66,0.2272727272727272727272727273,20.25000000000000118320538940,20.25000000000000118320538940,42,0.2380952380952380952380952381,15.49999999999999979519294719,15.49999999999999979519294719,run_841739667988460896ad426f75382b9f,ema_pullback:9422abd43eed04bbb7d5c292
w13-lb130-r5_0,lab_3d_w13_lb_ratio,13,130,5.0,15.0,3.0,1b940776ff68af91c2538db7f09e5f9a46d65ec9c368af5c88508469fa9daece,108,108,0.2314814814814814814814814815,1.518866806950727926339134033,42.00000000000000116363795310,42.00000000000000116363795310,0.1629958702009904660699539891,-0.0766827148785632814231681483,66,0.2272727272727272727272727273,24.00000000000000292287524694,24.00000000000000292287524694,42,0.2380952380952380952380952381,17.99999999999999824076270616,17.99999999999999824076270616,run_9d57ae14fba7416e91c1cebdcfed85cd,ema_pullback:761e2603709e081b40ba4d33
w13-lb135-r2_0,lab_3d_w13_lb_ratio,13,135,2.0,6.0,3.0,1b940776ff68af91c2538db7f09e5f9a46d65ec9c368af5c88508469fa9daece,108,108,0.3796296296296296296296296296,1.267819581554084073352023181,14.99999999999999976472112270,14.99999999999999976472112270,0.06374963906068589098130627471,-0.0476276756606859002335426497,66,0.4090909090909090909090909091,14.99999999999999988797441887,14.99999999999999988797441887,42,0.3333333333333333333333333333,-1.23253296186E-16,-1.23253296186E-16,run_aa2daa7f7b62467282205711e3a7d461,ema_pullback:ab06d273acfee81682abb9ac
w13-lb135-r2_25,lab_3d_w13_lb_ratio,13,135,2.25,6.75,3.0,1b940776ff68af91c2538db7f09e5f9a46d65ec9c368af5c88508469fa9daece,108,108,0.3333333333333333333333333333,1.125384445221315124957539630,9.00000000000000080116103074,9.00000000000000080116103074,0.03188787421004042433410906541,-0.0706166855180104265702224443,66,0.3484848484848484848484848485,8.75000000000000068934824427,8.75000000000000068934824427,42,0.3095238095238095238095238095,0.250000000000000111812786462,0.250000000000000111812786462,run_c09f126bc543409082195bef64b66f44,ema_pullback:bfcbbe95c134ed8de5d83cf6
w13-lb135-r2_5,lab_3d_w13_lb_ratio,13,135,2.5,7.5,3.0,1b940776ff68af91c2538db7f09e5f9a46d65ec9c368af5c88508469fa9daece,108,108,0.3148148148148148148148148148,1.131374516551858450942076596,11.00000000000000100107805362,11.00000000000000100107805362,0.03462011910054533081349195658,-0.0719449392849002828051745253,66,0.3181818181818181818181818182,7.50000000000000179659274874,7.50000000000000179659274874,42,0.3095238095238095238095238095,3.499999999999999204485304884,3.499999999999999204485304884,run_d3f4a58eadb14dafbb79e9fbede2922c,ema_pullback:bc4f83127d819883c62867c7
w13-lb135-r2_75,lab_3d_w13_lb_ratio,13,135,2.75,8.25,3.0,1b940776ff68af91c2538db7f09e5f9a46d65ec9c368af5c88508469fa9daece,108,108,0.3055555555555555555555555556,1.145581356406749129718786278,15.75000000000000318135257588,15.75000000000000318135257588,0.0395086093430931546980212641,-0.0655226803448631314818510831,66,0.3030303030303030303030303030,9.00000000000000262835358686,9.00000000000000262835358686,42,0.3095238095238095238095238095,6.750000000000000552998989028,6.750000000000000552998989028,run_2568b68aa0444dee8f56e6f3dd265f5f,ema_pullback:c135c930af854d041a3ebbd7
w13-lb135-r3_0,lab_3d_w13_lb_ratio,13,135,3.0,9.0,3.0,1b940776ff68af91c2538db7f09e5f9a46d65ec9c368af5c88508469fa9daece,108,108,0.2962962962962962962962962963,1.170324976217504292768707486,20.00000000000000147205511000,20.00000000000000147205511000,0.04757911419093827645451089994,-0.0607558401702615724985971060,66,0.2878787878787878787878787879,10.00000000000000158818264564,10.00000000000000158818264564,42,0.3095238095238095238095238095,9.999999999999999883872464372,9.999999999999999883872464372,run_b63f000b05f840ff86e7bd3ae6d1241c,ema_pullback:bdb66b17f9fde93d3ec82591
w13-lb135-r3_25,lab_3d_w13_lb_ratio,13,135,3.25,9.75,3.0,1b940776ff68af91c2538db7f09e5f9a46d65ec9c368af5c88508469fa9daece,108,108,0.2870370370370370370370370370,1.238181295283445380250084708,23.74999999999999950991533579,23.74999999999999950991533579,0.06733249275706177226224544758,-0.0574516869866713731186014896,66,0.2727272727272727272727272727,10.50000000000000094723241316,10.50000000000000094723241316,42,0.3095238095238095238095238095,13.24999999999999856268292264,13.24999999999999856268292264,run_e97760bbc2b1413bb01efeefab7c9086,ema_pullback:5bcdf9a2ba9c0214f3bc532b
w13-lb135-r3_5,lab_3d_w13_lb_ratio,13,135,3.5,10.5,3.0,1b940776ff68af91c2538db7f09e5f9a46d65ec9c368af5c88508469fa9daece,108,108,0.2592592592592592592592592593,1.204270800742904863973437555,18.00000000000000299884482900,18.00000000000000299884482900,0.05958157074298079109911153129,-0.0575635026455384696348834209,66,0.2424242424242424242424242424,6.000000000000002127843569396,6.000000000000002127843569396,42,0.2857142857142857142857142857,12.00000000000000087100125960,12.00000000000000087100125960,run_c617f1de01f547fa91bd661c024e190c,ema_pullback:d128b37d42211cf50f3eedda
w13-lb135-r3_75,lab_3d_w13_lb_ratio,13,135,3.75,11.25,3.0,1b940776ff68af91c2538db7f09e5f9a46d65ec9c368af5c88508469fa9daece,108,108,0.25,1.255132257979178767988946288,20.25000000000000101079206455,20.25000000000000101079206455,0.07548307766929963828485896378,-0.0605729455649911543478627604,66,0.2272727272727272727272727273,5.250000000000001083019475780,5.250000000000001083019475780,42,0.2857142857142857142857142857,14.99999999999999992777258875,14.99999999999999992777258875,run_fa2762aead62403ea01162c9ae0950dd,ema_pullback:59e3738c4aac7b7e9827a19e
w13-lb135-r4_0,lab_3d_w13_lb_ratio,13,135,4.0,12.0,3.0,1b940776ff68af91c2538db7f09e5f9a46d65ec9c368af5c88508469fa9daece,108,108,0.25,1.338669162254587333043709808,26.99999999999999939327710839,26.99999999999999939327710839,0.1013570216612826780210159889,-0.0552009246050822929876558842,66,0.2272727272727272727272727273,8.99999999999999934616301303,8.99999999999999934616301303,42,0.2857142857142857142857142857,18.00000000000000004711409536,18.00000000000000004711409536,run_eb27d61f2e824381b3ba1b097a65f381,ema_pullback:821ffc551446b58693bce04f
w13-lb135-r4_25,lab_3d_w13_lb_ratio,13,135,4.25,12.75,3.0,1b940776ff68af91c2538db7f09e5f9a46d65ec9c368af5c88508469fa9daece,108,108,0.25,1.422202261801166464262822341,33.75000000000000187339241617,33.75000000000000187339241617,0.1278212903858825533114657264,-0.0498033024342047111859813921,66,0.2272727272727272727272727273,12.75000000000000205878651347,12.75000000000000205878651347,42,0.2857142857142857142857142857,20.99999999999999981460590268,20.99999999999999981460590268,run_65133ffa158a4e5cbd4252ba1ce866ea,ema_pullback:bc05b57774edfd46af820c3e
w13-lb135-r4_5,lab_3d_w13_lb_ratio,13,135,4.5,13.5,3.0,1b940776ff68af91c2538db7f09e5f9a46d65ec9c368af5c88508469fa9daece,108,108,0.2407407407407407407407407407,1.484052732886052589467534159,35.00000000000000101801801244,35.00000000000000101801801244,0.148386888714937359471340599,-0.0497598928123646909896141580,66,0.2272727272727272727272727273,16.50000000000000145267105431,16.50000000000000145267105431,42,0.2619047619047619047619047619,18.49999999999999956534695813,18.49999999999999956534695813,run_5ce5952b9a6d41bb85f3023adb40f6d8,ema_pullback:23a9292013f485cc27158d5e
w13-lb135-r4_75,lab_3d_w13_lb_ratio,13,135,4.75,14.25,3.0,1b940776ff68af91c2538db7f09e5f9a46d65ec9c368af5c88508469fa9daece,108,108,0.2314814814814814814814814815,1.442983964948655099922246515,35.75000000000000097839833660,35.75000000000000097839833660,0.1376869319783054242800810587,-0.0771751738257784266005370013,66,0.2272727272727272727272727273,20.25000000000000118320538940,20.25000000000000118320538940,42,0.2380952380952380952380952381,15.49999999999999979519294719,15.49999999999999979519294719,run_ed77ad2bbe9542789ad21e54ba2ba731,ema_pullback:2ef6f0d1337bb0616c5c02aa
w13-lb135-r5_0,lab_3d_w13_lb_ratio,13,135,5.0,15.0,3.0,1b940776ff68af91c2538db7f09e5f9a46d65ec9c368af5c88508469fa9daece,108,108,0.2314814814814814814814814815,1.518866806950727926339134033,42.00000000000000116363795310,42.00000000000000116363795310,0.1629958702009904660699539891,-0.0766827148785632814231681483,66,0.2272727272727272727272727273,24.00000000000000292287524694,24.00000000000000292287524694,42,0.2380952380952380952380952381,17.99999999999999824076270616,17.99999999999999824076270616,run_297e5963d0754869ace208e0b421700f,ema_pullback:040e653d60a8477cabdc1b26
w13-lb140-r2_0,lab_3d_w13_lb_ratio,13,140,2.0,6.0,3.0,1b940776ff68af91c2538db7f09e5f9a46d65ec9c368af5c88508469fa9daece,105,105,0.3809523809523809523809523810,1.255036299994249099730566549,14.99999999999999968115809749,14.99999999999999968115809749,0.060337597454869717101362448,-0.0476276756606859002335426495,64,0.40625,13.99999999999999980441139366,13.99999999999999980441139366,41,0.3414634146341463414634146341,0.999999999999999876746703816,0.999999999999999876746703816,run_b78b97551df541a285d8f01b46810c30,ema_pullback:81ea945f7b7cd3ee5229e72e
w13-lb140-r2_25,lab_3d_w13_lb_ratio,13,140,2.25,6.75,3.0,1b940776ff68af91c2538db7f09e5f9a46d65ec9c368af5c88508469fa9daece,105,105,0.3333333333333333333333333333,1.110590888271353729203015920,8.75000000000000065492573661,8.75000000000000065492573661,0.02796587724481441471450570299,-0.0706166855180104265702224448,64,0.34375,7.500000000000000543112950145,7.500000000000000543112950145,41,0.3170731707317073170731707317,1.250000000000000111812786462,1.250000000000000111812786462,run_1f22926dcead4ccd8551c8ea52b8ca1a,ema_pullback:3486e707f1a15a7c6b8b8f69
w13-lb140-r2_5,lab_3d_w13_lb_ratio,13,140,2.5,7.5,3.0,1b940776ff68af91c2538db7f09e5f9a46d65ec9c368af5c88508469fa9daece,105,105,0.3142857142857142857142857143,1.114757501664796465142367629,10.50000000000000079217049060,10.50000000000000079217049060,0.03007469278732703513269002427,-0.0719449392849002828051745280,64,0.3125,6.000000000000001587685185707,6.000000000000001587685185707,41,0.3170731707317073170731707317,4.499999999999999204485304885,4.499999999999999204485304885,run_8b5ef9265a3748dea4f577967bea0d55,ema_pullback:60a5bc9716653256fa4827f9
w13-lb140-r2_75,lab_3d_w13_lb_ratio,13,140,2.75,8.25,3.0,1b940776ff68af91c2538db7f09e5f9a46d65ec9c368af5c88508469fa9daece,105,105,0.3047619047619047619047619048,1.127170523112581411546880806,15.00000000000000311868030698,15.00000000000000311868030698,0.03432649734236585723942318079,-0.0655226803448631314818510848,64,0.296875,7.250000000000002565681317962,7.250000000000002565681317962,41,0.3170731707317073170731707317,7.750000000000000552998989025,7.750000000000000552998989025,run_75d561917773477696764cddf3ccbf71,ema_pullback:517b0f6c55f05eae74d433ae
w13-lb140-r3_0,lab_3d_w13_lb_ratio,13,140,3.0,9.0,3.0,1b940776ff68af91c2538db7f09e5f9a46d65ec9c368af5c88508469fa9daece,105,105,0.2952380952380952380952380952,1.150204394025295573630358043,19.00000000000000155561813521,19.00000000000000155561813521,0.04173752083411391098516043154,-0.0607558401702615724985971072,64,0.28125,8.00000000000000167174567085,8.00000000000000167174567085,41,0.3170731707317073170731707317,10.99999999999999988387246437,10.99999999999999988387246437,run_0a600a2ce10f493fae1782eaa12686d2,ema_pullback:af4a515149b5107f04f608de
w13-lb140-r3_25,lab_3d_w13_lb_ratio,13,140,3.25,9.75,3.0,1b940776ff68af91c2538db7f09e5f9a46d65ec9c368af5c88508469fa9daece,105,105,0.2857142857142857142857142857,1.216036493427247614270041913,22.49999999999999953080609208,22.49999999999999953080609208,0.06075057293159274367459995089,-0.0574516869866713731186014918,64,0.265625,8.25000000000000096812316945,8.25000000000000096812316945,41,0.3170731707317073170731707317,14.24999999999999856268292264,14.24999999999999856268292264,run_6ba14b9f9e88409db69475efa3de49ed,ema_pullback:9311f80dbdc7b60688ffce7d
w13-lb140-r3_5,lab_3d_w13_lb_ratio,13,140,3.5,10.5,3.0,1b940776ff68af91c2538db7f09e5f9a46d65ec9c368af5c88508469fa9daece,105,105,0.2666666666666666666666666667,1.221524701291533257794968430,21.00000000000000299884482900,21.00000000000000299884482900,0.06378470679507562969321471056,-0.0575635026455384696348834196,64,0.25,8.00000000000000212784356940,8.00000000000000212784356940,41,0.2926829268292682926829268293,13.00000000000000087100125960,13.00000000000000087100125960,run_6a7781566a964a0f832d55b48ec2b118,ema_pullback:5bd3cf162a198c3cbb1e21cb
w13-lb140-r3_75,lab_3d_w13_lb_ratio,13,140,3.75,11.25,3.0,1b940776ff68af91c2538db7f09e5f9a46d65ec9c368af5c88508469fa9daece,105,105,0.2571428571428571428571428571,1.273038902600809725597093264,23.25000000000000101079206457,23.25000000000000101079206457,0.07974929163713982232798986481,-0.0605729455649911543478627558,64,0.234375,7.250000000000001083019475780,7.250000000000001083019475780,41,0.2926829268292682926829268293,15.99999999999999992777258875,15.99999999999999992777258875,run_c6f6efd7246d490d9acbe98f4dd08b5f,ema_pullback:e9a5532cf288530fe4e5cb08
w13-lb140-r4_0,lab_3d_w13_lb_ratio,13,140,4.0,12.0,3.0,1b940776ff68af91c2538db7f09e5f9a46d65ec9c368af5c88508469fa9daece,105,105,0.2571428571428571428571428571,1.357859121425533687675697830,29.99999999999999939327710839,29.99999999999999939327710839,0.1057258720941251078466935876,-0.0552009246050822929876558881,64,0.234375,10.99999999999999934616301303,10.99999999999999934616301303,41,0.2926829268292682926829268293,19.00000000000000004711409536,19.00000000000000004711409536,run_c6194ea4be764ae88b5a6ea2857bb7ce,ema_pullback:6de63cdab8ce6410668e6b69
w13-lb140-r4_25,lab_3d_w13_lb_ratio,13,140,4.25,12.75,3.0,1b940776ff68af91c2538db7f09e5f9a46d65ec9c368af5c88508469fa9daece,105,105,0.2571428571428571428571428571,1.442687761280600797880422636,36.75000000000000187339241616,36.75000000000000187339241616,0.1322951189771226371034853289,-0.0498033024342047111859813884,64,0.234375,14.75000000000000205878651351,14.75000000000000205878651351,41,0.2926829268292682926829268293,21.99999999999999981460590266,21.99999999999999981460590266,run_9d171bbe307e4865969cf8241aa489c6,ema_pullback:b338c226dcf4ad7702deef83
w13-lb140-r4_5,lab_3d_w13_lb_ratio,13,140,4.5,13.5,3.0,1b940776ff68af91c2538db7f09e5f9a46d65ec9c368af5c88508469fa9daece,105,105,0.2476190476190476190476190476,1.505425609171109460955187220,38.00000000000000101801801245,38.00000000000000101801801245,0.1529422966863370469405726149,-0.0497598928123646909896141569,64,0.234375,18.50000000000000145267105432,18.50000000000000145267105432,41,0.2682926829268292682926829268,19.49999999999999956534695813,19.49999999999999956534695813,run_2c6fe475513944e98ec06abcda0c042f,ema_pullback:6b195d9b8a176d43a3a20f92
w13-lb140-r4_75,lab_3d_w13_lb_ratio,13,140,4.75,14.25,3.0,1b940776ff68af91c2538db7f09e5f9a46d65ec9c368af5c88508469fa9daece,105,105,0.2380952380952380952380952381,1.463332025883560158169313677,38.75000000000000097839833661,38.75000000000000097839833661,0.1421998954837410073511863798,-0.0771751738257784266005369987,64,0.234375,22.25000000000000118320538941,22.25000000000000118320538941,41,0.2439024390243902439024390244,16.49999999999999979519294720,16.49999999999999979519294720,run_33963e0448524dc7bb9589cbb3f89852,ema_pullback:803db5eec5533d850242b56f
w13-lb140-r5_0,lab_3d_w13_lb_ratio,13,140,5.0,15.0,3.0,1b940776ff68af91c2538db7f09e5f9a46d65ec9c368af5c88508469fa9daece,105,105,0.2380952380952380952380952381,1.540380668074607890163152539,45.00000000000000116363795310,45.00000000000000116363795310,0.1676092289130069043153328894,-0.0766827148785632814231681499,64,0.234375,26.00000000000000292287524694,26.00000000000000292287524694,41,0.2439024390243902439024390244,18.99999999999999824076270616,18.99999999999999824076270616,run_4b6a8a6c73a241a0b72d2de571f9342f,ema_pullback:a3d040b6e53b3dc39ed6620b
w14-lb070-r2_0,lab_3d_w14_lb_ratio,14,70,2.0,6.0,3.0,92d54c694d0192abe4fed3897c943dd9f0477465e06db0898e2986c4f927d593,91,91,0.3736263736263736263736263736,1.135003928061091201301499901,11.00000000000000026991272062,11.00000000000000026991272062,0.02716443125263892710750402004,-0.0412188910805281777787543615,57,0.4210526315789473684210526316,15.00000000000000033469071805,15.00000000000000033469071805,34,0.2941176470588235294117647059,-4.000000000000000064777997436,-4.000000000000000064777997436,run_b34301535a4a43049491a1bcb6b2a85b,ema_pullback:c86332a61f85e98632f2354c
w14-lb070-r2_25,lab_3d_w14_lb_ratio,14,70,2.25,6.75,3.0,92d54c694d0192abe4fed3897c943dd9f0477465e06db0898e2986c4f927d593,91,91,0.3296703296703296703296703297,1.035654243012932627325130541,6.500000000000001304814289843,6.500000000000001304814289843,0.007586691533027856341560548634,-0.0630354591615590135331773793,57,0.3508771929824561403508771930,8.00000000000000059395726107,8.00000000000000059395726107,34,0.2941176470588235294117647059,-1.499999999999999289142971220,-1.499999999999999289142971220,run_1e81e1798e81456e875da1f005d71a36,ema_pullback:6cd543a33e5febe4f95fc0d1
w14-lb070-r2_5,lab_3d_w14_lb_ratio,14,70,2.5,7.5,3.0,92d54c694d0192abe4fed3897c943dd9f0477465e06db0898e2986c4f927d593,91,91,0.3186813186813186813186813187,1.072414805621664546140253058,10.50000000000000119726800447,10.50000000000000119726800447,0.01586309656676335136320241572,-0.0598869963854078528725325018,57,0.3333333333333333333333333333,9.50000000000000181177584471,9.50000000000000181177584471,34,0.2941176470588235294117647059,0.999999999999999385492159772,0.999999999999999385492159772,run_6d60954b7063483c8b23f90b1336beee,ema_pullback:33e627b77d6a2bffe7b688ce
w14-lb070-r2_75,lab_3d_w14_lb_ratio,14,70,2.75,8.25,3.0,92d54c694d0192abe4fed3897c943dd9f0477465e06db0898e2986c4f927d593,91,91,0.3076923076923076923076923077,1.063030503843746208472743759,14.00000000000000402971795452,14.00000000000000402971795452,0.0142717906239625561933585247,-0.0567306417211411844260107509,57,0.3157894736842105263157894737,10.50000000000000257836974681,10.50000000000000257836974681,34,0.2941176470588235294117647059,3.500000000000001451348207719,3.500000000000001451348207719,run_22f41298c58c4667abf7a10b8e2bdce4,ema_pullback:b6a3782e6b2f0f0c6f2aa61e
w14-lb070-r3_0,lab_3d_w14_lb_ratio,14,70,3.0,9.0,3.0,92d54c694d0192abe4fed3897c943dd9f0477465e06db0898e2986c4f927d593,91,91,0.2967032967032967032967032967,1.067440862280121432636744463,17.00000000000000225550928463,17.00000000000000225550928463,0.0157538196622853883462988924,-0.0535663820529765295210046105,57,0.2982456140350877192982456140,11.00000000000000172465017849,11.00000000000000172465017849,34,0.2941176470588235294117647059,6.000000000000000530859106145,6.000000000000000530859106145,run_456251a094a8479d9d1142f5cbc765b8,ema_pullback:411396984baa542622f9dcf5
w14-lb070-r3_25,lab_3d_w14_lb_ratio,14,70,3.25,9.75,3.0,92d54c694d0192abe4fed3897c943dd9f0477465e06db0898e2986c4f927d593,91,91,0.2857142857142857142857142857,1.120377317259443948277752707,19.50000000000000055284532744,19.50000000000000055284532744,0.02844273939781491856464284472,-0.0503942042542914519220786081,57,0.2807017543859649122807017544,11.00000000000000102760046044,11.00000000000000102760046044,34,0.2941176470588235294117647059,8.499999999999999525244866986,8.499999999999999525244866986,run_5bf82b0a244c455a8f6a757b043b6595,ema_pullback:3c35292db70d030fd56528f9
w14-lb070-r3_5,lab_3d_w14_lb_ratio,14,70,3.5,10.5,3.0,92d54c694d0192abe4fed3897c943dd9f0477465e06db0898e2986c4f927d593,90,90,0.2555555555555555555555555556,1.067713048071736910937904078,13.50000000000000249678939828,13.50000000000000249678939828,0.01644496145463589972959994247,-0.0472140951876235550026232771,56,0.25,7.00000000000000214304468067,7.00000000000000214304468067,34,0.2647058823529411764705882353,6.500000000000000353744717616,6.500000000000000353744717616,run_f14103d300e8445b830026374945f182,ema_pullback:49f0d81f47182abe098f7c6b
w14-lb070-r3_75,lab_3d_w14_lb_ratio,14,70,3.75,11.25,3.0,92d54c694d0192abe4fed3897c943dd9f0477465e06db0898e2986c4f927d593,90,90,0.2444444444444444444444444444,1.102618613889981696233196945,14.50000000000000174998407007,14.50000000000000174998407007,0.02527066529716787614348227349,-0.0440260417046704940028461838,56,0.2321428571428571428571428571,5.75000000000000080449107040,5.75000000000000080449107040,34,0.2647058823529411764705882353,8.750000000000000945492999664,8.750000000000000945492999664,run_1c9c027c83cf41638fe3e0ad75f59bd1,ema_pullback:f43b8b59c85d78ce67605e73
w14-lb070-r4_0,lab_3d_w14_lb_ratio,14,70,4.0,12.0,3.0,92d54c694d0192abe4fed3897c943dd9f0477465e06db0898e2986c4f927d593,90,90,0.2444444444444444444444444444,1.174576387716255961628285607,19.99999999999999933908517673,19.99999999999999933908517673,0.04340257571474440248980471794,-0.0408300306462899571976211098,56,0.2321428571428571428571428571,8.99999999999999929272307750,8.99999999999999929272307750,34,0.2647058823529411764705882353,11.00000000000000004636209922,11.00000000000000004636209922,run_8e6b50b0303c4d97a8c313b1b4af91f2,ema_pullback:303db81e49f8ad9a238c55c5
w14-lb070-r4_25,lab_3d_w14_lb_ratio,14,70,4.25,12.75,3.0,92d54c694d0192abe4fed3897c943dd9f0477465e06db0898e2986c4f927d593,90,90,0.2444444444444444444444444444,1.246345984674669150231546523,25.50000000000000377712876353,25.50000000000000377712876353,0.06183305036033865583859489664,-0.0376260488424996676810451478,56,0.2321428571428571428571428571,12.25000000000000270314157782,12.25000000000000270314157782,34,0.2647058823529411764705882353,13.25000000000000107398718571,13.25000000000000107398718571,run_1b09d798865a419fb44cb32ec6c92e65,ema_pullback:0e17389ab804a255168f6567
w14-lb070-r4_5,lab_3d_w14_lb_ratio,14,70,4.5,13.5,3.0,92d54c694d0192abe4fed3897c943dd9f0477465e06db0898e2986c4f927d593,90,90,0.2333333333333333333333333333,1.293388567486366025838110810,25.50000000000000236267432600,25.50000000000000236267432600,0.07448332375663593172876249064,-0.0363698215659697226970834246,56,0.2321428571428571428571428571,15.50000000000000126889724675,15.50000000000000126889724675,34,0.2352941176470588235294117647,10.00000000000000109377707925,10.00000000000000109377707925,run_a2d1ed40d8c449c8a10def17e3e6852b,ema_pullback:7092104c06830182a5ed4ca5
w14-lb070-r4_75,lab_3d_w14_lb_ratio,14,70,4.75,14.25,3.0,92d54c694d0192abe4fed3897c943dd9f0477465e06db0898e2986c4f927d593,90,90,0.2222222222222222222222222222,1.224180333665247236729579012,25.00000000000000248423895986,25.00000000000000248423895986,0.05787182885231804201022912068,-0.0635252448318288033487884885,56,0.2321428571428571428571428571,18.75000000000000180407042214,18.75000000000000180407042214,34,0.2058823529411764705882352941,6.250000000000000680168537722,6.250000000000000680168537722,run_b471a0a09e44458daed9a1520ab594f6,ema_pullback:797138aa29ab00d69f4ce0f4
w14-lb070-r5_0,lab_3d_w14_lb_ratio,14,70,5.0,15.0,3.0,92d54c694d0192abe4fed3897c943dd9f0477465e06db0898e2986c4f927d593,90,90,0.2222222222222222222222222222,1.286893319284988827085545176,30.00000000000000258811455793,30.00000000000000258811455793,0.0747082911380785239124240896,-0.0630255016964651992628034089,56,0.2321428571428571428571428571,22.00000000000000318180401953,22.00000000000000318180401953,34,0.2058823529411764705882352941,7.999999999999999406310538395,7.999999999999999406310538395,run_ffb73e1cb6dd420bb2cc65fd661ea4ea,ema_pullback:e9c10da34b848d2fa2a91300
w14-lb075-r2_0,lab_3d_w14_lb_ratio,14,75,2.0,6.0,3.0,92d54c694d0192abe4fed3897c943dd9f0477465e06db0898e2986c4f927d593,89,89,0.3707865168539325842696629213,1.108909567279811047313326738,10.00000000000000016303284957,10.00000000000000016303284957,0.02160283697876116839539489957,-0.0483420876416549405946285061,55,0.4181818181818181818181818182,14.00000000000000022781084700,14.00000000000000022781084700,34,0.2941176470588235294117647059,-4.000000000000000064777997438,-4.000000000000000064777997438,run_d196aae26e934ae5829e3d8553a3d93d,ema_pullback:ed87f12d8987985ccdc1fc29
w14-lb075-r2_25,lab_3d_w14_lb_ratio,14,75,2.25,6.75,3.0,92d54c694d0192abe4fed3897c943dd9f0477465e06db0898e2986c4f927d593,89,89,0.3258426966292134831460674157,1.005724840312331558781674233,5.250000000000001351574233421,5.250000000000001351574233421,0.001201306864990600237041051388,-0.0708594440909596047033467025,55,0.3454545454545454545454545455,6.750000000000000640717204643,6.750000000000000640717204643,34,0.2941176470588235294117647059,-1.499999999999999289142971219,-1.499999999999999289142971219,run_7ef79af20eef4060afd4b278f270aeb8,ema_pullback:735a0f4e050dceaf0f2e3a8b
w14-lb075-r2_5,lab_3d_w14_lb_ratio,14,75,2.5,7.5,3.0,92d54c694d0192abe4fed3897c943dd9f0477465e06db0898e2986c4f927d593,89,89,0.3146067415730337078651685393,1.039317689372430655064673457,9.00000000000000113046808507,9.00000000000000113046808507,0.008489567994509951175833955512,-0.0686014395387186955830233485,55,0.3272727272727272727272727273,8.00000000000000174497592530,8.00000000000000174497592530,34,0.2941176470588235294117647059,0.999999999999999385492159769,0.999999999999999385492159769,run_7ad5b8d49b47470aa217a34a904f94ca,ema_pullback:a96946e96f4ac4e3df4d9596
w14-lb075-r2_75,lab_3d_w14_lb_ratio,14,75,2.75,8.25,3.0,92d54c694d0192abe4fed3897c943dd9f0477465e06db0898e2986c4f927d593,89,89,0.3033707865168539325842696629,1.026790252574676035699773880,12.25000000000000411655784975,12.25000000000000411655784975,0.005977314669245310296630551996,-0.0663398057630878197276245936,55,0.3090909090909090909090909091,8.75000000000000266520964204,8.75000000000000266520964204,34,0.2941176470588235294117647059,3.500000000000001451348207713,3.500000000000001451348207713,run_78b852be706a4fadb2ae45c36e77f47c,ema_pullback:8231b36029b2284735b8baaa
w14-lb075-r3_0,lab_3d_w14_lb_ratio,14,75,3.0,9.0,3.0,92d54c694d0192abe4fed3897c943dd9f0477465e06db0898e2986c4f927d593,89,89,0.2921348314606741573033707865,1.028318663645368428440349491,15.00000000000000249598899448,15.00000000000000249598899448,0.006515091874494781661463305527,-0.0640745398676338127907607294,55,0.2909090909090909090909090909,9.00000000000000196512988834,9.00000000000000196512988834,34,0.2941176470588235294117647059,6.000000000000000530859106144,6.000000000000000530859106144,run_fdba3bc045b04ff98d2e3e4621401902,ema_pullback:3fa5ac3b6ed896838078080d
w14-lb075-r3_25,lab_3d_w14_lb_ratio,14,75,3.25,9.75,3.0,92d54c694d0192abe4fed3897c943dd9f0477465e06db0898e2986c4f927d593,89,89,0.2808988764044943820224719101,1.078018413971657431882165029,17.25000000000000041256549670,17.25000000000000041256549670,0.01814656867564649473722396697,-0.0618056389559235113552721010,55,0.2727272727272727272727272727,8.75000000000000088732062970,8.75000000000000088732062970,34,0.2941176470588235294117647059,8.499999999999999525244866992,8.499999999999999525244866992,run_41ff1d562c83454498d5c9beaf5fe8fb,ema_pullback:68fc154f16d90d621e1d2baa
w14-lb075-r3_5,lab_3d_w14_lb_ratio,14,75,3.5,10.5,3.0,92d54c694d0192abe4fed3897c943dd9f0477465e06db0898e2986c4f927d593,88,88,0.25,1.022344693647997492382635651,11.00000000000000251014938215,11.00000000000000251014938215,0.005339583285384929155918052119,-0.0595331001315237436502626347,54,0.2407407407407407407407407407,4.500000000000002156404664535,4.500000000000002156404664535,34,0.2647058823529411764705882353,6.500000000000000353744717612,6.500000000000000353744717612,run_5264668e64f84c4292091660f870bef0,ema_pullback:d1fb3555b89b913504a9bece
w14-lb075-r3_75,lab_3d_w14_lb_ratio,14,75,3.75,11.25,3.0,92d54c694d0192abe4fed3897c943dd9f0477465e06db0898e2986c4f927d593,88,88,0.2386363636363636363636363636,1.054230861293939460684948611,11.75000000000000191698386857,11.75000000000000191698386857,0.0131331984654061269718107112,-0.0572569204980013527670521852,54,0.2222222222222222222222222222,3.000000000000000971490868907,3.000000000000000971490868907,34,0.2647058823529411764705882353,8.750000000000000945492999663,8.750000000000000945492999663,run_01d0940467b64fa89cddf867f95fe605,ema_pullback:5fc888d3733948f53db0b87c
w14-lb075-r4_0,lab_3d_w14_lb_ratio,14,75,4.0,12.0,3.0,92d54c694d0192abe4fed3897c943dd9f0477465e06db0898e2986c4f927d593,88,88,0.2386363636363636363636363636,1.123191177369453363232088545,16.99999999999999939252511226,16.99999999999999939252511226,0.03010000454941581000675226756,-0.0549770971589231715859351325,54,0.2222222222222222222222222222,5.99999999999999934616301303,5.99999999999999934616301303,34,0.2647058823529411764705882353,11.00000000000000004636209922,11.00000000000000004636209922,run_422fe1937408486288bdec64efff9d9d,ema_pullback:2ad36aee5bb68269ab330b5f
w14-lb075-r4_25,lab_3d_w14_lb_ratio,14,75,4.25,12.75,3.0,92d54c694d0192abe4fed3897c943dd9f0477465e06db0898e2986c4f927d593,88,88,0.2386363636363636363636363636,1.191991667154146841183261536,22.25000000000000344980915846,22.25000000000000344980915846,0.04733004472085953104560232919,-0.0526936272178560245686511753,54,0.2222222222222222222222222222,9.00000000000000237582197274,9.00000000000000237582197274,34,0.2647058823529411764705882353,13.25000000000000107398718572,13.25000000000000107398718572,run_ad8c658a332f4bb9b2c393f34f8fee79,ema_pullback:a648cd78ddb062c7e95e620c
w14-lb075-r4_5,lab_3d_w14_lb_ratio,14,75,4.5,13.5,3.0,92d54c694d0192abe4fed3897c943dd9f0477465e06db0898e2986c4f927d593,88,88,0.2272727272727272727272727273,1.236090740808107929198302432,22.00000000000000272339389078,22.00000000000000272339389078,0.05883237033470711562195156409,-0.0517947202135413150536291097,54,0.2222222222222222222222222222,12.00000000000000162961681153,12.00000000000000162961681153,34,0.2352941176470588235294117647,10.00000000000000109377707925,10.00000000000000109377707925,run_c4b821dafba544eba71fbb5fc49bdefa,ema_pullback:565c52b6e0b9bd0731388cad
w14-lb075-r4_75,lab_3d_w14_lb_ratio,14,75,4.75,14.25,3.0,92d54c694d0192abe4fed3897c943dd9f0477465e06db0898e2986c4f927d593,88,88,0.2159090909090909090909090909,1.163858361069161525617742813,21.25000000000000219699930641,21.25000000000000219699930641,0.04150451562871033400565029224,-0.0785154646358128299910994958,54,0.2222222222222222222222222222,15.00000000000000151683076870,15.00000000000000151683076870,34,0.2058823529411764705882352941,6.250000000000000680168537718,6.250000000000000680168537718,run_0ab98e2d37e74402b18fc87f056c5a3d,ema_pullback:0219d29e2bb6c03299814538
w14-lb075-r5_0,lab_3d_w14_lb_ratio,14,75,5.0,15.0,3.0,92d54c694d0192abe4fed3897c943dd9f0477465e06db0898e2986c4f927d593,88,88,0.2159090909090909090909090909,1.223652284446454050455373291,26.00000000000000245451471911,26.00000000000000245451471911,0.05710869838996392326392653597,-0.0780237209253171042658953710,54,0.2222222222222222222222222222,18.00000000000000304820418072,18.00000000000000304820418072,34,0.2058823529411764705882352941,7.999999999999999406310538393,7.999999999999999406310538393,run_6936d210d9d94d909d36979c38caf0e3,ema_pullback:fe1c6f8b6fc218c5b8ed8109
w14-lb080-r2_0,lab_3d_w14_lb_ratio,14,80,2.0,6.0,3.0,92d54c694d0192abe4fed3897c943dd9f0477465e06db0898e2986c4f927d593,86,86,0.3720930232558139534883720930,1.129889416389521724896491768,10.00000000000000016303284956,10.00000000000000016303284956,0.02514019709498024201068819666,-0.0483420876416549405946285060,54,0.4259259259259259259259259259,15.00000000000000022781084700,15.00000000000000022781084700,32,0.28125,-5.000000000000000064777997449,-5.000000000000000064777997449,run_eda5bc7d977b4ccabd269e5f2514bfe8,ema_pullback:8978ffab6ce24e0157ba05a2
w14-lb080-r2_25,lab_3d_w14_lb_ratio,14,80,2.25,6.75,3.0,92d54c694d0192abe4fed3897c943dd9f0477465e06db0898e2986c4f927d593,86,86,0.3255813953488372093023255814,1.021725481350246270432330521,5.000000000000001144552520807,5.000000000000001144552520807,0.004456111547732266770261881244,-0.0708594440909596047033467033,54,0.3518518518518518518518518519,7.75000000000000064071720465,7.75000000000000064071720465,32,0.28125,-2.749999999999999496164683831,-2.749999999999999496164683831,run_5bfea692349b416b8406f7187290a8f9,ema_pullback:273e322c5a4392d5b380953d
w14-lb080-r2_5,lab_3d_w14_lb_ratio,14,80,2.5,7.5,3.0,92d54c694d0192abe4fed3897c943dd9f0477465e06db0898e2986c4f927d593,86,86,0.3139534883720930232558139535,1.054717851729347021288697150,8.50000000000000107131902432,8.50000000000000107131902432,0.01155469954786452923548015499,-0.0686014395387186955830233496,54,0.3333333333333333333333333333,9.00000000000000174497592530,9.00000000000000174497592530,32,0.28125,-0.500000000000000673656900976,-0.500000000000000673656900976,run_79688e06eeea4617bff638c9677e3f30,ema_pullback:400d417e275cd6bb01a50522
w14-lb080-r2_75,lab_3d_w14_lb_ratio,14,80,2.75,8.25,3.0,92d54c694d0192abe4fed3897c943dd9f0477465e06db0898e2986c4f927d593,86,86,0.3023255813953488372093023256,1.040397823067662066652637997,11.50000000000000373208895490,11.50000000000000373208895490,0.008822065392355734119654266768,-0.0663398057630878197276245936,54,0.3148148148148148148148148148,9.75000000000000266520964203,9.75000000000000266520964203,32,0.28125,1.750000000000001066879312863,1.750000000000001066879312863,run_42bc14f26cc44582aefd739e78c03aff,ema_pullback:37e54dbabc4fc34f934f2c39
w14-lb080-r3_0,lab_3d_w14_lb_ratio,14,80,3.0,9.0,3.0,92d54c694d0192abe4fed3897c943dd9f0477465e06db0898e2986c4f927d593,86,86,0.2906976744186046511627906977,1.040610265939954323987468736,14.00000000000000225939275149,14.00000000000000225939275149,0.009148594093595050645606038881,-0.0640745398676338127907607284,54,0.2962962962962962962962962963,10.00000000000000196512988834,10.00000000000000196512988834,32,0.28125,4.000000000000000294262863159,4.000000000000000294262863159,run_e5d9c70d60ca41eba88a3cef11cfc7f7,ema_pullback:0a3bfb12f2823e4389396fee
w14-lb080-r3_25,lab_3d_w14_lb_ratio,14,80,3.25,9.75,3.0,92d54c694d0192abe4fed3897c943dd9f0477465e06db0898e2986c4f927d593,86,86,0.2790697674418604651162790698,1.090422495619583111795185740,16.00000000000000008724566258,16.00000000000000008724566258,0.02059536680115908377571066356,-0.0618056389559235113552721018,54,0.2777777777777777777777777778,9.75000000000000088732062970,9.75000000000000088732062970,32,0.28125,6.249999999999999199925032884,6.249999999999999199925032884,run_e4d64d229a044fbd9e99cb78068376c1,ema_pullback:bd651d6b73ac72484f8a3577
w14-lb080-r3_5,lab_3d_w14_lb_ratio,14,80,3.5,10.5,3.0,92d54c694d0192abe4fed3897c943dd9f0477465e06db0898e2986c4f927d593,85,85,0.2470588235294117647058823529,1.032224459982479703545551860,9.50000000000000245100032141,9.50000000000000245100032141,0.007545236990124983273722093586,-0.0595331001315237436502626351,53,0.2452830188679245283018867925,5.50000000000000215640466455,5.50000000000000215640466455,32,0.25,4.000000000000000294595656861,4.000000000000000294595656861,run_0e7b172fac6c4c07bd7fa2d3b236e07e,ema_pullback:62ca1903cc375fd0c469baba
w14-lb080-r3_75,lab_3d_w14_lb_ratio,14,80,3.75,11.25,3.0,92d54c694d0192abe4fed3897c943dd9f0477465e06db0898e2986c4f927d593,85,85,0.2352941176470588235294117647,1.063803121566107797423920003,10.00000000000000200570745969,10.00000000000000200570745969,0.01514205326188294037818032186,-0.0572569204980013527670521879,53,0.2264150943396226415094339623,4.000000000000000971490868905,4.000000000000000971490868905,32,0.25,6.000000000000001034216590786,6.000000000000001034216590786,run_44bc0982b7e746bdab88d4c4f39bcecf,ema_pullback:52abcef54e81995636fdefb9
w14-lb080-r4_0,lab_3d_w14_lb_ratio,14,80,4.0,12.0,3.0,92d54c694d0192abe4fed3897c943dd9f0477465e06db0898e2986c4f927d593,85,85,0.2352941176470588235294117647,1.133338940440607520638233039,14.99999999999999939252511226,14.99999999999999939252511226,0.03192511323942745466507057586,-0.0549770971589231715859351315,53,0.2264150943396226415094339623,6.99999999999999934616301303,6.99999999999999934616301303,32,0.25,8.000000000000000046362099224,8.000000000000000046362099224,run_135760ceb3bb40b280359be3a849b38a,ema_pullback:e8fb078b1bb907ccc36e0f5d
w14-lb080-r4_25,lab_3d_w14_lb_ratio,14,80,4.25,12.75,3.0,92d54c694d0192abe4fed3897c943dd9f0477465e06db0898e2986c4f927d593,85,85,0.2352941176470588235294117647,1.202708266387541000170743363,20.00000000000000288789308137,20.00000000000000288789308137,0.04896475001694132265145370833,-0.0526936272178560245686511748,53,0.2264150943396226415094339623,10.00000000000000237582197275,10.00000000000000237582197275,32,0.25,10.00000000000000051207110862,10.00000000000000051207110862,run_5d0df78e714740ed809190e487808c9c,ema_pullback:96d78886b87707457bd4a335
w14-lb080-r4_5,lab_3d_w14_lb_ratio,14,80,4.5,13.5,3.0,92d54c694d0192abe4fed3897c943dd9f0477465e06db0898e2986c4f927d593,85,85,0.2235294117647058823529411765,1.246789624918890129172022732,19.50000000000000230935046556,19.50000000000000230935046556,0.06026176528034877593838168717,-0.0517947202135413150536291098,53,0.2264150943396226415094339623,13.00000000000000162961681152,13.00000000000000162961681152,32,0.21875,6.500000000000000679733654025,6.500000000000000679733654025,run_889bdce3c91648d995d71bc5b829b28c,ema_pullback:9b0c1777c5540615a0147bf0
w14-lb080-r4_75,lab_3d_w14_lb_ratio,14,80,4.75,14.25,3.0,92d54c694d0192abe4fed3897c943dd9f0477465e06db0898e2986c4f927d593,85,85,0.2117647058823529411764705882,1.171909758640219738032917809,18.50000000000000110274168262,18.50000000000000110274168262,0.04269100107355551733279465092,-0.0785154646358128299910994969,53,0.2264150943396226415094339623,16.00000000000000151683076871,16.00000000000000151683076871,32,0.1875,2.499999999999999585910913903,2.499999999999999585910913903,run_d8a2af4b2f494723bc93096d5c92d9e8,ema_pullback:baa3097f1ce00f550aa25964
w14-lb080-r5_0,lab_3d_w14_lb_ratio,14,80,5.0,15.0,3.0,92d54c694d0192abe4fed3897c943dd9f0477465e06db0898e2986c4f927d593,85,85,0.2117647058823529411764705882,1.232056742584750790191970942,23.00000000000000186302411164,23.00000000000000186302411164,0.05809024769438613033238912716,-0.0780237209253171042658953745,53,0.2264150943396226415094339623,19.00000000000000304820418071,19.00000000000000304820418071,32,0.1875,3.999999999999998814819930928,3.999999999999998814819930928,run_2471cad39fb742ee80e4c1374cc95f96,ema_pullback:62e5a496bbab702e56486c07
w14-lb085-r2_0,lab_3d_w14_lb_ratio,14,85,2.0,6.0,3.0,92d54c694d0192abe4fed3897c943dd9f0477465e06db0898e2986c4f927d593,86,86,0.3720930232558139534883720930,1.129889416389521724896491768,10.00000000000000016303284956,10.00000000000000016303284956,0.02514019709498024201068819666,-0.0483420876416549405946285060,54,0.4259259259259259259259259259,15.00000000000000022781084700,15.00000000000000022781084700,32,0.28125,-5.000000000000000064777997449,-5.000000000000000064777997449,run_5cb31e8cf4ec44dd94406b8b360525a7,ema_pullback:a7b1495cee0ff2944090f540
w14-lb085-r2_25,lab_3d_w14_lb_ratio,14,85,2.25,6.75,3.0,92d54c694d0192abe4fed3897c943dd9f0477465e06db0898e2986c4f927d593,86,86,0.3255813953488372093023255814,1.021725481350246270432330521,5.000000000000001144552520807,5.000000000000001144552520807,0.004456111547732266770261881244,-0.0708594440909596047033467033,54,0.3518518518518518518518518519,7.75000000000000064071720465,7.75000000000000064071720465,32,0.28125,-2.749999999999999496164683831,-2.749999999999999496164683831,run_579a0eb33edb4006b57c7e6bfb42abd5,ema_pullback:1b8324534dec0e94d5c7d2f3
w14-lb085-r2_5,lab_3d_w14_lb_ratio,14,85,2.5,7.5,3.0,92d54c694d0192abe4fed3897c943dd9f0477465e06db0898e2986c4f927d593,86,86,0.3139534883720930232558139535,1.054717851729347021288697150,8.50000000000000107131902432,8.50000000000000107131902432,0.01155469954786452923548015499,-0.0686014395387186955830233496,54,0.3333333333333333333333333333,9.00000000000000174497592530,9.00000000000000174497592530,32,0.28125,-0.500000000000000673656900976,-0.500000000000000673656900976,run_d2f7172171104508ba03aef97253c096,ema_pullback:ccc16bf6ed02b8ae1a8d973f
w14-lb085-r2_75,lab_3d_w14_lb_ratio,14,85,2.75,8.25,3.0,92d54c694d0192abe4fed3897c943dd9f0477465e06db0898e2986c4f927d593,86,86,0.3023255813953488372093023256,1.040397823067662066652637997,11.50000000000000373208895490,11.50000000000000373208895490,0.008822065392355734119654266768,-0.0663398057630878197276245936,54,0.3148148148148148148148148148,9.75000000000000266520964203,9.75000000000000266520964203,32,0.28125,1.750000000000001066879312863,1.750000000000001066879312863,run_23f9a42fd95c498aaa7eaa9082a2894e,ema_pullback:5b1c2226ba31c0afff919101
w14-lb085-r3_0,lab_3d_w14_lb_ratio,14,85,3.0,9.0,3.0,92d54c694d0192abe4fed3897c943dd9f0477465e06db0898e2986c4f927d593,86,86,0.2906976744186046511627906977,1.040610265939954323987468736,14.00000000000000225939275149,14.00000000000000225939275149,0.009148594093595050645606038881,-0.0640745398676338127907607284,54,0.2962962962962962962962962963,10.00000000000000196512988834,10.00000000000000196512988834,32,0.28125,4.000000000000000294262863159,4.000000000000000294262863159,run_4513a659f76d40bfbb9ae521ed78fb2b,ema_pullback:a71628a380100667e7db55d5
w14-lb085-r3_25,lab_3d_w14_lb_ratio,14,85,3.25,9.75,3.0,92d54c694d0192abe4fed3897c943dd9f0477465e06db0898e2986c4f927d593,86,86,0.2790697674418604651162790698,1.090422495619583111795185740,16.00000000000000008724566258,16.00000000000000008724566258,0.02059536680115908377571066356,-0.0618056389559235113552721018,54,0.2777777777777777777777777778,9.75000000000000088732062970,9.75000000000000088732062970,32,0.28125,6.249999999999999199925032884,6.249999999999999199925032884,run_63f363596c1a49bba870935c54546c48,ema_pullback:685ca163277d0c2979166feb
w14-lb085-r3_5,lab_3d_w14_lb_ratio,14,85,3.5,10.5,3.0,92d54c694d0192abe4fed3897c943dd9f0477465e06db0898e2986c4f927d593,85,85,0.2470588235294117647058823529,1.032224459982479703545551860,9.50000000000000245100032141,9.50000000000000245100032141,0.007545236990124983273722093586,-0.0595331001315237436502626351,53,0.2452830188679245283018867925,5.50000000000000215640466455,5.50000000000000215640466455,32,0.25,4.000000000000000294595656861,4.000000000000000294595656861,run_0fa5d0891e944a9baabf9d6b5553e44c,ema_pullback:3fc75469b15e4d0c5df8c2bd
w14-lb085-r3_75,lab_3d_w14_lb_ratio,14,85,3.75,11.25,3.0,92d54c694d0192abe4fed3897c943dd9f0477465e06db0898e2986c4f927d593,85,85,0.2352941176470588235294117647,1.063803121566107797423920003,10.00000000000000200570745969,10.00000000000000200570745969,0.01514205326188294037818032186,-0.0572569204980013527670521879,53,0.2264150943396226415094339623,4.000000000000000971490868905,4.000000000000000971490868905,32,0.25,6.000000000000001034216590786,6.000000000000001034216590786,run_9ba5e09c93af4f0ba15f6016e5b3ffb1,ema_pullback:bba725ee93475e5a76149cb9
w14-lb085-r4_0,lab_3d_w14_lb_ratio,14,85,4.0,12.0,3.0,92d54c694d0192abe4fed3897c943dd9f0477465e06db0898e2986c4f927d593,85,85,0.2352941176470588235294117647,1.133338940440607520638233039,14.99999999999999939252511226,14.99999999999999939252511226,0.03192511323942745466507057586,-0.0549770971589231715859351315,53,0.2264150943396226415094339623,6.99999999999999934616301303,6.99999999999999934616301303,32,0.25,8.000000000000000046362099224,8.000000000000000046362099224,run_8fd59b6fe4aa4a24b73399c2e0ea6adf,ema_pullback:d240c3a15960664a86a82cce
w14-lb085-r4_25,lab_3d_w14_lb_ratio,14,85,4.25,12.75,3.0,92d54c694d0192abe4fed3897c943dd9f0477465e06db0898e2986c4f927d593,85,85,0.2352941176470588235294117647,1.202708266387541000170743363,20.00000000000000288789308137,20.00000000000000288789308137,0.04896475001694132265145370833,-0.0526936272178560245686511748,53,0.2264150943396226415094339623,10.00000000000000237582197275,10.00000000000000237582197275,32,0.25,10.00000000000000051207110862,10.00000000000000051207110862,run_992f75a36cea4be4a51e2f529161c0b8,ema_pullback:ccf1830cefd35e57917c5777
w14-lb085-r4_5,lab_3d_w14_lb_ratio,14,85,4.5,13.5,3.0,92d54c694d0192abe4fed3897c943dd9f0477465e06db0898e2986c4f927d593,85,85,0.2235294117647058823529411765,1.246789624918890129172022732,19.50000000000000230935046556,19.50000000000000230935046556,0.06026176528034877593838168717,-0.0517947202135413150536291098,53,0.2264150943396226415094339623,13.00000000000000162961681152,13.00000000000000162961681152,32,0.21875,6.500000000000000679733654025,6.500000000000000679733654025,run_bf1bd4ffda574dcdb0ab2676990d7ba1,ema_pullback:8c8e1c63402110da0bf9c065
w14-lb085-r4_75,lab_3d_w14_lb_ratio,14,85,4.75,14.25,3.0,92d54c694d0192abe4fed3897c943dd9f0477465e06db0898e2986c4f927d593,85,85,0.2117647058823529411764705882,1.171909758640219738032917809,18.50000000000000110274168262,18.50000000000000110274168262,0.04269100107355551733279465092,-0.0785154646358128299910994969,53,0.2264150943396226415094339623,16.00000000000000151683076871,16.00000000000000151683076871,32,0.1875,2.499999999999999585910913903,2.499999999999999585910913903,run_bdb5640cf4e3464d9ab92f96cac4f0ce,ema_pullback:2c331825db986a4ff27d47b6
w14-lb085-r5_0,lab_3d_w14_lb_ratio,14,85,5.0,15.0,3.0,92d54c694d0192abe4fed3897c943dd9f0477465e06db0898e2986c4f927d593,85,85,0.2117647058823529411764705882,1.232056742584750790191970942,23.00000000000000186302411164,23.00000000000000186302411164,0.05809024769438613033238912716,-0.0780237209253171042658953745,53,0.2264150943396226415094339623,19.00000000000000304820418071,19.00000000000000304820418071,32,0.1875,3.999999999999998814819930928,3.999999999999998814819930928,run_e9c0362ec8eb46ed90da98e7ad017bc7,ema_pullback:292560008816c3331a855bb5
w14-lb090-r2_0,lab_3d_w14_lb_ratio,14,90,2.0,6.0,3.0,92d54c694d0192abe4fed3897c943dd9f0477465e06db0898e2986c4f927d593,86,86,0.3720930232558139534883720930,1.129889416389521724896491768,10.00000000000000016303284956,10.00000000000000016303284956,0.02514019709498024201068819666,-0.0483420876416549405946285060,54,0.4259259259259259259259259259,15.00000000000000022781084700,15.00000000000000022781084700,32,0.28125,-5.000000000000000064777997449,-5.000000000000000064777997449,run_a9d7902ef846423cb5b2baf8f2debbe1,ema_pullback:21ef810bad647a74dee9bcca
w14-lb090-r2_25,lab_3d_w14_lb_ratio,14,90,2.25,6.75,3.0,92d54c694d0192abe4fed3897c943dd9f0477465e06db0898e2986c4f927d593,86,86,0.3255813953488372093023255814,1.021725481350246270432330521,5.000000000000001144552520807,5.000000000000001144552520807,0.004456111547732266770261881244,-0.0708594440909596047033467033,54,0.3518518518518518518518518519,7.75000000000000064071720465,7.75000000000000064071720465,32,0.28125,-2.749999999999999496164683831,-2.749999999999999496164683831,run_e655c58f318046339ae4152c2ddb0882,ema_pullback:c3c0a07fbc059a2887db59a1
w14-lb090-r2_5,lab_3d_w14_lb_ratio,14,90,2.5,7.5,3.0,92d54c694d0192abe4fed3897c943dd9f0477465e06db0898e2986c4f927d593,86,86,0.3139534883720930232558139535,1.054717851729347021288697150,8.50000000000000107131902432,8.50000000000000107131902432,0.01155469954786452923548015499,-0.0686014395387186955830233496,54,0.3333333333333333333333333333,9.00000000000000174497592530,9.00000000000000174497592530,32,0.28125,-0.500000000000000673656900976,-0.500000000000000673656900976,run_22d66b841aa9429f969f001496a920ba,ema_pullback:a6b4e7bc8d5bb5a60d19b0e7
w14-lb090-r2_75,lab_3d_w14_lb_ratio,14,90,2.75,8.25,3.0,92d54c694d0192abe4fed3897c943dd9f0477465e06db0898e2986c4f927d593,86,86,0.3023255813953488372093023256,1.040397823067662066652637997,11.50000000000000373208895490,11.50000000000000373208895490,0.008822065392355734119654266768,-0.0663398057630878197276245936,54,0.3148148148148148148148148148,9.75000000000000266520964203,9.75000000000000266520964203,32,0.28125,1.750000000000001066879312863,1.750000000000001066879312863,run_55a6424fdab2448fb569bd534417c088,ema_pullback:264d51ff7010149443f41523
w14-lb090-r3_0,lab_3d_w14_lb_ratio,14,90,3.0,9.0,3.0,92d54c694d0192abe4fed3897c943dd9f0477465e06db0898e2986c4f927d593,86,86,0.2906976744186046511627906977,1.040610265939954323987468736,14.00000000000000225939275149,14.00000000000000225939275149,0.009148594093595050645606038881,-0.0640745398676338127907607284,54,0.2962962962962962962962962963,10.00000000000000196512988834,10.00000000000000196512988834,32,0.28125,4.000000000000000294262863159,4.000000000000000294262863159,run_51206fdbb8704cf4a9c312d2bd68204b,ema_pullback:44ca53b0e39d254d0f24239c
w14-lb090-r3_25,lab_3d_w14_lb_ratio,14,90,3.25,9.75,3.0,92d54c694d0192abe4fed3897c943dd9f0477465e06db0898e2986c4f927d593,86,86,0.2790697674418604651162790698,1.090422495619583111795185740,16.00000000000000008724566258,16.00000000000000008724566258,0.02059536680115908377571066356,-0.0618056389559235113552721018,54,0.2777777777777777777777777778,9.75000000000000088732062970,9.75000000000000088732062970,32,0.28125,6.249999999999999199925032884,6.249999999999999199925032884,run_910cfa03ea2e467883ff3f45db741ae8,ema_pullback:037d0b3d6daacd56004e02f3
w14-lb090-r3_5,lab_3d_w14_lb_ratio,14,90,3.5,10.5,3.0,92d54c694d0192abe4fed3897c943dd9f0477465e06db0898e2986c4f927d593,85,85,0.2470588235294117647058823529,1.032224459982479703545551860,9.50000000000000245100032141,9.50000000000000245100032141,0.007545236990124983273722093586,-0.0595331001315237436502626351,53,0.2452830188679245283018867925,5.50000000000000215640466455,5.50000000000000215640466455,32,0.25,4.000000000000000294595656861,4.000000000000000294595656861,run_ed955b7df52949449e167539351314d0,ema_pullback:0602bb5c19efcd5fe168ef41
w14-lb090-r3_75,lab_3d_w14_lb_ratio,14,90,3.75,11.25,3.0,92d54c694d0192abe4fed3897c943dd9f0477465e06db0898e2986c4f927d593,85,85,0.2352941176470588235294117647,1.063803121566107797423920003,10.00000000000000200570745969,10.00000000000000200570745969,0.01514205326188294037818032186,-0.0572569204980013527670521879,53,0.2264150943396226415094339623,4.000000000000000971490868905,4.000000000000000971490868905,32,0.25,6.000000000000001034216590786,6.000000000000001034216590786,run_feef74cd54b3436c93f79efdace98204,ema_pullback:70b9af41d9bad52f179588fd
w14-lb090-r4_0,lab_3d_w14_lb_ratio,14,90,4.0,12.0,3.0,92d54c694d0192abe4fed3897c943dd9f0477465e06db0898e2986c4f927d593,85,85,0.2352941176470588235294117647,1.133338940440607520638233039,14.99999999999999939252511226,14.99999999999999939252511226,0.03192511323942745466507057586,-0.0549770971589231715859351315,53,0.2264150943396226415094339623,6.99999999999999934616301303,6.99999999999999934616301303,32,0.25,8.000000000000000046362099224,8.000000000000000046362099224,run_8ee41571208d46a6b7a80dadd19efd21,ema_pullback:6e5b45309bb46577cd5fdac8
w14-lb090-r4_25,lab_3d_w14_lb_ratio,14,90,4.25,12.75,3.0,92d54c694d0192abe4fed3897c943dd9f0477465e06db0898e2986c4f927d593,85,85,0.2352941176470588235294117647,1.202708266387541000170743363,20.00000000000000288789308137,20.00000000000000288789308137,0.04896475001694132265145370833,-0.0526936272178560245686511748,53,0.2264150943396226415094339623,10.00000000000000237582197275,10.00000000000000237582197275,32,0.25,10.00000000000000051207110862,10.00000000000000051207110862,run_b15b33ef441c443bbc125ee6903aa01e,ema_pullback:945423479b6857951ce28ff9
w14-lb090-r4_5,lab_3d_w14_lb_ratio,14,90,4.5,13.5,3.0,92d54c694d0192abe4fed3897c943dd9f0477465e06db0898e2986c4f927d593,85,85,0.2235294117647058823529411765,1.246789624918890129172022732,19.50000000000000230935046556,19.50000000000000230935046556,0.06026176528034877593838168717,-0.0517947202135413150536291098,53,0.2264150943396226415094339623,13.00000000000000162961681152,13.00000000000000162961681152,32,0.21875,6.500000000000000679733654025,6.500000000000000679733654025,run_76fb1a01625a4846bad3fbd15d3ee5e9,ema_pullback:af7950e2ffc7b804d5e10394
w14-lb090-r4_75,lab_3d_w14_lb_ratio,14,90,4.75,14.25,3.0,92d54c694d0192abe4fed3897c943dd9f0477465e06db0898e2986c4f927d593,85,85,0.2117647058823529411764705882,1.171909758640219738032917809,18.50000000000000110274168262,18.50000000000000110274168262,0.04269100107355551733279465092,-0.0785154646358128299910994969,53,0.2264150943396226415094339623,16.00000000000000151683076871,16.00000000000000151683076871,32,0.1875,2.499999999999999585910913903,2.499999999999999585910913903,run_6094e066f5a44652ae87292c8eaea0ae,ema_pullback:40983ac50451da036d740bfc
w14-lb090-r5_0,lab_3d_w14_lb_ratio,14,90,5.0,15.0,3.0,92d54c694d0192abe4fed3897c943dd9f0477465e06db0898e2986c4f927d593,85,85,0.2117647058823529411764705882,1.232056742584750790191970942,23.00000000000000186302411164,23.00000000000000186302411164,0.05809024769438613033238912716,-0.0780237209253171042658953745,53,0.2264150943396226415094339623,19.00000000000000304820418071,19.00000000000000304820418071,32,0.1875,3.999999999999998814819930928,3.999999999999998814819930928,run_3c0f8a1bd08d4cea9f6eeabb09bd84a4,ema_pullback:8500067ed4ece67eb8296fd8
w14-lb095-r2_0,lab_3d_w14_lb_ratio,14,95,2.0,6.0,3.0,92d54c694d0192abe4fed3897c943dd9f0477465e06db0898e2986c4f927d593,85,85,0.3647058823529411764705882353,1.117756523137683624467695303,8.00000000000000007766168251,8.00000000000000007766168251,0.02274420266727941699854574424,-0.0483420876416549405946285064,53,0.4150943396226415094339622642,13.00000000000000014243967995,13.00000000000000014243967995,32,0.28125,-5.000000000000000064777997437,-5.000000000000000064777997437,run_348b5c60d71141598a5b9924f168fe23,ema_pullback:4aad35cb3f61d93a2d8166ee
w14-lb095-r2_25,lab_3d_w14_lb_ratio,14,95,2.25,6.75,3.0,92d54c694d0192abe4fed3897c943dd9f0477465e06db0898e2986c4f927d593,85,85,0.3294117647058823529411764706,1.027595121506271512568436309,6.000000000000001144552520806,6.000000000000001144552520806,0.005634066706926542593082109912,-0.0708594440909596047033467029,53,0.3584905660377358490566037736,8.75000000000000064071720465,8.75000000000000064071720465,32,0.28125,-2.749999999999999496164683830,-2.749999999999999496164683830,run_1f141a3f800549b5819df0fd69669b5b,ema_pullback:5a4cc593b7863d4116cecceb
w14-lb095-r2_5,lab_3d_w14_lb_ratio,14,95,2.5,7.5,3.0,92d54c694d0192abe4fed3897c943dd9f0477465e06db0898e2986c4f927d593,85,85,0.3176470588235294117647058824,1.060603831221408721048310177,9.50000000000000107131902431,9.50000000000000107131902431,0.0127409794295246437435820606,-0.0686014395387186955830233480,53,0.3396226415094339622641509434,10.00000000000000174497592530,10.00000000000000174497592530,32,0.28125,-0.500000000000000673656900975,-0.500000000000000673656900975,run_9fb52bd5d3864eec8aa9ab4e71902912,ema_pullback:d37c438aed24a1a1002cb417
w14-lb095-r2_75,lab_3d_w14_lb_ratio,14,95,2.75,8.25,3.0,92d54c694d0192abe4fed3897c943dd9f0477465e06db0898e2986c4f927d593,85,85,0.3058823529411764705882352941,1.046010724060219111587679763,12.50000000000000373208895490,12.50000000000000373208895490,0.01000514063374867741897065662,-0.0663398057630878197276245940,53,0.3207547169811320754716981132,10.75000000000000266520964205,10.75000000000000266520964205,32,0.28125,1.750000000000001066879312865,1.750000000000001066879312865,run_2bd1588500644dab99b9de65ac0a8379,ema_pullback:abd8633104936a24a15286ac
w14-lb095-r3_0,lab_3d_w14_lb_ratio,14,95,3.0,9.0,3.0,92d54c694d0192abe4fed3897c943dd9f0477465e06db0898e2986c4f927d593,85,85,0.2941176470588235294117647059,1.046051710767789608970236236,15.00000000000000225939275149,15.00000000000000225939275149,0.01033205226477838288131407855,-0.0640745398676338127907607298,53,0.3018867924528301886792452830,11.00000000000000196512988834,11.00000000000000196512988834,32,0.28125,4.000000000000000294262863155,4.000000000000000294262863155,run_99f9047e5dca4066ba690daf02eccb06,ema_pullback:916e725fa7895c00a98f85d1
w14-lb095-r3_25,lab_3d_w14_lb_ratio,14,95,3.25,9.75,3.0,92d54c694d0192abe4fed3897c943dd9f0477465e06db0898e2986c4f927d593,85,85,0.2823529411764705882352941176,1.096064628970859890515378024,17.00000000000000008724566258,17.00000000000000008724566258,0.02179224893861827706081952357,-0.0618056389559235113552721013,53,0.2830188679245283018867924528,10.75000000000000088732062970,10.75000000000000088732062970,32,0.28125,6.249999999999999199925032883,6.249999999999999199925032883,run_ae7f945d6bf04153943523aacaa54a20,ema_pullback:ae548c16e1a9866c86a5166a
w14-lb095-r3_5,lab_3d_w14_lb_ratio,14,95,3.5,10.5,3.0,92d54c694d0192abe4fed3897c943dd9f0477465e06db0898e2986c4f927d593,84,84,0.25,1.037416488597064199023396517,10.50000000000000245100032142,10.50000000000000245100032142,0.008726814857380299033804718793,-0.0595331001315237436502626334,52,0.25,6.50000000000000215640466454,6.50000000000000215640466454,32,0.25,4.000000000000000294595656861,4.000000000000000294595656861,run_f956caf35df6467f9335a7ba8a814e9f,ema_pullback:80acd84e87f88b3ea243ad1c
w14-lb095-r3_75,lab_3d_w14_lb_ratio,14,95,3.75,11.25,3.0,92d54c694d0192abe4fed3897c943dd9f0477465e06db0898e2986c4f927d593,84,84,0.2380952380952380952380952381,1.069084020126629818868668058,11.00000000000000200570745969,11.00000000000000200570745969,0.01633254013851944208975094853,-0.0572569204980013527670521864,52,0.2307692307692307692307692308,5.00000000000000097149086891,5.00000000000000097149086891,32,0.25,6.000000000000001034216590783,6.000000000000001034216590783,run_cff6daeafa154e449d0efba7c2dfaca5,ema_pullback:bd774e31942ca188603b5c69
w14-lb095-r4_0,lab_3d_w14_lb_ratio,14,95,4.0,12.0,3.0,92d54c694d0192abe4fed3897c943dd9f0477465e06db0898e2986c4f927d593,84,84,0.2380952380952380952380952381,1.138919927721796210954394752,15.99999999999999939252511225,15.99999999999999939252511225,0.03313528210302220493690287234,-0.0549770971589231715859351321,52,0.2307692307692307692307692308,7.99999999999999934616301302,7.99999999999999934616301302,32,0.25,8.000000000000000046362099218,8.000000000000000046362099218,run_017cecc5b20e45b4b95fd53487b101ea,ema_pullback:470f5f4294355a73e86c5588
w14-lb095-r4_25,lab_3d_w14_lb_ratio,14,95,4.25,12.75,3.0,92d54c694d0192abe4fed3897c943dd9f0477465e06db0898e2986c4f927d593,84,84,0.2380952380952380952380952381,1.208583322035057562617222662,21.00000000000000288789308137,21.00000000000000288789308137,0.05019490176263725386391769716,-0.0526936272178560245686511770,52,0.2307692307692307692307692308,11.00000000000000237582197275,11.00000000000000237582197275,32,0.25,10.00000000000000051207110862,10.00000000000000051207110862,run_cdc0a7d0b70244c19b6850124777ac9d,ema_pullback:262d74d44644d4deb6798ea1
w14-lb095-r4_5,lab_3d_w14_lb_ratio,14,95,4.5,13.5,3.0,92d54c694d0192abe4fed3897c943dd9f0477465e06db0898e2986c4f927d593,84,84,0.2261904761904761904761904762,1.252817607842350055795065803,20.50000000000000230935046556,20.50000000000000230935046556,0.0615051653673709622174829518,-0.0517947202135413150536291081,52,0.2307692307692307692307692308,14.00000000000000162961681153,14.00000000000000162961681153,32,0.21875,6.500000000000000679733654026,6.500000000000000679733654026,run_54520a2b654d4d569d2cdaf5229756d2,ema_pullback:f44348f8b947a39efb376644
w14-lb095-r4_75,lab_3d_w14_lb_ratio,14,95,4.75,14.25,3.0,92d54c694d0192abe4fed3897c943dd9f0477465e06db0898e2986c4f927d593,84,84,0.2142857142857142857142857143,1.177476984088331684710174434,19.50000000000000110274168260,19.50000000000000110274168260,0.04391379540975352270162885089,-0.0785154646358128299910994932,52,0.2307692307692307692307692308,17.00000000000000151683076870,17.00000000000000151683076870,32,0.1875,2.499999999999999585910913905,2.499999999999999585910913905,run_c514b374979a4a2db28b890b3249f1d4,ema_pullback:294608fe3073a3c3a45cdd22
w14-lb095-r5_0,lab_3d_w14_lb_ratio,14,95,5.0,15.0,3.0,92d54c694d0192abe4fed3897c943dd9f0477465e06db0898e2986c4f927d593,84,84,0.2142857142857142857142857143,1.237867599700473924780233585,24.00000000000000186302411164,24.00000000000000186302411164,0.05933110117900900984732066854,-0.0780237209253171042658953724,52,0.2307692307692307692307692308,20.00000000000000304820418072,20.00000000000000304820418072,32,0.1875,3.999999999999998814819930930,3.999999999999998814819930930,run_0a3ad9406cfb45a4b3d105e2fbcfef88,ema_pullback:7d7637569e631d903dba3f87
w14-lb100-r2_0,lab_3d_w14_lb_ratio,14,100,2.0,6.0,3.0,92d54c694d0192abe4fed3897c943dd9f0477465e06db0898e2986c4f927d593,84,84,0.3690476190476190476190476190,1.128592904713594463495937436,9.00000000000000007766168251,9.00000000000000007766168251,0.02459915164531417762986696641,-0.0483420876416549405946285064,52,0.4230769230769230769230769231,14.00000000000000014243967995,14.00000000000000014243967995,32,0.28125,-5.000000000000000064777997437,-5.000000000000000064777997437,run_3caf03f96895417d838476b35c31158d,ema_pullback:c7b0d8503f06e6dd8990e35e
w14-lb100-r2_25,lab_3d_w14_lb_ratio,14,100,2.25,6.75,3.0,92d54c694d0192abe4fed3897c943dd9f0477465e06db0898e2986c4f927d593,84,84,0.3333333333333333333333333333,1.036857004436050646468281145,7.000000000000001144552520807,7.000000000000001144552520807,0.007457983067879808446697741136,-0.0708594440909596047033467029,52,0.3653846153846153846153846154,9.75000000000000064071720465,9.75000000000000064071720465,32,0.28125,-2.749999999999999496164683829,-2.749999999999999496164683829,run_31042d9b0000411aa76da190f36adb5c,ema_pullback:d42f790477231356f5e2ea36
w14-lb100-r2_5,lab_3d_w14_lb_ratio,14,100,2.5,7.5,3.0,92d54c694d0192abe4fed3897c943dd9f0477465e06db0898e2986c4f927d593,84,84,0.3214285714285714285714285714,1.069950419138194416160633721,10.50000000000000107131902432,10.50000000000000107131902432,0.01457778558291807685303918304,-0.0686014395387186955830233480,52,0.3461538461538461538461538462,11.00000000000000174497592530,11.00000000000000174497592530,32,0.28125,-0.500000000000000673656900974,-0.500000000000000673656900974,run_b2dbd7752b684bb4bb4c78daedc03b04,ema_pullback:a3c95fd46ed1db6e5afa5e81
w14-lb100-r2_75,lab_3d_w14_lb_ratio,14,100,2.75,8.25,3.0,92d54c694d0192abe4fed3897c943dd9f0477465e06db0898e2986c4f927d593,84,84,0.3095238095238095238095238095,1.054896017366355979296266536,13.50000000000000373208895490,13.50000000000000373208895490,0.01183698480215597471996896917,-0.0663398057630878197276245940,52,0.3269230769230769230769230769,11.75000000000000266520964205,11.75000000000000266520964205,32,0.28125,1.750000000000001066879312863,1.750000000000001066879312863,run_2121795988d844f1bb05de37626e91cd,ema_pullback:6c737b02cc39ec0456dd104f
w14-lb100-r3_0,lab_3d_w14_lb_ratio,14,100,3.0,9.0,3.0,92d54c694d0192abe4fed3897c943dd9f0477465e06db0898e2986c4f927d593,84,84,0.2976190476190476190476190476,1.054664322071737260592967420,16.00000000000000225939275149,16.00000000000000225939275149,0.01216448935211331110746266523,-0.0640745398676338127907607298,52,0.3076923076923076923076923077,12.00000000000000196512988834,12.00000000000000196512988834,32,0.28125,4.000000000000000294262863154,4.000000000000000294262863154,run_fa94d00d84f9468383d0797c26d4fd47,ema_pullback:de28c55cf93495cce5f75f89
w14-lb100-r3_25,lab_3d_w14_lb_ratio,14,100,3.25,9.75,3.0,92d54c694d0192abe4fed3897c943dd9f0477465e06db0898e2986c4f927d593,84,84,0.2857142857142857142857142857,1.105089730563075027351017528,18.00000000000000008724566258,18.00000000000000008724566258,0.02364547136020665437080128204,-0.0618056389559235113552721013,52,0.2884615384615384615384615385,11.75000000000000088732062970,11.75000000000000088732062970,32,0.28125,6.249999999999999199925032884,6.249999999999999199925032884,run_5d93e0c724254996a78a2e8c6bc13964,ema_pullback:7d18793ca0cd30c261e0c1d5
w14-lb100-r3_5,lab_3d_w14_lb_ratio,14,100,3.5,10.5,3.0,92d54c694d0192abe4fed3897c943dd9f0477465e06db0898e2986c4f927d593,84,84,0.25,1.037416488597064199023396517,10.50000000000000245100032142,10.50000000000000245100032142,0.008726814857380299033804718793,-0.0595331001315237436502626334,52,0.25,6.50000000000000215640466454,6.50000000000000215640466454,32,0.25,4.000000000000000294595656861,4.000000000000000294595656861,run_7603db7c0aa740908e530546538f8ffb,ema_pullback:b719b720dbd5a75c06680128
w14-lb100-r3_75,lab_3d_w14_lb_ratio,14,100,3.75,11.25,3.0,92d54c694d0192abe4fed3897c943dd9f0477465e06db0898e2986c4f927d593,84,84,0.2380952380952380952380952381,1.069084020126629818868668058,11.00000000000000200570745969,11.00000000000000200570745969,0.01633254013851944208975094853,-0.0572569204980013527670521864,52,0.2307692307692307692307692308,5.00000000000000097149086891,5.00000000000000097149086891,32,0.25,6.000000000000001034216590783,6.000000000000001034216590783,run_604d53af2e2445028e35259c7ed99f4d,ema_pullback:922916125cd0ca4ffe21dd07
w14-lb100-r4_0,lab_3d_w14_lb_ratio,14,100,4.0,12.0,3.0,92d54c694d0192abe4fed3897c943dd9f0477465e06db0898e2986c4f927d593,84,84,0.2380952380952380952380952381,1.138919927721796210954394752,15.99999999999999939252511225,15.99999999999999939252511225,0.03313528210302220493690287234,-0.0549770971589231715859351321,52,0.2307692307692307692307692308,7.99999999999999934616301302,7.99999999999999934616301302,32,0.25,8.000000000000000046362099218,8.000000000000000046362099218,run_b3d38576ec304779b763117239a3315a,ema_pullback:20eb2c46164cbe49548678ee
w14-lb100-r4_25,lab_3d_w14_lb_ratio,14,100,4.25,12.75,3.0,92d54c694d0192abe4fed3897c943dd9f0477465e06db0898e2986c4f927d593,84,84,0.2380952380952380952380952381,1.208583322035057562617222662,21.00000000000000288789308137,21.00000000000000288789308137,0.05019490176263725386391769716,-0.0526936272178560245686511770,52,0.2307692307692307692307692308,11.00000000000000237582197275,11.00000000000000237582197275,32,0.25,10.00000000000000051207110862,10.00000000000000051207110862,run_6369bcf8bfbd4b1195a0bd9a31bdc654,ema_pullback:32f9d4306a31ef76970418b2
w14-lb100-r4_5,lab_3d_w14_lb_ratio,14,100,4.5,13.5,3.0,92d54c694d0192abe4fed3897c943dd9f0477465e06db0898e2986c4f927d593,84,84,0.2261904761904761904761904762,1.252817607842350055795065803,20.50000000000000230935046556,20.50000000000000230935046556,0.0615051653673709622174829518,-0.0517947202135413150536291081,52,0.2307692307692307692307692308,14.00000000000000162961681153,14.00000000000000162961681153,32,0.21875,6.500000000000000679733654026,6.500000000000000679733654026,run_056cb1e39e46474e8ea90c01cb644cb8,ema_pullback:e75818b2ce03c597f128954c
w14-lb100-r4_75,lab_3d_w14_lb_ratio,14,100,4.75,14.25,3.0,92d54c694d0192abe4fed3897c943dd9f0477465e06db0898e2986c4f927d593,84,84,0.2142857142857142857142857143,1.177476984088331684710174434,19.50000000000000110274168260,19.50000000000000110274168260,0.04391379540975352270162885089,-0.0785154646358128299910994932,52,0.2307692307692307692307692308,17.00000000000000151683076870,17.00000000000000151683076870,32,0.1875,2.499999999999999585910913905,2.499999999999999585910913905,run_27c094693c624246919d2142a1860101,ema_pullback:106b2b441d72ad66c3a491e5
w14-lb100-r5_0,lab_3d_w14_lb_ratio,14,100,5.0,15.0,3.0,92d54c694d0192abe4fed3897c943dd9f0477465e06db0898e2986c4f927d593,84,84,0.2142857142857142857142857143,1.237867599700473924780233585,24.00000000000000186302411164,24.00000000000000186302411164,0.05933110117900900984732066854,-0.0780237209253171042658953724,52,0.2307692307692307692307692308,20.00000000000000304820418072,20.00000000000000304820418072,32,0.1875,3.999999999999998814819930930,3.999999999999998814819930930,run_391334ebc9e048c6a2541ef3f878eb97,ema_pullback:e57dd586d63973029839be73
w14-lb105-r2_0,lab_3d_w14_lb_ratio,14,105,2.0,6.0,3.0,92d54c694d0192abe4fed3897c943dd9f0477465e06db0898e2986c4f927d593,84,84,0.3690476190476190476190476190,1.128592904713594463495937436,9.00000000000000007766168251,9.00000000000000007766168251,0.02459915164531417762986696641,-0.0483420876416549405946285064,52,0.4230769230769230769230769231,14.00000000000000014243967995,14.00000000000000014243967995,32,0.28125,-5.000000000000000064777997437,-5.000000000000000064777997437,run_499d476efb2f48b898d1033014e0c236,ema_pullback:d001b672feffa62ef10d6776
w14-lb105-r2_25,lab_3d_w14_lb_ratio,14,105,2.25,6.75,3.0,92d54c694d0192abe4fed3897c943dd9f0477465e06db0898e2986c4f927d593,84,84,0.3333333333333333333333333333,1.036857004436050646468281145,7.000000000000001144552520807,7.000000000000001144552520807,0.007457983067879808446697741136,-0.0708594440909596047033467029,52,0.3653846153846153846153846154,9.75000000000000064071720465,9.75000000000000064071720465,32,0.28125,-2.749999999999999496164683829,-2.749999999999999496164683829,run_c21e095162ad4ffb97e506c20167d28c,ema_pullback:95c09be6bf93fb4cce714b26
w14-lb105-r2_5,lab_3d_w14_lb_ratio,14,105,2.5,7.5,3.0,92d54c694d0192abe4fed3897c943dd9f0477465e06db0898e2986c4f927d593,84,84,0.3214285714285714285714285714,1.069950419138194416160633721,10.50000000000000107131902432,10.50000000000000107131902432,0.01457778558291807685303918304,-0.0686014395387186955830233480,52,0.3461538461538461538461538462,11.00000000000000174497592530,11.00000000000000174497592530,32,0.28125,-0.500000000000000673656900974,-0.500000000000000673656900974,run_19d80571eff54a0785b28d4f1fa7d156,ema_pullback:597de3a1446a15f2379ae44b
w14-lb105-r2_75,lab_3d_w14_lb_ratio,14,105,2.75,8.25,3.0,92d54c694d0192abe4fed3897c943dd9f0477465e06db0898e2986c4f927d593,84,84,0.3095238095238095238095238095,1.054896017366355979296266536,13.50000000000000373208895490,13.50000000000000373208895490,0.01183698480215597471996896917,-0.0663398057630878197276245940,52,0.3269230769230769230769230769,11.75000000000000266520964205,11.75000000000000266520964205,32,0.28125,1.750000000000001066879312863,1.750000000000001066879312863,run_8b6b28ea1d9446d1aa5a8acf7b37f5e7,ema_pullback:5b32ae63c08abaf51b868e60
w14-lb105-r3_0,lab_3d_w14_lb_ratio,14,105,3.0,9.0,3.0,92d54c694d0192abe4fed3897c943dd9f0477465e06db0898e2986c4f927d593,84,84,0.2976190476190476190476190476,1.054664322071737260592967420,16.00000000000000225939275149,16.00000000000000225939275149,0.01216448935211331110746266523,-0.0640745398676338127907607298,52,0.3076923076923076923076923077,12.00000000000000196512988834,12.00000000000000196512988834,32,0.28125,4.000000000000000294262863154,4.000000000000000294262863154,run_b00c76cf02d241929cedbad6730b6236,ema_pullback:beca8b9eec405460bcfe8fcd
w14-lb105-r3_25,lab_3d_w14_lb_ratio,14,105,3.25,9.75,3.0,92d54c694d0192abe4fed3897c943dd9f0477465e06db0898e2986c4f927d593,84,84,0.2857142857142857142857142857,1.105089730563075027351017528,18.00000000000000008724566258,18.00000000000000008724566258,0.02364547136020665437080128204,-0.0618056389559235113552721013,52,0.2884615384615384615384615385,11.75000000000000088732062970,11.75000000000000088732062970,32,0.28125,6.249999999999999199925032884,6.249999999999999199925032884,run_e9f85135de4e4088911966200e25dce5,ema_pullback:68ea162e4a4376f3e9b2ced2
w14-lb105-r3_5,lab_3d_w14_lb_ratio,14,105,3.5,10.5,3.0,92d54c694d0192abe4fed3897c943dd9f0477465e06db0898e2986c4f927d593,84,84,0.25,1.037416488597064199023396517,10.50000000000000245100032142,10.50000000000000245100032142,0.008726814857380299033804718793,-0.0595331001315237436502626334,52,0.25,6.50000000000000215640466454,6.50000000000000215640466454,32,0.25,4.000000000000000294595656861,4.000000000000000294595656861,run_6f9be69fd96e429999cb5f6460290475,ema_pullback:107149b864c82e1469e2c840
w14-lb105-r3_75,lab_3d_w14_lb_ratio,14,105,3.75,11.25,3.0,92d54c694d0192abe4fed3897c943dd9f0477465e06db0898e2986c4f927d593,84,84,0.2380952380952380952380952381,1.069084020126629818868668058,11.00000000000000200570745969,11.00000000000000200570745969,0.01633254013851944208975094853,-0.0572569204980013527670521864,52,0.2307692307692307692307692308,5.00000000000000097149086891,5.00000000000000097149086891,32,0.25,6.000000000000001034216590783,6.000000000000001034216590783,run_6f010820752945678176912f1ae74c25,ema_pullback:2703734fceb2559bc7c48eb9
w14-lb105-r4_0,lab_3d_w14_lb_ratio,14,105,4.0,12.0,3.0,92d54c694d0192abe4fed3897c943dd9f0477465e06db0898e2986c4f927d593,84,84,0.2380952380952380952380952381,1.138919927721796210954394752,15.99999999999999939252511225,15.99999999999999939252511225,0.03313528210302220493690287234,-0.0549770971589231715859351321,52,0.2307692307692307692307692308,7.99999999999999934616301302,7.99999999999999934616301302,32,0.25,8.000000000000000046362099218,8.000000000000000046362099218,run_9baacb736b524e33b6e19a521559637c,ema_pullback:51556f220df367b4cfda4a31
w14-lb105-r4_25,lab_3d_w14_lb_ratio,14,105,4.25,12.75,3.0,92d54c694d0192abe4fed3897c943dd9f0477465e06db0898e2986c4f927d593,84,84,0.2380952380952380952380952381,1.208583322035057562617222662,21.00000000000000288789308137,21.00000000000000288789308137,0.05019490176263725386391769716,-0.0526936272178560245686511770,52,0.2307692307692307692307692308,11.00000000000000237582197275,11.00000000000000237582197275,32,0.25,10.00000000000000051207110862,10.00000000000000051207110862,run_fced3573007249ca8eea8d79a00e42aa,ema_pullback:807b9a7d18f70dffdfb70305
w14-lb105-r4_5,lab_3d_w14_lb_ratio,14,105,4.5,13.5,3.0,92d54c694d0192abe4fed3897c943dd9f0477465e06db0898e2986c4f927d593,84,84,0.2261904761904761904761904762,1.252817607842350055795065803,20.50000000000000230935046556,20.50000000000000230935046556,0.0615051653673709622174829518,-0.0517947202135413150536291081,52,0.2307692307692307692307692308,14.00000000000000162961681153,14.00000000000000162961681153,32,0.21875,6.500000000000000679733654026,6.500000000000000679733654026,run_2b41c935b4484901bf5f984194849e9e,ema_pullback:805db3b8bf5f5b09700ecace
w14-lb105-r4_75,lab_3d_w14_lb_ratio,14,105,4.75,14.25,3.0,92d54c694d0192abe4fed3897c943dd9f0477465e06db0898e2986c4f927d593,84,84,0.2142857142857142857142857143,1.177476984088331684710174434,19.50000000000000110274168260,19.50000000000000110274168260,0.04391379540975352270162885089,-0.0785154646358128299910994932,52,0.2307692307692307692307692308,17.00000000000000151683076870,17.00000000000000151683076870,32,0.1875,2.499999999999999585910913905,2.499999999999999585910913905,run_17ca99d55bf74e3e83323e77391c7fb1,ema_pullback:002a9d30429ff737954ae54c
w14-lb105-r5_0,lab_3d_w14_lb_ratio,14,105,5.0,15.0,3.0,92d54c694d0192abe4fed3897c943dd9f0477465e06db0898e2986c4f927d593,84,84,0.2142857142857142857142857143,1.237867599700473924780233585,24.00000000000000186302411164,24.00000000000000186302411164,0.05933110117900900984732066854,-0.0780237209253171042658953724,52,0.2307692307692307692307692308,20.00000000000000304820418072,20.00000000000000304820418072,32,0.1875,3.999999999999998814819930930,3.999999999999998814819930930,run_aa9ccf8322824e01a21701b8284dec62,ema_pullback:462fb514122f7623405a5abf
w14-lb110-r2_0,lab_3d_w14_lb_ratio,14,110,2.0,6.0,3.0,92d54c694d0192abe4fed3897c943dd9f0477465e06db0898e2986c4f927d593,84,84,0.3690476190476190476190476190,1.128592904713594463495937436,9.00000000000000007766168251,9.00000000000000007766168251,0.02459915164531417762986696641,-0.0483420876416549405946285064,52,0.4230769230769230769230769231,14.00000000000000014243967995,14.00000000000000014243967995,32,0.28125,-5.000000000000000064777997437,-5.000000000000000064777997437,run_f869368155a84a53a9c209938a4d5e4d,ema_pullback:7e7b5dd727ab55f1b4677db6
w14-lb110-r2_25,lab_3d_w14_lb_ratio,14,110,2.25,6.75,3.0,92d54c694d0192abe4fed3897c943dd9f0477465e06db0898e2986c4f927d593,84,84,0.3333333333333333333333333333,1.036857004436050646468281145,7.000000000000001144552520807,7.000000000000001144552520807,0.007457983067879808446697741136,-0.0708594440909596047033467029,52,0.3653846153846153846153846154,9.75000000000000064071720465,9.75000000000000064071720465,32,0.28125,-2.749999999999999496164683829,-2.749999999999999496164683829,run_75991f3a31354fab895681996d0e647e,ema_pullback:f18d2c26c221e9beece6b6dc
w14-lb110-r2_5,lab_3d_w14_lb_ratio,14,110,2.5,7.5,3.0,92d54c694d0192abe4fed3897c943dd9f0477465e06db0898e2986c4f927d593,84,84,0.3214285714285714285714285714,1.069950419138194416160633721,10.50000000000000107131902432,10.50000000000000107131902432,0.01457778558291807685303918304,-0.0686014395387186955830233480,52,0.3461538461538461538461538462,11.00000000000000174497592530,11.00000000000000174497592530,32,0.28125,-0.500000000000000673656900974,-0.500000000000000673656900974,run_c298e0621471459a85e985e66c4dd556,ema_pullback:57ecbdfedc63972a6eecdc38
w14-lb110-r2_75,lab_3d_w14_lb_ratio,14,110,2.75,8.25,3.0,92d54c694d0192abe4fed3897c943dd9f0477465e06db0898e2986c4f927d593,84,84,0.3095238095238095238095238095,1.054896017366355979296266536,13.50000000000000373208895490,13.50000000000000373208895490,0.01183698480215597471996896917,-0.0663398057630878197276245940,52,0.3269230769230769230769230769,11.75000000000000266520964205,11.75000000000000266520964205,32,0.28125,1.750000000000001066879312863,1.750000000000001066879312863,run_30d546e2cf274e9f85ad07eb2f18a54c,ema_pullback:808e802ed067237487ee8bf4
w14-lb110-r3_0,lab_3d_w14_lb_ratio,14,110,3.0,9.0,3.0,92d54c694d0192abe4fed3897c943dd9f0477465e06db0898e2986c4f927d593,84,84,0.2976190476190476190476190476,1.054664322071737260592967420,16.00000000000000225939275149,16.00000000000000225939275149,0.01216448935211331110746266523,-0.0640745398676338127907607298,52,0.3076923076923076923076923077,12.00000000000000196512988834,12.00000000000000196512988834,32,0.28125,4.000000000000000294262863154,4.000000000000000294262863154,run_38ad938eaf184c399621f92a45b69d25,ema_pullback:91c78d093918f65485c8ace9
w14-lb110-r3_25,lab_3d_w14_lb_ratio,14,110,3.25,9.75,3.0,92d54c694d0192abe4fed3897c943dd9f0477465e06db0898e2986c4f927d593,84,84,0.2857142857142857142857142857,1.105089730563075027351017528,18.00000000000000008724566258,18.00000000000000008724566258,0.02364547136020665437080128204,-0.0618056389559235113552721013,52,0.2884615384615384615384615385,11.75000000000000088732062970,11.75000000000000088732062970,32,0.28125,6.249999999999999199925032884,6.249999999999999199925032884,run_59dacf7824b8451da4a767ed477c77fd,ema_pullback:97c29d97c41287ea330a8c4a
w14-lb110-r3_5,lab_3d_w14_lb_ratio,14,110,3.5,10.5,3.0,92d54c694d0192abe4fed3897c943dd9f0477465e06db0898e2986c4f927d593,84,84,0.25,1.037416488597064199023396517,10.50000000000000245100032142,10.50000000000000245100032142,0.008726814857380299033804718793,-0.0595331001315237436502626334,52,0.25,6.50000000000000215640466454,6.50000000000000215640466454,32,0.25,4.000000000000000294595656861,4.000000000000000294595656861,run_e9a16d9957dd456b85f62bce72fc3775,ema_pullback:4c86a0d190dea3ed3412a82b
w14-lb110-r3_75,lab_3d_w14_lb_ratio,14,110,3.75,11.25,3.0,92d54c694d0192abe4fed3897c943dd9f0477465e06db0898e2986c4f927d593,84,84,0.2380952380952380952380952381,1.069084020126629818868668058,11.00000000000000200570745969,11.00000000000000200570745969,0.01633254013851944208975094853,-0.0572569204980013527670521864,52,0.2307692307692307692307692308,5.00000000000000097149086891,5.00000000000000097149086891,32,0.25,6.000000000000001034216590783,6.000000000000001034216590783,run_cebb12e7d37f475096c3a04193a45bc0,ema_pullback:8a7de882a33638e86fbbb9d3
w14-lb110-r4_0,lab_3d_w14_lb_ratio,14,110,4.0,12.0,3.0,92d54c694d0192abe4fed3897c943dd9f0477465e06db0898e2986c4f927d593,84,84,0.2380952380952380952380952381,1.138919927721796210954394752,15.99999999999999939252511225,15.99999999999999939252511225,0.03313528210302220493690287234,-0.0549770971589231715859351321,52,0.2307692307692307692307692308,7.99999999999999934616301302,7.99999999999999934616301302,32,0.25,8.000000000000000046362099218,8.000000000000000046362099218,run_97e7d2c03c9f4a1695baebbeb5833511,ema_pullback:cb22cb3cd72edfe55af51d75
w14-lb110-r4_25,lab_3d_w14_lb_ratio,14,110,4.25,12.75,3.0,92d54c694d0192abe4fed3897c943dd9f0477465e06db0898e2986c4f927d593,84,84,0.2380952380952380952380952381,1.208583322035057562617222662,21.00000000000000288789308137,21.00000000000000288789308137,0.05019490176263725386391769716,-0.0526936272178560245686511770,52,0.2307692307692307692307692308,11.00000000000000237582197275,11.00000000000000237582197275,32,0.25,10.00000000000000051207110862,10.00000000000000051207110862,run_2d1981d1e2764d4eaa015decb2969f65,ema_pullback:56b0f429afaa7bdb2b306273
w14-lb110-r4_5,lab_3d_w14_lb_ratio,14,110,4.5,13.5,3.0,92d54c694d0192abe4fed3897c943dd9f0477465e06db0898e2986c4f927d593,84,84,0.2261904761904761904761904762,1.252817607842350055795065803,20.50000000000000230935046556,20.50000000000000230935046556,0.0615051653673709622174829518,-0.0517947202135413150536291081,52,0.2307692307692307692307692308,14.00000000000000162961681153,14.00000000000000162961681153,32,0.21875,6.500000000000000679733654026,6.500000000000000679733654026,run_26e805bb8d0e4aa1becf92081455cef5,ema_pullback:df2abfaf13d6fec8396a2f5f
w14-lb110-r4_75,lab_3d_w14_lb_ratio,14,110,4.75,14.25,3.0,92d54c694d0192abe4fed3897c943dd9f0477465e06db0898e2986c4f927d593,84,84,0.2142857142857142857142857143,1.177476984088331684710174434,19.50000000000000110274168260,19.50000000000000110274168260,0.04391379540975352270162885089,-0.0785154646358128299910994932,52,0.2307692307692307692307692308,17.00000000000000151683076870,17.00000000000000151683076870,32,0.1875,2.499999999999999585910913905,2.499999999999999585910913905,run_b28fd666ca174fa1bf396ff1977e1526,ema_pullback:525aa9c0f847931d427a4b71
w14-lb110-r5_0,lab_3d_w14_lb_ratio,14,110,5.0,15.0,3.0,92d54c694d0192abe4fed3897c943dd9f0477465e06db0898e2986c4f927d593,84,84,0.2142857142857142857142857143,1.237867599700473924780233585,24.00000000000000186302411164,24.00000000000000186302411164,0.05933110117900900984732066854,-0.0780237209253171042658953724,52,0.2307692307692307692307692308,20.00000000000000304820418072,20.00000000000000304820418072,32,0.1875,3.999999999999998814819930930,3.999999999999998814819930930,run_73e35e25c764400a906b749a44fcb55e,ema_pullback:c1e3d73b13970bb24acaf9cb
w14-lb115-r2_0,lab_3d_w14_lb_ratio,14,115,2.0,6.0,3.0,92d54c694d0192abe4fed3897c943dd9f0477465e06db0898e2986c4f927d593,84,84,0.3690476190476190476190476190,1.128592904713594463495937436,9.00000000000000007766168251,9.00000000000000007766168251,0.02459915164531417762986696641,-0.0483420876416549405946285064,52,0.4230769230769230769230769231,14.00000000000000014243967995,14.00000000000000014243967995,32,0.28125,-5.000000000000000064777997437,-5.000000000000000064777997437,run_e8c8b92d381b43a499fd7d95de148a0d,ema_pullback:8aace5d81575b11410411bbf
w14-lb115-r2_25,lab_3d_w14_lb_ratio,14,115,2.25,6.75,3.0,92d54c694d0192abe4fed3897c943dd9f0477465e06db0898e2986c4f927d593,84,84,0.3333333333333333333333333333,1.036857004436050646468281145,7.000000000000001144552520807,7.000000000000001144552520807,0.007457983067879808446697741136,-0.0708594440909596047033467029,52,0.3653846153846153846153846154,9.75000000000000064071720465,9.75000000000000064071720465,32,0.28125,-2.749999999999999496164683829,-2.749999999999999496164683829,run_0ca684e45f594b0b8d1cb6d989b6a1c0,ema_pullback:05bd9f70e096cebb59e905df
w14-lb115-r2_5,lab_3d_w14_lb_ratio,14,115,2.5,7.5,3.0,92d54c694d0192abe4fed3897c943dd9f0477465e06db0898e2986c4f927d593,84,84,0.3214285714285714285714285714,1.069950419138194416160633721,10.50000000000000107131902432,10.50000000000000107131902432,0.01457778558291807685303918304,-0.0686014395387186955830233480,52,0.3461538461538461538461538462,11.00000000000000174497592530,11.00000000000000174497592530,32,0.28125,-0.500000000000000673656900974,-0.500000000000000673656900974,run_9ecbc101c12642e8b5e55bae7533a571,ema_pullback:5a42198ff0e14c7214df340d
w14-lb115-r2_75,lab_3d_w14_lb_ratio,14,115,2.75,8.25,3.0,92d54c694d0192abe4fed3897c943dd9f0477465e06db0898e2986c4f927d593,84,84,0.3095238095238095238095238095,1.054896017366355979296266536,13.50000000000000373208895490,13.50000000000000373208895490,0.01183698480215597471996896917,-0.0663398057630878197276245940,52,0.3269230769230769230769230769,11.75000000000000266520964205,11.75000000000000266520964205,32,0.28125,1.750000000000001066879312863,1.750000000000001066879312863,run_35ce32bee7704f908a92bda9bc597274,ema_pullback:e0c2f22d449927766c1ce3b2
w14-lb115-r3_0,lab_3d_w14_lb_ratio,14,115,3.0,9.0,3.0,92d54c694d0192abe4fed3897c943dd9f0477465e06db0898e2986c4f927d593,84,84,0.2976190476190476190476190476,1.054664322071737260592967420,16.00000000000000225939275149,16.00000000000000225939275149,0.01216448935211331110746266523,-0.0640745398676338127907607298,52,0.3076923076923076923076923077,12.00000000000000196512988834,12.00000000000000196512988834,32,0.28125,4.000000000000000294262863154,4.000000000000000294262863154,run_485dbb0001494fb587472dea024391a9,ema_pullback:4f4835550f05ad6bd2bbdb65
w14-lb115-r3_25,lab_3d_w14_lb_ratio,14,115,3.25,9.75,3.0,92d54c694d0192abe4fed3897c943dd9f0477465e06db0898e2986c4f927d593,84,84,0.2857142857142857142857142857,1.105089730563075027351017528,18.00000000000000008724566258,18.00000000000000008724566258,0.02364547136020665437080128204,-0.0618056389559235113552721013,52,0.2884615384615384615384615385,11.75000000000000088732062970,11.75000000000000088732062970,32,0.28125,6.249999999999999199925032884,6.249999999999999199925032884,run_10992fc67a514cc4a623784694de6cd1,ema_pullback:627c581339fbd913e4a8ef4e
w14-lb115-r3_5,lab_3d_w14_lb_ratio,14,115,3.5,10.5,3.0,92d54c694d0192abe4fed3897c943dd9f0477465e06db0898e2986c4f927d593,84,84,0.25,1.037416488597064199023396517,10.50000000000000245100032142,10.50000000000000245100032142,0.008726814857380299033804718793,-0.0595331001315237436502626334,52,0.25,6.50000000000000215640466454,6.50000000000000215640466454,32,0.25,4.000000000000000294595656861,4.000000000000000294595656861,run_3321ef7f873a4c919712ca1acfbd0214,ema_pullback:89fedf44d74033ff4c3bb73d
w14-lb115-r3_75,lab_3d_w14_lb_ratio,14,115,3.75,11.25,3.0,92d54c694d0192abe4fed3897c943dd9f0477465e06db0898e2986c4f927d593,84,84,0.2380952380952380952380952381,1.069084020126629818868668058,11.00000000000000200570745969,11.00000000000000200570745969,0.01633254013851944208975094853,-0.0572569204980013527670521864,52,0.2307692307692307692307692308,5.00000000000000097149086891,5.00000000000000097149086891,32,0.25,6.000000000000001034216590783,6.000000000000001034216590783,run_303a35dc43e14cca908f7aad6350c57c,ema_pullback:a0f9e8b1f61ee5fcf6e5b4d2
w14-lb115-r4_0,lab_3d_w14_lb_ratio,14,115,4.0,12.0,3.0,92d54c694d0192abe4fed3897c943dd9f0477465e06db0898e2986c4f927d593,84,84,0.2380952380952380952380952381,1.138919927721796210954394752,15.99999999999999939252511225,15.99999999999999939252511225,0.03313528210302220493690287234,-0.0549770971589231715859351321,52,0.2307692307692307692307692308,7.99999999999999934616301302,7.99999999999999934616301302,32,0.25,8.000000000000000046362099218,8.000000000000000046362099218,run_574971167f4b4c19a90894f0669f8904,ema_pullback:1270cdf908b586ebf3cd438b
w14-lb115-r4_25,lab_3d_w14_lb_ratio,14,115,4.25,12.75,3.0,92d54c694d0192abe4fed3897c943dd9f0477465e06db0898e2986c4f927d593,84,84,0.2380952380952380952380952381,1.208583322035057562617222662,21.00000000000000288789308137,21.00000000000000288789308137,0.05019490176263725386391769716,-0.0526936272178560245686511770,52,0.2307692307692307692307692308,11.00000000000000237582197275,11.00000000000000237582197275,32,0.25,10.00000000000000051207110862,10.00000000000000051207110862,run_31c170c38d7a4453b6c8512f39685066,ema_pullback:73034228d19bfabf9f7b2dc1
w14-lb115-r4_5,lab_3d_w14_lb_ratio,14,115,4.5,13.5,3.0,92d54c694d0192abe4fed3897c943dd9f0477465e06db0898e2986c4f927d593,84,84,0.2261904761904761904761904762,1.252817607842350055795065803,20.50000000000000230935046556,20.50000000000000230935046556,0.0615051653673709622174829518,-0.0517947202135413150536291081,52,0.2307692307692307692307692308,14.00000000000000162961681153,14.00000000000000162961681153,32,0.21875,6.500000000000000679733654026,6.500000000000000679733654026,run_32feaa4d91f349cf9f0e2a66608d5c70,ema_pullback:1f387ed76943e8cc9e575544
w14-lb115-r4_75,lab_3d_w14_lb_ratio,14,115,4.75,14.25,3.0,92d54c694d0192abe4fed3897c943dd9f0477465e06db0898e2986c4f927d593,84,84,0.2142857142857142857142857143,1.177476984088331684710174434,19.50000000000000110274168260,19.50000000000000110274168260,0.04391379540975352270162885089,-0.0785154646358128299910994932,52,0.2307692307692307692307692308,17.00000000000000151683076870,17.00000000000000151683076870,32,0.1875,2.499999999999999585910913905,2.499999999999999585910913905,run_30e0c33949ca4d77b15b1e98264519b8,ema_pullback:993ea07aa61855050267e46e
w14-lb115-r5_0,lab_3d_w14_lb_ratio,14,115,5.0,15.0,3.0,92d54c694d0192abe4fed3897c943dd9f0477465e06db0898e2986c4f927d593,84,84,0.2142857142857142857142857143,1.237867599700473924780233585,24.00000000000000186302411164,24.00000000000000186302411164,0.05933110117900900984732066854,-0.0780237209253171042658953724,52,0.2307692307692307692307692308,20.00000000000000304820418072,20.00000000000000304820418072,32,0.1875,3.999999999999998814819930930,3.999999999999998814819930930,run_49ea0eca14c440479000304c098ac03e,ema_pullback:746af085f688c14c4b6fbd45
w14-lb120-r2_0,lab_3d_w14_lb_ratio,14,120,2.0,6.0,3.0,92d54c694d0192abe4fed3897c943dd9f0477465e06db0898e2986c4f927d593,84,84,0.3690476190476190476190476190,1.128592904713594463495937436,9.00000000000000007766168251,9.00000000000000007766168251,0.02459915164531417762986696641,-0.0483420876416549405946285064,52,0.4230769230769230769230769231,14.00000000000000014243967995,14.00000000000000014243967995,32,0.28125,-5.000000000000000064777997437,-5.000000000000000064777997437,run_4d8aff7ce0214a61a627436efc1c6871,ema_pullback:125168641111a323a55f47ff
w14-lb120-r2_25,lab_3d_w14_lb_ratio,14,120,2.25,6.75,3.0,92d54c694d0192abe4fed3897c943dd9f0477465e06db0898e2986c4f927d593,84,84,0.3333333333333333333333333333,1.036857004436050646468281145,7.000000000000001144552520807,7.000000000000001144552520807,0.007457983067879808446697741136,-0.0708594440909596047033467029,52,0.3653846153846153846153846154,9.75000000000000064071720465,9.75000000000000064071720465,32,0.28125,-2.749999999999999496164683829,-2.749999999999999496164683829,run_69dbdf6f603d40b7a37eff6059404cfb,ema_pullback:639adaab7a743a4edc9357bd
w14-lb120-r2_5,lab_3d_w14_lb_ratio,14,120,2.5,7.5,3.0,92d54c694d0192abe4fed3897c943dd9f0477465e06db0898e2986c4f927d593,84,84,0.3214285714285714285714285714,1.069950419138194416160633721,10.50000000000000107131902432,10.50000000000000107131902432,0.01457778558291807685303918304,-0.0686014395387186955830233480,52,0.3461538461538461538461538462,11.00000000000000174497592530,11.00000000000000174497592530,32,0.28125,-0.500000000000000673656900974,-0.500000000000000673656900974,run_f41dad6b93d74917bd0c44d4a85f06d5,ema_pullback:1869e2c29fede29f64bbd7b4
w14-lb120-r2_75,lab_3d_w14_lb_ratio,14,120,2.75,8.25,3.0,92d54c694d0192abe4fed3897c943dd9f0477465e06db0898e2986c4f927d593,84,84,0.3095238095238095238095238095,1.054896017366355979296266536,13.50000000000000373208895490,13.50000000000000373208895490,0.01183698480215597471996896917,-0.0663398057630878197276245940,52,0.3269230769230769230769230769,11.75000000000000266520964205,11.75000000000000266520964205,32,0.28125,1.750000000000001066879312863,1.750000000000001066879312863,run_7207f9b88f27427f9938040b7254416f,ema_pullback:26db777a13e025d1fd100136
w14-lb120-r3_0,lab_3d_w14_lb_ratio,14,120,3.0,9.0,3.0,92d54c694d0192abe4fed3897c943dd9f0477465e06db0898e2986c4f927d593,84,84,0.2976190476190476190476190476,1.054664322071737260592967420,16.00000000000000225939275149,16.00000000000000225939275149,0.01216448935211331110746266523,-0.0640745398676338127907607298,52,0.3076923076923076923076923077,12.00000000000000196512988834,12.00000000000000196512988834,32,0.28125,4.000000000000000294262863154,4.000000000000000294262863154,run_c092a51ace4c4a93a01e1bb6c9c2a365,ema_pullback:df3ca0b1988ef2ae7b367788
w14-lb120-r3_25,lab_3d_w14_lb_ratio,14,120,3.25,9.75,3.0,92d54c694d0192abe4fed3897c943dd9f0477465e06db0898e2986c4f927d593,84,84,0.2857142857142857142857142857,1.105089730563075027351017528,18.00000000000000008724566258,18.00000000000000008724566258,0.02364547136020665437080128204,-0.0618056389559235113552721013,52,0.2884615384615384615384615385,11.75000000000000088732062970,11.75000000000000088732062970,32,0.28125,6.249999999999999199925032884,6.249999999999999199925032884,run_b9c4de429176491fa498ca640aa30669,ema_pullback:0b584181a18c71168c886e92
w14-lb120-r3_5,lab_3d_w14_lb_ratio,14,120,3.5,10.5,3.0,92d54c694d0192abe4fed3897c943dd9f0477465e06db0898e2986c4f927d593,84,84,0.25,1.037416488597064199023396517,10.50000000000000245100032142,10.50000000000000245100032142,0.008726814857380299033804718793,-0.0595331001315237436502626334,52,0.25,6.50000000000000215640466454,6.50000000000000215640466454,32,0.25,4.000000000000000294595656861,4.000000000000000294595656861,run_dc73980caea443b591fcd9ae88fa05e1,ema_pullback:410ee3bb4f79b6e545f7793c
w14-lb120-r3_75,lab_3d_w14_lb_ratio,14,120,3.75,11.25,3.0,92d54c694d0192abe4fed3897c943dd9f0477465e06db0898e2986c4f927d593,84,84,0.2380952380952380952380952381,1.069084020126629818868668058,11.00000000000000200570745969,11.00000000000000200570745969,0.01633254013851944208975094853,-0.0572569204980013527670521864,52,0.2307692307692307692307692308,5.00000000000000097149086891,5.00000000000000097149086891,32,0.25,6.000000000000001034216590783,6.000000000000001034216590783,run_c62832d168df4149b5392e7115214ce7,ema_pullback:3ae001782451e6c82c5c103f
w14-lb120-r4_0,lab_3d_w14_lb_ratio,14,120,4.0,12.0,3.0,92d54c694d0192abe4fed3897c943dd9f0477465e06db0898e2986c4f927d593,84,84,0.2380952380952380952380952381,1.138919927721796210954394752,15.99999999999999939252511225,15.99999999999999939252511225,0.03313528210302220493690287234,-0.0549770971589231715859351321,52,0.2307692307692307692307692308,7.99999999999999934616301302,7.99999999999999934616301302,32,0.25,8.000000000000000046362099218,8.000000000000000046362099218,run_31102683ec874f4db8cd5909a33e5447,ema_pullback:9d2e37c81830512376dab09b
w14-lb120-r4_25,lab_3d_w14_lb_ratio,14,120,4.25,12.75,3.0,92d54c694d0192abe4fed3897c943dd9f0477465e06db0898e2986c4f927d593,84,84,0.2380952380952380952380952381,1.208583322035057562617222662,21.00000000000000288789308137,21.00000000000000288789308137,0.05019490176263725386391769716,-0.0526936272178560245686511770,52,0.2307692307692307692307692308,11.00000000000000237582197275,11.00000000000000237582197275,32,0.25,10.00000000000000051207110862,10.00000000000000051207110862,run_5a4e9826eaf440f393346a52fa06f225,ema_pullback:83a1bfb53a8e85ab9de3e952
w14-lb120-r4_5,lab_3d_w14_lb_ratio,14,120,4.5,13.5,3.0,92d54c694d0192abe4fed3897c943dd9f0477465e06db0898e2986c4f927d593,84,84,0.2261904761904761904761904762,1.252817607842350055795065803,20.50000000000000230935046556,20.50000000000000230935046556,0.0615051653673709622174829518,-0.0517947202135413150536291081,52,0.2307692307692307692307692308,14.00000000000000162961681153,14.00000000000000162961681153,32,0.21875,6.500000000000000679733654026,6.500000000000000679733654026,run_f09b4d0698d4400aaad64faa22d507c6,ema_pullback:5b2bf87c9c103d3010524b65
w14-lb120-r4_75,lab_3d_w14_lb_ratio,14,120,4.75,14.25,3.0,92d54c694d0192abe4fed3897c943dd9f0477465e06db0898e2986c4f927d593,84,84,0.2142857142857142857142857143,1.177476984088331684710174434,19.50000000000000110274168260,19.50000000000000110274168260,0.04391379540975352270162885089,-0.0785154646358128299910994932,52,0.2307692307692307692307692308,17.00000000000000151683076870,17.00000000000000151683076870,32,0.1875,2.499999999999999585910913905,2.499999999999999585910913905,run_b69d539b53ed4d1d82fa9feda3e064df,ema_pullback:6897611b305c80d3a559a6ba
w14-lb120-r5_0,lab_3d_w14_lb_ratio,14,120,5.0,15.0,3.0,92d54c694d0192abe4fed3897c943dd9f0477465e06db0898e2986c4f927d593,84,84,0.2142857142857142857142857143,1.237867599700473924780233585,24.00000000000000186302411164,24.00000000000000186302411164,0.05933110117900900984732066854,-0.0780237209253171042658953724,52,0.2307692307692307692307692308,20.00000000000000304820418072,20.00000000000000304820418072,32,0.1875,3.999999999999998814819930930,3.999999999999998814819930930,run_4f727c0d900c43128b1e994c5dc12d8f,ema_pullback:a47e434b995e24970ed9011c
w14-lb125-r2_0,lab_3d_w14_lb_ratio,14,125,2.0,6.0,3.0,92d54c694d0192abe4fed3897c943dd9f0477465e06db0898e2986c4f927d593,83,83,0.3734939759036144578313253012,1.156528143015866004010402085,10.00000000000000007766168251,10.00000000000000007766168251,0.02930220873190152215005747781,-0.0439738413069427801005391637,52,0.4230769230769230769230769231,14.00000000000000014243967995,14.00000000000000014243967995,31,0.2903225806451612903225806452,-4.000000000000000064777997437,-4.000000000000000064777997437,run_76bc677416fa41a2b474523c6ebbadc9,ema_pullback:83e2c1b0232eb687c934d311
w14-lb125-r2_25,lab_3d_w14_lb_ratio,14,125,2.25,6.75,3.0,92d54c694d0192abe4fed3897c943dd9f0477465e06db0898e2986c4f927d593,83,83,0.3373493975903614457831325301,1.060911618751862029352134973,8.00000000000000114455252081,8.00000000000000114455252081,0.01208235973176620010532412447,-0.0665945556525038087925662954,52,0.3653846153846153846153846154,9.75000000000000064071720464,9.75000000000000064071720464,31,0.2903225806451612903225806452,-1.749999999999999496164683834,-1.749999999999999496164683834,run_618d031edc32499fb05502dd30869273,ema_pullback:0536ed611b5c23f47d7c90b8
w14-lb125-r2_5,lab_3d_w14_lb_ratio,14,125,2.5,7.5,3.0,92d54c694d0192abe4fed3897c943dd9f0477465e06db0898e2986c4f927d593,83,83,0.3253012048192771084337349398,1.094103280671092988831894880,11.50000000000000107131902432,11.50000000000000107131902432,0.01923484316169658290993707531,-0.0643261865354534225943127600,52,0.3461538461538461538461538462,11.00000000000000174497592531,11.00000000000000174497592531,31,0.2903225806451612903225806452,0.499999999999999326343099020,0.499999999999999326343099020,run_11e7a7b60dda4183af0da9dcc6abc30b,ema_pullback:029dee32b460e220800c1080
w14-lb125-r2_75,lab_3d_w14_lb_ratio,14,125,2.75,8.25,3.0,92d54c694d0192abe4fed3897c943dd9f0477465e06db0898e2986c4f927d593,83,83,0.3132530120481927710843373494,1.077882198792737185739804750,14.50000000000000373208895490,14.50000000000000373208895490,0.01648146171217813037528023349,-0.0620541715363570912884892653,52,0.3269230769230769230769230769,11.75000000000000266520964205,11.75000000000000266520964205,31,0.2903225806451612903225806452,2.750000000000001066879312866,2.750000000000001066879312866,run_32a4d481b14947749c65f2963084b8fd,ema_pullback:c0055ef070faffeb362c17bd
w14-lb125-r3_0,lab_3d_w14_lb_ratio,14,125,3.0,9.0,3.0,92d54c694d0192abe4fed3897c943dd9f0477465e06db0898e2986c4f927d593,83,83,0.3012048192771084337349397590,1.076929128659257356690963709,17.00000000000000225939275149,17.00000000000000225939275149,0.01681046955500086984341582277,-0.0597785077454866068059669487,52,0.3076923076923076923076923077,12.00000000000000196512988834,12.00000000000000196512988834,31,0.2903225806451612903225806452,5.000000000000000294262863163,5.000000000000000294262863163,run_dee8ec0e53cd47329f6fa7185a80dec4,ema_pullback:43e906df749dc4152b8f664a
w14-lb125-r3_25,lab_3d_w14_lb_ratio,14,125,3.25,9.75,3.0,92d54c694d0192abe4fed3897c943dd9f0477465e06db0898e2986c4f927d593,83,83,0.2891566265060240963855421687,1.128257256408237130267593580,19.00000000000000008724566258,19.00000000000000008724566258,0.0283441509174782551043814428,-0.0574991922531137620111123015,52,0.2884615384615384615384615385,11.75000000000000088732062970,11.75000000000000088732062970,31,0.2903225806451612903225806452,7.249999999999999199925032880,7.249999999999999199925032880,run_05d55d6c2b4f4b68a21c2fcfa528f534,ema_pullback:8ea0abd7b18d7697dd4bf188
w14-lb125-r3_5,lab_3d_w14_lb_ratio,14,125,3.5,10.5,3.0,92d54c694d0192abe4fed3897c943dd9f0477465e06db0898e2986c4f927d593,83,83,0.2530120481927710843373493976,1.058269593222395863464481275,11.50000000000000245100032142,11.50000000000000245100032142,0.01335701564119663117399584745,-0.0552162221495103413762105493,52,0.25,6.50000000000000215640466455,6.50000000000000215640466455,31,0.2580645161290322580645161290,5.000000000000000294595656860,5.000000000000000294595656860,run_54185432978d4569835c3c09b657012f,ema_pullback:b6cf88d6fa95e72d632f8af7
w14-lb125-r3_75,lab_3d_w14_lb_ratio,14,125,3.75,11.25,3.0,92d54c694d0192abe4fed3897c943dd9f0477465e06db0898e2986c4f927d593,83,83,0.2409638554216867469879518072,1.090356324748970612199001132,12.00000000000000200570745969,12.00000000000000200570745969,0.02099765229243075995952171202,-0.0529295945249481443039825546,52,0.2307692307692307692307692308,5.00000000000000097149086891,5.00000000000000097149086891,31,0.2580645161290322580645161290,7.000000000000001034216590784,7.000000000000001034216590784,run_7ed0975e277e466baf87a7be1d45afad,ema_pullback:c6de90d1de8c0a6fc535838b
w14-lb125-r4_0,lab_3d_w14_lb_ratio,14,125,4.0,12.0,3.0,92d54c694d0192abe4fed3897c943dd9f0477465e06db0898e2986c4f927d593,83,83,0.2409638554216867469879518072,1.161548501073708921906166668,16.99999999999999939252511225,16.99999999999999939252511225,0.03787752125293323170521759636,-0.0506393064696989599392536146,52,0.2307692307692307692307692308,7.99999999999999934616301303,7.99999999999999934616301303,31,0.2580645161290322580645161290,9.000000000000000046362099218,9.000000000000000046362099218,run_f5134a1728634adf9c1fccff595f8c29,ema_pullback:b942105a8098633d98b7be23
w14-lb125-r4_25,lab_3d_w14_lb_ratio,14,125,4.25,12.75,3.0,92d54c694d0192abe4fed3897c943dd9f0477465e06db0898e2986c4f927d593,83,83,0.2409638554216867469879518072,1.232560287523525543712384657,22.00000000000000288789308135,22.00000000000000288789308135,0.05501544701401810831954683331,-0.0483453550740345689696519968,52,0.2307692307692307692307692308,11.00000000000000237582197275,11.00000000000000237582197275,31,0.2580645161290322580645161290,11.00000000000000051207110862,11.00000000000000051207110862,run_f8acd9492dd143e8962f40b60f0bb938,ema_pullback:afe6f4bd7ab715dfd5872f5f
w14-lb125-r4_5,lab_3d_w14_lb_ratio,14,125,4.5,13.5,3.0,92d54c694d0192abe4fed3897c943dd9f0477465e06db0898e2986c4f927d593,83,83,0.2289156626506024096385542169,1.277531797343853588788723923,21.50000000000000230935046555,21.50000000000000230935046555,0.0663776263511745852270077487,-0.0474423219576202773453476141,52,0.2307692307692307692307692308,14.00000000000000162961681153,14.00000000000000162961681153,31,0.2258064516129032258064516129,7.500000000000000679733654024,7.500000000000000679733654024,run_435548e53f504041af2a6a58617c53bf,ema_pullback:70011c10596d8ab6362b988e
w14-lb125-r4_75,lab_3d_w14_lb_ratio,14,125,4.75,14.25,3.0,92d54c694d0192abe4fed3897c943dd9f0477465e06db0898e2986c4f927d593,83,83,0.2168674698795180722891566265,1.200180530015301569575927249,20.50000000000000110274168259,20.50000000000000110274168259,0.04870550948193897935326210593,-0.0742857184299274107493329158,52,0.2307692307692307692307692308,17.00000000000000151683076869,17.00000000000000151683076869,31,0.1935483870967741935483870968,3.499999999999999585910913909,3.499999999999999585910913909,run_50175af2b68d4646891e9adf6ccb51c3,ema_pullback:9ad16ff0150ad73a238cdd5a
w14-lb125-r5_0,lab_3d_w14_lb_ratio,14,125,5.0,15.0,3.0,92d54c694d0192abe4fed3897c943dd9f0477465e06db0898e2986c4f927d593,83,83,0.2168674698795180722891566265,1.261720997250480764455749353,25.00000000000000186302411165,25.00000000000000186302411165,0.06419358289631475179295472109,-0.0737917175452590167003744154,52,0.2307692307692307692307692308,20.00000000000000304820418072,20.00000000000000304820418072,31,0.1935483870967741935483870968,4.999999999999998814819930932,4.999999999999998814819930932,run_5dd8f7f2e22547298129f76e0d0c1e4b,ema_pullback:823b3822d1f14b6674441b8b
w14-lb130-r2_0,lab_3d_w14_lb_ratio,14,130,2.0,6.0,3.0,92d54c694d0192abe4fed3897c943dd9f0477465e06db0898e2986c4f927d593,83,83,0.3734939759036144578313253012,1.156528143015866004010402085,10.00000000000000007766168251,10.00000000000000007766168251,0.02930220873190152215005747781,-0.0439738413069427801005391637,52,0.4230769230769230769230769231,14.00000000000000014243967995,14.00000000000000014243967995,31,0.2903225806451612903225806452,-4.000000000000000064777997437,-4.000000000000000064777997437,run_20ff4658089e40d1b85ca7068f18790a,ema_pullback:d5ef5082935987157f0eda95
w14-lb130-r2_25,lab_3d_w14_lb_ratio,14,130,2.25,6.75,3.0,92d54c694d0192abe4fed3897c943dd9f0477465e06db0898e2986c4f927d593,83,83,0.3373493975903614457831325301,1.060911618751862029352134973,8.00000000000000114455252081,8.00000000000000114455252081,0.01208235973176620010532412447,-0.0665945556525038087925662954,52,0.3653846153846153846153846154,9.75000000000000064071720464,9.75000000000000064071720464,31,0.2903225806451612903225806452,-1.749999999999999496164683834,-1.749999999999999496164683834,run_a3918d9e915c47bb9b41806c078776a0,ema_pullback:0a19a27e9de2280acf7a900c
w14-lb130-r2_5,lab_3d_w14_lb_ratio,14,130,2.5,7.5,3.0,92d54c694d0192abe4fed3897c943dd9f0477465e06db0898e2986c4f927d593,83,83,0.3253012048192771084337349398,1.094103280671092988831894880,11.50000000000000107131902432,11.50000000000000107131902432,0.01923484316169658290993707531,-0.0643261865354534225943127600,52,0.3461538461538461538461538462,11.00000000000000174497592531,11.00000000000000174497592531,31,0.2903225806451612903225806452,0.499999999999999326343099020,0.499999999999999326343099020,run_c8c358a94ba24756b9517760a3c9237b,ema_pullback:7f434779c5865b6d0deb6cef
w14-lb130-r2_75,lab_3d_w14_lb_ratio,14,130,2.75,8.25,3.0,92d54c694d0192abe4fed3897c943dd9f0477465e06db0898e2986c4f927d593,83,83,0.3132530120481927710843373494,1.077882198792737185739804750,14.50000000000000373208895490,14.50000000000000373208895490,0.01648146171217813037528023349,-0.0620541715363570912884892653,52,0.3269230769230769230769230769,11.75000000000000266520964205,11.75000000000000266520964205,31,0.2903225806451612903225806452,2.750000000000001066879312866,2.750000000000001066879312866,run_9160ca349adb4f00bdd139e7817cf175,ema_pullback:b929dd266c5041f921de4785
w14-lb130-r3_0,lab_3d_w14_lb_ratio,14,130,3.0,9.0,3.0,92d54c694d0192abe4fed3897c943dd9f0477465e06db0898e2986c4f927d593,83,83,0.3012048192771084337349397590,1.076929128659257356690963709,17.00000000000000225939275149,17.00000000000000225939275149,0.01681046955500086984341582277,-0.0597785077454866068059669487,52,0.3076923076923076923076923077,12.00000000000000196512988834,12.00000000000000196512988834,31,0.2903225806451612903225806452,5.000000000000000294262863163,5.000000000000000294262863163,run_3a0da84bb791445e9ea8aa0ff73c112a,ema_pullback:1bf93e72cf5633db6cd32fa8
w14-lb130-r3_25,lab_3d_w14_lb_ratio,14,130,3.25,9.75,3.0,92d54c694d0192abe4fed3897c943dd9f0477465e06db0898e2986c4f927d593,83,83,0.2891566265060240963855421687,1.128257256408237130267593580,19.00000000000000008724566258,19.00000000000000008724566258,0.0283441509174782551043814428,-0.0574991922531137620111123015,52,0.2884615384615384615384615385,11.75000000000000088732062970,11.75000000000000088732062970,31,0.2903225806451612903225806452,7.249999999999999199925032880,7.249999999999999199925032880,run_9229a11efd704cb7ae3a8889a45d8ee9,ema_pullback:614451b7cb244534a643d646
w14-lb130-r3_5,lab_3d_w14_lb_ratio,14,130,3.5,10.5,3.0,92d54c694d0192abe4fed3897c943dd9f0477465e06db0898e2986c4f927d593,83,83,0.2530120481927710843373493976,1.058269593222395863464481275,11.50000000000000245100032142,11.50000000000000245100032142,0.01335701564119663117399584745,-0.0552162221495103413762105493,52,0.25,6.50000000000000215640466455,6.50000000000000215640466455,31,0.2580645161290322580645161290,5.000000000000000294595656860,5.000000000000000294595656860,run_80d9c04d64d845b8a8613cc8dd3a9e87,ema_pullback:1a1e29d2687e36be102b59ab
w14-lb130-r3_75,lab_3d_w14_lb_ratio,14,130,3.75,11.25,3.0,92d54c694d0192abe4fed3897c943dd9f0477465e06db0898e2986c4f927d593,83,83,0.2409638554216867469879518072,1.090356324748970612199001132,12.00000000000000200570745969,12.00000000000000200570745969,0.02099765229243075995952171202,-0.0529295945249481443039825546,52,0.2307692307692307692307692308,5.00000000000000097149086891,5.00000000000000097149086891,31,0.2580645161290322580645161290,7.000000000000001034216590784,7.000000000000001034216590784,run_ad7153bd7cc548708e966f0c451b4b6e,ema_pullback:54bd1783ef2887b86a600828
w14-lb130-r4_0,lab_3d_w14_lb_ratio,14,130,4.0,12.0,3.0,92d54c694d0192abe4fed3897c943dd9f0477465e06db0898e2986c4f927d593,83,83,0.2409638554216867469879518072,1.161548501073708921906166668,16.99999999999999939252511225,16.99999999999999939252511225,0.03787752125293323170521759636,-0.0506393064696989599392536146,52,0.2307692307692307692307692308,7.99999999999999934616301303,7.99999999999999934616301303,31,0.2580645161290322580645161290,9.000000000000000046362099218,9.000000000000000046362099218,run_384527ecc9a5430f9c4b9973c12e5319,ema_pullback:c520710e54ee18e8ef80dfd9
w14-lb130-r4_25,lab_3d_w14_lb_ratio,14,130,4.25,12.75,3.0,92d54c694d0192abe4fed3897c943dd9f0477465e06db0898e2986c4f927d593,83,83,0.2409638554216867469879518072,1.232560287523525543712384657,22.00000000000000288789308135,22.00000000000000288789308135,0.05501544701401810831954683331,-0.0483453550740345689696519968,52,0.2307692307692307692307692308,11.00000000000000237582197275,11.00000000000000237582197275,31,0.2580645161290322580645161290,11.00000000000000051207110862,11.00000000000000051207110862,run_3989a1b55c84407eac0752e1a52b45ae,ema_pullback:6581d6d6df23603731cc19db
w14-lb130-r4_5,lab_3d_w14_lb_ratio,14,130,4.5,13.5,3.0,92d54c694d0192abe4fed3897c943dd9f0477465e06db0898e2986c4f927d593,83,83,0.2289156626506024096385542169,1.277531797343853588788723923,21.50000000000000230935046555,21.50000000000000230935046555,0.0663776263511745852270077487,-0.0474423219576202773453476141,52,0.2307692307692307692307692308,14.00000000000000162961681153,14.00000000000000162961681153,31,0.2258064516129032258064516129,7.500000000000000679733654024,7.500000000000000679733654024,run_626bb1d0356b418c910c28541f93d865,ema_pullback:2bf24a66d76d4be9074792ad
w14-lb130-r4_75,lab_3d_w14_lb_ratio,14,130,4.75,14.25,3.0,92d54c694d0192abe4fed3897c943dd9f0477465e06db0898e2986c4f927d593,83,83,0.2168674698795180722891566265,1.200180530015301569575927249,20.50000000000000110274168259,20.50000000000000110274168259,0.04870550948193897935326210593,-0.0742857184299274107493329158,52,0.2307692307692307692307692308,17.00000000000000151683076869,17.00000000000000151683076869,31,0.1935483870967741935483870968,3.499999999999999585910913909,3.499999999999999585910913909,run_b9a8a2829d9645869a3a54cf1f7fc253,ema_pullback:58c1b77b58c9d1acbea940ef
w14-lb130-r5_0,lab_3d_w14_lb_ratio,14,130,5.0,15.0,3.0,92d54c694d0192abe4fed3897c943dd9f0477465e06db0898e2986c4f927d593,83,83,0.2168674698795180722891566265,1.261720997250480764455749353,25.00000000000000186302411165,25.00000000000000186302411165,0.06419358289631475179295472109,-0.0737917175452590167003744154,52,0.2307692307692307692307692308,20.00000000000000304820418072,20.00000000000000304820418072,31,0.1935483870967741935483870968,4.999999999999998814819930932,4.999999999999998814819930932,run_f328a2ee3bf34fc8af81a6751df37377,ema_pullback:c4fb8a6148c30c560a8bfb7d
w14-lb135-r2_0,lab_3d_w14_lb_ratio,14,135,2.0,6.0,3.0,92d54c694d0192abe4fed3897c943dd9f0477465e06db0898e2986c4f927d593,83,83,0.3734939759036144578313253012,1.156528143015866004010402085,10.00000000000000007766168251,10.00000000000000007766168251,0.02930220873190152215005747781,-0.0439738413069427801005391637,52,0.4230769230769230769230769231,14.00000000000000014243967995,14.00000000000000014243967995,31,0.2903225806451612903225806452,-4.000000000000000064777997437,-4.000000000000000064777997437,run_1716a1494dcc4068b82e63a58c29bb7c,ema_pullback:69b1d91aa91f0c800f448075
w14-lb135-r2_25,lab_3d_w14_lb_ratio,14,135,2.25,6.75,3.0,92d54c694d0192abe4fed3897c943dd9f0477465e06db0898e2986c4f927d593,83,83,0.3373493975903614457831325301,1.060911618751862029352134973,8.00000000000000114455252081,8.00000000000000114455252081,0.01208235973176620010532412447,-0.0665945556525038087925662954,52,0.3653846153846153846153846154,9.75000000000000064071720464,9.75000000000000064071720464,31,0.2903225806451612903225806452,-1.749999999999999496164683834,-1.749999999999999496164683834,run_b37244df0a6f4e6a902d27c85cc8cc38,ema_pullback:4fe96e570cb4bc63aceba34a
w14-lb135-r2_5,lab_3d_w14_lb_ratio,14,135,2.5,7.5,3.0,92d54c694d0192abe4fed3897c943dd9f0477465e06db0898e2986c4f927d593,83,83,0.3253012048192771084337349398,1.094103280671092988831894880,11.50000000000000107131902432,11.50000000000000107131902432,0.01923484316169658290993707531,-0.0643261865354534225943127600,52,0.3461538461538461538461538462,11.00000000000000174497592531,11.00000000000000174497592531,31,0.2903225806451612903225806452,0.499999999999999326343099020,0.499999999999999326343099020,run_d81d694fa87745ceb10de8c59f548b2b,ema_pullback:720a266a03d1068bc19f4472
w14-lb135-r2_75,lab_3d_w14_lb_ratio,14,135,2.75,8.25,3.0,92d54c694d0192abe4fed3897c943dd9f0477465e06db0898e2986c4f927d593,83,83,0.3132530120481927710843373494,1.077882198792737185739804750,14.50000000000000373208895490,14.50000000000000373208895490,0.01648146171217813037528023349,-0.0620541715363570912884892653,52,0.3269230769230769230769230769,11.75000000000000266520964205,11.75000000000000266520964205,31,0.2903225806451612903225806452,2.750000000000001066879312866,2.750000000000001066879312866,run_cbb910a2e0314fc5b71d02a61882e2b2,ema_pullback:d9ccf0d76bd615fbfee4e388
w14-lb135-r3_0,lab_3d_w14_lb_ratio,14,135,3.0,9.0,3.0,92d54c694d0192abe4fed3897c943dd9f0477465e06db0898e2986c4f927d593,83,83,0.3012048192771084337349397590,1.076929128659257356690963709,17.00000000000000225939275149,17.00000000000000225939275149,0.01681046955500086984341582277,-0.0597785077454866068059669487,52,0.3076923076923076923076923077,12.00000000000000196512988834,12.00000000000000196512988834,31,0.2903225806451612903225806452,5.000000000000000294262863163,5.000000000000000294262863163,run_59d38178b448419db54ee39814551c8f,ema_pullback:799d0c93a6b292223f685d0b
w14-lb135-r3_25,lab_3d_w14_lb_ratio,14,135,3.25,9.75,3.0,92d54c694d0192abe4fed3897c943dd9f0477465e06db0898e2986c4f927d593,83,83,0.2891566265060240963855421687,1.128257256408237130267593580,19.00000000000000008724566258,19.00000000000000008724566258,0.0283441509174782551043814428,-0.0574991922531137620111123015,52,0.2884615384615384615384615385,11.75000000000000088732062970,11.75000000000000088732062970,31,0.2903225806451612903225806452,7.249999999999999199925032880,7.249999999999999199925032880,run_c5b564e53da44f4b9fd39add1c011b5f,ema_pullback:79bf6423482d77c1ca2ba56a
w14-lb135-r3_5,lab_3d_w14_lb_ratio,14,135,3.5,10.5,3.0,92d54c694d0192abe4fed3897c943dd9f0477465e06db0898e2986c4f927d593,83,83,0.2530120481927710843373493976,1.058269593222395863464481275,11.50000000000000245100032142,11.50000000000000245100032142,0.01335701564119663117399584745,-0.0552162221495103413762105493,52,0.25,6.50000000000000215640466455,6.50000000000000215640466455,31,0.2580645161290322580645161290,5.000000000000000294595656860,5.000000000000000294595656860,run_cd4b4fac3e064b188b4f3eb536028a13,ema_pullback:9d87216a63868f4851428cf0
w14-lb135-r3_75,lab_3d_w14_lb_ratio,14,135,3.75,11.25,3.0,92d54c694d0192abe4fed3897c943dd9f0477465e06db0898e2986c4f927d593,83,83,0.2409638554216867469879518072,1.090356324748970612199001132,12.00000000000000200570745969,12.00000000000000200570745969,0.02099765229243075995952171202,-0.0529295945249481443039825546,52,0.2307692307692307692307692308,5.00000000000000097149086891,5.00000000000000097149086891,31,0.2580645161290322580645161290,7.000000000000001034216590784,7.000000000000001034216590784,run_47ec09966cab444db80e7f3aa142c3ca,ema_pullback:c4a23bdafe91258ceeb39042
w14-lb135-r4_0,lab_3d_w14_lb_ratio,14,135,4.0,12.0,3.0,92d54c694d0192abe4fed3897c943dd9f0477465e06db0898e2986c4f927d593,83,83,0.2409638554216867469879518072,1.161548501073708921906166668,16.99999999999999939252511225,16.99999999999999939252511225,0.03787752125293323170521759636,-0.0506393064696989599392536146,52,0.2307692307692307692307692308,7.99999999999999934616301303,7.99999999999999934616301303,31,0.2580645161290322580645161290,9.000000000000000046362099218,9.000000000000000046362099218,run_af5c2bc77ffe48bfaa8e88af9cebcc62,ema_pullback:06b7c7db9549ef35825cc167
w14-lb135-r4_25,lab_3d_w14_lb_ratio,14,135,4.25,12.75,3.0,92d54c694d0192abe4fed3897c943dd9f0477465e06db0898e2986c4f927d593,83,83,0.2409638554216867469879518072,1.232560287523525543712384657,22.00000000000000288789308135,22.00000000000000288789308135,0.05501544701401810831954683331,-0.0483453550740345689696519968,52,0.2307692307692307692307692308,11.00000000000000237582197275,11.00000000000000237582197275,31,0.2580645161290322580645161290,11.00000000000000051207110862,11.00000000000000051207110862,run_f1e96685cbed450d9b66bb609955902b,ema_pullback:1f8b2452b134daad4e2ebcdb
w14-lb135-r4_5,lab_3d_w14_lb_ratio,14,135,4.5,13.5,3.0,92d54c694d0192abe4fed3897c943dd9f0477465e06db0898e2986c4f927d593,83,83,0.2289156626506024096385542169,1.277531797343853588788723923,21.50000000000000230935046555,21.50000000000000230935046555,0.0663776263511745852270077487,-0.0474423219576202773453476141,52,0.2307692307692307692307692308,14.00000000000000162961681153,14.00000000000000162961681153,31,0.2258064516129032258064516129,7.500000000000000679733654024,7.500000000000000679733654024,run_4fb685a991da4067ba111aef1c52a938,ema_pullback:424d6cfb458efe2997047e3a
w14-lb135-r4_75,lab_3d_w14_lb_ratio,14,135,4.75,14.25,3.0,92d54c694d0192abe4fed3897c943dd9f0477465e06db0898e2986c4f927d593,83,83,0.2168674698795180722891566265,1.200180530015301569575927249,20.50000000000000110274168259,20.50000000000000110274168259,0.04870550948193897935326210593,-0.0742857184299274107493329158,52,0.2307692307692307692307692308,17.00000000000000151683076869,17.00000000000000151683076869,31,0.1935483870967741935483870968,3.499999999999999585910913909,3.499999999999999585910913909,run_61e486800fc64968b156c02f12e9fb97,ema_pullback:5fe9351c2f844a9b138e1940
w14-lb135-r5_0,lab_3d_w14_lb_ratio,14,135,5.0,15.0,3.0,92d54c694d0192abe4fed3897c943dd9f0477465e06db0898e2986c4f927d593,83,83,0.2168674698795180722891566265,1.261720997250480764455749353,25.00000000000000186302411165,25.00000000000000186302411165,0.06419358289631475179295472109,-0.0737917175452590167003744154,52,0.2307692307692307692307692308,20.00000000000000304820418072,20.00000000000000304820418072,31,0.1935483870967741935483870968,4.999999999999998814819930932,4.999999999999998814819930932,run_f8805443b63f4cb9b7bf54d7e0a7337c,ema_pullback:57895b04df796508cfcda1b9
w14-lb140-r2_0,lab_3d_w14_lb_ratio,14,140,2.0,6.0,3.0,92d54c694d0192abe4fed3897c943dd9f0477465e06db0898e2986c4f927d593,81,81,0.3703703703703703703703703704,1.133489716774778009583497122,8.99999999999999999409865730,8.99999999999999999409865730,0.0249127698687656237422893507,-0.0439738413069427801005391637,50,0.42,13.00000000000000005887665474,13.00000000000000005887665474,31,0.2903225806451612903225806452,-4.000000000000000064777997437,-4.000000000000000064777997437,run_06decc0110c64544b9eb3fc59e25ef87,ema_pullback:310f2dd93fa30fc5f11ffbcf
w14-lb140-r2_25,lab_3d_w14_lb_ratio,14,140,2.25,6.75,3.0,92d54c694d0192abe4fed3897c943dd9f0477465e06db0898e2986c4f927d593,81,81,0.3333333333333333333333333333,1.036233778470763956393086417,6.750000000000000998317226692,6.750000000000000998317226692,0.007166586649193934092251842648,-0.0665945556525038087925662954,50,0.36,8.50000000000000049448191052,8.50000000000000049448191052,31,0.2903225806451612903225806452,-1.749999999999999496164683835,-1.749999999999999496164683835,run_037941f919754a18b02c367cbe288c41,ema_pullback:8f2f2e273c46d5c5293a84cf
w14-lb140-r2_5,lab_3d_w14_lb_ratio,14,140,2.5,7.5,3.0,92d54c694d0192abe4fed3897c943dd9f0477465e06db0898e2986c4f927d593,81,81,0.3209876543209876543209876543,1.067123517121938205140521103,10.00000000000000086241146129,10.00000000000000086241146129,0.0136810418122554611664223389,-0.0643261865354534225943127600,50,0.34,9.50000000000000153606836228,9.50000000000000153606836228,31,0.2903225806451612903225806452,0.499999999999999326343099019,0.499999999999999326343099019,run_2b1d01167c0445e5aa78dad7c921080e,ema_pullback:7a61fc92dfb4ac105aea2731
w14-lb140-r2_75,lab_3d_w14_lb_ratio,14,140,2.75,8.25,3.0,92d54c694d0192abe4fed3897c943dd9f0477465e06db0898e2986c4f927d593,81,81,0.3086419753086419753086419753,1.049005357331632591249627582,12.75000000000000366941668599,12.75000000000000366941668599,0.01034172051944137892800232332,-0.0620541715363570912884892653,50,0.32,10.00000000000000260253737314,10.00000000000000260253737314,31,0.2903225806451612903225806452,2.750000000000001066879312866,2.750000000000001066879312866,run_bd994694f7054f2289da3df8e9e9e52f,ema_pullback:182675e06b940649f977c3e3
w14-lb140-r3_0,lab_3d_w14_lb_ratio,14,140,3.0,9.0,3.0,92d54c694d0192abe4fed3897c943dd9f0477465e06db0898e2986c4f927d593,81,81,0.2962962962962962962962962963,1.046201100872834238939149650,15.00000000000000234295577670,15.00000000000000234295577670,0.01006831784322518741603715701,-0.0597785077454866068059669487,50,0.3,10.00000000000000204869291355,10.00000000000000204869291355,31,0.2903225806451612903225806452,5.000000000000000294262863162,5.000000000000000294262863162,run_4fa90b2607a14147b792cb526ead4466,ema_pullback:cb5cc89267264b1327ef0efa
w14-lb140-r3_25,lab_3d_w14_lb_ratio,14,140,3.25,9.75,3.0,92d54c694d0192abe4fed3897c943dd9f0477465e06db0898e2986c4f927d593,81,81,0.2839506172839506172839506173,1.094920065635226627822474318,16.75000000000000010813641888,16.75000000000000010813641888,0.02091901019608455981029002871,-0.0574991922531137620111123015,50,0.28,9.50000000000000090821138600,9.50000000000000090821138600,31,0.2903225806451612903225806452,7.249999999999999199925032879,7.249999999999999199925032879,run_7d728158c0e54514874ad38aeb916b33,ema_pullback:b7b36af2001352b6e85f99e3
w14-lb140-r3_5,lab_3d_w14_lb_ratio,14,140,3.5,10.5,3.0,92d54c694d0192abe4fed3897c943dd9f0477465e06db0898e2986c4f927d593,81,81,0.2592592592592592592592592593,1.072021105330187728342158816,13.50000000000000245100032142,13.50000000000000245100032142,0.0162980432401578048287144844,-0.0552162221495103413762105493,50,0.26,8.50000000000000215640466455,8.50000000000000215640466455,31,0.2580645161290322580645161290,5.000000000000000294595656861,5.000000000000000294595656861,run_59d2ac4ecce14d39ad29ee978b3848a9,ema_pullback:f4960c520ef80a30ca4379d2
w14-lb140-r3_75,lab_3d_w14_lb_ratio,14,140,3.75,11.25,3.0,92d54c694d0192abe4fed3897c943dd9f0477465e06db0898e2986c4f927d593,81,81,0.2469135802469135802469135802,1.104435003307818628541035564,14.00000000000000200570745969,14.00000000000000200570745969,0.02396085502110245842242547487,-0.0529295945249481443039825546,50,0.24,7.00000000000000097149086891,7.00000000000000097149086891,31,0.2580645161290322580645161290,7.000000000000001034216590782,7.000000000000001034216590782,run_2c57e4b9f1884ffa83ffa4104086c320,ema_pullback:3c8c382f02f674bd84f8b8df
w14-lb140-r4_0,lab_3d_w14_lb_ratio,14,140,4.0,12.0,3.0,92d54c694d0192abe4fed3897c943dd9f0477465e06db0898e2986c4f927d593,81,81,0.2469135802469135802469135802,1.176657594053292474171123227,18.99999999999999939252511225,18.99999999999999939252511225,0.04088971378452080945485003982,-0.0506393064696989599392536146,50,0.24,9.99999999999999934616301303,9.99999999999999934616301303,31,0.2580645161290322580645161290,9.000000000000000046362099216,9.000000000000000046362099216,run_43963195c5a64a1898cf067c2eb2cef6,ema_pullback:636a65605f2d9bf02eb235ed
w14-lb140-r4_25,lab_3d_w14_lb_ratio,14,140,4.25,12.75,3.0,92d54c694d0192abe4fed3897c943dd9f0477465e06db0898e2986c4f927d593,81,81,0.2469135802469135802469135802,1.248711468690924457195559429,24.00000000000000288789308135,24.00000000000000288789308135,0.05807737829697793169325734255,-0.0483453550740345689696519968,50,0.24,13.00000000000000237582197275,13.00000000000000237582197275,31,0.2580645161290322580645161290,11.00000000000000051207110862,11.00000000000000051207110862,run_7725bfaf903d48a791db8333dfde93d1,ema_pullback:bcd116dba12ca28f3b7b148e
w14-lb140-r4_5,lab_3d_w14_lb_ratio,14,140,4.5,13.5,3.0,92d54c694d0192abe4fed3897c943dd9f0477465e06db0898e2986c4f927d593,81,81,0.2345679012345679012345679012,1.294265595194690115076261935,23.50000000000000230935046555,23.50000000000000230935046555,0.06947253365591068204842897285,-0.0474423219576202773453476141,50,0.24,16.00000000000000162961681153,16.00000000000000162961681153,31,0.2258064516129032258064516129,7.500000000000000679733654024,7.500000000000000679733654024,run_859913fda2644018b364f2c9edcb82d0,ema_pullback:7446fba13105ed6c1548fbe2
w14-lb140-r4_75,lab_3d_w14_lb_ratio,14,140,4.75,14.25,3.0,92d54c694d0192abe4fed3897c943dd9f0477465e06db0898e2986c4f927d593,81,81,0.2222222222222222222222222222,1.215373453821072378207638768,22.50000000000000110274168259,22.50000000000000110274168259,0.05174912767272780376139879322,-0.0742857184299274107493329158,50,0.24,19.00000000000000151683076869,19.00000000000000151683076869,31,0.1935483870967741935483870968,3.499999999999999585910913908,3.499999999999999585910913908,run_a0c9b1b4fabe4dc1bff981c6ad414e49,ema_pullback:235a91b5cb2b473dd07969a5
w14-lb140-r5_0,lab_3d_w14_lb_ratio,14,140,5.0,15.0,3.0,92d54c694d0192abe4fed3897c943dd9f0477465e06db0898e2986c4f927d593,81,81,0.2222222222222222222222222222,1.277796912509287779488777820,27.00000000000000186302411165,27.00000000000000186302411165,0.06728215153463918031321802854,-0.0737917175452590167003744154,50,0.24,22.00000000000000304820418072,22.00000000000000304820418072,31,0.1935483870967741935483870968,4.999999999999998814819930930,4.999999999999998814819930930,run_a78bc69ae2df4124add0ab78d07f8198,ema_pullback:28c0e9bcef687c9e93d3c06c
