candidate_id,source_batch_id,untouched_lookback,market_data_hash,realised_trade_count,r_eligible_trade_count,win_rate,profit_factor,cumulative_gross_r,cumulative_net_r,return_pct,max_drawdown_pct,long_trades,long_win_rate,long_cumulative_gross_r,long_cumulative_net_r,short_trades,short_win_rate,short_cumulative_gross_r,short_cumulative_net_r,run_id,instance_id
lookback-001,eth_ema200_untouched_anchor_sweep,1,5f9b0e2918a2d95b6e3938fff08994062981948222fcb6403259781603c86b4c,3778,3778,0.4997353096876654314452091053,0.9861627447343177334184785849,-2,-2,-0.2941412329481816612745916902,-0.7003891377616098590757510993,2025,0.5061728395061728395061728395,25,25,1753,0.4922989161437535653166001141,-27,-27,run_cd491ffad1654fb5bae2e441631528f7,ema_pullback:7ec8fd54cac20f8d696e840a
lookback-002,eth_ema200_untouched_anchor_sweep,2,5f9b0e2918a2d95b6e3938fff08994062981948222fcb6403259781603c86b4c,3606,3606,0.5,0.9852675310646934863788044773,0,0,-0.2951636487259458222716022987,-0.6951372643190630385791446393,1933,0.5069839627521986549405069840,27,27,1673,0.4919306634787806335923490735,-27,-27,run_ef46cce1b29f4d5fa95301d3a530056e,ema_pullback:03ace08619ea11f17e1e95f8
lookback-003,eth_ema200_untouched_anchor_sweep,3,5f9b0e2918a2d95b6e3938fff08994062981948222fcb6403259781603c86b4c,3507,3507,0.4975762760193897918448816652,0.9787408872097180351782553035,-17,-17,-0.3835351585544182656316881494,-0.7085458826229040965853326128,1888,0.5074152542372881355932203390,28,28,1619,0.4861025324274243360098826436,-45,-45,run_d063dd3f8ba84fe9b5714c8dbd07defd,ema_pullback:e9961e874cf28c0c14dc2c09
lookback-004,eth_ema200_untouched_anchor_sweep,4,5f9b0e2918a2d95b6e3938fff08994062981948222fcb6403259781603c86b4c,3405,3405,0.4980910425844346549192364170,0.9829625802814175184080519587,-13,-13,-0.2920497176512421859128298725,-0.6488443444009692711080718002,1842,0.5081433224755700325732899023,30,30,1563,0.4862444017914267434420985285,-43,-43,run_9a9362b905fb4d888a8cd541265fc681,ema_pullback:420b04e5a0e5eddb95b58c91
lookback-005,eth_ema200_untouched_anchor_sweep,5,5f9b0e2918a2d95b6e3938fff08994062981948222fcb6403259781603c86b4c,3325,3325,0.5001503759398496240601503759,0.9886385335025585449533291309,1,1,-0.2025180933787533829575414215,-0.6185968605707062897679388376,1799,0.5125069483046136742634797110,45,45,1526,0.4855832241153342070773263434,-44,-44,run_bed1f886ef0a4cedb27ea3466df1a26e,ema_pullback:e515bddf0ae4179801d22d1f
lookback-006,eth_ema200_untouched_anchor_sweep,6,5f9b0e2918a2d95b6e3938fff08994062981948222fcb6403259781603c86b4c,3257,3257,0.4995394534848019649984648449,0.9880546343730916904307710654,-3,-3,-0.2100370260541763281823727943,-0.6381154586598327298389323123,1765,0.5116147308781869688385269122,41,41,1492,0.4852546916890080428954423592,-44,-44,run_cd88eb95731642b695085d6068065ecf,ema_pullback:636f162de8987926fece8440
lookback-007,eth_ema200_untouched_anchor_sweep,7,5f9b0e2918a2d95b6e3938fff08994062981948222fcb6403259781603c86b4c,3199,3199,0.5004688965301656767739918725,0.9895457861328220607392967088,3,3,-0.1845792811425615989579121954,-0.6477255871591222872193673200,1737,0.5123776626367299942429476108,43,43,1462,0.4863201094391244870041039672,-40,-40,run_91b4ffddff4c499ba38c7c0d59add997,ema_pullback:7fdfa0683db818e99eb98fe6
lookback-008,eth_ema200_untouched_anchor_sweep,8,5f9b0e2918a2d95b6e3938fff08994062981948222fcb6403259781603c86b4c,3157,3157,0.5020589166930630345264491606,0.9928319365209389342646526463,13,13,-0.1242264651263640534330129681,-0.6366656013135008959039534550,1717,0.5136866627839254513686662784,47,47,1440,0.4881944444444444444444444444,-34,-34,run_88d4622460ad4e3d8b6c6d08245a028d,ema_pullback:a0592655c3828d576639b035
lookback-009,eth_ema200_untouched_anchor_sweep,9,5f9b0e2918a2d95b6e3938fff08994062981948222fcb6403259781603c86b4c,3112,3112,0.5019280205655526992287917738,0.9914502341532318512930159535,12,12,-0.1445562553957779500748373038,-0.6523776596736765192783461857,1693,0.5144713526284701712935617247,49,49,1419,0.4869626497533474277660324172,-37,-37,run_0ec104d4fe564aeb86f6a7b56e3179d3,ema_pullback:e53a56f10ce60acf79bf0240
lookback-010,eth_ema200_untouched_anchor_sweep,10,5f9b0e2918a2d95b6e3938fff08994062981948222fcb6403259781603c86b4c,3062,3062,0.5022860875244937949052906597,0.9930042929662462754117630736,14,14,-0.1180647858877731785586559955,-0.6372586097764771681995210526,1666,0.5150060024009603841536614646,50,50,1396,0.4871060171919770773638968481,-36,-36,run_ac58161207854c6897c8f8424f93109c,ema_pullback:bfd4d41db8a7d855f210ceb1
lookback-011,eth_ema200_untouched_anchor_sweep,11,5f9b0e2918a2d95b6e3938fff08994062981948222fcb6403259781603c86b4c,3019,3019,0.5021530308049022855250082809,0.9914574861984396646925760979,13,13,-0.1362863817396795425125794366,-0.6217766259070548736246924180,1642,0.5146163215590742996345919610,48,48,1377,0.4872912127814088598402323893,-35,-35,run_d802a9f02b4c4b668fc0a2cb09e69d0c,ema_pullback:49bfff08aa868e7c0ea8e332
lookback-012,eth_ema200_untouched_anchor_sweep,12,5f9b0e2918a2d95b6e3938fff08994062981948222fcb6403259781603c86b4c,2948,2948,0.5027137042062415196743554953,0.9952536758122103965422717223,16,16,-0.07716249828686485563082301127,-0.5997282219732447850438692207,1606,0.5136986301369863013698630137,44,44,1342,0.4895678092399403874813710879,-28,-28,run_4397f81d7b6d4f1283dcfcc23c3a460f,ema_pullback:722fadbaa89715bdb3cffce7
lookback-013,eth_ema200_untouched_anchor_sweep,13,5f9b0e2918a2d95b6e3938fff08994062981948222fcb6403259781603c86b4c,2910,2910,0.5013745704467353951890034364,0.9919015858772805238299545689,8,8,-0.1266603276460932787635992772,-0.6160258219764649221508968140,1576,0.5114213197969543147208121827,36,36,1334,0.4895052473763118440779610195,-28,-28,run_585fee53af4240cd9581e7b347b46062,ema_pullback:a4f27f217aa5c0c174290f36
lookback-014,eth_ema200_untouched_anchor_sweep,14,5f9b0e2918a2d95b6e3938fff08994062981948222fcb6403259781603c86b4c,2878,2878,0.5010423905489923558026407227,0.9907770443935005588335536665,6,6,-0.1372855521512708558708473773,-0.5904444443169490761116923444,1560,0.5121794871794871794871794872,38,38,1318,0.4878603945371775417298937785,-32,-32,run_bb5e3e8b6f5e4a108d8e47af5498a2ca,ema_pullback:2866f555341519c5d658832f
lookback-015,eth_ema200_untouched_anchor_sweep,15,5f9b0e2918a2d95b6e3938fff08994062981948222fcb6403259781603c86b4c,2830,2830,0.5,0.9831740252569037096569468340,0,0,-0.2302000493603820866356069021,-0.5973880109709646424495791067,1533,0.5101108936725375081539465101,31,31,1297,0.4880493446414803392444101773,-31,-31,run_bacd183dde7d4055bbbd63806c9f4055,ema_pullback:609fa83095af55d5eb51d4bf
lookback-016,eth_ema200_untouched_anchor_sweep,16,5f9b0e2918a2d95b6e3938fff08994062981948222fcb6403259781603c86b4c,2779,2779,0.5030586541921554516012954300,0.9873396803416548907478499240,17,17,-0.1729825962140600956612453397,-0.5887992010849323527668710641,1505,0.5116279069767441860465116279,35,35,1274,0.4929356357927786499215070644,-18,-18,run_3d7c9353f8a34f6ab6b545d16e1fc1ad,ema_pullback:e3758df20baae8b48c14f58c
lookback-017,eth_ema200_untouched_anchor_sweep,17,5f9b0e2918a2d95b6e3938fff08994062981948222fcb6403259781603c86b4c,2746,2746,0.5025491624180626365622723962,0.9870846605421243878710435019,14,14,-0.1731672840948421642523454854,-0.5944134336192508347863926072,1485,0.5111111111111111111111111111,33,33,1261,0.4924662965900079302141157811,-19,-19,run_17a7cb9599894fa0ad938abaf6080e4f,ema_pullback:d922af87fc53955be3f9f839
lookback-018,eth_ema200_untouched_anchor_sweep,18,5f9b0e2918a2d95b6e3938fff08994062981948222fcb6403259781603c86b4c,2707,2707,0.5016623568526043590690801625,0.9841052980633244085831142424,9,9,-0.2026112560397249331547543805,-0.5888775014953007299938599374,1458,0.5109739368998628257887517147,32,32,1249,0.4907926341072858286629303443,-23,-23,run_620a4a9a135f476fbc6edaae2fd3a81c,ema_pullback:be52fafefeeccab42cf4be3c
lookback-019,eth_ema200_untouched_anchor_sweep,19,5f9b0e2918a2d95b6e3938fff08994062981948222fcb6403259781603c86b4c,2670,2670,0.5007490636704119850187265918,0.9864084449231439462654656820,4,4,-0.177591489475008664002537924,-0.5853583870307852875314777745,1443,0.5100485100485100485100485100,29,29,1227,0.4898125509372453137734311328,-25,-25,run_a69c7bdb66264252a51249281a0b625f,ema_pullback:087779aedf99de3b72ff994c
lookback-020,eth_ema200_untouched_anchor_sweep,20,5f9b0e2918a2d95b6e3938fff08994062981948222fcb6403259781603c86b4c,2638,2638,0.5003790750568612585291887794,0.9853840783427241056004130860,2,2,-0.1891611165901330578292191148,-0.5856250223521207853934715802,1429,0.5115465360391882435269419174,33,33,1209,0.4871794871794871794871794872,-31,-31,run_3c9c57f39ce443699493ebeaa573bbdc,ema_pullback:11db37dfde19c6bb9f7b3a7f
lookback-021,eth_ema200_untouched_anchor_sweep,21,5f9b0e2918a2d95b6e3938fff08994062981948222fcb6403259781603c86b4c,2586,2586,0.5011600928074245939675174014,0.9870135018222618819006768874,6,6,-0.1684335851067467345903914517,-0.5973735201251599181397828701,1394,0.5136298421807747489239598278,38,38,1192,0.4865771812080536912751677852,-32,-32,run_d18340613bf14210a6d5312d7777f8de,ema_pullback:a36ef3e7ae013f7197aebb6e
lookback-022,eth_ema200_untouched_anchor_sweep,22,5f9b0e2918a2d95b6e3938fff08994062981948222fcb6403259781603c86b4c,2550,2550,0.5019607843137254901960784314,0.9892182655968126066012145383,10,10,-0.1424610805578817363017155902,-0.6052227380292024796663750492,1375,0.5149090909090909090909090909,41,41,1175,0.4868085106382978723404255319,-31,-31,run_e0d28eecd0664430ad4ae845137aaa32,ema_pullback:d12c43f5643b6b5d3443288f
lookback-023,eth_ema200_untouched_anchor_sweep,23,5f9b0e2918a2d95b6e3938fff08994062981948222fcb6403259781603c86b4c,2511,2511,0.5005973715651135005973715651,0.9829588566230430724676943332,3,3,-0.2085657432824925440337095683,-0.6013423275919422912527973009,1354,0.5118168389955686853766617430,32,32,1157,0.4874675885911840968020743302,-29,-29,run_a6828892fb2944d78c59eba54b17093f,ema_pullback:c0b0a422d1efcbb07cc41129
lookback-024,eth_ema200_untouched_anchor_sweep,24,5f9b0e2918a2d95b6e3938fff08994062981948222fcb6403259781603c86b4c,2472,2472,0.5004045307443365695792880259,0.9806997752272333737974527328,2,2,-0.2237622765655512203804022634,-0.5888645476792757192580776836,1334,0.5112443778110944527736131934,30,30,1138,0.4876977152899824253075571178,-28,-28,run_712ee3a205dc40faa9fab985d5972281,ema_pullback:b560d725d802a91c8d1d1614
lookback-025,eth_ema200_untouched_anchor_sweep,25,5f9b0e2918a2d95b6e3938fff08994062981948222fcb6403259781603c86b4c,2436,2436,0.4975369458128078817733990148,0.9755940822955470067869549121,-12,-12,-0.2681068113887690325767934099,-0.5786454679297719383883245112,1318,0.5068285280728376327769347496,18,18,1118,0.4865831842576028622540250447,-30,-30,run_ddb47ca5b75c4121a64d0b62903a24fb,ema_pullback:58dd5fa18bf3d75c43ee809a
lookback-026,eth_ema200_untouched_anchor_sweep,26,5f9b0e2918a2d95b6e3938fff08994062981948222fcb6403259781603c86b4c,2403,2403,0.4977111943404078235538909696,0.9783010402440422427617179396,-11,-11,-0.2400688521991806615049012937,-0.5775593364129850954680104435,1298,0.5077041602465331278890600924,20,20,1105,0.4859728506787330316742081448,-31,-31,run_c59d7b9ff5424490bb7ad4ba3569d8a7,ema_pullback:0c617d62edeb544a9bc8d05f
lookback-027,eth_ema200_untouched_anchor_sweep,27,5f9b0e2918a2d95b6e3938fff08994062981948222fcb6403259781603c86b4c,2366,2366,0.4983093829247675401521555368,0.9799641723555950462623119384,-8,-8,-0.2178434161333049295700674576,-0.5626286660994506606737429805,1275,0.5098039215686274509803921569,25,25,1091,0.4848762603116406966086159487,-33,-33,run_78275525c7174e7e964075d33dac93bc,ema_pullback:e1b85b2c928e9d348c41a569
lookback-028,eth_ema200_untouched_anchor_sweep,28,5f9b0e2918a2d95b6e3938fff08994062981948222fcb6403259781603c86b4c,2320,2320,0.4965517241379310344827586207,0.9728718478261247477686027928,-16,-16,-0.2790465088510356662066989887,-0.5753977915350469217420625441,1250,0.5088,22,22,1070,0.4822429906542056074766355140,-38,-38,run_967c76d6198a4f02a9f2623380a27922,ema_pullback:c15d11266068e7dce96d33cb
lookback-029,eth_ema200_untouched_anchor_sweep,29,5f9b0e2918a2d95b6e3938fff08994062981948222fcb6403259781603c86b4c,2285,2285,0.4962800875273522975929978118,0.9728326960356221675303780700,-17,-17,-0.2777183551132129933399822103,-0.5690970495877142377016850645,1227,0.5077424612876935615321923390,19,19,1058,0.4829867674858223062381852552,-36,-36,run_916c86b43fbe477db62b8cc96d5a1c46,ema_pullback:f67cc3e692d477977bd7377e
lookback-030,eth_ema200_untouched_anchor_sweep,30,5f9b0e2918a2d95b6e3938fff08994062981948222fcb6403259781603c86b4c,2248,2248,0.4995551601423487544483985765,0.9800232540078171394801640732,-2,-2,-0.20576173085702620130715933,-0.5374897636274228132635372825,1209,0.5111662531017369727047146402,27,27,1039,0.4860442733397497593840230991,-29,-29,run_b769c3b859a84c1a92ac173b2d9b1adf,ema_pullback:6466c68c9a91efe186a83f76
lookback-031,eth_ema200_untouched_anchor_sweep,31,5f9b0e2918a2d95b6e3938fff08994062981948222fcb6403259781603c86b4c,2217,2217,0.5006765899864682002706359946,0.9811903739206050333518958653,3,3,-0.1893729395829760916116344407,-0.5199004026825219539061338410,1190,0.5134453781512605042016806723,32,32,1027,0.4858812074001947419668938656,-29,-29,run_8494b5f62d764231970e21fa69b8cd6e,ema_pullback:5014cadfb7651db21af12847
lookback-032,eth_ema200_untouched_anchor_sweep,32,5f9b0e2918a2d95b6e3938fff08994062981948222fcb6403259781603c86b4c,2202,2202,0.5004541326067211625794732062,0.9776568470897829461829905460,2,2,-0.2171423307952880122804589136,-0.5174292585645509149723751150,1181,0.5122777307366638441998306520,29,29,1021,0.4867776689520078354554358472,-27,-27,run_c5af14d75ca14156a073115d39fc35c8,ema_pullback:ca6efb8636fc749a1541633e
lookback-033,eth_ema200_untouched_anchor_sweep,33,5f9b0e2918a2d95b6e3938fff08994062981948222fcb6403259781603c86b4c,2172,2172,0.5009208103130755064456721915,0.9801982270399191517359358153,4,4,-0.1971484069260453478974301586,-0.5386870843373116427415989030,1164,0.5128865979381443298969072165,30,30,1008,0.4871031746031746031746031746,-26,-26,run_2fd5f8345d5c4edca89efbac5c48d6fb,ema_pullback:52961b3a427e068abc905315
lookback-034,eth_ema200_untouched_anchor_sweep,34,5f9b0e2918a2d95b6e3938fff08994062981948222fcb6403259781603c86b4c,2149,2149,0.5002326663564448580735225686,0.9786487573526721324282673118,1,1,-0.2100190704337991590180531526,-0.5484320934008564113141466918,1150,0.5130434782608695652173913043,30,30,999,0.4854854854854854854854854855,-29,-29,run_651a913ae5e04121b7094ecf8593d5c0,ema_pullback:06ee35e4ec5454b7b47e94ba
lookback-035,eth_ema200_untouched_anchor_sweep,35,5f9b0e2918a2d95b6e3938fff08994062981948222fcb6403259781603c86b4c,2115,2115,0.5007092198581560283687943262,0.9824655852263153757000645863,3,3,-0.1740930771338615279154864957,-0.5409477406859861842982140860,1131,0.5137046861184792219274977896,31,31,984,0.4857723577235772357723577236,-28,-28,run_d778ebbf3b774f5b90c80d0864081d00,ema_pullback:4d105ae3fca536f3a1b7ec71
lookback-036,eth_ema200_untouched_anchor_sweep,36,5f9b0e2918a2d95b6e3938fff08994062981948222fcb6403259781603c86b4c,2095,2095,0.4992840095465393794749403341,0.9788301812940694116104630963,-3,-3,-0.2050993660289595207279472408,-0.5456059420164047881094922275,1118,0.5143112701252236135957066190,32,32,977,0.4820880245649948822927328557,-35,-35,run_99f55750fdf84aa6a3a217062ebd8ecf,ema_pullback:5d5b4f40fb7f564713e6f877
lookback-037,eth_ema200_untouched_anchor_sweep,37,5f9b0e2918a2d95b6e3938fff08994062981948222fcb6403259781603c86b4c,2069,2069,0.4978250362493958434026099565,0.9768271550805609539213992873,-9,-9,-0.2233327235356078925410328174,-0.5515522983121640047206136757,1102,0.5136116152450090744101633394,30,30,967,0.4798345398138572905894519131,-39,-39,run_72bb08bbbdfe4e30bbf88f5d88296b8c,ema_pullback:6c8078ae65afe8ae0c5e2871
lookback-038,eth_ema200_untouched_anchor_sweep,38,5f9b0e2918a2d95b6e3938fff08994062981948222fcb6403259781603c86b4c,2045,2045,0.4977995110024449877750611247,0.9740654103576132925409900917,-9,-9,-0.2462022752357937420138104857,-0.5570818166410505741141325116,1087,0.5142594296228150873965041398,31,31,958,0.4791231732776617954070981211,-40,-40,run_9d20effcec1246cc94ceea535232972e,ema_pullback:adabaed1b93f468739421207
lookback-039,eth_ema200_untouched_anchor_sweep,39,5f9b0e2918a2d95b6e3938fff08994062981948222fcb6403259781603c86b4c,2011,2011,0.4987568373943311785181501740,0.9803104301349637972751384145,-5,-5,-0.1867125058931395071918734064,-0.5391039351566159717617710180,1069,0.5126286248830682881197380730,27,27,942,0.4830148619957537154989384289,-32,-32,run_154513ac35d34ce9a534fa388b173f67,ema_pullback:6b7274316674a77d5df1da3c
lookback-040,eth_ema200_untouched_anchor_sweep,40,5f9b0e2918a2d95b6e3938fff08994062981948222fcb6403259781603c86b4c,1978,1978,0.4984833164812942366026289181,0.9823380836605974617119315444,-6,-6,-0.1676339962524173297950768583,-0.5303442322208170567925052565,1050,0.5114285714285714285714285714,24,24,928,0.4838362068965517241379310345,-30,-30,run_cdef45d8a1374f3fbb30cc93f25164d0,ema_pullback:cf3103e4d18afc1e3c99cb6c
lookback-041,eth_ema200_untouched_anchor_sweep,41,5f9b0e2918a2d95b6e3938fff08994062981948222fcb6403259781603c86b4c,1954,1954,0.4994882292732855680655066530,0.9819639212976229634740183918,-2,-2,-0.1644415773774940414342677481,-0.5126204156584863443964260439,1037,0.5110896817743490838958534233,23,23,917,0.4863685932388222464558342421,-25,-25,run_4f6768c717b144c1aa5c8537ecccd228,ema_pullback:9b004eaeef2884b0b91cee95
lookback-042,eth_ema200_untouched_anchor_sweep,42,5f9b0e2918a2d95b6e3938fff08994062981948222fcb6403259781603c86b4c,1929,1929,0.4981855883877656817003628823,0.9731251127775339035237986673,-7,-7,-0.2270540879370882403068588318,-0.5178825831521821814997966126,1025,0.5073170731707317073170731707,15,15,904,0.4878318584070796460176991150,-22,-22,run_7fdbde7828d8469881509bdc7f619c23,ema_pullback:fe0d95c30629d8e0b38e7cbe
lookback-043,eth_ema200_untouched_anchor_sweep,43,5f9b0e2918a2d95b6e3938fff08994062981948222fcb6403259781603c86b4c,1911,1911,0.4986917844060701203558346415,0.9771730898665931772387529679,-5,-5,-0.194798926649583685119072987,-0.5010612511397114270783669949,1017,0.5083579154375614552605703048,17,17,894,0.4876957494407158836689038031,-22,-22,run_d81869affaad43a9b9f9dc462fb1db71,ema_pullback:7dba5cb1ceca5ad15b5cfdb0
lookback-044,eth_ema200_untouched_anchor_sweep,44,5f9b0e2918a2d95b6e3938fff08994062981948222fcb6403259781603c86b4c,1893,1893,0.4992076069730586370839936609,0.9802778513569743394141258736,-3,-3,-0.1672888462847693856033727514,-0.4866241287764648073708608547,1009,0.5074331020812685827552031715,15,15,884,0.4898190045248868778280542986,-18,-18,run_80430fbcade34a4e8d76baa4b4f40f27,ema_pullback:3ee1afc483345367e5742e1a
lookback-045,eth_ema200_untouched_anchor_sweep,45,5f9b0e2918a2d95b6e3938fff08994062981948222fcb6403259781603c86b4c,1880,1880,0.5,0.9819991491690186056148249430,0,0,-0.1520334879495958165438783704,-0.4808875563546561109370475502,1001,0.5064935064935064935064935065,13,13,879,0.4926052332195676905574516496,-13,-13,run_cb085e089f814dbba4a3ed5224b4e13e,ema_pullback:23a83cc8b44da5ea49195d54
lookback-046,eth_ema200_untouched_anchor_sweep,46,5f9b0e2918a2d95b6e3938fff08994062981948222fcb6403259781603c86b4c,1858,1858,0.5005382131324004305705059203,0.9841801206332446385553129500,2,2,-0.1360260499885379921440138761,-0.4915791024760204307983822869,991,0.5065590312815338042381432896,13,13,867,0.4936562860438292964244521338,-11,-11,run_856c1f5f2d1e40bf95396c548dc7cbcd,ema_pullback:91a8c4107c3c21a908e0214b
lookback-047,eth_ema200_untouched_anchor_sweep,47,5f9b0e2918a2d95b6e3938fff08994062981948222fcb6403259781603c86b4c,1841,1841,0.5029875067897881586094513851,0.9919515613205271268164826038,11,11,-0.06979500555803870661903395977,-0.4715471216989229902685297944,982,0.5091649694501018329938900204,18,18,859,0.4959254947613504074505238650,-7,-7,run_b12663b969ff4c54bddeb016a210bc79,ema_pullback:658c9998cb1d5dff762db46e
lookback-048,eth_ema200_untouched_anchor_sweep,48,5f9b0e2918a2d95b6e3938fff08994062981948222fcb6403259781603c86b4c,1818,1818,0.5044004400440044004400440044,0.9929728408156078230804218359,16,16,-0.05931115359485252351859080017,-0.4623383354745344553200938862,966,0.5113871635610766045548654244,22,22,852,0.4964788732394366197183098592,-6,-6,run_26480df870654c3a9153c91ed42db26b,ema_pullback:849f2b821af1a94c3e50423c
lookback-049,eth_ema200_untouched_anchor_sweep,49,5f9b0e2918a2d95b6e3938fff08994062981948222fcb6403259781603c86b4c,1802,1802,0.5033296337402885682574916759,0.9899281263397481970288895041,12,12,-0.08451366004694364337266566201,-0.4904733458094143113258381446,958,0.5104384133611691022964509395,20,20,844,0.4952606635071090047393364929,-8,-8,run_9152d4a5a7cf44e799350a0f21f573c3,ema_pullback:1cdaf16fca383f475cc09aed
lookback-050,eth_ema200_untouched_anchor_sweep,50,5f9b0e2918a2d95b6e3938fff08994062981948222fcb6403259781603c86b4c,1780,1780,0.5033707865168539325842696629,0.9871552060836639496868064798,12,12,-0.1060597812708209866075750519,-0.5055589697308133163925873929,945,0.5100529100529100529100529101,19,19,835,0.4958083832335329341317365269,-7,-7,run_373569d7636646eb8065bf6516602dce,ema_pullback:b67f3eae986435c42ce6c5c6
lookback-051,eth_ema200_untouched_anchor_sweep,51,5f9b0e2918a2d95b6e3938fff08994062981948222fcb6403259781603c86b4c,1760,1760,0.5056818181818181818181818182,0.9935658111253130102827559634,20,20,-0.05295618919431105247214553925,-0.4829294488677342667435952988,929,0.5134553283100107642626480086,25,25,831,0.4969915764139590854392298436,-5,-5,run_6d87829d81a1412085d5ca7772dc8e4a,ema_pullback:d106514ac2ba813dcba1ead1
lookback-052,eth_ema200_untouched_anchor_sweep,52,5f9b0e2918a2d95b6e3938fff08994062981948222fcb6403259781603c86b4c,1740,1740,0.5074712643678160919540229885,1.000505715606043139878446987,26,26,0.0042511091452549903583098987,-0.4769002930368193690374799751,915,0.5169398907103825136612021858,31,31,825,0.4969696969696969696969696970,-5,-5,run_da333e93eb48451b934c47091d4dbcbc,ema_pullback:8ee997c1d1237c79eca96c18
lookback-053,eth_ema200_untouched_anchor_sweep,53,5f9b0e2918a2d95b6e3938fff08994062981948222fcb6403259781603c86b4c,1718,1718,0.5075669383003492433061699651,0.9997946824117025815639148880,26,26,-0.001675988474310676345856409636,-0.4780146335719012887608782958,906,0.5154525386313465783664459161,28,28,812,0.4987684729064039408866995074,-2,-2,run_8b220ab6e93e481ba83ef9658e473ba4,ema_pullback:54ad20dc896aa0766a928c06
lookback-054,eth_ema200_untouched_anchor_sweep,54,5f9b0e2918a2d95b6e3938fff08994062981948222fcb6403259781603c86b4c,1692,1692,0.5059101654846335697399527187,0.9953261462577245839909189754,20,20,-0.03674783839202495741987462631,-0.4824965514636243366423244384,892,0.5145739910313901345291479821,26,26,800,0.49625,-6,-6,run_16ba67dbf6d9462396471ef61bc5dfa2,ema_pullback:0777183413bfe271a61d5065
lookback-055,eth_ema200_untouched_anchor_sweep,55,5f9b0e2918a2d95b6e3938fff08994062981948222fcb6403259781603c86b4c,1679,1679,0.5062537224538415723645026802,0.9998480656522976969851015112,21,21,-0.001188813286922295570777030497,-0.4645745610085587781121696026,886,0.5135440180586907449209932280,24,24,793,0.4981084489281210592686002522,-3,-3,run_eaed18dd011c444aa6a33b6b5f8f36b4,ema_pullback:aa8034b512847d819541dd17
lookback-056,eth_ema200_untouched_anchor_sweep,56,5f9b0e2918a2d95b6e3938fff08994062981948222fcb6403259781603c86b4c,1664,1664,0.5078125,1.002878242737294189151901465,26,26,0.02256912491563029282950499507,-0.4546481366954510338833312871,878,0.5136674259681093394077448747,24,24,786,0.5012722646310432569974554707,2,2,run_f42fe85546a7400c821b5987be0c1a74,ema_pullback:73dc4ec909c5a9c16e3b7ec8
lookback-057,eth_ema200_untouched_anchor_sweep,57,5f9b0e2918a2d95b6e3938fff08994062981948222fcb6403259781603c86b4c,1653,1653,0.5081669691470054446460980036,1.001428942841183811253931520,27,27,0.0110831279435998098350759278,-0.4600889353559686071055832745,872,0.5137614678899082568807339450,24,24,781,0.5019206145966709346991037132,3,3,run_78b130515e2144f8b4c0560737967c71,ema_pullback:3c4915b1cc5fa78da67d6ebb
lookback-058,eth_ema200_untouched_anchor_sweep,58,5f9b0e2918a2d95b6e3938fff08994062981948222fcb6403259781603c86b4c,1631,1631,0.5082771305947271612507664010,1.004406368527308283361605522,27,27,0.03506931219668529198197159276,-0.4747391793078179926352609606,859,0.5145518044237485448195576251,25,25,772,0.5012953367875647668393782383,2,2,run_1edd899d8cc44ee0a4064de2d7e248a8,ema_pullback:a2773c307fdcf516f38e5a60
lookback-059,eth_ema200_untouched_anchor_sweep,59,5f9b0e2918a2d95b6e3938fff08994062981948222fcb6403259781603c86b4c,1614,1614,0.5111524163568773234200743494,1.012473411911376763286237023,36,36,0.1016784266515464658171496418,-0.4673488418027045122254538858,850,0.5164705882352941176470588235,28,28,764,0.5052356020942408376963350785,8,8,run_5f4c0fa7a897442fb97ff332ab8dcddf,ema_pullback:bd662649b10f92ed0159f4b9
lookback-060,eth_ema200_untouched_anchor_sweep,60,5f9b0e2918a2d95b6e3938fff08994062981948222fcb6403259781603c86b4c,1602,1602,0.5106117353308364544319600499,1.012410506059221804890619860,34,34,0.1002412966648381962583657271,-0.4586395939776702649254152392,846,0.5165484633569739952718676123,28,28,756,0.5039682539682539682539682540,6,6,run_59bd95ed95e34145991e8a169bcb1e5d,ema_pullback:6a509610dd090bbcf0ee65d7
lookback-061,eth_ema200_untouched_anchor_sweep,61,5f9b0e2918a2d95b6e3938fff08994062981948222fcb6403259781603c86b4c,1576,1576,0.5126903553299492385786802030,1.018206605307221788461257348,40,40,0.1465049778786719458691407815,-0.4549840496293526524937615346,827,0.5211608222490931076178960097,35,35,749,0.5033377837116154873164218959,5,5,run_a236d9ce6955407ea573ad597fe5d8fe,ema_pullback:ced1bc83fb45e89a6927e3fc
lookback-062,eth_ema200_untouched_anchor_sweep,62,5f9b0e2918a2d95b6e3938fff08994062981948222fcb6403259781603c86b4c,1549,1549,0.5151710781149128469980632666,1.026691692207320167201474450,47,47,0.2199903718110473506200577608,-0.4451498824403910171825213405,812,0.5233990147783251231527093596,38,38,737,0.5061058344640434192672998643,9,9,run_04bcfa0934ba48c88051be57c468e03c,ema_pullback:4607e955b231cd511665e580
lookback-063,eth_ema200_untouched_anchor_sweep,63,5f9b0e2918a2d95b6e3938fff08994062981948222fcb6403259781603c86b4c,1527,1527,0.5153896529142108709888670596,1.024695829972881083062808029,47,47,0.1967239279241977678098975492,-0.4485535714749291372853542757,799,0.5231539424280350438047559449,37,37,728,0.5068681318681318681318681319,10,10,run_05d86facf68a497f887d7469be017819,ema_pullback:f70dad34509d9f4b4c37dd7e
lookback-064,eth_ema200_untouched_anchor_sweep,64,5f9b0e2918a2d95b6e3938fff08994062981948222fcb6403259781603c86b4c,1509,1509,0.5168986083499005964214711730,1.029856079341724718587928140,51,51,0.242271844727579653272382506,-0.4545451126305467311056918713,792,0.5252525252525252525252525253,40,40,717,0.5076708507670850767085076709,11,11,run_2ff71f644b4a41eaabeb50224606b749,ema_pullback:b801e2be8201199f22a56063
lookback-065,eth_ema200_untouched_anchor_sweep,65,5f9b0e2918a2d95b6e3938fff08994062981948222fcb6403259781603c86b4c,1494,1494,0.5187416331994645247657295850,1.034825123237890915457220182,56,56,0.2817695821511108006079644383,-0.4458858304396759167277722171,785,0.5273885350318471337579617834,43,43,709,0.5091678420310296191819464034,13,13,run_150764678ab0449f93960854ea33d78e,ema_pullback:aed75a3cb65793b65c397484
lookback-066,eth_ema200_untouched_anchor_sweep,66,5f9b0e2918a2d95b6e3938fff08994062981948222fcb6403259781603c86b4c,1476,1476,0.5196476964769647696476964770,1.041235040826107537258445971,58,58,0.3277712723240559171641033099,-0.4247667520200032450999968425,776,0.5296391752577319587628865979,46,46,700,0.5085714285714285714285714286,12,12,run_fbbfc6d9ca194fd98dc90fc2f44c54c0,ema_pullback:bc6553a32339bd271c0a4d3e
lookback-067,eth_ema200_untouched_anchor_sweep,67,5f9b0e2918a2d95b6e3938fff08994062981948222fcb6403259781603c86b4c,1460,1460,0.5198630136986301369863013699,1.043854394317908977114400428,58,58,0.3432332409999084593720518018,-0.4100401133432602294963233063,769,0.5292587776332899869960988296,45,45,691,0.5094066570188133140376266281,13,13,run_ba6eb7f435684e74ab28c3248c86207a,ema_pullback:732e8088ff50cda42aae9063
lookback-068,eth_ema200_untouched_anchor_sweep,68,5f9b0e2918a2d95b6e3938fff08994062981948222fcb6403259781603c86b4c,1438,1438,0.5194714881780250347705146036,1.047292830267628357471861082,56,56,0.3734318794154218025745672308,-0.4218638892121978598356593217,757,0.5257595772787318361955085865,39,39,681,0.5124816446402349486049926579,17,17,run_ce2fa2324eaa499999ab5c869e2667df,ema_pullback:b4455db0895419539968037f
lookback-069,eth_ema200_untouched_anchor_sweep,69,5f9b0e2918a2d95b6e3938fff08994062981948222fcb6403259781603c86b4c,1422,1422,0.5189873417721518987341772152,1.045150992662137083656014146,54,54,0.3424571797401833167871629604,-0.4112432519157686741586458975,750,0.5253333333333333333333333333,38,38,672,0.5119047619047619047619047619,16,16,run_a330f2427c9447deae119c20e98b244a,ema_pullback:ab182f9e7fae58ce4cd75456
lookback-070,eth_ema200_untouched_anchor_sweep,70,5f9b0e2918a2d95b6e3938fff08994062981948222fcb6403259781603c86b4c,1406,1406,0.5184921763869132290184921764,1.047127977545559904876178451,52,52,0.3559005373818386373996226987,-0.4043295300797783473343393255,743,0.5248990578734858681022880215,37,37,663,0.5113122171945701357466063348,15,15,run_efb20ee5671a4d5e9491c31580f7322f,ema_pullback:66beddb4aa6507a949a84b2c
lookback-071,eth_ema200_untouched_anchor_sweep,71,5f9b0e2918a2d95b6e3938fff08994062981948222fcb6403259781603c86b4c,1388,1388,0.5172910662824207492795389049,1.042432866741811782683007434,48,48,0.3116572256711254831414269882,-0.4013070505602769367669681595,731,0.5239398084815321477428180575,35,35,657,0.5098934550989345509893455099,13,13,run_8c88cebe04574c3f9a898358e35ae96a,ema_pullback:4befe5b2adff2740177d8036
lookback-072,eth_ema200_untouched_anchor_sweep,72,5f9b0e2918a2d95b6e3938fff08994062981948222fcb6403259781603c86b4c,1375,1375,0.5156363636363636363636363636,1.035639308430096793799948521,43,43,0.2555519732489241507106876408,-0.4102631027488678935103380379,723,0.5214384508990318118948824343,31,31,652,0.5092024539877300613496932515,12,12,run_f8e9316637e7472082e7624f47299d79,ema_pullback:9eb729ee13fa0981e0f8fda5
lookback-073,eth_ema200_untouched_anchor_sweep,73,5f9b0e2918a2d95b6e3938fff08994062981948222fcb6403259781603c86b4c,1361,1361,0.5157972079353416605437178545,1.034715603547525918604620269,43,43,0.2461743858657795434069765475,-0.4005892334251260254523580842,719,0.5201668984700973574408901252,29,29,642,0.5109034267912772585669781931,14,14,run_0a63911f900243b68d3d339920e2d13e,ema_pullback:83f37b26485af7e80ee2b8b1
lookback-074,eth_ema200_untouched_anchor_sweep,74,5f9b0e2918a2d95b6e3938fff08994062981948222fcb6403259781603c86b4c,1342,1342,0.5171385991058122205663189270,1.040907961821814109453014496,46,46,0.2913503816032859513061276955,-0.3849728722302426517242796723,709,0.5204513399153737658674188999,29,29,633,0.5134281200631911532385466035,17,17,run_00cdf348c1e34fb29d27b4c052d16345,ema_pullback:55478a27deba1b98902124c3
lookback-075,eth_ema200_untouched_anchor_sweep,75,5f9b0e2918a2d95b6e3938fff08994062981948222fcb6403259781603c86b4c,1329,1329,0.5154251316779533483822422874,1.034356697821503492593594797,41,41,0.2385647101962187585250432796,-0.3919733634769843538241830204,703,0.5192034139402560455192034139,27,27,626,0.5111821086261980830670926518,14,14,run_d12889dbdc7a46c9820ae929373af17b,ema_pullback:e5fe41bd8ba4ebddea3cdcaf
lookback-076,eth_ema200_untouched_anchor_sweep,76,5f9b0e2918a2d95b6e3938fff08994062981948222fcb6403259781603c86b4c,1316,1316,0.5151975683890577507598784195,1.033517007770898051711736662,40,40,0.2306447832671777025783728286,-0.4089006268002974417725757940,695,0.5208633093525179856115107914,29,29,621,0.5088566827697262479871175523,11,11,run_4708045df5f442cb99163e71d6febdaf,ema_pullback:c380e5ddf289097952613bb6
lookback-077,eth_ema200_untouched_anchor_sweep,77,5f9b0e2918a2d95b6e3938fff08994062981948222fcb6403259781603c86b4c,1312,1312,0.5160060975609756097560975610,1.034894199197835699556891527,42,42,0.2390087416272207017161954405,-0.4017598823352408297426426245,694,0.5201729106628242074927953890,28,28,618,0.5113268608414239482200647249,14,14,run_cd229dadee0e47dcab924314cb55e8e0,ema_pullback:65482d08831ae5b68ef052c6
lookback-078,eth_ema200_untouched_anchor_sweep,78,5f9b0e2918a2d95b6e3938fff08994062981948222fcb6403259781603c86b4c,1298,1298,0.5177195685670261941448382126,1.041233007063250280762381437,46,46,0.2816828084768301119551851287,-0.3842201129471165185505519720,687,0.5211062590975254730713245997,29,29,611,0.5139116202945990180032733224,17,17,run_6cbd09cf7e804151a591a78ba5e04dd3,ema_pullback:1ffb7a706491142d4ff1dcd0
lookback-079,eth_ema200_untouched_anchor_sweep,79,5f9b0e2918a2d95b6e3938fff08994062981948222fcb6403259781603c86b4c,1287,1287,0.5167055167055167055167055167,1.039058419583303572049197209,43,43,0.2595000339642281863011335745,-0.3756999268017211996579744224,685,0.5211678832116788321167883212,29,29,602,0.5116279069767441860465116279,14,14,run_ab57957a73004a5eac2486191209cd29,ema_pullback:c281a103b711b1c72a825ed0
lookback-080,eth_ema200_untouched_anchor_sweep,80,5f9b0e2918a2d95b6e3938fff08994062981948222fcb6403259781603c86b4c,1272,1272,0.5180817610062893081761006289,1.039269975461331446837449702,46,46,0.2634623770906019998703312848,-0.3961176950350526180977217004,673,0.5230312035661218424962852897,31,31,599,0.5125208681135225375626043406,15,15,run_2b270552895d4e828c2a79f1f3e33df0,ema_pullback:b0d4846275d70f9a5084d555
lookback-081,eth_ema200_untouched_anchor_sweep,81,5f9b0e2918a2d95b6e3938fff08994062981948222fcb6403259781603c86b4c,1265,1265,0.5177865612648221343873517787,1.039411375738764640428932620,45,45,0.2672205262470835310742656213,-0.3924424396706718222977600651,669,0.5231689088191330343796711510,31,31,596,0.5117449664429530201342281879,14,14,run_d77174834c28448c9691d96ae81a23c9,ema_pullback:c43f72d98ce7722324e65ca6
lookback-082,eth_ema200_untouched_anchor_sweep,82,5f9b0e2918a2d95b6e3938fff08994062981948222fcb6403259781603c86b4c,1253,1253,0.5179569034317637669592976856,1.043990048901622527474195452,45,45,0.301014842599894055094113726,-0.3896909461357977444471914877,663,0.5218702865761689291101055807,29,29,590,0.5135593220338983050847457627,16,16,run_ef9d99973aa642d18fb06406593141c3,ema_pullback:953d1efa00553da6db7e13dc
lookback-083,eth_ema200_untouched_anchor_sweep,83,5f9b0e2918a2d95b6e3938fff08994062981948222fcb6403259781603c86b4c,1243,1243,0.5172968624296057924376508447,1.043782996159491495002335244,43,43,0.2991961126541824271810709279,-0.3947041870611767153575406625,657,0.5205479452054794520547945205,27,27,586,0.5136518771331058020477815700,16,16,run_6ee9e4adda204a47981214f4765fbf52,ema_pullback:266d51af4848bfa228e55679
lookback-084,eth_ema200_untouched_anchor_sweep,84,5f9b0e2918a2d95b6e3938fff08994062981948222fcb6403259781603c86b4c,1232,1232,0.5162337662337662337662337662,1.042285195520869210214452877,40,40,0.2843777083390299921265422496,-0.4012394417331064592983783309,651,0.5192012288786482334869431644,25,25,581,0.5129087779690189328743545611,15,15,run_0d78ea48bfc142a6bc229819c1644b37,ema_pullback:5851ba570aa067369482a899
lookback-085,eth_ema200_untouched_anchor_sweep,85,5f9b0e2918a2d95b6e3938fff08994062981948222fcb6403259781603c86b4c,1217,1217,0.5143796220213640098603122432,1.038112698407531871032042778,35,35,0.2485240712868008301296134006,-0.4047104564040599010751726466,644,0.5186335403726708074534161491,24,24,573,0.5095986038394415357766143106,11,11,run_6e30057360804102913ef56719a567d3,ema_pullback:2bc30fcb5e9e0fa7c00430b0
lookback-086,eth_ema200_untouched_anchor_sweep,86,5f9b0e2918a2d95b6e3938fff08994062981948222fcb6403259781603c86b4c,1199,1199,0.5145954962468723936613844871,1.047446928304814981542459363,35,35,0.3181187976657867646877258765,-0.3918989617262721017837910523,635,0.5196850393700787401574803150,25,25,564,0.5088652482269503546099290780,10,10,run_326398853d194db9b74803ee30791d69,ema_pullback:e2cb473f2ce91864ef21a2e3
lookback-087,eth_ema200_untouched_anchor_sweep,87,5f9b0e2918a2d95b6e3938fff08994062981948222fcb6403259781603c86b4c,1190,1190,0.5159663865546218487394957983,1.054100523214603477657437754,38,38,0.3629702298784771516613907995,-0.3837571306703106382769222118,630,0.5222222222222222222222222222,28,28,560,0.5089285714285714285714285714,10,10,run_7df1b2e2dafa48a1916aa3092ae98869,ema_pullback:b06424a1ba96d23b94e2a527
lookback-088,eth_ema200_untouched_anchor_sweep,88,5f9b0e2918a2d95b6e3938fff08994062981948222fcb6403259781603c86b4c,1176,1176,0.5153061224489795918367346939,1.049506759065493776055836553,36,36,0.3258462165782795367010096565,-0.3908099518172640505209483349,621,0.5217391304347826086956521739,27,27,555,0.5081081081081081081081081081,9,9,run_0e804ff125f145be8eb3dc3b95e7a3b1,ema_pullback:31f3f6133b1cd8d4b0da677c
lookback-089,eth_ema200_untouched_anchor_sweep,89,5f9b0e2918a2d95b6e3938fff08994062981948222fcb6403259781603c86b4c,1171,1171,0.5140905209222886421861656704,1.046707735394564033204467243,33,33,0.3028471716212480202141945786,-0.3913082860505921856189647244,617,0.5202593192868719611021069692,25,25,554,0.5072202166064981949458483755,8,8,run_f518e7fb358b4d99845d333feb98ba29,ema_pullback:b5c6aaff97de9ee81aaecec6
lookback-090,eth_ema200_untouched_anchor_sweep,90,5f9b0e2918a2d95b6e3938fff08994062981948222fcb6403259781603c86b4c,1164,1164,0.5137457044673539518900343643,1.047055455097572564655131700,32,32,0.3052748328261581597540371597,-0.3941682683021017842709331769,614,0.5211726384364820846905537459,26,26,550,0.5054545454545454545454545455,6,6,run_797805fa88cb4ba984307602112ff13e,ema_pullback:4d78b198636241b8279de486
lookback-091,eth_ema200_untouched_anchor_sweep,91,5f9b0e2918a2d95b6e3938fff08994062981948222fcb6403259781603c86b4c,1152,1152,0.5121527777777777777777777778,1.045122580979117124433301967,28,28,0.2887697302600138410895854029,-0.4025152740553070009109334246,606,0.5214521452145214521452145215,26,26,546,0.5018315018315018315018315018,2,2,run_3ce789d859b14f4596cf6ceba2f39e3e,ema_pullback:d325fed8060e3302191ea638
lookback-092,eth_ema200_untouched_anchor_sweep,92,5f9b0e2918a2d95b6e3938fff08994062981948222fcb6403259781603c86b4c,1138,1138,0.5114235500878734622144112478,1.041947214509042158414036762,26,26,0.2633126420222489724065741778,-0.4077954971223170488280592527,600,0.52,24,24,538,0.5018587360594795539033457249,2,2,run_023130be9c534e6cbc1ee21688611dad,ema_pullback:28a8a902cf69b4e11421cdb4
lookback-093,eth_ema200_untouched_anchor_sweep,93,5f9b0e2918a2d95b6e3938fff08994062981948222fcb6403259781603c86b4c,1131,1131,0.5137046861184792219274977896,1.045341180001760165781184599,31,31,0.2853317008359026168919338864,-0.4022471508852895788047216117,597,0.5226130653266331658291457286,27,27,534,0.5037453183520599250936329588,4,4,run_da626d271d2c4c7a981f5597c40a6d87,ema_pullback:503b467dd766083b377ec935
lookback-094,eth_ema200_untouched_anchor_sweep,94,5f9b0e2918a2d95b6e3938fff08994062981948222fcb6403259781603c86b4c,1120,1120,0.5151785714285714285714285714,1.049956767878275749788216103,34,34,0.315782641382891430411747518,-0.3979458321441359084761523021,590,0.5220338983050847457627118644,26,26,530,0.5075471698113207547169811321,8,8,run_a70b21be9f5246bdbff5409581031976,ema_pullback:f85c4c42ad196fadff7af54d
lookback-095,eth_ema200_untouched_anchor_sweep,95,5f9b0e2918a2d95b6e3938fff08994062981948222fcb6403259781603c86b4c,1113,1113,0.5166217430368373764600179695,1.053797721336510729010476198,37,37,0.3406626759942535526157514793,-0.3884491971941825278989566933,587,0.5247018739352640545144804089,29,29,526,0.5076045627376425855513307985,8,8,run_6ae8914be80d44ac9ddc59b9f1f0d02f,ema_pullback:58f665c5edf545f80f06c710
lookback-096,eth_ema200_untouched_anchor_sweep,96,5f9b0e2918a2d95b6e3938fff08994062981948222fcb6403259781603c86b4c,1100,1100,0.5154545454545454545454545455,1.049949243756876062442272594,34,34,0.3093246681070364163272829503,-0.3902728197592809346332024505,577,0.5251299826689774696707105719,29,29,523,0.5047801147227533460803059273,5,5,run_421d302a48d549fcb8093bce1de79467,ema_pullback:aa69ef4a232810bb4c984532
lookback-097,eth_ema200_untouched_anchor_sweep,97,5f9b0e2918a2d95b6e3938fff08994062981948222fcb6403259781603c86b4c,1095,1095,0.5159817351598173515981735160,1.051110867012154346778366836,35,35,0.316460700459321256644597327,-0.3890168005849392813644035268,574,0.5261324041811846689895470383,30,30,521,0.5047984644913627639155470250,5,5,run_f0fea61d2d0f45e7b1db73a295cdbbfd,ema_pullback:635ef1284125c76fea10a917
lookback-098,eth_ema200_untouched_anchor_sweep,98,5f9b0e2918a2d95b6e3938fff08994062981948222fcb6403259781603c86b4c,1083,1083,0.5180055401662049861495844875,1.056793107795926807042457718,39,39,0.3403921024996013092439646915,-0.3688300089472306988014279864,564,0.5301418439716312056737588652,34,34,519,0.5048169556840077071290944123,5,5,run_0303e700fd044ee0b61db55b5f16d34b,ema_pullback:e3a3a9601c079de07a2381a4
lookback-099,eth_ema200_untouched_anchor_sweep,99,5f9b0e2918a2d95b6e3938fff08994062981948222fcb6403259781603c86b4c,1071,1071,0.5191409897292250233426704015,1.060279708746468513164152497,41,41,0.3593178053771566414551631747,-0.3540117385101723933850763709,555,0.5333333333333333333333333333,37,37,516,0.5038759689922480620155038760,4,4,run_1067b400ae864c58a7dee3f989fd2a08,ema_pullback:6f24da09327af7976ef9d621
lookback-100,eth_ema200_untouched_anchor_sweep,100,5f9b0e2918a2d95b6e3938fff08994062981948222fcb6403259781603c86b4c,1064,1064,0.5197368421052631578947368421,1.058744278193931836260568217,42,42,0.3397873303497561635404453391,-0.3417214392932710871165720479,549,0.5355191256830601092896174863,39,39,515,0.5029126213592233009708737864,3,3,run_8a9066fb8d3741edaaa9872352382059,ema_pullback:c98b1c0bfe79c799f5ae827d
lookback-101,eth_ema200_untouched_anchor_sweep,101,5f9b0e2918a2d95b6e3938fff08994062981948222fcb6403259781603c86b4c,1055,1055,0.5203791469194312796208530806,1.051187335147447426753350485,43,43,0.2819347096574005115362048968,-0.3372723305297568456300602109,542,0.5369003690036900369003690037,40,40,513,0.5029239766081871345029239766,3,3,run_f2e44ec1817e41feb38128bf4b0dda0c,ema_pullback:449e091e7879429e398da619
lookback-102,eth_ema200_untouched_anchor_sweep,102,5f9b0e2918a2d95b6e3938fff08994062981948222fcb6403259781603c86b4c,1049,1049,0.5204957102001906577693040991,1.056729647011311518132034459,43,43,0.3179019308615304532515447979,-0.3398529529239872773221843082,538,0.5371747211895910780669144981,40,40,511,0.5029354207436399217221135029,3,3,run_4331d716295a4c4385f75cf1642c45ef,ema_pullback:fd4f559ece3c32331274a967
lookback-103,eth_ema200_untouched_anchor_sweep,103,5f9b0e2918a2d95b6e3938fff08994062981948222fcb6403259781603c86b4c,1041,1041,0.5216138328530259365994236311,1.059284798633045766733060556,45,45,0.3282160093342465196028167896,-0.3317466431471557732730925744,530,0.5396226415094339622641509434,42,42,511,0.5029354207436399217221135029,3,3,run_c9693202dc7e4565a475be975037dd6b,ema_pullback:cab31c80bbec480343eda88d
lookback-104,eth_ema200_untouched_anchor_sweep,104,5f9b0e2918a2d95b6e3938fff08994062981948222fcb6403259781603c86b4c,1029,1029,0.5208940719144800777453838678,1.060003081856818820983350666,43,43,0.3333491012946383102194771122,-0.3331510789924323846093918523,527,0.5388994307400379506641366224,41,41,502,0.5019920318725099601593625498,2,2,run_c05355873a9649b99330d52ca83c5ae0,ema_pullback:07f138289589c6e0a1f7a597
lookback-105,eth_ema200_untouched_anchor_sweep,105,5f9b0e2918a2d95b6e3938fff08994062981948222fcb6403259781603c86b4c,1019,1019,0.5220804710500490677134445535,1.060533142462992514590902069,45,45,0.3310579083399127084300647671,-0.3200270820684655820815281271,524,0.5381679389312977099236641221,40,40,495,0.5050505050505050505050505051,5,5,run_b7b193c76e1e47c99f2968d74dde2361,ema_pullback:13d2f77ebdd9cf548ad2ccba
lookback-106,eth_ema200_untouched_anchor_sweep,106,5f9b0e2918a2d95b6e3938fff08994062981948222fcb6403259781603c86b4c,1011,1011,0.5242334322453016815034619189,1.069930766795796739566361782,49,49,0.3841972682968518742067478735,-0.3159218464213004496019806790,518,0.5405405405405405405405405405,42,42,493,0.5070993914807302231237322515,7,7,run_8477719569a843c49205eeafd96f19de,ema_pullback:ec3f7f0f5b20753917bebe49
lookback-107,eth_ema200_untouched_anchor_sweep,107,5f9b0e2918a2d95b6e3938fff08994062981948222fcb6403259781603c86b4c,1003,1003,0.5234297108673978065802592223,1.069488294902969209006581742,47,47,0.3752904993961496992826173028,-0.3136003213616976589472305710,516,0.5406976744186046511627906977,42,42,487,0.5051334702258726899383983573,5,5,run_47dc39307f9c4988a3bcdda63ca8ac04,ema_pullback:da45fb0eb7f577a1e9186beb
lookback-108,eth_ema200_untouched_anchor_sweep,108,5f9b0e2918a2d95b6e3938fff08994062981948222fcb6403259781603c86b4c,993,993,0.5216515609264853977844914401,1.062151141990869489434673338,43,43,0.3308917806292125595353655484,-0.3136003213616976589472305714,511,0.5381604696673189823874755382,39,39,482,0.5041493775933609958506224066,4,4,run_cf85f5fb805e47d0ac6f8e417ba5bb76,ema_pullback:daba8309610ed51dce8c3434
lookback-109,eth_ema200_untouched_anchor_sweep,109,5f9b0e2918a2d95b6e3938fff08994062981948222fcb6403259781603c86b4c,983,983,0.5218718209562563580874872838,1.066216077049795796563531119,43,43,0.3575874819309680945102847063,-0.2994069224482550348558639582,506,0.5395256916996047430830039526,40,40,477,0.5031446540880503144654088050,3,3,run_6886c759ea6b4449baf33d0f907a9d82,ema_pullback:5a35d6268afa33dc2474dda5
lookback-110,eth_ema200_untouched_anchor_sweep,110,5f9b0e2918a2d95b6e3938fff08994062981948222fcb6403259781603c86b4c,972,972,0.5226337448559670781893004115,1.071221666574486539801449057,44,44,0.38316935153448021945685267,-0.3057272428346494101463844027,499,0.5390781563126252505010020040,39,39,473,0.5052854122621564482029598309,5,5,run_cd08ad3d2d2e4993a09a430ffb0c8067,ema_pullback:f37980f6896b4a87e017ca57
lookback-111,eth_ema200_untouched_anchor_sweep,111,5f9b0e2918a2d95b6e3938fff08994062981948222fcb6403259781603c86b4c,959,959,0.5234619395203336809176225235,1.075328480997888833073479401,45,45,0.4031563678134193028006071042,-0.3049249690803282429783072705,493,0.5375253549695740365111561866,37,37,466,0.5085836909871244635193133047,8,8,run_c306e7045b284205acf7eebea717f4c2,ema_pullback:cdfeeb0add411e230e692c69
lookback-112,eth_ema200_untouched_anchor_sweep,112,5f9b0e2918a2d95b6e3938fff08994062981948222fcb6403259781603c86b4c,946,946,0.5232558139534883720930232558,1.074591755401173074325252023,44,44,0.3924868365152442477205479686,-0.3161402896199314522824080405,487,0.5338809034907597535934291581,33,33,459,0.5119825708061002178649237473,11,11,run_8b1c39fbe0e64188a67e4b650487a5f0,ema_pullback:799d86f2fa809b9c6ae6ccd9
lookback-113,eth_ema200_untouched_anchor_sweep,113,5f9b0e2918a2d95b6e3938fff08994062981948222fcb6403259781603c86b4c,939,939,0.5250266240681576144834930777,1.081076050079594507313062268,47,47,0.423038313182879361126884563,-0.3192818927364206875867984716,486,0.5349794238683127572016460905,34,34,453,0.5143487858719646799116997792,13,13,run_614080d98f1a453586155d688df6623a,ema_pullback:ce4ddb75dab2d4c1de441169
lookback-114,eth_ema200_untouched_anchor_sweep,114,5f9b0e2918a2d95b6e3938fff08994062981948222fcb6403259781603c86b4c,928,928,0.5258620689655172413793103448,1.084137266326928845620991284,48,48,0.433593167471924562122478331,-0.3071380939853898864370529964,481,0.5343035343035343035343035343,33,33,447,0.5167785234899328859060402685,15,15,run_c52f5eca3cbf49479c971355b256154c,ema_pullback:05d472855213af4e0bb1de10
lookback-115,eth_ema200_untouched_anchor_sweep,115,5f9b0e2918a2d95b6e3938fff08994062981948222fcb6403259781603c86b4c,920,920,0.5282608695652173913043478261,1.091713870794860289221200571,52,52,0.4745600407402402771386764781,-0.2888966557938490429113284932,474,0.5400843881856540084388185654,38,38,446,0.5156950672645739910313901345,14,14,run_8ceef078b1554b38aff9b6f5b4dc9098,ema_pullback:36b51f69b99f597dc882eac6
lookback-116,eth_ema200_untouched_anchor_sweep,116,5f9b0e2918a2d95b6e3938fff08994062981948222fcb6403259781603c86b4c,911,911,0.5279912184412733260153677278,1.090794899241770963590883433,51,51,0.4665934393475967280507058467,-0.2888966557938490429113284942,471,0.5392781316348195329087048832,37,37,440,0.5159090909090909090909090909,14,14,run_f090dd1a26a7460aace4ddbd72210620,ema_pullback:ea20621c05a25c5992403327
lookback-117,eth_ema200_untouched_anchor_sweep,117,5f9b0e2918a2d95b6e3938fff08994062981948222fcb6403259781603c86b4c,901,901,0.5283018867924528301886792453,1.092061395442591345213999930,51,51,0.4691541391924858891674538883,-0.2914903381691662391118937425,467,0.5396145610278372591006423983,37,37,434,0.5161290322580645161290322581,14,14,run_cc22bd58d92c4b26ad76a1be91627f7f,ema_pullback:76df95e719af5c69875a2237
lookback-118,eth_ema200_untouched_anchor_sweep,118,5f9b0e2918a2d95b6e3938fff08994062981948222fcb6403259781603c86b4c,896,896,0.5279017857142857142857142857,1.088404108606735615151838114,50,50,0.4474441456674672279840468814,-0.2961052739815056778829136484,463,0.5399568034557235421166306695,37,37,433,0.5150115473441108545034642032,13,13,run_ea8497dd379848da998346c820938ec8,ema_pullback:3a9b97600f6274ffb4acafdc
lookback-119,eth_ema200_untouched_anchor_sweep,119,5f9b0e2918a2d95b6e3938fff08994062981948222fcb6403259781603c86b4c,890,890,0.5292134831460674157303370787,1.092858321171372679895376835,52,52,0.4670235392049000821487027323,-0.2895864543835386894073907057,461,0.5401301518438177874186550976,37,37,429,0.5174825174825174825174825175,15,15,run_b58cb635021b4abc919fa5147f5025fc,ema_pullback:7e1fc689de840d4d00a2f94f
lookback-120,eth_ema200_untouched_anchor_sweep,120,5f9b0e2918a2d95b6e3938fff08994062981948222fcb6403259781603c86b4c,887,887,0.5298759864712514092446448703,1.094307573775812945735009552,53,53,0.4729892493641619492830608274,-0.2895864543835386894073907057,460,0.5413043478260869565217391304,38,38,427,0.5175644028103044496487119438,15,15,run_833e08a793874b2eb94954b4006b4eaa,ema_pullback:dc531eeb8c5e3a269112742b
lookback-121,eth_ema200_untouched_anchor_sweep,121,5f9b0e2918a2d95b6e3938fff08994062981948222fcb6403259781603c86b4c,878,878,0.5296127562642369020501138952,1.091418665308725271057119026,52,52,0.4457658518339130701212378742,-0.2976794580650912201469010910,454,0.5396475770925110132158590308,36,36,424,0.5188679245283018867924528302,16,16,run_1b931bd481984dbd89c32219f42b21dd,ema_pullback:85bf3954d3c1341b30360fe5
lookback-122,eth_ema200_untouched_anchor_sweep,122,5f9b0e2918a2d95b6e3938fff08994062981948222fcb6403259781603c86b4c,869,869,0.5304948216340621403912543153,1.095189501226098618172370311,53,53,0.4627170644346253949911959342,-0.2867929896153966412252081883,449,0.5412026726057906458797327394,37,37,420,0.5190476190476190476190476190,16,16,run_0ebb2517f6294e5d9392a140450a2b34,ema_pullback:c25475bdf5c2ec2bc3e8e30e
lookback-123,eth_ema200_untouched_anchor_sweep,123,5f9b0e2918a2d95b6e3938fff08994062981948222fcb6403259781603c86b4c,861,861,0.5296167247386759581881533101,1.089819305975227699003346952,51,51,0.4287170041174396801854441649,-0.2884517516708048422717672702,446,0.5448430493273542600896860987,40,40,415,0.5132530120481927710843373494,11,11,run_0ca44a3ac4314799a0b7719629d96e5a,ema_pullback:9f62c2cc5ecf787160ce15cc
lookback-124,eth_ema200_untouched_anchor_sweep,124,5f9b0e2918a2d95b6e3938fff08994062981948222fcb6403259781603c86b4c,852,852,0.5281690140845070422535211268,1.078366859477468847763671576,48,48,0.3606973288090550302053622265,-0.2852100965834698436341881453,441,0.5442176870748299319727891156,39,39,411,0.5109489051094890510948905109,9,9,run_5a8e20db5da3474b803edcd7b0c2ec2d,ema_pullback:a8515a1dee8b0d874b7367a0
lookback-125,eth_ema200_untouched_anchor_sweep,125,5f9b0e2918a2d95b6e3938fff08994062981948222fcb6403259781603c86b4c,843,843,0.5278766310794780545670225386,1.077086556560932881978229746,47,47,0.346978982120236626596926631,-0.2892855831682493312774058398,438,0.5479452054794520547945205479,42,42,405,0.5061728395061728395061728395,5,5,run_94f98e72c65748658121b9685d09eca4,ema_pullback:4bbd1fb0f325f51daebbab88
lookback-126,eth_ema200_untouched_anchor_sweep,126,5f9b0e2918a2d95b6e3938fff08994062981948222fcb6403259781603c86b4c,834,834,0.5275779376498800959232613909,1.071289020876915207414154150,46,46,0.3159610223117001240539344167,-0.2946293776910025970069552784,433,0.5496535796766743648960739030,43,43,401,0.5037406483790523690773067332,3,3,run_21e68ad045724d0087cc9f67aad862b3,ema_pullback:bc27e20ac8408b14268ef171
lookback-127,eth_ema200_untouched_anchor_sweep,127,5f9b0e2918a2d95b6e3938fff08994062981948222fcb6403259781603c86b4c,829,829,0.5259348612786489746682750302,1.065013407966125721552170887,43,43,0.2829201328219994908963478689,-0.2988517119458054665935628928,431,0.5475638051044083526682134571,41,41,398,0.5025125628140703517587939698,2,2,run_172cd7f957fd48009d832b17e30128ad,ema_pullback:a246a712d26f825e7c2a47f8
lookback-128,eth_ema200_untouched_anchor_sweep,128,5f9b0e2918a2d95b6e3938fff08994062981948222fcb6403259781603c86b4c,822,822,0.5255474452554744525547445255,1.063786417490950024874582576,42,42,0.2751286701276374944745135152,-0.2961721993942946252269866451,426,0.5469483568075117370892018779,40,40,396,0.5025252525252525252525252525,2,2,run_2dfbb29814c44ae3a1d51d18694a62c0,ema_pullback:d4565d911c9528ee3eb48705
lookback-129,eth_ema200_untouched_anchor_sweep,129,5f9b0e2918a2d95b6e3938fff08994062981948222fcb6403259781603c86b4c,814,814,0.5294840294840294840294840295,1.090360685443684484961119000,48,48,0.4112382021572926794977022465,-0.2883082152928013523374113892,421,0.5510688836104513064133016627,43,43,393,0.5063613231552162849872773537,5,5,run_49d9ec24c5ac4201bac992da6c3dd1ca,ema_pullback:fad275d78e21246d449376a2
lookback-130,eth_ema200_untouched_anchor_sweep,130,5f9b0e2918a2d95b6e3938fff08994062981948222fcb6403259781603c86b4c,810,810,0.5296296296296296296296296296,1.091563429856720463069128827,48,48,0.4141347920327571589547000869,-0.2883082152928013523374113888,420,0.55,42,42,390,0.5076923076923076923076923077,6,6,run_fae0240faaae431c8d2dbac067a754c4,ema_pullback:e57170fe208d2e0ba8f6b7a2
lookback-131,eth_ema200_untouched_anchor_sweep,131,5f9b0e2918a2d95b6e3938fff08994062981948222fcb6403259781603c86b4c,803,803,0.5267745952677459526774595268,1.082070763302900751224103997,43,43,0.3636703436451628703952347698,-0.2862506363387419492810758526,415,0.5445783132530120481927710843,37,37,388,0.5077319587628865979381443299,6,6,run_7238a6a240c644cda0bdd462e0211259,ema_pullback:6575d3e0164b2dd142771db3
lookback-132,eth_ema200_untouched_anchor_sweep,132,5f9b0e2918a2d95b6e3938fff08994062981948222fcb6403259781603c86b4c,795,795,0.5257861635220125786163522013,1.077433735044364813595856178,41,41,0.3401287658997165350115495889,-0.2833157606053148205240526202,411,0.5401459854014598540145985401,33,33,384,0.5104166666666666666666666667,8,8,run_8d8b963133d84c5a99d849ad84ece03e,ema_pullback:c32a65ca7865c9e09dfcd52a
lookback-133,eth_ema200_untouched_anchor_sweep,133,5f9b0e2918a2d95b6e3938fff08994062981948222fcb6403259781603c86b4c,789,789,0.5259822560202788339670468948,1.080194610771396822224603327,41,41,0.3542078621271952554038823753,-0.2833157606053148205240526220,409,0.5378973105134474327628361858,31,31,380,0.5131578947368421052631578947,10,10,run_533822f95d6640b1befbdda18cf2caed,ema_pullback:3fafa1cb00e2970ed64a5335
lookback-134,eth_ema200_untouched_anchor_sweep,134,5f9b0e2918a2d95b6e3938fff08994062981948222fcb6403259781603c86b4c,785,785,0.5273885350318471337579617834,1.080557293468028988003623810,43,43,0.3551436203285315314604323432,-0.2797009063416279811037396655,407,0.5405405405405405405405405405,33,33,378,0.5132275132275132275132275132,10,10,run_17cb1e56e903415e822d2717aafbd15d,ema_pullback:b6424693ff1f88db243604a0
lookback-135,eth_ema200_untouched_anchor_sweep,135,5f9b0e2918a2d95b6e3938fff08994062981948222fcb6403259781603c86b4c,776,776,0.5257731958762886597938144330,1.080132142147524114001388824,40,40,0.3522942744239038889364322266,-0.2849807484554588967640564637,406,0.5394088669950738916256157635,32,32,370,0.5108108108108108108108108108,8,8,run_3e44a772a5d448d4a15fbc1c83c1a04b,ema_pullback:2f37c2b09d0c991215312628
lookback-136,eth_ema200_untouched_anchor_sweep,136,5f9b0e2918a2d95b6e3938fff08994062981948222fcb6403259781603c86b4c,767,767,0.5280312907431551499348109518,1.090382051917517983964905361,43,43,0.3999446133506190897071224379,-0.2745261653603197491524616765,401,0.5411471321695760598503740648,33,33,366,0.5136612021857923497267759563,10,10,run_e86cad963cad44a08775b50e99af12a0,ema_pullback:a028fe7ff6c4e45f58d9801f
lookback-137,eth_ema200_untouched_anchor_sweep,137,5f9b0e2918a2d95b6e3938fff08994062981948222fcb6403259781603c86b4c,759,759,0.5283267457180500658761528327,1.092154747008325736696420966,43,43,0.40767040283402241304908933,-0.2745261653603197491524616765,395,0.5392405063291139240506329114,31,31,364,0.5164835164835164835164835165,12,12,run_e541d7d3e7c44390b59edd138bbd7c9c,ema_pullback:d8ea3106deeb39950a027660
lookback-138,eth_ema200_untouched_anchor_sweep,138,5f9b0e2918a2d95b6e3938fff08994062981948222fcb6403259781603c86b4c,754,754,0.5291777188328912466843501326,1.096903845327007386980204990,44,44,0.4280066871119443178910523031,-0.2674156880319033686507526824,394,0.5380710659898477157360406091,30,30,360,0.5194444444444444444444444444,14,14,run_d1753873f7254ce7b1bc259f51b2d7ef,ema_pullback:3cbf8d575bf43a6691976ef3
lookback-139,eth_ema200_untouched_anchor_sweep,139,5f9b0e2918a2d95b6e3938fff08994062981948222fcb6403259781603c86b4c,748,748,0.5320855614973262032085561497,1.109753072557993203929956831,48,48,0.486117162096171091764806795,-0.2532872715622166249666062562,390,0.5410256410256410256410256410,32,32,358,0.5223463687150837988826815642,16,16,run_d0562c3de532437787068ef2a6728242,ema_pullback:4f2797b9ae421e766398e36a
lookback-140,eth_ema200_untouched_anchor_sweep,140,5f9b0e2918a2d95b6e3938fff08994062981948222fcb6403259781603c86b4c,741,741,0.5317139001349527665317139001,1.106620126056427094544519310,47,47,0.466694913587068061267691243,-0.2532872715622166249666062539,385,0.5428571428571428571428571429,33,33,356,0.5196629213483146067415730337,14,14,run_2f8c109661d94e90b1aa6fad0e403f04,ema_pullback:671533d15410ae6d7d9a6413
lookback-141,eth_ema200_untouched_anchor_sweep,141,5f9b0e2918a2d95b6e3938fff08994062981948222fcb6403259781603c86b4c,734,734,0.5286103542234332425068119891,1.098274411831083141098334132,42,42,0.4223749564079839488082151731,-0.2623071284714329484357168234,380,0.5394736842105263157894736842,30,30,354,0.5169491525423728813559322034,12,12,run_0954cf35886e465592fb301777b152a4,ema_pullback:da34ed0679656785d365607e
lookback-142,eth_ema200_untouched_anchor_sweep,142,5f9b0e2918a2d95b6e3938fff08994062981948222fcb6403259781603c86b4c,724,724,0.5290055248618784530386740331,1.104337613361655326949610220,42,42,0.4496425286132392273025390996,-0.2693724239360630716608553161,374,0.5401069518716577540106951872,30,30,350,0.5171428571428571428571428571,12,12,run_af21564bb0ac4f41a10c4a5286455432,ema_pullback:ff5ade2f55c371ea99455054
lookback-143,eth_ema200_untouched_anchor_sweep,143,5f9b0e2918a2d95b6e3938fff08994062981948222fcb6403259781603c86b4c,717,717,0.5271966527196652719665271967,1.097607760769586313949006008,39,39,0.4154230332432577281921671878,-0.2864073716742411674994208778,372,0.5376344086021505376344086022,28,28,345,0.5159420289855072463768115942,11,11,run_e36716fd398444c1840ceca369942039,ema_pullback:303fb4409ba35c3df3ee4428
lookback-144,eth_ema200_untouched_anchor_sweep,144,5f9b0e2918a2d95b6e3938fff08994062981948222fcb6403259781603c86b4c,710,710,0.5309859154929577464788732394,1.109882187866645212636631725,44,44,0.4700435371089686590585324138,-0.2798238067832840436681899978,368,0.5407608695652173913043478261,30,30,342,0.5204678362573099415204678363,14,14,run_141628e6fd5a4c4cbd0078a033c40dc0,ema_pullback:a5e7b62a0291d62a4a6452ae
lookback-145,eth_ema200_untouched_anchor_sweep,145,5f9b0e2918a2d95b6e3938fff08994062981948222fcb6403259781603c86b4c,704,704,0.53125,1.106794023696124168380428260,44,44,0.4476520435258697730624919,-0.2820454556387932018948518704,364,0.5412087912087912087912087912,30,30,340,0.5205882352941176470588235294,14,14,run_1f46f98877c24be5be260de1a6d2c676,ema_pullback:528028a204389ad9af32353c
lookback-146,eth_ema200_untouched_anchor_sweep,146,5f9b0e2918a2d95b6e3938fff08994062981948222fcb6403259781603c86b4c,700,700,0.5314285714285714285714285714,1.105959458735651570627847420,44,44,0.4446639175179686021006998872,-0.2887195825539098260280827725,361,0.5401662049861495844875346260,29,29,339,0.5221238938053097345132743363,15,15,run_227a9b5fbc284cc5a3e5a7e610059bdd,ema_pullback:a44e6f4ef9eac8f7b07edab9
lookback-147,eth_ema200_untouched_anchor_sweep,147,5f9b0e2918a2d95b6e3938fff08994062981948222fcb6403259781603c86b4c,695,695,0.5309352517985611510791366906,1.102562586304001769298382984,43,43,0.4293711300523730656489865183,-0.2938798126143645775988938477,358,0.5391061452513966480446927374,28,28,337,0.5222551928783382789317507418,15,15,run_8ab24b5f5e244b1a8d2b8be0bc1e93a1,ema_pullback:df4fbe02faaf768c756a5e43
lookback-148,eth_ema200_untouched_anchor_sweep,148,5f9b0e2918a2d95b6e3938fff08994062981948222fcb6403259781603c86b4c,687,687,0.5312954876273653566229985444,1.106674371195111595926167999,43,43,0.4394328599590711908537474372,-0.2787602782754153080012205989,355,0.5408450704225352112676056338,29,29,332,0.5210843373493975903614457831,14,14,run_fd6a2c3cc387440f9ae7fb45a55f0ce0,ema_pullback:0f06a6b359143483d9fe630b
lookback-149,eth_ema200_untouched_anchor_sweep,149,5f9b0e2918a2d95b6e3938fff08994062981948222fcb6403259781603c86b4c,675,675,0.5288888888888888888888888889,1.105706041080627540942207753,39,39,0.4234913775521044595322139625,-0.2640234151421130090204555661,350,0.54,28,28,325,0.5169230769230769230769230769,11,11,run_e94ad2a5b77f4724b7c3b784cd539dc8,ema_pullback:78d8f2180aa644201442a063
lookback-150,eth_ema200_untouched_anchor_sweep,150,5f9b0e2918a2d95b6e3938fff08994062981948222fcb6403259781603c86b4c,672,672,0.5282738095238095238095238095,1.106177999604393009508140915,38,38,0.424291796907840388646825238,-0.2674444773904415010766730592,348,0.5373563218390804597701149425,26,26,324,0.5185185185185185185185185185,12,12,run_e966080597174cf6bff9cdb5b7e5e5cc,ema_pullback:33104f62f88030cea678de9f
lookback-151,eth_ema200_untouched_anchor_sweep,151,5f9b0e2918a2d95b6e3938fff08994062981948222fcb6403259781603c86b4c,669,669,0.5276532137518684603886397608,1.102817693740602112893787395,37,37,0.4081127616169738829786438778,-0.2744791894635492868597516694,345,0.5362318840579710144927536232,25,25,324,0.5185185185185185185185185185,12,12,run_79d86789b6814b6ca4d2c98c4c2b321d,ema_pullback:8517a1ab3702404a980fe185
lookback-152,eth_ema200_untouched_anchor_sweep,152,5f9b0e2918a2d95b6e3938fff08994062981948222fcb6403259781603c86b4c,661,661,0.5279878971255673222390317700,1.101412668341684375541563262,37,37,0.4042781243580768839703914839,-0.2919763537873834724100853287,342,0.5380116959064327485380116959,26,26,319,0.5172413793103448275862068966,11,11,run_2c6437d4836d4b85a6c71de3ebb90214,ema_pullback:24d72fccfead305fb8173210
lookback-153,eth_ema200_untouched_anchor_sweep,153,5f9b0e2918a2d95b6e3938fff08994062981948222fcb6403259781603c86b4c,660,660,0.5272727272727272727272727273,1.098631248175908897631798013,36,36,0.3909997295685959377302917391,-0.2919763537873834724100853252,341,0.5366568914956011730205278592,25,25,319,0.5172413793103448275862068966,11,11,run_bb789867f5184ad8aaa70a1ba0bdcb7a,ema_pullback:4b3ffd68998d850d7b6b96f7
lookback-154,eth_ema200_untouched_anchor_sweep,154,5f9b0e2918a2d95b6e3938fff08994062981948222fcb6403259781603c86b4c,657,657,0.5266362252663622526636225266,1.099194055706345931077835619,35,35,0.3915772685272624083925871188,-0.2895121528314933039630511100,339,0.5339233038348082595870206490,23,23,318,0.5188679245283018867924528302,12,12,run_2874e286cfd84b7f95955271dc200c09,ema_pullback:77998f13d6e8c22629454697
lookback-155,eth_ema200_untouched_anchor_sweep,155,5f9b0e2918a2d95b6e3938fff08994062981948222fcb6403259781603c86b4c,651,651,0.5284178187403993855606758833,1.104821081568693524513534422,37,37,0.4136220490746411090020109364,-0.2888921402296697222275257532,336,0.5327380952380952380952380952,22,22,315,0.5238095238095238095238095238,15,15,run_0128f299975242ea8548deefe03f5d18,ema_pullback:29182cc5085e83d87fc69beb
lookback-156,eth_ema200_untouched_anchor_sweep,156,5f9b0e2918a2d95b6e3938fff08994062981948222fcb6403259781603c86b4c,647,647,0.5270479134466769706336939722,1.100070470815782000082697574,35,35,0.3917897192637806497241717871,-0.2946458100632661821674781627,335,0.5313432835820895522388059701,21,21,312,0.5224358974358974358974358974,14,14,run_b6b647ce9570462880a969af1ca9f558,ema_pullback:e835f26d8987ae400a6d755f
lookback-157,eth_ema200_untouched_anchor_sweep,157,5f9b0e2918a2d95b6e3938fff08994062981948222fcb6403259781603c86b4c,642,642,0.5280373831775700934579439252,1.100542501827901981110927211,36,36,0.3888004946847650626588910705,-0.2944720944965694360271995013,331,0.5317220543806646525679758308,21,21,311,0.5241157556270096463022508039,15,15,run_f81566791590425f8f9cd76b7a4b68b1,ema_pullback:7057eac74e9b0a72ec03f7ec
lookback-158,eth_ema200_untouched_anchor_sweep,158,5f9b0e2918a2d95b6e3938fff08994062981948222fcb6403259781603c86b4c,636,636,0.5298742138364779874213836478,1.107262293383395318323643474,38,38,0.4152272393293362212911921596,-0.2955658711308650214937116350,329,0.5349544072948328267477203647,23,23,307,0.5244299674267100977198697068,15,15,run_bc4ee70d490d44fb88dc2bc5653e33d2,ema_pullback:261b25e25ae13f7225adf09f
lookback-159,eth_ema200_untouched_anchor_sweep,159,5f9b0e2918a2d95b6e3938fff08994062981948222fcb6403259781603c86b4c,630,630,0.5285714285714285714285714286,1.104574483170871337675251568,36,36,0.3974600020779110589677801921,-0.2955658711308650214937116384,326,0.5337423312883435582822085890,22,22,304,0.5230263157894736842105263158,14,14,run_c1668a7ccfd3432e9d01560404229133,ema_pullback:533ea04b59ce73a803c9886b
lookback-160,eth_ema200_untouched_anchor_sweep,160,5f9b0e2918a2d95b6e3938fff08994062981948222fcb6403259781603c86b4c,623,623,0.5296950240770465489566613162,1.109764816226762730817793889,37,37,0.4202919111230729169082819631,-0.2908357492532134569080935024,323,0.5356037151702786377708978328,23,23,300,0.5233333333333333333333333333,14,14,run_c6d876218f51413896e6473c9b178142,ema_pullback:2b0801561e445b08eb48358c
lookback-161,eth_ema200_untouched_anchor_sweep,161,5f9b0e2918a2d95b6e3938fff08994062981948222fcb6403259781603c86b4c,617,617,0.5283630470016207455429497569,1.105934925448161774806960062,35,35,0.3936759960801231697088143045,-0.2809592120411115786393756386,319,0.5360501567398119122257053292,23,23,298,0.5201342281879194630872483221,12,12,run_d3c87f01f3a14ce3bc6d09d617ee874a,ema_pullback:3f089aeb148c600de4d85670
lookback-162,eth_ema200_untouched_anchor_sweep,162,5f9b0e2918a2d95b6e3938fff08994062981948222fcb6403259781603c86b4c,615,615,0.5268292682926829268292682927,1.101976792780947668802592513,33,33,0.3783926341931511898606743351,-0.2841263582414958409710488793,317,0.5331230283911671924290220820,21,21,298,0.5201342281879194630872483221,12,12,run_221d1cc8224549eea7edfdc6255ecc37,ema_pullback:eeeba4563cdf92faf957f0e8
lookback-163,eth_ema200_untouched_anchor_sweep,163,5f9b0e2918a2d95b6e3938fff08994062981948222fcb6403259781603c86b4c,608,608,0.5279605263157894736842105263,1.099380777859160706611805260,34,34,0.3600756643307012062716317764,-0.2710501181865977247525904058,315,0.5365079365079365079365079365,23,23,293,0.5187713310580204778156996587,11,11,run_1bdb7287e5974f2f8a7a6c3e1d41dc9b,ema_pullback:09bfaf7a81bd6db3d158a6ae
lookback-164,eth_ema200_untouched_anchor_sweep,164,5f9b0e2918a2d95b6e3938fff08994062981948222fcb6403259781603c86b4c,602,602,0.5232558139534883720930232558,1.083783252907803841122445103,28,28,0.2941567953380714669733100067,-0.2795781757909383670367991633,312,0.5320512820512820512820512821,20,20,290,0.5137931034482758620689655172,8,8,run_ee1cbb035f0e44e59e212d1b2da4ae6c,ema_pullback:8171a4b833b919b7067e3f8d
lookback-165,eth_ema200_untouched_anchor_sweep,165,5f9b0e2918a2d95b6e3938fff08994062981948222fcb6403259781603c86b4c,598,598,0.5234113712374581939799331104,1.087199022228793286417300424,28,28,0.3044443942133158584086573006,-0.2748478376028911710315787786,309,0.5307443365695792880258899676,19,19,289,0.5155709342560553633217993080,9,9,run_61875c833a6d4ecf8f3878d805289380,ema_pullback:67916c634dfc60206ee0855a
lookback-166,eth_ema200_untouched_anchor_sweep,166,5f9b0e2918a2d95b6e3938fff08994062981948222fcb6403259781603c86b4c,592,592,0.5202702702702702702702702703,1.081338534158539492169356957,24,24,0.2783592273359704828229629471,-0.2814134924358830060261872162,307,0.5276872964169381107491856678,17,17,285,0.5122807017543859649122807018,7,7,run_839594e693c24642b7237fc437534035,ema_pullback:cab7545ff382ca2e2de99776
lookback-167,eth_ema200_untouched_anchor_sweep,167,5f9b0e2918a2d95b6e3938fff08994062981948222fcb6403259781603c86b4c,586,586,0.5170648464163822525597269625,1.064307118815784320264569743,20,20,0.2162246212238314269487645041,-0.3084460374288220269594762012,303,0.5247524752475247524752475248,15,15,283,0.5088339222614840989399293286,5,5,run_5e75f8f36de14571952b60acd5d7d365,ema_pullback:7f0626da2afbb071fd225cb1
lookback-168,eth_ema200_untouched_anchor_sweep,168,5f9b0e2918a2d95b6e3938fff08994062981948222fcb6403259781603c86b4c,577,577,0.5199306759098786828422876950,1.072174686755289669018259702,23,23,0.2367421310552119158204873893,-0.3002305596274352488536955348,297,0.5286195286195286195286195286,17,17,280,0.5107142857142857142857142857,6,6,run_1533bd928baf435e89ceffde899faf71,ema_pullback:0c060122360301e2a3a2c492
lookback-169,eth_ema200_untouched_anchor_sweep,169,5f9b0e2918a2d95b6e3938fff08994062981948222fcb6403259781603c86b4c,570,570,0.5210526315789473684210526316,1.079352125738193977332686327,24,24,0.2574362201118488771436793366,-0.2853334293367478500348767500,291,0.5292096219931271477663230241,17,17,279,0.5125448028673835125448028674,7,7,run_727f9545c2d5491a92bdc4e0d57c5132,ema_pullback:64ff4fb789603fecc6a74716
lookback-170,eth_ema200_untouched_anchor_sweep,170,5f9b0e2918a2d95b6e3938fff08994062981948222fcb6403259781603c86b4c,565,565,0.5238938053097345132743362832,1.090217094136953084494481014,27,27,0.2917151081536581529189961376,-0.2756535011723061314704320990,291,0.5292096219931271477663230241,17,17,274,0.5182481751824817518248175182,10,10,run_8d4c0268dd1043d4adf4eaa076aa61f6,ema_pullback:5fcd8078b8788d7fc15b7d68
lookback-171,eth_ema200_untouched_anchor_sweep,171,5f9b0e2918a2d95b6e3938fff08994062981948222fcb6403259781603c86b4c,563,563,0.5257548845470692717584369449,1.096440644400144501787420156,29,29,0.3120755705677250577174068027,-0.2688019111284262678482778210,291,0.5292096219931271477663230241,17,17,272,0.5220588235294117647058823529,12,12,run_d6faabf3123849669a8bf75aded79073,ema_pullback:c2ace91295d8ea7666289f7d
lookback-172,eth_ema200_untouched_anchor_sweep,172,5f9b0e2918a2d95b6e3938fff08994062981948222fcb6403259781603c86b4c,557,557,0.5260323159784560143626570916,1.101007456720267471000671307,29,29,0.3229694871470980832003661729,-0.2636050388253807076997796991,289,0.5294117647058823529411764706,17,17,268,0.5223880597014925373134328358,12,12,run_ec79523cab9c4f66bfc5c152509ff014,ema_pullback:b976325c82b7dd8f66fb9042
lookback-173,eth_ema200_untouched_anchor_sweep,173,5f9b0e2918a2d95b6e3938fff08994062981948222fcb6403259781603c86b4c,553,553,0.5244122965641952983725135624,1.095859713858906196913190370,27,27,0.2989743562693376118076131268,-0.2668599358201300269486580949,286,0.5279720279720279720279720280,16,16,267,0.5205992509363295880149812734,11,11,run_6dc5e9550c514db8bcdb34c0474a4e6d,ema_pullback:b9354018c716628a33bad063
lookback-174,eth_ema200_untouched_anchor_sweep,174,5f9b0e2918a2d95b6e3938fff08994062981948222fcb6403259781603c86b4c,546,546,0.5238095238095238095238095238,1.094462220244808121366813155,26,26,0.289851318661102523555978131,-0.2671135754069441986080501353,283,0.5335689045936395759717314488,19,19,263,0.5133079847908745247148288973,7,7,run_56a9d3ad0f0d4f6881bf213e4b8c6b1b,ema_pullback:55cb1c39bc7e10bd303472dc
lookback-175,eth_ema200_untouched_anchor_sweep,175,5f9b0e2918a2d95b6e3938fff08994062981948222fcb6403259781603c86b4c,543,543,0.5230202578268876611418047882,1.090303974431679653026666994,25,25,0.2731058123582211696903181512,-0.2634025280972481898946480350,280,0.5321428571428571428571428571,18,18,263,0.5133079847908745247148288973,7,7,run_78c73fd79c654de980b49930fbdd685d,ema_pullback:35b51403d3b9187371438578
lookback-176,eth_ema200_untouched_anchor_sweep,176,5f9b0e2918a2d95b6e3938fff08994062981948222fcb6403259781603c86b4c,538,538,0.5204460966542750929368029740,1.079327459209982081763850416,22,22,0.235190768739973406305001603,-0.2687768131922557353865359315,277,0.5270758122743682310469314079,15,15,261,0.5134099616858237547892720307,7,7,run_8d65cfbe150445df8db9870eb23564c1,ema_pullback:46007ddc62b55240aef74d60
lookback-177,eth_ema200_untouched_anchor_sweep,177,5f9b0e2918a2d95b6e3938fff08994062981948222fcb6403259781603c86b4c,534,534,0.5187265917602996254681647940,1.071842188595537568920122358,20,20,0.209371373049024096451914833,-0.2687768131922557353865359330,275,0.5236363636363636363636363636,13,13,259,0.5135135135135135135135135135,7,7,run_15a0d8481d8a4816bf1c81d736e20f01,ema_pullback:07504e18fefea99c77f07fad
lookback-178,eth_ema200_untouched_anchor_sweep,178,5f9b0e2918a2d95b6e3938fff08994062981948222fcb6403259781603c86b4c,529,529,0.5217391304347826086956521739,1.080309633365757114238403374,23,23,0.233830974343787774730745643,-0.2652763186588800303426523777,272,0.5257352941176470588235294118,14,14,257,0.5175097276264591439688715953,9,9,run_6e5556a1ba6f48e79970d98b9e822d48,ema_pullback:b45c9de86d200a996a9ac917
lookback-179,eth_ema200_untouched_anchor_sweep,179,5f9b0e2918a2d95b6e3938fff08994062981948222fcb6403259781603c86b4c,525,525,0.5238095238095238095238095238,1.080668807867095688646396686,25,25,0.234528292508358202850007358,-0.2728683992264942705882721337,268,0.5298507462686567164179104478,16,16,257,0.5175097276264591439688715953,9,9,run_0c202b0b469f4fe9a88aa067199ff761,ema_pullback:d8692b467f96c6e8d6670341
lookback-180,eth_ema200_untouched_anchor_sweep,180,5f9b0e2918a2d95b6e3938fff08994062981948222fcb6403259781603c86b4c,516,516,0.5213178294573643410852713178,1.078250860136892555759075490,22,22,0.2242002916337478861442165394,-0.2736554591207822981950637092,261,0.5249042145593869731800766284,13,13,255,0.5176470588235294117647058824,9,9,run_0f820802911c4fa8ad370889a2161df4,ema_pullback:52c675ffa99f45874cd7682b
lookback-181,eth_ema200_untouched_anchor_sweep,181,5f9b0e2918a2d95b6e3938fff08994062981948222fcb6403259781603c86b4c,510,510,0.5215686274509803921568627451,1.081312550934244899656374050,22,22,0.2297722437595678729934937953,-0.2673750066861975307773222145,258,0.5232558139534883720930232558,12,12,252,0.5198412698412698412698412698,10,10,run_5d06825605c5476d957df0e9771012ea,ema_pullback:ac2413bd1cb68b447c2a4530
lookback-182,eth_ema200_untouched_anchor_sweep,182,5f9b0e2918a2d95b6e3938fff08994062981948222fcb6403259781603c86b4c,500,500,0.52,1.072351375797655936200986219,20,20,0.1982765877387993685761091308,-0.2794842183129303039828674103,255,0.5215686274509803921568627451,11,11,245,0.5183673469387755102040816327,9,9,run_8c909f6b915a425eaeeb2685cc49637d,ema_pullback:85510b5506d79226b03e09ad
lookback-183,eth_ema200_untouched_anchor_sweep,183,5f9b0e2918a2d95b6e3938fff08994062981948222fcb6403259781603c86b4c,496,496,0.5241935483870967741935483871,1.088698314709781359620776624,24,24,0.2440108469023315929591793495,-0.2698623834200826721664323141,254,0.5236220472440944881889763780,12,12,242,0.5247933884297520661157024793,12,12,run_a80fa17b385e43ab855a1507bdbc1355,ema_pullback:70520d6d1c39058bce2a22be
lookback-184,eth_ema200_untouched_anchor_sweep,184,5f9b0e2918a2d95b6e3938fff08994062981948222fcb6403259781603c86b4c,488,488,0.5286885245901639344262295082,1.097896502252417623630767520,28,28,0.2677083783192309187185841879,-0.2593320512092073310014657091,249,0.5341365461847389558232931727,17,17,239,0.5230125523012552301255230126,11,11,run_7570998f9af6496e93423e253eebc016,ema_pullback:4a9c936e82e69318bda0d431
lookback-185,eth_ema200_untouched_anchor_sweep,185,5f9b0e2918a2d95b6e3938fff08994062981948222fcb6403259781603c86b4c,483,483,0.5238095238095238095238095238,1.071794766895239669890486831,23,23,0.1901250067379210714190197041,-0.2659369377878088219727987764,249,0.5341365461847389558232931727,17,17,234,0.5128205128205128205128205128,6,6,run_19de11b731d7435db0860f43e1aa0b29,ema_pullback:4473db8af7ba85b435ae11ff
lookback-186,eth_ema200_untouched_anchor_sweep,186,5f9b0e2918a2d95b6e3938fff08994062981948222fcb6403259781603c86b4c,480,480,0.525,1.076482667758476888223471517,24,24,0.2026523854454567766002337096,-0.2674320824395415515637682756,247,0.5344129554655870445344129555,17,17,233,0.5150214592274678111587982833,7,7,run_57480e7ae661498a8f40b429312d9ee2,ema_pullback:c34be0df4f46814ac7812e04
lookback-187,eth_ema200_untouched_anchor_sweep,187,5f9b0e2918a2d95b6e3938fff08994062981948222fcb6403259781603c86b4c,476,476,0.5252100840336134453781512605,1.077629848253687728383803368,24,24,0.2048794437323582922323113791,-0.2646232787938686232320036882,244,0.5368852459016393442622950820,18,18,232,0.5129310344827586206896551724,6,6,run_f7ea62051b3e44229fa039aecef03044,ema_pullback:7952f85c207ac8d12544791a
lookback-188,eth_ema200_untouched_anchor_sweep,188,5f9b0e2918a2d95b6e3938fff08994062981948222fcb6403259781603c86b4c,472,472,0.5233050847457627118644067797,1.069628534965401249122253357,22,22,0.181419839644579632881858115,-0.2687487652691872289858474388,243,0.5349794238683127572016460905,17,17,229,0.5109170305676855895196506550,5,5,run_aea5c993995e4f88ad6becf804b2783e,ema_pullback:3c9127abf2c90ba30e5e4d04
lookback-189,eth_ema200_untouched_anchor_sweep,189,5f9b0e2918a2d95b6e3938fff08994062981948222fcb6403259781603c86b4c,467,467,0.5224839400428265524625267666,1.068552466205636317762729873,21,21,0.1765531446143912772248750868,-0.2640675293695098320921001189,240,0.5333333333333333333333333333,16,16,227,0.5110132158590308370044052863,5,5,run_e04a044441114916b3c24585e00d574a,ema_pullback:15843991b73991ed81c56eb3
lookback-190,eth_ema200_untouched_anchor_sweep,190,5f9b0e2918a2d95b6e3938fff08994062981948222fcb6403259781603c86b4c,462,462,0.5216450216450216450216450216,1.070193867813721599873227281,20,20,0.1766622148359709168420410359,-0.2512124934283240061608651703,238,0.5336134453781512605042016807,16,16,224,0.5089285714285714285714285714,4,4,run_89c91abaf315475198fccd5c40f3df34,ema_pullback:8f2e7ce36dcc98155f42d867
lookback-191,eth_ema200_untouched_anchor_sweep,191,5f9b0e2918a2d95b6e3938fff08994062981948222fcb6403259781603c86b4c,459,459,0.5206971677559912854030501089,1.018552377716385593575835414,19,19,0.04150318225360549029936360722,-0.2512124934283240061608651747,237,0.5358649789029535864978902954,17,17,222,0.5045045045045045045045045045,2,2,run_9e897dfd62b7486881e9b29a7a416d3c,ema_pullback:e71acd2c417d57a16e399e83
lookback-192,eth_ema200_untouched_anchor_sweep,192,5f9b0e2918a2d95b6e3938fff08994062981948222fcb6403259781603c86b4c,451,451,0.5188470066518847006651884701,1.017886262504051587661641816,17,17,0.03944126878626405617256171406,-0.2524565014667673384385976847,233,0.5407725321888412017167381974,19,19,218,0.4954128440366972477064220183,-2,-2,run_ef5ff7fcaaf245aa917cff1769dd2ea9,ema_pullback:c612c83869810b56b6bb2dbf
lookback-193,eth_ema200_untouched_anchor_sweep,193,5f9b0e2918a2d95b6e3938fff08994062981948222fcb6403259781603c86b4c,449,449,0.5189309576837416481069042316,1.014872900560609962738547689,17,17,0.0325065217126144229771610794,-0.2496784779619608610758195198,232,0.5431034482758620689655172414,20,20,217,0.4930875576036866359447004608,-3,-3,run_9835710f13be4b60a4099bb9d8a505ce,ema_pullback:934f3343d941c9bd51cf4970
lookback-194,eth_ema200_untouched_anchor_sweep,194,5f9b0e2918a2d95b6e3938fff08994062981948222fcb6403259781603c86b4c,446,446,0.5201793721973094170403587444,1.014351653053366707366903767,18,18,0.03105315215448515186478795805,-0.2469717926647552774704551752,232,0.5431034482758620689655172414,20,20,214,0.4953271028037383177570093458,-2,-2,run_882b3001064c41fcb114e5ceefc4b711,ema_pullback:137e41f92a35af547f4ac08b
lookback-195,eth_ema200_untouched_anchor_sweep,195,5f9b0e2918a2d95b6e3938fff08994062981948222fcb6403259781603c86b4c,444,444,0.5180180180180180180180180180,1.009127235674912567576286014,16,16,0.01964847124669314050226115356,-0.2505992897323444442476495679,231,0.5411255411255411255411255411,19,19,213,0.4929577464788732394366197183,-3,-3,run_563f621c99324cc6b79d911ce0610911,ema_pullback:dc556d9f441eeb0656d1e8ef
lookback-196,eth_ema200_untouched_anchor_sweep,196,5f9b0e2918a2d95b6e3938fff08994062981948222fcb6403259781603c86b4c,441,441,0.5170068027210884353741496599,1.009524280872623860163429398,15,15,0.02042376670616918247636824294,-0.2482481981391782975548722120,229,0.5414847161572052401746724891,19,19,212,0.4905660377358490566037735849,-4,-4,run_427028018c044408aca0c022fdb04538,ema_pullback:a520eaad5150df34e45d4d32
lookback-197,eth_ema200_untouched_anchor_sweep,197,5f9b0e2918a2d95b6e3938fff08994062981948222fcb6403259781603c86b4c,437,437,0.5194508009153318077803203661,1.018465494402282673301374496,17,17,0.03963547457648120595393178486,-0.2482481981391782975548722147,226,0.5442477876106194690265486726,20,20,211,0.4928909952606635071090047393,-3,-3,run_eac4faf96a094279a284d0752cfce9bc,ema_pullback:31e7cd58021349c1a1275815
lookback-198,eth_ema200_untouched_anchor_sweep,198,5f9b0e2918a2d95b6e3938fff08994062981948222fcb6403259781603c86b4c,431,431,0.5150812064965197215777262181,0.9895768775776789664247902613,13,13,-0.02129741157649894780395140157,-0.2448722183914375209386415824,223,0.5381165919282511210762331839,17,17,208,0.4903846153846153846153846154,-4,-4,run_79f7835647434946a51149de5cb12fa1,ema_pullback:e6bfd4dd1e429d9458437df2
lookback-199,eth_ema200_untouched_anchor_sweep,199,5f9b0e2918a2d95b6e3938fff08994062981948222fcb6403259781603c86b4c,424,424,0.5070754716981132075471698113,0.9737543593757524414020964013,6,6,-0.05274503273693587527789956718,-0.2466839037984741034311214774,220,0.5318181818181818181818181818,14,14,204,0.4803921568627450980392156863,-8,-8,run_070a3f8312ed47a78e6a53c09bf6255b,ema_pullback:a53f509325b9092b8ad6d1df
lookback-200,eth_ema200_untouched_anchor_sweep,200,5f9b0e2918a2d95b6e3938fff08994062981948222fcb6403259781603c86b4c,422,422,0.5047393364928909952606635071,0.9625066425911525562944974564,4,4,-0.07478349490505137666752465861,-0.2551847492993800078836087296,220,0.5318181818181818181818181818,14,14,202,0.4752475247524752475247524752,-10,-10,run_16ff548b74ff442c86356cd2c931f1a5,ema_pullback:10a9543bcb6a969209db19a8
lookback-201,eth_ema200_untouched_anchor_sweep,201,5f9b0e2918a2d95b6e3938fff08994062981948222fcb6403259781603c86b4c,415,415,0.5084337349397590361445783133,0.9703787135918481684383635711,7,7,-0.05834048215329380777312305779,-0.2437995419578928067718944338,218,0.5366972477064220183486238532,16,16,197,0.4771573604060913705583756345,-9,-9,run_c1e97b7662e24446aa65be1ff31c37fa,ema_pullback:1db2867404bed1262f21eb6c
lookback-202,eth_ema200_untouched_anchor_sweep,202,5f9b0e2918a2d95b6e3938fff08994062981948222fcb6403259781603c86b4c,410,410,0.5097560975609756097560975610,0.9791808880502543467011344652,8,8,-0.04070071599858368649498573132,-0.2437995419578928067718944374,214,0.5373831775700934579439252336,16,16,196,0.4795918367346938775510204082,-8,-8,run_18cf017567f84a588acdd71574028d40,ema_pullback:1f14d08c347618fced68e775
lookback-203,eth_ema200_untouched_anchor_sweep,203,5f9b0e2918a2d95b6e3938fff08994062981948222fcb6403259781603c86b4c,406,406,0.5098522167487684729064039409,0.9739869472023640833733968193,8,8,-0.0503700609939521184173949928,-0.2487529542985439074303709180,213,0.5352112676056338028169014085,15,15,193,0.4818652849740932642487046632,-7,-7,run_03ab0734e9894ddd8afebfce472f26a3,ema_pullback:91bfd2ad7b94cfef432af2ae
lookback-204,eth_ema200_untouched_anchor_sweep,204,5f9b0e2918a2d95b6e3938fff08994062981948222fcb6403259781603c86b4c,404,404,0.5123762376237623762376237624,0.9786965177367078349831430309,10,10,-0.04115574171092506571217595165,-0.2441961468020996419362184133,211,0.5402843601895734597156398104,17,17,193,0.4818652849740932642487046632,-7,-7,run_ec4c9b19620f495699100294beccea3b,ema_pullback:2659f8857e6c8c2e3dcf85d2
lookback-205,eth_ema200_untouched_anchor_sweep,205,5f9b0e2918a2d95b6e3938fff08994062981948222fcb6403259781603c86b4c,400,400,0.5125,0.9882551424377478822949936748,10,10,-0.02237175140688778135094487845,-0.2271073283836929820975106969,208,0.5384615384615384615384615385,16,16,192,0.484375,-6,-6,run_e90e89d28ba14399814a6f46b92559e5,ema_pullback:6556a1f4781ad351d3583636
lookback-206,eth_ema200_untouched_anchor_sweep,206,5f9b0e2918a2d95b6e3938fff08994062981948222fcb6403259781603c86b4c,395,395,0.5113924050632911392405063291,0.9826809167255314243356506151,9,9,-0.03261488226798576851230842758,-0.2275071110042344637220119286,205,0.5414634146341463414634146341,17,17,190,0.4789473684210526315789473684,-8,-8,run_583519a4bad045afad21e6bd6050b7f8,ema_pullback:79a74f7948f7da65bb5711a5
lookback-207,eth_ema200_untouched_anchor_sweep,207,5f9b0e2918a2d95b6e3938fff08994062981948222fcb6403259781603c86b4c,390,390,0.5102564102564102564102564103,0.9806829349407942384869909989,8,8,-0.03599737604014005477858397937,-0.2313493141012439464052970373,201,0.5422885572139303482587064677,17,17,189,0.4761904761904761904761904762,-9,-9,run_2dbfbde408854abca8c30689bdaa53fd,ema_pullback:71d3ef4db9842a000e289153
lookback-208,eth_ema200_untouched_anchor_sweep,208,5f9b0e2918a2d95b6e3938fff08994062981948222fcb6403259781603c86b4c,387,387,0.5090439276485788113695090439,0.9747318422294608555465589315,7,7,-0.04666355055044190149951573454,-0.2313493141012439464052970366,199,0.5427135678391959798994974874,17,17,188,0.4734042553191489361702127660,-10,-10,run_df32376832ae4827847f9018028734b3,ema_pullback:c42d7abb3322aeedee11e65e
lookback-209,eth_ema200_untouched_anchor_sweep,209,5f9b0e2918a2d95b6e3938fff08994062981948222fcb6403259781603c86b4c,383,383,0.5091383812010443864229765013,0.9723285192749466243609525658,7,7,-0.05075019951618682736197753346,-0.2292847374895380432374339269,196,0.5408163265306122448979591837,16,16,187,0.4759358288770053475935828877,-9,-9,run_656c180e26de48328d18e4a9ddeab869,ema_pullback:05fae527bafac9b30421da30
lookback-210,eth_ema200_untouched_anchor_sweep,210,5f9b0e2918a2d95b6e3938fff08994062981948222fcb6403259781603c86b4c,379,379,0.5092348284960422163588390501,0.9762398307433767199803081125,7,7,-0.04336686921488840525353186853,-0.2324008281207986190401938768,193,0.5440414507772020725388601036,17,17,186,0.4731182795698924731182795699,-10,-10,run_bd6116af6935442e84c66d8223ec16cb,ema_pullback:d4ebf3edb459004efcc3040c
lookback-211,eth_ema200_untouched_anchor_sweep,211,5f9b0e2918a2d95b6e3938fff08994062981948222fcb6403259781603c86b4c,378,378,0.5079365079365079365079365079,0.9739731134081941664592168351,6,6,-0.0474964185889365774029370457,-0.2357143644993183087544352472,193,0.5440414507772020725388601036,17,17,185,0.4702702702702702702702702703,-11,-11,run_8364f7ff409e45bdaba4a1c77af98fd5,ema_pullback:ef8b9205adb78b67b7fb8a4d
lookback-212,eth_ema200_untouched_anchor_sweep,212,5f9b0e2918a2d95b6e3938fff08994062981948222fcb6403259781603c86b4c,371,371,0.5013477088948787061994609164,0.9575593291611360252713933351,1,1,-0.07657560399184363798963405654,-0.2547852562218833867952007934,191,0.5392670157068062827225130890,15,15,180,0.4611111111111111111111111111,-14,-14,run_cc257271e34546dbaf1c9963c313a535,ema_pullback:214206a21b1bb419e27e80a1
lookback-213,eth_ema200_untouched_anchor_sweep,213,5f9b0e2918a2d95b6e3938fff08994062981948222fcb6403259781603c86b4c,367,367,0.4986376021798365122615803815,0.9441133924851707911544080897,-1,-1,-0.0994522975482103814893578785,-0.2711267134223237533857964642,189,0.5343915343915343915343915344,13,13,178,0.4606741573033707865168539326,-14,-14,run_2267af8cb4af4af6a19e86cba72a71ff,ema_pullback:f41bf16f02a6713c5aaa0cf8
lookback-214,eth_ema200_untouched_anchor_sweep,214,5f9b0e2918a2d95b6e3938fff08994062981948222fcb6403259781603c86b4c,360,360,0.4972222222222222222222222222,0.9373694092366663172072376161,-2,-2,-0.1101734079632875289901150653,-0.2773615704041240658188765781,186,0.5322580645161290322580645161,12,12,174,0.4597701149425287356321839080,-14,-14,run_924d214312084771b68e1dd6245f8c48,ema_pullback:2d5c3bc1a8e16db3f29f35ad
lookback-215,eth_ema200_untouched_anchor_sweep,215,5f9b0e2918a2d95b6e3938fff08994062981948222fcb6403259781603c86b4c,358,358,0.4972067039106145251396648045,0.9378428826456144731504606628,-2,-2,-0.1085340850352229261560911087,-0.2711145842810815427769282299,185,0.5297297297297297297297297297,11,11,173,0.4624277456647398843930635838,-13,-13,run_4117038e5e5a4aa2a9b86a2840dbc1e5,ema_pullback:3068b30261de5d33aa3c6670
lookback-216,eth_ema200_untouched_anchor_sweep,216,5f9b0e2918a2d95b6e3938fff08994062981948222fcb6403259781603c86b4c,355,355,0.5014084507042253521126760563,0.9750501662607776722304564983,1,1,-0.04441249352995301066170034421,-0.2678641210479280582665327283,183,0.5355191256830601092896174863,13,13,172,0.4651162790697674418604651163,-12,-12,run_98e43d11d11248759f6fda500c4c7f52,ema_pullback:ac8b652eba68ddfceb69075c
lookback-217,eth_ema200_untouched_anchor_sweep,217,5f9b0e2918a2d95b6e3938fff08994062981948222fcb6403259781603c86b4c,353,353,0.5042492917847025495750708215,0.9827489676703574075948096585,3,3,-0.03081921394142098588871303776,-0.2678641210479280582665327325,183,0.5355191256830601092896174863,13,13,170,0.4705882352941176470588235294,-10,-10,run_f396085c9ed34c48ae2b283f7eaafc25,ema_pullback:5bc35c5599445c4b609bd24c
lookback-218,eth_ema200_untouched_anchor_sweep,218,5f9b0e2918a2d95b6e3938fff08994062981948222fcb6403259781603c86b4c,348,348,0.5057471264367816091954022989,0.9799624589324237650247209396,4,4,-0.03486053388014726500756663582,-0.2611510245405136884910018996,179,0.5363128491620111731843575419,13,13,169,0.4733727810650887573964497041,-9,-9,run_9e8a975c7e604483a420d882d041337d,ema_pullback:48e685da2c2f5c9a54a9d9ed
lookback-219,eth_ema200_untouched_anchor_sweep,219,5f9b0e2918a2d95b6e3938fff08994062981948222fcb6403259781603c86b4c,346,346,0.5057803468208092485549132948,0.9825213397026426530881372175,4,4,-0.03001422600324235637039349302,-0.2493793735258257971356420339,178,0.5337078651685393258426966292,12,12,168,0.4761904761904761904761904762,-8,-8,run_f771a3ab668f4be3bbfc65d0ebf7b599,ema_pullback:5e025acea4549f4ccdb17911
lookback-220,eth_ema200_untouched_anchor_sweep,220,5f9b0e2918a2d95b6e3938fff08994062981948222fcb6403259781603c86b4c,343,343,0.5072886297376093294460641399,0.9835672326494402454725998204,5,5,-0.02801618131219864826498313031,-0.2478331925426399145663291868,176,0.5397727272727272727272727273,14,14,167,0.4730538922155688622754491018,-9,-9,run_4e276fe0cc004e02a56501f1e9adf566,ema_pullback:c28826e980a1785d65a96d3a
lookback-221,eth_ema200_untouched_anchor_sweep,221,5f9b0e2918a2d95b6e3938fff08994062981948222fcb6403259781603c86b4c,340,340,0.5058823529411764705882352941,0.9815770167474674460631038075,4,4,-0.0311057403339061016474022141,-0.2563807160504330810664661423,173,0.5375722543352601156069364162,13,13,167,0.4730538922155688622754491018,-9,-9,run_f3ac03e07e04416ba79dc94c2b94419e,ema_pullback:6f3604566ff326e6a669becd
lookback-222,eth_ema200_untouched_anchor_sweep,222,5f9b0e2918a2d95b6e3938fff08994062981948222fcb6403259781603c86b4c,339,339,0.5073746312684365781710914454,0.9850504121330924758726029296,5,5,-0.02516717044553655272617669893,-0.2518229069355398792084918177,172,0.5406976744186046511627906977,14,14,167,0.4730538922155688622754491018,-9,-9,run_f7b788cb69674851942c0b5a36822108,ema_pullback:3470272b32a3f4f19cafc1c8
lookback-223,eth_ema200_untouched_anchor_sweep,223,5f9b0e2918a2d95b6e3938fff08994062981948222fcb6403259781603c86b4c,334,334,0.5119760479041916167664670659,0.9965414980761691598826928221,8,8,-0.005818022018222006167573393899,-0.2495072531669524577480639930,170,0.5470588235294117647058823529,16,16,164,0.4756097560975609756097560976,-8,-8,run_6f45f6d260e84d4c9111caafb94a6c40,ema_pullback:dab4db71cad2fc6fceeff020
lookback-224,eth_ema200_untouched_anchor_sweep,224,5f9b0e2918a2d95b6e3938fff08994062981948222fcb6403259781603c86b4c,330,330,0.5121212121212121212121212121,0.9982795847622413455984468564,8,8,-0.002884347971031751541840602741,-0.2495072531669524577480639893,169,0.5443786982248520710059171598,15,15,161,0.4782608695652173913043478261,-7,-7,run_054ae5c23a854cfd9d19bc979759bcfe,ema_pullback:6abee564709554c15475819f
lookback-225,eth_ema200_untouched_anchor_sweep,225,5f9b0e2918a2d95b6e3938fff08994062981948222fcb6403259781603c86b4c,330,330,0.5121212121212121212121212121,0.9982795847622413455984468564,8,8,-0.002884347971031751541840602741,-0.2495072531669524577480639893,169,0.5443786982248520710059171598,15,15,161,0.4782608695652173913043478261,-7,-7,run_02e484a0c0de47d6a6aae8a2e1f1a5ec,ema_pullback:43af6b2550bb58f535a708a7
lookback-226,eth_ema200_untouched_anchor_sweep,226,5f9b0e2918a2d95b6e3938fff08994062981948222fcb6403259781603c86b4c,329,329,0.5136778115501519756838905775,1.000785415380169848736036435,9,9,0.001316293147793666796704864872,-0.2495072531669524577480639932,168,0.5476190476190476190476190476,16,16,161,0.4782608695652173913043478261,-7,-7,run_94162860e6fd4c35a5b98109c26a5cb4,ema_pullback:eba8573e2fcad66611567ea7
lookback-227,eth_ema200_untouched_anchor_sweep,227,5f9b0e2918a2d95b6e3938fff08994062981948222fcb6403259781603c86b4c,325,325,0.5138461538461538461538461538,0.9950972348390162890774476476,9,9,-0.008127014713491806199576640327,-0.2495072531669524577480639932,166,0.5481927710843373493975903614,16,16,159,0.4779874213836477987421383648,-7,-7,run_ca6c2ab12bd84a06af6cba59ed8e7a1a,ema_pullback:bcdbc273c878b1564f7bbe27
lookback-228,eth_ema200_untouched_anchor_sweep,228,5f9b0e2918a2d95b6e3938fff08994062981948222fcb6403259781603c86b4c,321,321,0.5109034267912772585669781931,0.9890317525482733530057927753,7,7,-0.01799861862160535468282591887,-0.2491324923129129897757388214,164,0.5487804878048780487804878049,16,16,157,0.4713375796178343949044585987,-9,-9,run_ef35bab7585b41e0ab347444ac202fbe,ema_pullback:3349ca241af01c56f1208a83
lookback-229,eth_ema200_untouched_anchor_sweep,229,5f9b0e2918a2d95b6e3938fff08994062981948222fcb6403259781603c86b4c,318,318,0.5125786163522012578616352201,1.000825235870864930148798320,8,8,0.001337822941533968570784222243,-0.2301714749089260015412260025,163,0.5460122699386503067484662577,15,15,155,0.4774193548387096774193548387,-7,-7,run_b829f35fa4064ce7944431428d48b25a,ema_pullback:76c908bf361b5abc19d9249a
lookback-230,eth_ema200_untouched_anchor_sweep,230,5f9b0e2918a2d95b6e3938fff08994062981948222fcb6403259781603c86b4c,311,311,0.5080385852090032154340836013,0.9761483227236001678420511226,5,5,-0.03760263066552696661665128188,-0.2365232308150517224692524424,159,0.5471698113207547169811320755,15,15,152,0.4671052631578947368421052632,-10,-10,run_cc93cdec834b46849429b3c17059b43f,ema_pullback:c801510e6920c719a222aed5
lookback-231,eth_ema200_untouched_anchor_sweep,231,5f9b0e2918a2d95b6e3938fff08994062981948222fcb6403259781603c86b4c,308,308,0.5064935064935064935064935065,0.9723696999333741490663967999,4,4,-0.04321994173929924808149255618,-0.2395692795788030432891108872,158,0.5443037974683544303797468354,14,14,150,0.4666666666666666666666666667,-10,-10,run_d23d2a3df3504e44b414898ec594ef01,ema_pullback:cf35c43789732013f6f92b89
lookback-232,eth_ema200_untouched_anchor_sweep,232,5f9b0e2918a2d95b6e3938fff08994062981948222fcb6403259781603c86b4c,302,302,0.5,0.9731870916828137389381629295,0,0,-0.04163731778051938180565358158,-0.2395692795788030432891108937,156,0.5384615384615384615384615385,12,12,146,0.4589041095890410958904109589,-12,-12,run_0c31bf54173244808af10e6e9d9ed965,ema_pullback:76fd5f2d8889b9724565e471
lookback-233,eth_ema200_untouched_anchor_sweep,233,5f9b0e2918a2d95b6e3938fff08994062981948222fcb6403259781603c86b4c,294,294,0.5034013605442176870748299320,0.9676304389062250936272639341,2,2,-0.04845833530982705259547232824,-0.2258938591399534730989297726,152,0.5394736842105263157894736842,12,12,142,0.4647887323943661971830985915,-10,-10,run_83067e79961644d79b74e2a59c18e91e,ema_pullback:621d1b30aab4fc42e99872af
lookback-234,eth_ema200_untouched_anchor_sweep,234,5f9b0e2918a2d95b6e3938fff08994062981948222fcb6403259781603c86b4c,293,293,0.5017064846416382252559726962,0.9589398213631104056392614599,1,1,-0.06089219501853561459338982028,-0.2258938591399534730989297743,151,0.5364238410596026490066225166,11,11,142,0.4647887323943661971830985915,-10,-10,run_0fcfb3e99560433685f72c96cf473ff9,ema_pullback:c9f05dae79f3cf48ab0a6dc0
lookback-235,eth_ema200_untouched_anchor_sweep,235,5f9b0e2918a2d95b6e3938fff08994062981948222fcb6403259781603c86b4c,291,291,0.4982817869415807560137457045,0.9511186868403190490596079636,-1,-1,-0.07214108260963083365350335433,-0.2316826714938090848958562825,150,0.5333333333333333333333333333,10,10,141,0.4609929078014184397163120567,-11,-11,run_a858eefd8f6746f096119e2e26afe383,ema_pullback:04647855cd6309a2524f654b
lookback-236,eth_ema200_untouched_anchor_sweep,236,5f9b0e2918a2d95b6e3938fff08994062981948222fcb6403259781603c86b4c,288,288,0.4965277777777777777777777778,0.9602105821316525360953068388,-2,-2,-0.05865411421139014283699046023,-0.2411593933023095423399401541,149,0.5302013422818791946308724832,9,9,139,0.4604316546762589928057553957,-11,-11,run_e761191842c541c8aaa065ed15931b57,ema_pullback:5891fab55d5ed3387a6233a7
lookback-237,eth_ema200_untouched_anchor_sweep,237,5f9b0e2918a2d95b6e3938fff08994062981948222fcb6403259781603c86b4c,284,284,0.4964788732394366197183098592,0.9670699372993879190262164529,-2,-2,-0.04775939724398522221029559573,-0.2345424514977021084182682541,148,0.5270270270270270270270270270,8,8,136,0.4632352941176470588235294118,-10,-10,run_cc2aee2e04a54a25ade338fbec2b5732,ema_pullback:9933259ea886baf5a70e6503
lookback-238,eth_ema200_untouched_anchor_sweep,238,5f9b0e2918a2d95b6e3938fff08994062981948222fcb6403259781603c86b4c,281,281,0.4946619217081850533807829181,0.9625447239730930994698938858,-3,-3,-0.05367776615058607043969879423,-0.2345424514977021084182682593,145,0.5241379310344827586206896552,7,7,136,0.4632352941176470588235294118,-10,-10,run_1cc367cf4cbb44949fc155e5fe698cad,ema_pullback:68fd9158eca21574651fb9e0
lookback-239,eth_ema200_untouched_anchor_sweep,239,5f9b0e2918a2d95b6e3938fff08994062981948222fcb6403259781603c86b4c,278,278,0.5,0.9819641085284867976694200071,0,0,-0.02570641024670750996448929267,-0.2291596763697841341443987751,144,0.5277777777777777777777777778,8,8,134,0.4701492537313432835820895522,-8,-8,run_8290e4c962e546ffbb5ca7d38c9ef5e7,ema_pullback:ce2d0c61abe427bdc80d4fd5
lookback-240,eth_ema200_untouched_anchor_sweep,240,5f9b0e2918a2d95b6e3938fff08994062981948222fcb6403259781603c86b4c,276,276,0.5036231884057971014492753623,0.9909011868843370216700016885,2,2,-0.01293840311720753573828977768,-0.2265173513731859286817448355,143,0.5314685314685314685314685315,9,9,133,0.4736842105263157894736842105,-7,-7,run_28ae3793627d41ce91cab5e4c4b5a994,ema_pullback:28fdc98c23a6d59bc7f65a9e
lookback-241,eth_ema200_untouched_anchor_sweep,241,5f9b0e2918a2d95b6e3938fff08994062981948222fcb6403259781603c86b4c,272,272,0.5,0.9834713344714212878550612703,0,0,-0.02325533029500837574891166147,-0.2294928798628168614900752693,143,0.5314685314685314685314685315,9,9,129,0.4651162790697674418604651163,-9,-9,run_e52253043da040989ccd4c21c434b5d9,ema_pullback:8d1fe7eac32816bc486d7d17
lookback-242,eth_ema200_untouched_anchor_sweep,242,5f9b0e2918a2d95b6e3938fff08994062981948222fcb6403259781603c86b4c,269,269,0.5055762081784386617100371747,0.9916065616902930951724783025,3,3,-0.01173552114765562819341605148,-0.2259948691668980618598439879,142,0.5352112676056338028169014085,10,10,127,0.4724409448818897637795275591,-7,-7,run_d1182cca0dd54fb08a6ae66092cd078f,ema_pullback:66de16b12356389469b3fa1b
lookback-243,eth_ema200_untouched_anchor_sweep,243,5f9b0e2918a2d95b6e3938fff08994062981948222fcb6403259781603c86b4c,268,268,0.5037313432835820895522388060,0.9872433721676308233786593551,2,2,-0.01781920667573469812454056444,-0.2307595894557184669330174252,142,0.5352112676056338028169014085,10,10,126,0.4682539682539682539682539683,-8,-8,run_6163d8b112bc45c2a34998bad2f702af,ema_pullback:800ade83662f36ec046bc39a
lookback-244,eth_ema200_untouched_anchor_sweep,244,5f9b0e2918a2d95b6e3938fff08994062981948222fcb6403259781603c86b4c,266,266,0.5075187969924812030075187970,0.9998736769119308251599466979,4,4,-0.000175769444102171915154269556,-0.2228735493137456553918966506,140,0.5428571428571428571428571429,12,12,126,0.4682539682539682539682539683,-8,-8,run_2a1b90932f6d4badb51325a984ed5c95,ema_pullback:ccc089916f57cf4c04432934
lookback-245,eth_ema200_untouched_anchor_sweep,245,5f9b0e2918a2d95b6e3938fff08994062981948222fcb6403259781603c86b4c,262,262,0.5076335877862595419847328244,1.002591304470385918744625303,4,4,0.003528932551075324094506166042,-0.2080697418307530919988542854,137,0.5474452554744525547445255474,13,13,125,0.464,-9,-9,run_fa39005214884ad5b8f243f9a99beedc,ema_pullback:b5a2e8d2ad9c415ee3e96580
lookback-246,eth_ema200_untouched_anchor_sweep,246,5f9b0e2918a2d95b6e3938fff08994062981948222fcb6403259781603c86b4c,257,257,0.5058365758754863813229571984,0.9748532838656880124131970573,3,3,-0.03300563098780190683911753924,-0.2157057501213632227387179540,136,0.5441176470588235294117647059,12,12,121,0.4628099173553719008264462810,-9,-9,run_76641e67062d4785a5aabcc8ca06d526,ema_pullback:d3c39341b1cf65f39dd9073c
lookback-247,eth_ema200_untouched_anchor_sweep,247,5f9b0e2918a2d95b6e3938fff08994062981948222fcb6403259781603c86b4c,254,254,0.5039370078740157480314960630,0.9705975543179314898615719261,2,2,-0.03849685931438376720171244179,-0.2259914402905273462087737959,134,0.5447761194029850746268656716,12,12,120,0.4583333333333333333333333333,-10,-10,run_e4cc3913e0e240a4abc6d454ece3c7b2,ema_pullback:eb183dc15caed71a28fbb9fb
lookback-248,eth_ema200_untouched_anchor_sweep,248,5f9b0e2918a2d95b6e3938fff08994062981948222fcb6403259781603c86b4c,253,253,0.5059288537549407114624505929,0.9837758282305204453011931895,3,3,-0.02123884150225363477507289763,-0.2259914402905273462087738010,134,0.5447761194029850746268656716,12,12,119,0.4621848739495798319327731092,-9,-9,run_539789589767475bb636c3d9921fc1ed,ema_pullback:c59afdde0481ec1d0c104812
lookback-249,eth_ema200_untouched_anchor_sweep,249,5f9b0e2918a2d95b6e3938fff08994062981948222fcb6403259781603c86b4c,253,253,0.5059288537549407114624505929,0.9837758282305204453011931895,3,3,-0.02123884150225363477507289763,-0.2259914402905273462087738010,134,0.5447761194029850746268656716,12,12,119,0.4621848739495798319327731092,-9,-9,run_454969b9eabd4627814c14961c429323,ema_pullback:c9c41b5c256def5e03927612
lookback-250,eth_ema200_untouched_anchor_sweep,250,5f9b0e2918a2d95b6e3938fff08994062981948222fcb6403259781603c86b4c,250,250,0.504,0.9808329553399980832984397212,2,2,-0.02498431212709930049203022166,-0.2260272903777724830211192843,133,0.5488721804511278195488721805,13,13,117,0.4529914529914529914529914530,-11,-11,run_0cd11cae86dc47099ef2506b1176532f,ema_pullback:ad64f876242f3d48cc76c59d
lookback-251,eth_ema200_untouched_anchor_sweep,251,5f9b0e2918a2d95b6e3938fff08994062981948222fcb6403259781603c86b4c,248,248,0.5040322580645161290322580645,0.9777903702551152881033148458,2,2,-0.02854416064719754113109939914,-0.2191628442993511932722181191,133,0.5488721804511278195488721805,13,13,115,0.4521739130434782608695652174,-11,-11,run_99676ef0e61143919b680218f3e923ab,ema_pullback:7913e61de87e1c117a7c3165
lookback-252,eth_ema200_untouched_anchor_sweep,252,5f9b0e2918a2d95b6e3938fff08994062981948222fcb6403259781603c86b4c,245,245,0.5061224489795918367346938776,0.9810718938415591472041778337,3,3,-0.0240934740570435375914240106,-0.2134894261820755851227010738,131,0.5496183206106870229007633588,13,13,114,0.4561403508771929824561403509,-10,-10,run_f085217bf27a4634849a0d1b25852173,ema_pullback:4ab7775604ae30c8a68e989a
lookback-253,eth_ema200_untouched_anchor_sweep,253,5f9b0e2918a2d95b6e3938fff08994062981948222fcb6403259781603c86b4c,241,241,0.5062240663900414937759336100,0.9758938074972765426787246133,3,3,-0.03018347839729734350129271446,-0.2212778645436308478224727914,130,0.5538461538461538461538461538,14,14,111,0.4504504504504504504504504505,-11,-11,run_14ce1ed2dfd5495699e7ccae1152fc0c,ema_pullback:a24298421aa516f0b9e00c13
lookback-254,eth_ema200_untouched_anchor_sweep,254,5f9b0e2918a2d95b6e3938fff08994062981948222fcb6403259781603c86b4c,237,237,0.5021097046413502109704641350,0.9706688934114220921190268966,1,1,-0.03633229541522172873785717419,-0.2259161314632968358580847570,126,0.5476190476190476190476190476,12,12,111,0.4504504504504504504504504505,-11,-11,run_b26a6d62a43e40779a5eabebfc19a6c8,ema_pullback:f6f6b3dbd878c4866463e453
lookback-255,eth_ema200_untouched_anchor_sweep,255,5f9b0e2918a2d95b6e3938fff08994062981948222fcb6403259781603c86b4c,237,237,0.5021097046413502109704641350,0.9706688934114220921190268966,1,1,-0.03633229541522172873785717419,-0.2259161314632968358580847570,126,0.5476190476190476190476190476,12,12,111,0.4504504504504504504504504505,-11,-11,run_ed8d8196d36a4e9fa678b1c05b75c8e6,ema_pullback:4dd939c7810cd888c2860261
lookback-256,eth_ema200_untouched_anchor_sweep,256,5f9b0e2918a2d95b6e3938fff08994062981948222fcb6403259781603c86b4c,236,236,0.5,0.9667164602824662678125693232,0,0,-0.04119520906423331037533694864,-0.2298223565986600367932622181,125,0.544,11,11,111,0.4504504504504504504504504505,-11,-11,run_7277e154e2ab4078be12c2e5319d5b2c,ema_pullback:25271c51decfde4eb1279793
lookback-257,eth_ema200_untouched_anchor_sweep,257,5f9b0e2918a2d95b6e3938fff08994062981948222fcb6403259781603c86b4c,233,233,0.5021459227467811158798283262,0.9611642480061325151938980819,1,1,-0.04748192447101996210884247157,-0.2246807338123370551740831930,123,0.5447154471544715447154471545,11,11,110,0.4545454545454545454545454545,-10,-10,run_b161af41b9ae4d459b277e4a2b45bf57,ema_pullback:41d3b7bf8720cdaf43508a53
lookback-258,eth_ema200_untouched_anchor_sweep,258,5f9b0e2918a2d95b6e3938fff08994062981948222fcb6403259781603c86b4c,231,231,0.5021645021645021645021645022,0.9579110469937948956969575331,1,1,-0.05077217768525903305387348204,-0.2193237449473083559384378120,122,0.5409836065573770491803278689,10,10,109,0.4587155963302752293577981651,-9,-9,run_b01e4c5566af45e888a0d7b1c9d0c9f1,ema_pullback:5813845cb27e1b9c0a16426e
lookback-259,eth_ema200_untouched_anchor_sweep,259,5f9b0e2918a2d95b6e3938fff08994062981948222fcb6403259781603c86b4c,230,230,0.5043478260869565217391304348,0.9615980112290082351203778387,2,2,-0.04621600256408096495432236786,-0.2155765963204467250666969795,122,0.5409836065573770491803278689,10,10,108,0.4629629629629629629629629630,-8,-8,run_f3f80ee8c88444d78e7d05bada6baa08,ema_pullback:5e449da7dbed4fadec184fb4
lookback-260,eth_ema200_untouched_anchor_sweep,260,5f9b0e2918a2d95b6e3938fff08994062981948222fcb6403259781603c86b4c,225,225,0.4977777777777777777777777778,0.9481563200445468163508174391,-1,-1,-0.06124276681599390756193572173,-0.2154667359724483187533149224,119,0.5378151260504201680672268908,9,9,106,0.4528301886792452830188679245,-10,-10,run_918af90316fe4bb1b6a1b7f7706b7e0d,ema_pullback:7d2fe1e8fbb49b06464dbd70
lookback-261,eth_ema200_untouched_anchor_sweep,261,5f9b0e2918a2d95b6e3938fff08994062981948222fcb6403259781603c86b4c,223,223,0.4977578475336322869955156951,0.9504321762440478287575029783,-1,-1,-0.05843838445192019701765057816,-0.2213037462037300444001242453,118,0.5423728813559322033898305085,10,10,105,0.4476190476190476190476190476,-11,-11,run_cec2de819a0147fcbb9f3a5b5943b32a,ema_pullback:cce6d6cc5be8b2884cf42064
lookback-262,eth_ema200_untouched_anchor_sweep,262,5f9b0e2918a2d95b6e3938fff08994062981948222fcb6403259781603c86b4c,220,220,0.4954545454545454545454545455,0.9450394263380062123242033315,-2,-2,-0.063988570671127311766943946,-0.2237425854046131115249307518,116,0.5344827586206896551724137931,8,8,104,0.4519230769230769230769230769,-10,-10,run_60084ef1110641ce858155efa276611b,ema_pullback:02fe15d8cbdaaae626049123
lookback-263,eth_ema200_untouched_anchor_sweep,263,5f9b0e2918a2d95b6e3938fff08994062981948222fcb6403259781603c86b4c,216,216,0.4953703703703703703703703704,0.9453851737172844111062011403,-2,-2,-0.06235834340870136895114650588,-0.2175881228309861947792158431,114,0.5350877192982456140350877193,8,8,102,0.4509803921568627450980392157,-10,-10,run_e415ac16dbc24d2db21454eb97891160,ema_pullback:79dbec053386f19f10c5d26d
lookback-264,eth_ema200_untouched_anchor_sweep,264,5f9b0e2918a2d95b6e3938fff08994062981948222fcb6403259781603c86b4c,214,214,0.4953271028037383177570093458,0.9438233286622839038765785134,-2,-2,-0.06385529499258257964855292571,-0.2188372489662664088191248594,113,0.5398230088495575221238938053,9,9,101,0.4455445544554455445544554455,-11,-11,run_495e56bfb64d4be9b6ebae92ebe03cb0,ema_pullback:0c4057c37780999ef00543b1
lookback-265,eth_ema200_untouched_anchor_sweep,265,5f9b0e2918a2d95b6e3938fff08994062981948222fcb6403259781603c86b4c,213,213,0.4976525821596244131455399061,0.9461807677482116879426201877,-1,-1,-0.06103329799643748821449947943,-0.2188372489662664088191248594,113,0.5398230088495575221238938053,9,9,100,0.45,-10,-10,run_6c9a4618e1094c72889fcc58dbe5ecee,ema_pullback:e43fe4e8728fef8d210ac241
lookback-266,eth_ema200_untouched_anchor_sweep,266,5f9b0e2918a2d95b6e3938fff08994062981948222fcb6403259781603c86b4c,210,210,0.4904761904761904761904761905,0.9262860416119976133768092250,-4,-4,-0.08272766626944640904665864908,-0.2368856338194476018315379858,110,0.5272727272727272727272727273,6,6,100,0.45,-10,-10,run_5f59093a4520419a9d13fd4bad8eb23b,ema_pullback:1b63d7bbdb4271b33793bee9
lookback-267,eth_ema200_untouched_anchor_sweep,267,5f9b0e2918a2d95b6e3938fff08994062981948222fcb6403259781603c86b4c,205,205,0.4878048780487804878048780488,0.9124764114239343367259195720,-5,-5,-0.09539123067039371126628855755,-0.2373492551342337422672901902,108,0.5185185185185185185185185185,4,4,97,0.4536082474226804123711340206,-9,-9,run_7073445e5fd044de85fbb10ec8b485a1,ema_pullback:a8183109ad9aabd5a32f2e8f
lookback-268,eth_ema200_untouched_anchor_sweep,268,5f9b0e2918a2d95b6e3938fff08994062981948222fcb6403259781603c86b4c,204,204,0.4852941176470588235294117647,0.9051146637592344686325694328,-6,-6,-0.1027379103140342089347545908,-0.2373492551342337422672901881,107,0.5140186915887850467289719626,3,3,97,0.4536082474226804123711340206,-9,-9,run_ccdb3d0b1277447aad4836d2630bb667,ema_pullback:28cef4b8bc3f67a0c43fd2d8
lookback-269,eth_ema200_untouched_anchor_sweep,269,5f9b0e2918a2d95b6e3938fff08994062981948222fcb6403259781603c86b4c,204,204,0.4852941176470588235294117647,0.9051146637592344686325694328,-6,-6,-0.1027379103140342089347545908,-0.2373492551342337422672901881,107,0.5140186915887850467289719626,3,3,97,0.4536082474226804123711340206,-9,-9,run_285cc77d87d4461db635a127dbcacd45,ema_pullback:18c8a62e9322ce0e9509154c
lookback-270,eth_ema200_untouched_anchor_sweep,270,5f9b0e2918a2d95b6e3938fff08994062981948222fcb6403259781603c86b4c,201,201,0.4875621890547263681592039801,0.9153551780740235527361764486,-5,-5,-0.09098740620656944111562177489,-0.2369858287229282365767278619,107,0.5140186915887850467289719626,3,3,94,0.4574468085106382978723404255,-8,-8,run_5776337a66c94f1e97376d3142d94d62,ema_pullback:8e0f84f7c32f02445123ff37
lookback-271,eth_ema200_untouched_anchor_sweep,271,5f9b0e2918a2d95b6e3938fff08994062981948222fcb6403259781603c86b4c,198,198,0.4848484848484848484848484848,0.8926912223026958803667326684,-6,-6,-0.112059142699038789347570629,-0.2443950609644093535339383277,107,0.5140186915887850467289719626,3,3,91,0.4505494505494505494505494505,-9,-9,run_7e99f4d12c46414882c39c5407379f31,ema_pullback:4907351fd563ee2059af3111
lookback-272,eth_ema200_untouched_anchor_sweep,272,5f9b0e2918a2d95b6e3938fff08994062981948222fcb6403259781603c86b4c,194,194,0.4896907216494845360824742268,0.9098812384607468120256608387,-4,-4,-0.09332086978994485685975308828,-0.2402653840022406744739179255,104,0.5288461538461538461538461538,6,6,90,0.4444444444444444444444444444,-10,-10,run_4a7787427acf4f8eace4a99e2b4d2830,ema_pullback:9a5f104cda81444240e64877
lookback-273,eth_ema200_untouched_anchor_sweep,273,5f9b0e2918a2d95b6e3938fff08994062981948222fcb6403259781603c86b4c,192,192,0.4947916666666666666666666667,0.9237470587235854479605549768,-2,-2,-0.07831352866197459284961074704,-0.2276902665553833714656615606,103,0.5339805825242718446601941748,7,7,89,0.4494382022471910112359550562,-9,-9,run_dead504cb6e54d25bf859d27157a6941,ema_pullback:d1671a56081b761e11f03c80
lookback-274,eth_ema200_untouched_anchor_sweep,274,5f9b0e2918a2d95b6e3938fff08994062981948222fcb6403259781603c86b4c,188,188,0.4946808510638297872340425532,0.9221116104438981831401570849,-2,-2,-0.07866311728007455286028359929,-0.2257066572535131975657012596,100,0.53,6,6,88,0.4545454545454545454545454545,-8,-8,run_adf5e083be8a4912a88494b656f7a645,ema_pullback:b7ecdd9e3c466312e33c4b41
lookback-275,eth_ema200_untouched_anchor_sweep,275,5f9b0e2918a2d95b6e3938fff08994062981948222fcb6403259781603c86b4c,183,183,0.4972677595628415300546448087,0.9279018054612706420473091155,-1,-1,-0.0710072670295164733682469939,-0.2154110821351287321963006419,97,0.5257731958762886597938144330,5,5,86,0.4651162790697674418604651163,-6,-6,run_3a0f17d6c2fe47598b74e4a14fcf6857,ema_pullback:1eda080c87e0e6fcdeebdad0
lookback-276,eth_ema200_untouched_anchor_sweep,276,5f9b0e2918a2d95b6e3938fff08994062981948222fcb6403259781603c86b4c,183,183,0.4972677595628415300546448087,0.9279018054612706420473091155,-1,-1,-0.0710072670295164733682469939,-0.2154110821351287321963006419,97,0.5257731958762886597938144330,5,5,86,0.4651162790697674418604651163,-6,-6,run_45dcc124e8aa485a843cf81dc3273680,ema_pullback:fb41646c413d75637c10ff14
lookback-277,eth_ema200_untouched_anchor_sweep,277,5f9b0e2918a2d95b6e3938fff08994062981948222fcb6403259781603c86b4c,179,179,0.5083798882681564245810055866,0.9653662473639083726055948192,3,3,-0.03326690692435185474851279706,-0.1919148821753598305748108619,95,0.5368421052631578947368421053,7,7,84,0.4761904761904761904761904762,-4,-4,run_c37d7613cbd54150b822060496b134f3,ema_pullback:9b1389a25bc6927e8745a684
lookback-278,eth_ema200_untouched_anchor_sweep,278,5f9b0e2918a2d95b6e3938fff08994062981948222fcb6403259781603c86b4c,176,176,0.5170454545454545454545454545,0.9837116146490164635624735936,6,6,-0.01551535702066973174400235032,-0.1890119754185358137378358290,93,0.5483870967741935483870967742,9,9,83,0.4819277108433734939759036145,-3,-3,run_cf4e0844b8ef43679118e1a6789b913c,ema_pullback:3a3d083f022db443b0e62dfe
lookback-279,eth_ema200_untouched_anchor_sweep,279,5f9b0e2918a2d95b6e3938fff08994062981948222fcb6403259781603c86b4c,174,174,0.5172413793103448275862068966,0.9883471983665203013893026577,6,6,-0.01099300303599937890473151298,-0.1809386550269687345064529511,92,0.5434782608695652173913043478,8,8,82,0.4878048780487804878048780488,-2,-2,run_064d326524bd45109146ae1efd630543,ema_pullback:0d1b9486610a15e530144ee0
lookback-280,eth_ema200_untouched_anchor_sweep,280,5f9b0e2918a2d95b6e3938fff08994062981948222fcb6403259781603c86b4c,173,173,0.5144508670520231213872832370,0.9826794129217421795536083052,5,5,-0.01629345317042374733143772565,-0.1841731559179471967074391047,91,0.5384615384615384615384615385,7,7,82,0.4878048780487804878048780488,-2,-2,run_c2e2b7468b6143d0a5a23ac6767183fa,ema_pullback:27c00194a157e59a8e04c977
lookback-281,eth_ema200_untouched_anchor_sweep,281,5f9b0e2918a2d95b6e3938fff08994062981948222fcb6403259781603c86b4c,171,171,0.5204678362573099415204678363,1.000731308907885122058799249,7,7,0.000683466829898353761326196526,-0.1841731559179471967074391033,90,0.5444444444444444444444444444,8,8,81,0.4938271604938271604938271605,-1,-1,run_cfcbc6a74a854f369ab70c9cfb51276d,ema_pullback:5104224d7fc44a476a80030e
lookback-282,eth_ema200_untouched_anchor_sweep,282,5f9b0e2918a2d95b6e3938fff08994062981948222fcb6403259781603c86b4c,170,170,0.5235294117647058823529411765,1.004117176251688532220553923,8,8,0.003839949928280851858127585574,-0.1841731559179471967074391053,89,0.5505617977528089887640449438,9,9,81,0.4938271604938271604938271605,-1,-1,run_5977c74a448b4ddab5334929be17f114,ema_pullback:6a887d4f15e110426554c0cc
lookback-283,eth_ema200_untouched_anchor_sweep,283,5f9b0e2918a2d95b6e3938fff08994062981948222fcb6403259781603c86b4c,164,164,0.5121951219512195121951219512,0.9450018453986313727549870378,4,4,-0.04797373810879541492601402553,-0.1819122748313524393807456023,86,0.5348837209302325581395348837,6,6,78,0.4871794871794871794871794872,-2,-2,run_3f626c5052b34e5fa5f9e79513418d13,ema_pullback:b4cf2297da5ff4bb0e9a688c
lookback-284,eth_ema200_untouched_anchor_sweep,284,5f9b0e2918a2d95b6e3938fff08994062981948222fcb6403259781603c86b4c,163,163,0.5092024539877300613496932515,0.9424147652408123868136120642,3,3,-0.05016092914385886770580711112,-0.1819122748313524393807456001,86,0.5348837209302325581395348837,6,6,77,0.4805194805194805194805194805,-3,-3,run_ec0a28e1e9c3457395c2f6110fb1c894,ema_pullback:9617f5da2af85cfeb06c2cd3
lookback-285,eth_ema200_untouched_anchor_sweep,285,5f9b0e2918a2d95b6e3938fff08994062981948222fcb6403259781603c86b4c,162,162,0.5123456790123456790123456790,0.9636448374848431417208981300,4,4,-0.0310494117028821884703399454,-0.1663386434642981184649462291,86,0.5348837209302325581395348837,6,6,76,0.4868421052631578947368421053,-2,-2,run_b204926bc509460f8bac0d2dba337455,ema_pullback:e89f1c3f3feb8a46b947c1b3
lookback-286,eth_ema200_untouched_anchor_sweep,286,5f9b0e2918a2d95b6e3938fff08994062981948222fcb6403259781603c86b4c,159,159,0.5094339622641509433962264151,0.9725036085899804949034274862,3,3,-0.02271193870709634133865784478,-0.1522189268139115963266358632,85,0.5294117647058823529411764706,5,5,74,0.4864864864864864864864864865,-2,-2,run_e05f2b26cd9c4459aaebb516a6626cb9,ema_pullback:e0eedbb2c6a13f2e4682b6a1
lookback-287,eth_ema200_untouched_anchor_sweep,287,5f9b0e2918a2d95b6e3938fff08994062981948222fcb6403259781603c86b4c,158,158,0.5126582278481012658227848101,0.9780008626103926007310606926,4,4,-0.01810881296358443773499123688,-0.1522189268139115963266358646,85,0.5294117647058823529411764706,5,5,73,0.4931506849315068493150684932,-1,-1,run_9b05cf93aaec4561ac119fc4c6c975ea,ema_pullback:0d4acdd410f16e840d3f630f
lookback-288,eth_ema200_untouched_anchor_sweep,288,5f9b0e2918a2d95b6e3938fff08994062981948222fcb6403259781603c86b4c,152,152,0.5197368421052631578947368421,0.9971237057699009124875508284,6,6,-0.002262173799011175881623954457,-0.1464882037455915963561544163,82,0.5487804878048780487804878049,8,8,70,0.4857142857142857142857142857,-2,-2,run_fb43104a97e54efb9a36604258e91ecc,ema_pullback:b38f296be241ff08485f6e98
lookback-289,eth_ema200_untouched_anchor_sweep,289,5f9b0e2918a2d95b6e3938fff08994062981948222fcb6403259781603c86b4c,150,150,0.52,1.024678890421195377416782254,6,6,0.01862004783369157896296884362,-0.1276975018395646895010522102,82,0.5487804878048780487804878049,8,8,68,0.4852941176470588235294117647,-2,-2,run_e76e41a16adb41bb991f98ba3108db6c,ema_pullback:a6ede212c8c747572a5c27f4
lookback-290,eth_ema200_untouched_anchor_sweep,290,5f9b0e2918a2d95b6e3938fff08994062981948222fcb6403259781603c86b4c,149,149,0.5167785234899328859060402685,1.011713429595332282126854190,5,5,0.008776466893547829731765378302,-0.1276975018395646895010522116,81,0.5432098765432098765432098765,7,7,68,0.4852941176470588235294117647,-2,-2,run_deaa987d16fe46129b9fe9d4b7295c37,ema_pullback:6d2ddfb34cae628cb6736569
lookback-291,eth_ema200_untouched_anchor_sweep,291,5f9b0e2918a2d95b6e3938fff08994062981948222fcb6403259781603c86b4c,148,148,0.5202702702702702702702702703,1.018646853481985426862820117,6,6,0.01393166196982883701010719582,-0.1276975018395646895010522112,81,0.5432098765432098765432098765,7,7,67,0.4925373134328358208955223881,-1,-1,run_d040a7979bde4151bb955403c0952f46,ema_pullback:267c6af4389e33ba52e9b9a4
lookback-292,eth_ema200_untouched_anchor_sweep,292,5f9b0e2918a2d95b6e3938fff08994062981948222fcb6403259781603c86b4c,148,148,0.5202702702702702702702702703,1.018646853481985426862820117,6,6,0.01393166196982883701010719582,-0.1276975018395646895010522112,81,0.5432098765432098765432098765,7,7,67,0.4925373134328358208955223881,-1,-1,run_18a51c6d2fef48ee8bc6476c12d5cc3a,ema_pullback:c0133822e909622abbbc901f
lookback-293,eth_ema200_untouched_anchor_sweep,293,5f9b0e2918a2d95b6e3938fff08994062981948222fcb6403259781603c86b4c,147,147,0.5170068027210884353741496599,1.010317714203415344253725117,5,5,0.007706055802872113089579504344,-0.1302809738117821939586350589,81,0.5432098765432098765432098765,7,7,66,0.4848484848484848484848484848,-2,-2,run_52b52dcaefd048cda3fd94461f60d2eb,ema_pullback:95d17dcdc17753798ffc399a
lookback-294,eth_ema200_untouched_anchor_sweep,294,5f9b0e2918a2d95b6e3938fff08994062981948222fcb6403259781603c86b4c,146,146,0.5205479452054794520547945205,1.025083966221328630644027412,6,6,0.01865816199689681288598736255,-0.1302809738117821939586350598,80,0.55,8,8,66,0.4848484848484848484848484848,-2,-2,run_d59282cb4b934d9da951607b6f93ccb5,ema_pullback:35ed970b3639df43adaf0163
lookback-295,eth_ema200_untouched_anchor_sweep,295,5f9b0e2918a2d95b6e3938fff08994062981948222fcb6403259781603c86b4c,144,144,0.5208333333333333333333333333,1.021869268221782276328296806,6,6,0.01611576943220935900251230559,-0.1276975018395646895010522120,79,0.5443037974683544303797468354,7,7,65,0.4923076923076923076923076923,-1,-1,run_835990d5963445d3bb2c1ed270a7aecc,ema_pullback:df7114e0a112588074378945
lookback-296,eth_ema200_untouched_anchor_sweep,296,5f9b0e2918a2d95b6e3938fff08994062981948222fcb6403259781603c86b4c,141,141,0.5177304964539007092198581560,1.003311040755344474721022741,5,5,0.002418086542963909314608869224,-0.1370542026102377024307942673,78,0.5384615384615384615384615385,6,6,63,0.4920634920634920634920634921,-1,-1,run_397e3a14543c48fd902a8fc4bbc2ceda,ema_pullback:c10109136826c99d8c2d06f9
lookback-297,eth_ema200_untouched_anchor_sweep,297,5f9b0e2918a2d95b6e3938fff08994062981948222fcb6403259781603c86b4c,140,140,0.5214285714285714285714285714,1.013291891192350271117747298,6,6,0.009628037887887750749412078991,-0.1308474139498856273211845265,77,0.5454545454545454545454545455,7,7,63,0.4920634920634920634920634921,-1,-1,run_f09f40237fab4814bc4b8afc696c6e2d,ema_pullback:a995e021b9a871ebb032cd1a
lookback-298,eth_ema200_untouched_anchor_sweep,298,5f9b0e2918a2d95b6e3938fff08994062981948222fcb6403259781603c86b4c,139,139,0.5179856115107913669064748201,1.001331066299233480392529349,5,5,0.000956476806848812985697492735,-0.1308474139498856273211845295,77,0.5454545454545454545454545455,7,7,62,0.4838709677419354838709677419,-2,-2,run_09e11673b56d4c3aabdb798aa8e8ad08,ema_pullback:19141dc558e1b1745e8d7e2a
lookback-299,eth_ema200_untouched_anchor_sweep,299,5f9b0e2918a2d95b6e3938fff08994062981948222fcb6403259781603c86b4c,135,135,0.5111111111111111111111111111,0.9671934415237559675472718588,3,3,-0.02302107273535201049120212024,-0.1409014725165337825976332992,74,0.5405405405405405405405405405,6,6,61,0.4754098360655737704918032787,-3,-3,run_934f5b2d88ad4a3ab73a0b9cfb11264d,ema_pullback:eb17b46dfaf98dfbfe827814
lookback-300,eth_ema200_untouched_anchor_sweep,300,5f9b0e2918a2d95b6e3938fff08994062981948222fcb6403259781603c86b4c,135,135,0.5111111111111111111111111111,0.9671934415237559675472718588,3,3,-0.02302107273535201049120212024,-0.1409014725165337825976332992,74,0.5405405405405405405405405405,6,6,61,0.4754098360655737704918032787,-3,-3,run_db956bd35340498da1160aa2bde1fc82,ema_pullback:bfe69fdca8f758ed8d83d8c0
