candidate_id,source_batch_id,min_current_width_atr,untouched_lookback,tp_sl_ratio,tp_atr_multiplier,sl_atr_multiplier,market_data_hash,realised_trade_count,r_eligible_trade_count,win_rate,profit_factor,cumulative_gross_r,cumulative_net_r,return_pct,max_drawdown_pct,long_trades,long_win_rate,long_cumulative_gross_r,long_cumulative_net_r,short_trades,short_win_rate,short_cumulative_gross_r,short_cumulative_net_r,run_id,instance_id
w01-lb070-r2_0,lab_3d_w01_lb_ratio,1,70,2.0,6.0,3.0,3517f75d28274635d933c2bd78484cae8726082cdb7b93ab579d243d4ca4dc90,1283,1283,0.3406079501169134840218238504,1.025975568673243415096766261,27.99999999999999735916399349,27.99999999999999735916399349,0.1525665244949685458141418491,-0.3212158774162156384236864250,724,0.3480662983425414364640883978,31.99999999999999930975634557,31.99999999999999930975634557,559,0.3309481216457960644007155635,-4.000000000000001950592352060,-4.000000000000001950592352060,run_98f18173603146cfa2a9a2b7c10479ff,ema_pullback:6ded04ae46d53aa0e965663d
w01-lb070-r2_25,lab_3d_w01_lb_ratio,1,70,2.25,6.75,3.0,3517f75d28274635d933c2bd78484cae8726082cdb7b93ab579d243d4ca4dc90,1273,1273,0.3126472898664571877454831108,1.009711795649636493172040393,20.50000000000000203425471788,20.50000000000000203425471788,0.05272548147793144201624951921,-0.3194417338276997191038850808,718,0.3133704735376044568245125348,13.25000000000000313201334357,13.25000000000000313201334357,555,0.3117117117117117117117117117,7.249999999999998902241374320,7.249999999999998902241374320,run_35c10286e57947508de7f3002418c3e2,ema_pullback:1fcfda8aec51240265afcf96
w01-lb070-r2_5,lab_3d_w01_lb_ratio,1,70,2.5,7.5,3.0,3517f75d28274635d933c2bd78484cae8726082cdb7b93ab579d243d4ca4dc90,1265,1265,0.2972332015810276679841897233,1.058795207910886924057621426,51.00000000000000117618612203,51.00000000000000117618612203,0.3665115321765798037536002324,-0.2547881562258794984686676391,713,0.2945301542776998597475455820,22.00000000000000473917904545,22.00000000000000473917904545,552,0.3007246376811594202898550725,28.99999999999999643700707668,28.99999999999999643700707668,run_fce9617cd20248ec893496138992b322,ema_pullback:05c2327f2f2dc1eb746bdaa3
w01-lb070-r2_75,lab_3d_w01_lb_ratio,1,70,2.75,8.25,3.0,3517f75d28274635d933c2bd78484cae8726082cdb7b93ab579d243d4ca4dc90,1253,1253,0.2865123703112529928172386273,1.105176420367107295691668793,93.25000000000000656235734185,93.25000000000000656235734185,0.6932107491779580775422256626,-0.2407224775396208480573339176,703,0.2844950213371266002844950213,47.00000000000000724631117533,47.00000000000000724631117533,550,0.2890909090909090909090909091,46.24999999999999931604616650,46.24999999999999931604616650,run_bf2db17ad80149acb60e9f9f86ba964b,ema_pullback:8fba813b8737fa8dc71dd6d1
w01-lb070-r3_0,lab_3d_w01_lb_ratio,1,70,3.0,9.0,3.0,3517f75d28274635d933c2bd78484cae8726082cdb7b93ab579d243d4ca4dc90,1245,1245,0.2642570281124497991967871486,1.055927228878757238710379831,71.00000000000000238431952293,71.00000000000000238431952293,0.3108640411309851230768756448,-0.2970604011479468618298912869,698,0.2664756446991404011461318052,46.00000000000000258679435358,46.00000000000000258679435358,547,0.2614259597806215722120658135,24.99999999999999979752516939,24.99999999999999979752516939,run_431b7167f7724fe699c31f2f1ed0ec95,ema_pullback:01e05cde24158542e10a6c47
w01-lb070-r3_25,lab_3d_w01_lb_ratio,1,70,3.25,9.75,3.0,3517f75d28274635d933c2bd78484cae8726082cdb7b93ab579d243d4ca4dc90,1238,1238,0.2544426494345718901453957997,1.087458379465223634697954885,100.7500000000000007199217945,100.7500000000000007199217945,0.5203765993247917717215447902,-0.2533201004280294804059360392,694,0.2536023054755043227665706052,54.00000000000000395196125475,54.00000000000000395196125475,544,0.2555147058823529411764705882,46.74999999999999676796053983,46.74999999999999676796053983,run_d1946864ef954ba78f72439222e07906,ema_pullback:3ea317637d8f8fe30f63c098
w01-lb070-r3_5,lab_3d_w01_lb_ratio,1,70,3.5,10.5,3.0,3517f75d28274635d933c2bd78484cae8726082cdb7b93ab579d243d4ca4dc90,1223,1223,0.2379394930498773507767784137,1.075307494787685104801999559,86.50000000000000708690850711,86.50000000000000708690850711,0.4672341285086674965873927411,-0.2203872883482607815027061439,688,0.2369186046511627906976744186,45.50000000000000681577739109,45.50000000000000681577739109,535,0.2392523364485981308411214953,41.00000000000000027113111607,41.00000000000000027113111607,run_033a2ec5e98b44febf30b1c95705f997,ema_pullback:39d72fa1eda20b77394ca1f2
w01-lb070-r3_75,lab_3d_w01_lb_ratio,1,70,3.75,11.25,3.0,3517f75d28274635d933c2bd78484cae8726082cdb7b93ab579d243d4ca4dc90,1208,1208,0.2268211920529801324503311258,1.074376526044734302754361851,93.49999999999999539302059256,93.49999999999999539302059256,0.4749749903283403395602306859,-0.2112475248790945044215936519,680,0.2235294117647058823529411765,41.99999999999999681564488830,41.99999999999999681564488830,528,0.2310606060606060606060606061,51.49999999999999857737570432,51.49999999999999857737570432,run_733a738e9d3948b19f3b54c74c2d0556,ema_pullback:3dbef35490552d6279c359df
w01-lb070-r4_0,lab_3d_w01_lb_ratio,1,70,4.0,12.0,3.0,3517f75d28274635d933c2bd78484cae8726082cdb7b93ab579d243d4ca4dc90,1192,1192,0.2105704697986577181208053691,1.017537278979156961695215501,63.00000000000000005532996518,63.00000000000000005532996518,0.09598861029325667859754810427,-0.2665916826298634928835072287,668,0.2035928143712574850299401198,11.99999999999999969201654821,11.99999999999999969201654821,524,0.2194656488549618320610687023,51.00000000000000036331341697,51.00000000000000036331341697,run_d5033e0be74e4909bc26aa96dab02399,ema_pullback:11f6c67d0a255aecda4b6932
w01-lb070-r4_25,lab_3d_w01_lb_ratio,1,70,4.25,12.75,3.0,3517f75d28274635d933c2bd78484cae8726082cdb7b93ab579d243d4ca4dc90,1189,1189,0.2052144659377628259041211102,1.048063459767178971521589138,92.00000000000000461160584051,92.00000000000000461160584051,0.3032570847585104677620450576,-0.2292045284449763841519084366,666,0.1996996996996996996996996997,32.25000000000000356578889368,32.25000000000000356578889368,523,0.2122370936902485659655831740,59.75000000000000104581694683,59.75000000000000104581694683,run_f12ce4f77a9244f2878c9382d790cc4a,ema_pullback:bee9a774017a2b93a1c7c9a6
w01-lb070-r4_5,lab_3d_w01_lb_ratio,1,70,4.5,13.5,3.0,3517f75d28274635d933c2bd78484cae8726082cdb7b93ab579d243d4ca4dc90,1179,1179,0.1984732824427480916030534351,1.056835374223206718098138828,108.0000000000000032524169863,108.0000000000000032524169863,0.3604947747053717562650350855,-0.2608024917252113956497764204,661,0.1951588502269288956127080182,48.50000000000000491336962316,48.50000000000000491336962316,518,0.2027027027027027027027027027,59.49999999999999833904736319,59.49999999999999833904736319,run_18d9d7fcc737474dbf59949afb3e94be,ema_pullback:c0469d3d53282f14bf8ead82
w01-lb070-r4_75,lab_3d_w01_lb_ratio,1,70,4.75,14.25,3.0,3517f75d28274635d933c2bd78484cae8726082cdb7b93ab579d243d4ca4dc90,1169,1169,0.1899059024807527801539777588,1.062252043363160144179397147,107.5000000000000026579387823,107.5000000000000026579387823,0.4061978938174065289950730939,-0.2460841640298703219729820991,658,0.1914893617021276595744680851,66.50000000000000488653573479,66.50000000000000488653573479,511,0.1878669275929549902152641879,40.99999999999999777140304753,40.99999999999999777140304753,run_f1b0716bfe454231ae5e167c1b7624c1,ema_pullback:1129be39d138f13816595f40
w01-lb070-r5_0,lab_3d_w01_lb_ratio,1,70,5.0,15.0,3.0,3517f75d28274635d933c2bd78484cae8726082cdb7b93ab579d243d4ca4dc90,1160,1160,0.1810344827586206896551724138,1.022209752624360460101077732,99.9999999999999983525410700,99.9999999999999983525410700,0.1203675506055164091619722593,-0.2821131124256059904046870453,654,0.1834862385321100917431192661,66.00000000000000760988525679,66.00000000000000760988525679,506,0.1778656126482213438735177866,33.99999999999999074265581331,33.99999999999999074265581331,run_077175d5258448fd9b5eb1a48a0dc2f0,ema_pullback:06fb4c13b15b9aae8a140c9e
w01-lb075-r2_0,lab_3d_w01_lb_ratio,1,75,2.0,6.0,3.0,3517f75d28274635d933c2bd78484cae8726082cdb7b93ab579d243d4ca4dc90,1221,1221,0.3407043407043407043407043407,1.018045531902619478720353283,26.99999999999999776570318842,26.99999999999999776570318842,0.09689030546921644803037822246,-0.3120628729840732976870815899,682,0.3504398826979472140762463343,34.99999999999999939546965528,34.99999999999999939546965528,539,0.3283858998144712430426716141,-8.00000000000000162976646681,-8.00000000000000162976646681,run_68639eafb96a4a80b5809b743f5d6334,ema_pullback:b63b5cd877208ce0cffa9592
w01-lb075-r2_25,lab_3d_w01_lb_ratio,1,75,2.25,6.75,3.0,3517f75d28274635d933c2bd78484cae8726082cdb7b93ab579d243d4ca4dc90,1214,1214,0.3146622734761120263591433278,1.008907717642676735803114193,27.50000000000000055396813688,27.50000000000000055396813688,0.04570638648135329585429547752,-0.3049273613496996500011576815,678,0.3185840707964601769911504425,24.00000000000000194663160089,24.00000000000000194663160089,536,0.3097014925373134328358208955,3.499999999999998607336535973,3.499999999999998607336535973,run_599a69395c274b979750a2a09e6e0169,ema_pullback:02e39214cadf7d0a3906bcd9
w01-lb075-r2_5,lab_3d_w01_lb_ratio,1,75,2.5,7.5,3.0,3517f75d28274635d933c2bd78484cae8726082cdb7b93ab579d243d4ca4dc90,1207,1207,0.2990886495443247721623860812,1.060096141537429048605484976,56.50000000000000202259021479,56.50000000000000202259021479,0.3460813450495784300363249497,-0.2497627039311141810391209932,674,0.2997032640949554896142433234,33.00000000000000486110050151,33.00000000000000486110050151,533,0.2983114446529080675422138837,23.49999999999999716148971324,23.49999999999999716148971324,run_e93e7b8fc97a44da8347374ea266b142,ema_pullback:478c454d2b925c95dcb31f0c
w01-lb075-r2_75,lab_3d_w01_lb_ratio,1,75,2.75,8.25,3.0,3517f75d28274635d933c2bd78484cae8726082cdb7b93ab579d243d4ca4dc90,1197,1197,0.2890559732664995822890559733,1.111404102606099715162954076,100.5000000000000047169102979,100.5000000000000047169102979,0.6965201746641701207046328093,-0.2267630293032986980066436701,666,0.2897897897897897897897897898,57.75000000000000565626125013,57.75000000000000565626125013,531,0.2881355932203389830508474576,42.74999999999999906064904782,42.74999999999999906064904782,run_ce3ab6c337194fae8e0e240319ded826,ema_pullback:5fad0ffa0e945820b4f07d34
w01-lb075-r3_0,lab_3d_w01_lb_ratio,1,75,3.0,9.0,3.0,3517f75d28274635d933c2bd78484cae8726082cdb7b93ab579d243d4ca4dc90,1193,1193,0.2673931265716680637049455155,1.075946481163378965050601488,83.00000000000000253344008119,83.00000000000000253344008119,0.4309925889523354764230704679,-0.2525707602009360736416763646,665,0.2721804511278195488721804511,59.00000000000000310247281520,59.00000000000000310247281520,528,0.2613636363636363636363636364,23.99999999999999943096726601,23.99999999999999943096726601,run_e66211813e7640d291d7ec468d733bdb,ema_pullback:5ff703ea7baa1f71ce7c79b2
w01-lb075-r3_25,lab_3d_w01_lb_ratio,1,75,3.25,9.75,3.0,3517f75d28274635d933c2bd78484cae8726082cdb7b93ab579d243d4ca4dc90,1185,1185,0.2565400843881856540084388186,1.098046621816818632912303995,106.9999999999999990067206303,106.9999999999999990067206303,0.5702891624368097163765529901,-0.2372970062530427790852269185,660,0.2575757575757575757575757576,62.50000000000000287346091107,62.50000000000000287346091107,525,0.2552380952380952380952380952,44.49999999999999613325971921,44.49999999999999613325971921,run_8bb7b8763cf5496dacde4f6029157172,ema_pullback:3ae321aa2ee331773d321150
w01-lb075-r3_5,lab_3d_w01_lb_ratio,1,75,3.5,10.5,3.0,3517f75d28274635d933c2bd78484cae8726082cdb7b93ab579d243d4ca4dc90,1175,1175,0.2391489361702127659574468085,1.077655080907992848244704820,89.50000000000000705149217794,89.50000000000000705149217794,0.4620931099655983613009985317,-0.2306292427770998217119686341,657,0.2404870624048706240487062405,54.00000000000000675807346518,54.00000000000000675807346518,518,0.2374517374517374517374517375,35.50000000000000029341871275,35.50000000000000029341871275,run_1b3bfa8e6df64872ad7e2f45a7944e1e,ema_pullback:f4a98af8c219f8f28d963bff
w01-lb075-r3_75,lab_3d_w01_lb_ratio,1,75,3.75,11.25,3.0,3517f75d28274635d933c2bd78484cae8726082cdb7b93ab579d243d4ca4dc90,1162,1162,0.2280550774526678141135972461,1.074639930281526723273293951,96.74999999999999630322442426,96.74999999999999630322442426,0.4553621342116849104475124816,-0.2174566158070129558925793176,650,0.2261538461538461538461538462,48.24999999999999760660542227,48.24999999999999760660542227,512,0.23046875,48.49999999999999869661900205,48.49999999999999869661900205,run_fbb723a4424d47a6a38a2ac250f4bb4e,ema_pullback:2d79d4ef39aa2a88d11a356a
w01-lb075-r4_0,lab_3d_w01_lb_ratio,1,75,4.0,12.0,3.0,3517f75d28274635d933c2bd78484cae8726082cdb7b93ab579d243d4ca4dc90,1150,1150,0.2113043478260869565217391304,1.010940024830623822970311638,65.00000000000000036416838424,65.00000000000000036416838424,0.05646755155506660369538095417,-0.2561073902637887611780667851,641,0.2059282371294851794071762871,18.99999999999999979420247921,18.99999999999999979420247921,509,0.2180746561886051080550098232,46.00000000000000056996590499,46.00000000000000056996590499,run_14d88fc9bb914705bbf90e335aef65dd,ema_pullback:27e168d92f02be5cd3667478
w01-lb075-r4_25,lab_3d_w01_lb_ratio,1,75,4.25,12.75,3.0,3517f75d28274635d933c2bd78484cae8726082cdb7b93ab579d243d4ca4dc90,1147,1147,0.2066259808195292066259808195,1.047864175298584594482741053,97.25000000000000274559046707,97.25000000000000274559046707,0.2892363905460507534116727381,-0.2396875666340606514962170332,639,0.2018779342723004694835680751,38.25000000000000224541852847,38.25000000000000224541852847,508,0.2125984251968503937007874016,59.00000000000000050017193859,59.00000000000000050017193859,run_283ce668cc3242ec8d095ecf3eec353b,ema_pullback:3c3cb59cdbddb53206dd6609
w01-lb075-r4_5,lab_3d_w01_lb_ratio,1,75,4.5,13.5,3.0,3517f75d28274635d933c2bd78484cae8726082cdb7b93ab579d243d4ca4dc90,1137,1137,0.1996481970096745822339489886,1.054573192393893854690303328,111.5000000000000032274848636,111.5000000000000032274848636,0.3288901353043114443368831278,-0.2494962944489908499584060220,634,0.1971608832807570977917981073,53.50000000000000505179956340,53.50000000000000505179956340,503,0.2027833001988071570576540755,57.99999999999999817568530007,57.99999999999999817568530007,run_c5d1f5b6eae84cc192636e05e60c69a6,ema_pullback:9177a20ebba92e8fd42da9ad
w01-lb075-r4_75,lab_3d_w01_lb_ratio,1,75,4.75,14.25,3.0,3517f75d28274635d933c2bd78484cae8726082cdb7b93ab579d243d4ca4dc90,1133,1133,0.1897616946160635481023830538,1.053480353958707963613190319,103.2500000000000028942004039,103.2500000000000028942004039,0.3240532704311584162084531479,-0.2503177506007633678710464093,634,0.1924290220820189274447949527,67.50000000000000453331597225,67.50000000000000453331597225,499,0.1863727454909819639278557114,35.74999999999999836088443161,35.74999999999999836088443161,run_565df8b683fc493eb98e18c9fbe5ec15,ema_pullback:2eeeff025c67b37e38401592
w01-lb075-r5_0,lab_3d_w01_lb_ratio,1,75,5.0,15.0,3.0,3517f75d28274635d933c2bd78484cae8726082cdb7b93ab579d243d4ca4dc90,1123,1123,0.1807658058771148708815672306,1.011682791556399233795286057,94.9999999999999988805521754,94.9999999999999988805521754,0.05830414178072048853923882192,-0.2834567544909098699226684362,630,0.1841269841269841269841269841,66.00000000000000853316658694,66.00000000000000853316658694,493,0.1764705882352941176470588235,28.99999999999999034738558851,28.99999999999999034738558851,run_a118ea919e1b44a8b42670b47010a784,ema_pullback:8a72c21e53f79c46c21e17bd
w01-lb080-r2_0,lab_3d_w01_lb_ratio,1,80,2.0,6.0,3.0,3517f75d28274635d933c2bd78484cae8726082cdb7b93ab579d243d4ca4dc90,1158,1158,0.3436960276338514680483592401,1.009160000726148297646868644,35.99999999999999810320182582,35.99999999999999810320182582,0.04411955359184038041007958965,-0.2801574185313189056726591881,643,0.3608087091757387247278382582,52.99999999999999977586420698,52.99999999999999977586420698,515,0.3223300970873786407766990291,-17.00000000000000167266238115,-17.00000000000000167266238115,run_076812037ee141e89bf173b61b53dfc3,ema_pullback:248201c513eb5c0751a543c3
w01-lb080-r2_25,lab_3d_w01_lb_ratio,1,80,2.25,6.75,3.0,3517f75d28274635d933c2bd78484cae8726082cdb7b93ab579d243d4ca4dc90,1152,1152,0.3159722222222222222222222222,0.9908832621189769956480615652,31.00000000000000148158300066,31.00000000000000148158300066,-0.04102054397069092616697195958,-0.2782664854180328593068272920,639,0.3270735524256651017214397496,40.25000000000000227910054491,40.25000000000000227910054491,513,0.3021442495126705653021442495,-9.250000000000000797517544250,-9.250000000000000797517544250,run_015bfce705f94ed8b22d0f10d0a13eab,ema_pullback:68cc105411d5bddb471b4614
w01-lb080-r2_5,lab_3d_w01_lb_ratio,1,80,2.5,7.5,3.0,3517f75d28274635d933c2bd78484cae8726082cdb7b93ab579d243d4ca4dc90,1149,1149,0.2993907745865970409051348999,1.036176441421393264581063330,55.00000000000000194542989784,55.00000000000000194542989784,0.1788797809272198515549513907,-0.2383658641054195784423985081,638,0.3072100313479623824451410658,48.00000000000000471205008487,48.00000000000000471205008487,511,0.2896281800391389432485322896,6.999999999999997233379812953,6.999999999999997233379812953,run_14775c8174454cc3ac13451dd90a620b,ema_pullback:42f49de8afc31c230ca3a75a
w01-lb080-r2_75,lab_3d_w01_lb_ratio,1,80,2.75,8.25,3.0,3517f75d28274635d933c2bd78484cae8726082cdb7b93ab579d243d4ca4dc90,1140,1140,0.2894736842105263157894736842,1.090562519261896591316144936,97.50000000000000545627605310,97.50000000000000545627605310,0.4913460749005379079861559008,-0.2427362619407528244482842012,631,0.2979397781299524564183835182,74.00000000000000635403058899,74.00000000000000635403058899,509,0.2789783889980353634577603143,23.49999999999999910224546408,23.49999999999999910224546408,run_a30a9128e1614471bc758b8e59326fa3,ema_pullback:f56d85a34315fafb93737390
w01-lb080-r3_0,lab_3d_w01_lb_ratio,1,80,3.0,9.0,3.0,3517f75d28274635d933c2bd78484cae8726082cdb7b93ab579d243d4ca4dc90,1137,1137,0.2691292875989445910290237467,1.066663869198245848785426746,87.00000000000000299004718073,87.00000000000000299004718073,0.3446636172758518501864443648,-0.2427558104986911328558901469,630,0.2809523809523809523809523810,78.00000000000000304174521514,78.00000000000000304174521514,507,0.2544378698224852071005917160,8.999999999999999948301965555,8.999999999999999948301965555,run_778136c751b74244a960bb54e564b3b0,ema_pullback:5bd5407f255b2028edbd530d
w01-lb080-r3_25,lab_3d_w01_lb_ratio,1,80,3.25,9.75,3.0,3517f75d28274635d933c2bd78484cae8726082cdb7b93ab579d243d4ca4dc90,1131,1131,0.2590627763041556145004420866,1.097489653815995138571190246,114.2500000000000000452590836,114.2500000000000000452590836,0.5393689425694862884554636387,-0.2163991060295791675407065566,626,0.2667731629392971246006389776,83.75000000000000317748806013,83.75000000000000317748806013,505,0.2495049504950495049504950495,30.49999999999999686777102345,30.49999999999999686777102345,run_071cee0c4cf043758ecf90476b093f6b,ema_pullback:e7e9bc8e374a23109be63880
w01-lb080-r3_5,lab_3d_w01_lb_ratio,1,80,3.5,10.5,3.0,3517f75d28274635d933c2bd78484cae8726082cdb7b93ab579d243d4ca4dc90,1123,1123,0.2422083704363312555654496883,1.086523173508349255953003928,101.0000000000000082707123263,101.0000000000000082707123263,0.5106211846989895071433932477,-0.2108054516418498047098427722,623,0.2487961476725521669341894061,74.50000000000000722111095749,74.50000000000000722111095749,500,0.234,26.50000000000000104960136883,26.50000000000000104960136883,run_f1ed8af751e341dfbadc096891d39f11,ema_pullback:25b18074fcffb72f1eb470a1
w01-lb080-r3_75,lab_3d_w01_lb_ratio,1,80,3.75,11.25,3.0,3517f75d28274635d933c2bd78484cae8726082cdb7b93ab579d243d4ca4dc90,1110,1110,0.2306306306306306306306306306,1.080151436835627433726530724,105.9999999999999967756609190,105.9999999999999967756609190,0.4807810962043426682093226933,-0.2064882953856896370449353259,616,0.2337662337662337662337662338,67.99999999999999740239573268,67.99999999999999740239573268,494,0.2267206477732793522267206478,37.99999999999999937326518630,37.99999999999999937326518630,run_dce11ebf4e3d43a799a613e84d47046e,ema_pullback:b6a5346c60075336c6136d0d
w01-lb080-r4_0,lab_3d_w01_lb_ratio,1,80,4.0,12.0,3.0,3517f75d28274635d933c2bd78484cae8726082cdb7b93ab579d243d4ca4dc90,1098,1098,0.2131147540983606557377049180,1.011664231467233840367416441,72.00000000000000024668742228,72.00000000000000024668742228,0.05859801261264172421968046891,-0.2531403269122453469727844368,607,0.2125205930807248764415156507,37.99999999999999972405611250,37.99999999999999972405611250,491,0.2138492871690427698574338086,34.00000000000000052263130982,34.00000000000000052263130982,run_175893d00e6b42dfa2ddfa5231ed557f,ema_pullback:61602ad6d9dd1fbe10b16047
w01-lb080-r4_25,lab_3d_w01_lb_ratio,1,80,4.25,12.75,3.0,3517f75d28274635d933c2bd78484cae8726082cdb7b93ab579d243d4ca4dc90,1095,1095,0.2082191780821917808219178082,1.046582241445423870759211533,102.0000000000000034480387916,102.0000000000000034480387916,0.2722673075385499435367132477,-0.2192590789563488975747490447,605,0.2082644628099173553719008264,56.50000000000000310923119651,56.50000000000000310923119651,490,0.2081632653061224489795918367,45.50000000000000033880759507,45.50000000000000033880759507,run_9a3cd0d9ff444c408e9eb79e500c8504,ema_pullback:73e3f6f4327457b8208def42
w01-lb080-r4_5,lab_3d_w01_lb_ratio,1,80,4.5,13.5,3.0,3517f75d28274635d933c2bd78484cae8726082cdb7b93ab579d243d4ca4dc90,1085,1085,0.2009216589861751152073732719,1.050440848837166898288055282,114.0000000000000050302830572,114.0000000000000050302830572,0.291580493343577640302219242,-0.2597179516679326785749187556,600,0.2033333333333333333333333333,71.00000000000000556945516866,71.00000000000000556945516866,485,0.1979381443298969072164948454,42.99999999999999946082788866,42.99999999999999946082788866,run_a62dd556aadc4f7da74eab4fa28a827f,ema_pullback:110aba9978c004760bca5d86
w01-lb080-r4_75,lab_3d_w01_lb_ratio,1,80,4.75,14.25,3.0,3517f75d28274635d933c2bd78484cae8726082cdb7b93ab579d243d4ca4dc90,1081,1081,0.1905642923219241443108233117,1.046405318093740441528570413,103.5000000000000039383146063,103.5000000000000039383146063,0.2674768696262517785798091284,-0.2649470798157447125329126427,600,0.1983333333333333333333333333,84.25000000000000486394478128,84.25000000000000486394478128,481,0.1808731808731808731808731809,19.24999999999999907436982509,19.24999999999999907436982509,run_72d7552d38df45469b1772416cf3fc47,ema_pullback:05d37e66d17edc37d2870cf2
w01-lb080-r5_0,lab_3d_w01_lb_ratio,1,80,5.0,15.0,3.0,3517f75d28274635d933c2bd78484cae8726082cdb7b93ab579d243d4ca4dc90,1072,1072,0.1828358208955223880597014925,1.013848578711251475683223116,103.9999999999999995440252808,103.9999999999999995440252808,0.06805417677065256287637788836,-0.2753656992101327980601748164,596,0.1912751677852348993288590604,88.00000000000000819654821417,88.00000000000000819654821417,476,0.1722689075630252100840336134,15.99999999999999134747706673,15.99999999999999134747706673,run_d89b680848a742cba7f1370e6ff92429,ema_pullback:3a1e00287ddfb150ff62fb9f
w01-lb085-r2_0,lab_3d_w01_lb_ratio,1,85,2.0,6.0,3.0,3517f75d28274635d933c2bd78484cae8726082cdb7b93ab579d243d4ca4dc90,1115,1115,0.3479820627802690582959641256,1.026490879062690960451351920,48.99999999999999783079262285,48.99999999999999783079262285,0.1271780793160984602473618497,-0.2423961400308373112653540434,615,0.3642276422764227642276422764,56.99999999999999961445120175,56.99999999999999961445120175,500,0.328,-8.000000000000001783658578900,-8.000000000000001783658578900,run_6a1d7d0c5b4f4aa29e8854fdf4b34cd4,ema_pullback:5f227e017b73b81babbf34a2
w01-lb085-r2_25,lab_3d_w01_lb_ratio,1,85,2.25,6.75,3.0,3517f75d28274635d933c2bd78484cae8726082cdb7b93ab579d243d4ca4dc90,1111,1111,0.3186318631863186318631863186,1.000156381844853315099545678,39.50000000000000150318383770,39.50000000000000150318383770,0.000691363277594058196334565009,-0.2462614319505511502550283605,611,0.3289689034369885433715220949,42.25000000000000218281255571,42.25000000000000218281255571,500,0.306,-2.750000000000000679628718045,-2.750000000000000679628718045,run_a825921e6e5f4c4b88bef51de9afb16d,ema_pullback:83c24af1ba4bac7b933fb8f8
w01-lb085-r2_5,lab_3d_w01_lb_ratio,1,85,2.5,7.5,3.0,3517f75d28274635d933c2bd78484cae8726082cdb7b93ab579d243d4ca4dc90,1109,1109,0.3011722272317403065825067628,1.043796118864111421399166903,60.00000000000000118819499881,60.00000000000000118819499881,0.211441574557765557743106413,-0.2236730148346488315595955914,610,0.3081967213114754098360655738,48.00000000000000388553182997,48.00000000000000388553182997,499,0.2925851703406813627254509018,11.99999999999999730266316892,11.99999999999999730266316892,run_59f30e1d6cb342048fd9c954f0165e17,ema_pullback:1e080c116aa2dc41c73f372f
w01-lb085-r2_75,lab_3d_w01_lb_ratio,1,85,2.75,8.25,3.0,3517f75d28274635d933c2bd78484cae8726082cdb7b93ab579d243d4ca4dc90,1102,1102,0.2921960072595281306715063521,1.100824036117322152158397017,105.5000000000000045046856587,105.5000000000000045046856587,0.5435797577294602522274604394,-0.2250852352870808270255173123,605,0.2991735537190082644628099174,73.75000000000000542557928040,73.75000000000000542557928040,497,0.2837022132796780684104627767,31.74999999999999907910637826,31.74999999999999907910637826,run_2d8395b8c7374ab3b567506d53715a02,ema_pullback:33431dccc3f0f5f1a07a575b
w01-lb085-r3_0,lab_3d_w01_lb_ratio,1,85,3.0,9.0,3.0,3517f75d28274635d933c2bd78484cae8726082cdb7b93ab579d243d4ca4dc90,1099,1099,0.2729754322111010009099181074,1.083407118302484710126594950,101.0000000000000031986890079,101.0000000000000031986890079,0.4407246605276148969333899619,-0.2197255083269577395021174109,604,0.2831125827814569536423841060,80.00000000000000325038704226,80.00000000000000325038704226,495,0.2606060606060606060606060606,20.99999999999999994830196564,20.99999999999999994830196564,run_65aa47f66de240b484f675d1501b48c3,ema_pullback:e7828e0ba7377109d16431e4
w01-lb085-r3_25,lab_3d_w01_lb_ratio,1,85,3.25,9.75,3.0,3517f75d28274635d933c2bd78484cae8726082cdb7b93ab579d243d4ca4dc90,1094,1094,0.2632541133455210237659963437,1.118458390971042047562028144,129.9999999999999999600616997,129.9999999999999999600616997,0.6833805293456563971484889213,-0.1969393689889306970230680743,601,0.2695507487520798668885191348,87.50000000000000309229067625,87.50000000000000309229067625,493,0.2555780933062880324543610548,42.49999999999999686777102341,42.49999999999999686777102341,run_34fb1ed1a60644bdae28e93df4ce3ae8,ema_pullback:935f71f97e4ded09fd36f57e
w01-lb085-r3_5,lab_3d_w01_lb_ratio,1,85,3.5,10.5,3.0,3517f75d28274635d933c2bd78484cae8726082cdb7b93ab579d243d4ca4dc90,1086,1086,0.2476979742173112338858195212,1.115705349819140609647097868,124.5000000000000072897975848,124.5000000000000072897975848,0.7139726924354890063596527016,-0.1897476158326267139456685143,598,0.2541806020066889632107023411,86.00000000000000624019621614,86.00000000000000624019621614,488,0.2397540983606557377049180328,38.50000000000000104960136884,38.50000000000000104960136884,run_3c5285e6eaab4f17bb66fc827e49d303,ema_pullback:ca0557cafd645d7350389b76
w01-lb085-r3_75,lab_3d_w01_lb_ratio,1,85,3.75,11.25,3.0,3517f75d28274635d933c2bd78484cae8726082cdb7b93ab579d243d4ca4dc90,1075,1075,0.2362790697674418604651162791,1.109794639860698766617427246,131.4999999999999963265465106,131.4999999999999963265465106,0.6911132783545221434137803242,-0.2064882953856896370449353272,592,0.2398648648648648648648648649,82.49999999999999695328132442,82.49999999999999695328132442,483,0.2318840579710144927536231884,48.99999999999999937326518628,48.99999999999999937326518628,run_73230777a6284f34a000fb89a7551658,ema_pullback:235be69bded003447bfb80fc
w01-lb085-r4_0,lab_3d_w01_lb_ratio,1,85,4.0,12.0,3.0,3517f75d28274635d933c2bd78484cae8726082cdb7b93ab579d243d4ca4dc90,1064,1064,0.2189849624060150375939849624,1.046577538715315950287173661,101.0000000000000004968044712,101.0000000000000004968044712,0.2472139977006121395119384763,-0.2261796759682551162159124691,584,0.2191780821917808219178082192,55.99999999999999997417316137,55.99999999999999997417316137,480,0.21875,45.00000000000000052263130973,45.00000000000000052263130973,run_5bb8d79ef3ca498a87c1f374c09b034f,ema_pullback:63af3ddc1e661eeb64275f1b
w01-lb085-r4_25,lab_3d_w01_lb_ratio,1,85,4.25,12.75,3.0,3517f75d28274635d933c2bd78484cae8726082cdb7b93ab579d243d4ca4dc90,1062,1062,0.2137476459510357815442561205,1.079709956232898841119027249,129.7500000000000035730973158,129.7500000000000035730973158,0.4933425613675122138589663029,-0.1910753595664360594292463142,583,0.2144082332761578044596912521,73.25000000000000323428972100,73.25000000000000323428972100,479,0.2129436325678496868475991649,56.50000000000000033880759509,56.50000000000000033880759509,run_631643fca8844ab68aacf882d4a96d28,ema_pullback:08e7404cb7709c8eda02ed50
w01-lb085-r4_5,lab_3d_w01_lb_ratio,1,85,4.5,13.5,3.0,3517f75d28274635d933c2bd78484cae8726082cdb7b93ab579d243d4ca4dc90,1052,1052,0.2062737642585551330798479087,1.084081121723163447963426422,141.5000000000000047801660081,141.5000000000000047801660081,0.5145231773368102305289956154,-0.2329947443180589538079173237,578,0.2093425605536332179930795848,87.50000000000000531933811978,87.50000000000000531933811978,474,0.2025316455696202531645569620,53.99999999999999946082788869,53.99999999999999946082788869,run_5ee11868951e4eccb3d8ae8ba0f43596,ema_pullback:7bd482bebcecfce6eaf94184
w01-lb085-r4_75,lab_3d_w01_lb_ratio,1,85,4.75,14.25,3.0,3517f75d28274635d933c2bd78484cae8726082cdb7b93ab579d243d4ca4dc90,1048,1048,0.1956106870229007633587786260,1.079523146439357167877075501,130.7500000000000043134901798,130.7500000000000043134901798,0.4848010948669374043370351902,-0.2384126371077637485557775820,578,0.2041522491349480968858131488,100.5000000000000052391203546,100.5000000000000052391203546,470,0.1851063829787234042553191489,30.24999999999999907436982511,30.24999999999999907436982511,run_fc718a05ef314285bb53722dcbc110e7,ema_pullback:3a9e2c2ffbd30de64c1214bc
w01-lb085-r5_0,lab_3d_w01_lb_ratio,1,85,5.0,15.0,3.0,3517f75d28274635d933c2bd78484cae8726082cdb7b93ab579d243d4ca4dc90,1039,1039,0.1876804619826756496631376323,1.048178097367359975446570877,130.9999999999999995440252810,130.9999999999999995440252810,0.2499588823969618017104175584,-0.2492073549459854452143028528,574,0.1968641114982578397212543554,104.0000000000000081965482141,104.0000000000000081965482141,465,0.1763440860215053763440860215,26.99999999999999134747706671,26.99999999999999134747706671,run_dc27052211bb42648f632d607d2ff17e,ema_pullback:6f295ab2dbed0ad015881e65
w01-lb090-r2_0,lab_3d_w01_lb_ratio,1,90,2.0,6.0,3.0,3517f75d28274635d933c2bd78484cae8726082cdb7b93ab579d243d4ca4dc90,1079,1079,0.3456904541241890639481000927,1.031358857729809090889535765,39.99999999999999765126039876,39.99999999999999765126039876,0.1478269859287464339657962951,-0.2392880089099953547904002537,591,0.3637901861252115059221658206,53.99999999999999951879170516,53.99999999999999951879170516,488,0.3237704918032786885245901639,-14.00000000000000186753130639,-14.00000000000000186753130639,run_1f167a848ee4458186956c917dda9315,ema_pullback:18cc6da6d5bf9efac83b0004
w01-lb090-r2_25,lab_3d_w01_lb_ratio,1,90,2.25,6.75,3.0,3517f75d28274635d933c2bd78484cae8726082cdb7b93ab579d243d4ca4dc90,1075,1075,0.3153488372093023255813953488,1.000013594348582814708336376,26.75000000000000217578095669,26.75000000000000217578095669,0.000058545411233828769644929575,-0.2543090716451354177560983497,587,0.3270868824531516183986371380,37.00000000000000292751293378,37.00000000000000292751293378,488,0.3012295081967213114754098361,-10.25000000000000075173197709,-10.25000000000000075173197709,run_137b3db22a2c4336aaecaf5c3a6ef5ce,ema_pullback:91a6b4d411e2907fd305f5b8
w01-lb090-r2_5,lab_3d_w01_lb_ratio,1,90,2.5,7.5,3.0,3517f75d28274635d933c2bd78484cae8726082cdb7b93ab579d243d4ca4dc90,1073,1073,0.2982292637465051258154706431,1.042915948643941436331823186,47.00000000000000211566293121,47.00000000000000211566293121,0.2022657454546995029490914256,-0.2224004982142629589992496131,586,0.3054607508532423208191126280,40.50000000000000466266167767,40.50000000000000466266167767,487,0.2895277207392197125256673511,6.499999999999997453001253516,6.499999999999997453001253516,run_5d985dea41a246d2a746af53469cbf7a,ema_pullback:cb205f5bfa92bad1b4810725
w01-lb090-r2_75,lab_3d_w01_lb_ratio,1,90,2.75,8.25,3.0,3517f75d28274635d933c2bd78484cae8726082cdb7b93ab579d243d4ca4dc90,1067,1067,0.2886597938144329896907216495,1.094625249837215276606872301,88.00000000000000395874541103,88.00000000000000395874541103,0.4928093592184584032874956957,-0.2225770944472857595882877742,582,0.2955326460481099656357388316,63.00000000000000484960766110,63.00000000000000484960766110,485,0.2804123711340206185567010309,24.99999999999999910913774988,24.99999999999999910913774988,run_905479d745f7448a979c4071c1f5d266,ema_pullback:89a01d8535d8584031e3728c
w01-lb090-r3_0,lab_3d_w01_lb_ratio,1,90,3.0,9.0,3.0,3517f75d28274635d933c2bd78484cae8726082cdb7b93ab579d243d4ca4dc90,1064,1064,0.2687969924812030075187969925,1.072813576230708071553194455,80.00000000000000348978710009,80.00000000000000348978710009,0.3686674157880259335128894301,-0.2203407216668297551679311295,581,0.2788296041308089500860585198,67.00000000000000344720594526,67.00000000000000344720594526,483,0.2567287784679089026915113872,13.00000000000000004258115479,13.00000000000000004258115479,run_c130979d6d1147869d26216a6d86770d,ema_pullback:3ae898461d55354e9533ab6d
w01-lb090-r3_25,lab_3d_w01_lb_ratio,1,90,3.25,9.75,3.0,3517f75d28274635d933c2bd78484cae8726082cdb7b93ab579d243d4ca4dc90,1060,1060,0.2594339622641509433962264151,1.112355433871434980836978041,108.7500000000000013565612047,108.7500000000000013565612047,0.6284319002396144788708042699,-0.2049584721553875615209365557,579,0.2659758203799654576856649396,75.50000000000000374390245625,75.50000000000000374390245625,481,0.2515592515592515592515592516,33.24999999999999761265874837,33.24999999999999761265874837,run_3156228bea2143dfb34df4cc6fc0cf07,ema_pullback:b0decc38ddf6402f188f5474
w01-lb090-r3_5,lab_3d_w01_lb_ratio,1,90,3.5,10.5,3.0,3517f75d28274635d933c2bd78484cae8726082cdb7b93ab579d243d4ca4dc90,1053,1053,0.2440645773979107312440645774,1.113723425615407808671769153,103.5000000000000088434364547,103.5000000000000088434364547,0.68215694434243055318683071,-0.2004604428868135956345056291,577,0.2512998266897746967071057192,75.50000000000000698469954333,75.50000000000000698469954333,476,0.2352941176470588235294117647,28.00000000000000185873691138,28.00000000000000185873691138,run_56acbd0ee1d748dda35969961c339077,ema_pullback:6622570302914b4941461acc
w01-lb090-r3_75,lab_3d_w01_lb_ratio,1,90,3.75,11.25,3.0,3517f75d28274635d933c2bd78484cae8726082cdb7b93ab579d243d4ca4dc90,1043,1043,0.2329817833173537871524448706,1.107220579380637374948238645,111.2499999999999981073769915,111.2499999999999981073769915,0.6460006986250133186333299291,-0.1988522720419255749729116174,571,0.2381786339754816112084063047,74.99999999999999833734651024,74.99999999999999833734651024,472,0.2266949152542372881355932203,36.24999999999999977003048124,36.24999999999999977003048124,run_a7e7dceccdf34d6590cb6c5d9501f977,ema_pullback:5a88a53d5deff60a5127c734
w01-lb090-r4_0,lab_3d_w01_lb_ratio,1,90,4.0,12.0,3.0,3517f75d28274635d933c2bd78484cae8726082cdb7b93ab579d243d4ca4dc90,1035,1035,0.2154589371980676328502415459,1.039945066110318939938228826,80.00000000000000012892763429,80.00000000000000012892763429,0.2034166477534446142625890642,-0.2313253770451208904360743471,565,0.2176991150442477876106194690,50.00000000000000038121542105,50.00000000000000038121542105,470,0.2127659574468085106382978723,29.99999999999999974771221319,29.99999999999999974771221319,run_7a99abd1ff21447b93d32f4dc24486b7,ema_pullback:601e71d35ba2d9ba0672e9de
w01-lb090-r4_25,lab_3d_w01_lb_ratio,1,90,4.25,12.75,3.0,3517f75d28274635d933c2bd78484cae8726082cdb7b93ab579d243d4ca4dc90,1033,1033,0.2110358180058083252662149080,1.075702870347488789752819544,111.5000000000000054623131933,111.5000000000000054623131933,0.4477251254937900446724203575,-0.2052807660503519108200785026,564,0.2127659574468085106382978723,66.00000000000000460858235175,66.00000000000000460858235175,469,0.2089552238805970149253731343,45.50000000000000085373084171,45.50000000000000085373084171,run_a09c8126a00d4a8786475cfff1bfffd9,ema_pullback:e0070a6661d90ab613670151
w01-lb090-r4_5,lab_3d_w01_lb_ratio,1,90,4.5,13.5,3.0,3517f75d28274635d933c2bd78484cae8726082cdb7b93ab579d243d4ca4dc90,1023,1023,0.2033235581622678396871945259,1.078103191475104785700513235,121.0000000000000051559852899,121.0000000000000051559852899,0.4540440141782442888888658734,-0.2403276987809025272572706910,559,0.2075134168157423971377459750,79.00000000000000598746342168,79.00000000000000598746342168,464,0.1982758620689655172413793103,41.99999999999999916852186816,41.99999999999999916852186816,run_aba19b7047fc419d889bd1393de5f457,ema_pullback:73c81ce4e04936ea951e5d0f
w01-lb090-r4_75,lab_3d_w01_lb_ratio,1,90,4.75,14.25,3.0,3517f75d28274635d933c2bd78484cae8726082cdb7b93ab579d243d4ca4dc90,1020,1020,0.1931372549019607843137254902,1.078037021373187417322767082,112.7500000000000040274100183,112.7500000000000040274100183,0.4608609167789110797364098137,-0.2467984378160774607760900834,559,0.2021466905187835420393559928,90.75000000000000493165892683,90.75000000000000493165892683,461,0.1822125813449023861171366594,21.99999999999999909575109151,21.99999999999999909575109151,run_e3af5e0f7c754783968085913afdfe4d,ema_pullback:df7d0fde78c3b47b31b9fc69
w01-lb090-r5_0,lab_3d_w01_lb_ratio,1,90,5.0,15.0,3.0,3517f75d28274635d933c2bd78484cae8726082cdb7b93ab579d243d4ca4dc90,1012,1012,0.1857707509881422924901185771,1.048903335104835321417864737,115.9999999999999990017231459,115.9999999999999990017231459,0.2463521234617888844937112732,-0.258560823525426850409714499,555,0.1945945945945945945945945946,93.0000000000000071352301643,93.0000000000000071352301643,457,0.1750547045951859956236323851,22.99999999999999186649298135,22.99999999999999186649298135,run_b4a2ae17347640bd812210e2fd2edff1,ema_pullback:7188dcb8c9b2a23e11170932
w01-lb095-r2_0,lab_3d_w01_lb_ratio,1,95,2.0,6.0,3.0,3517f75d28274635d933c2bd78484cae8726082cdb7b93ab579d243d4ca4dc90,1045,1045,0.3502392344497607655502392344,1.048971709592248353240929719,52.99999999999999738337735474,52.99999999999999738337735474,0.2352484945382702528334993297,-0.1979700114015713618812538982,570,0.3719298245614035087719298246,65.99999999999999930628561530,65.99999999999999930628561530,475,0.3242105263157894736842105263,-13.00000000000000192290826058,-13.00000000000000192290826058,run_87cc37984f2046958899ffd7d6aed2bf,ema_pullback:16d53b47c3f4fdd9794e8b4f
w01-lb095-r2_25,lab_3d_w01_lb_ratio,1,95,2.25,6.75,3.0,3517f75d28274635d933c2bd78484cae8726082cdb7b93ab579d243d4ca4dc90,1044,1044,0.3189655172413793103448275862,1.012340274737552195924144399,38.25000000000000193960324761,38.25000000000000193960324761,0.05369752957132061860151371504,-0.2206302477769528582187788900,569,0.3339191564147627416520210896,48.50000000000000234642698942,48.50000000000000234642698942,475,0.3010526315789473684210526316,-10.25000000000000040682374177,-10.25000000000000040682374177,run_8554aa6d5e0a4173b6e6cad48bcf4370,ema_pullback:88ab95fe76b8acde2d39a23a
w01-lb095-r2_5,lab_3d_w01_lb_ratio,1,95,2.5,7.5,3.0,3517f75d28274635d933c2bd78484cae8726082cdb7b93ab579d243d4ca4dc90,1042,1042,0.3023032629558541266794625720,1.056741705367527136100535432,60.50000000000000212816588600,60.50000000000000212816588600,0.2726240270876489931596297402,-0.2013523569760944764228700508,568,0.3116197183098591549295774648,51.50000000000000465702612591,51.50000000000000465702612591,474,0.2911392405063291139240506329,8.999999999999997471139760078,8.999999999999997471139760078,run_032eb439bf6a45c88dc35940e9c18441,ema_pullback:488ca2c54e3a23fedcba968f
w01-lb095-r2_75,lab_3d_w01_lb_ratio,1,95,2.75,8.25,3.0,3517f75d28274635d933c2bd78484cae8726082cdb7b93ab579d243d4ca4dc90,1036,1036,0.2924710424710424710424710425,1.107309588470142046539515332,100.2500000000000044102235132,100.2500000000000044102235132,0.5688006575311379990467520271,-0.2033579510722374478346737732,564,0.3014184397163120567375886525,73.50000000000000480629009487,73.50000000000000480629009487,472,0.2817796610169491525423728814,26.74999999999999960393341845,26.74999999999999960393341845,run_2f695f13a54a4e33be1b916bdef1d912,ema_pullback:a938e3b4f04aaea094cc3084
w01-lb095-r3_0,lab_3d_w01_lb_ratio,1,95,3.0,9.0,3.0,3517f75d28274635d933c2bd78484cae8726082cdb7b93ab579d243d4ca4dc90,1033,1033,0.2720232333010648596321393998,1.083270247765587381433302867,91.00000000000000302035141053,91.00000000000000302035141053,0.4280090088661152071106137852,-0.1969330785689750195114276964,563,0.2841918294849023090586145648,77.00000000000000294993735747,77.00000000000000294993735747,470,0.2574468085106382978723404255,14.00000000000000007041405301,14.00000000000000007041405301,run_c1bd28dbf37f45af8d73b12ee3115a53,ema_pullback:d20027a8dd9e27f84a3ff9c8
w01-lb095-r3_25,lab_3d_w01_lb_ratio,1,95,3.25,9.75,3.0,3517f75d28274635d933c2bd78484cae8726082cdb7b93ab579d243d4ca4dc90,1029,1029,0.2623906705539358600583090379,1.121170283256999662379237849,118.5000000000000011940365415,118.5000000000000011940365415,0.6868561020829754770486316454,-0.1836147339719545254534153511,561,0.2709447415329768270944741533,85.00000000000000328995143471,85.00000000000000328995143471,468,0.2521367521367521367521367521,33.49999999999999790408510671,33.49999999999999790408510671,run_8e6fe9f62eab4d5b9affd086d9ce6766,ema_pullback:3ed80cf97f85ecb0e93233b6
w01-lb095-r3_5,lab_3d_w01_lb_ratio,1,95,3.5,10.5,3.0,3517f75d28274635d933c2bd78484cae8726082cdb7b93ab579d243d4ca4dc90,1022,1022,0.2475538160469667318982387476,1.126448600047147697698752696,116.5000000000000088999549038,116.5000000000000088999549038,0.7667515249950752696500867975,-0.1723972367121400087509677663,559,0.2558139534883720930232558140,84.50000000000000680579372660,84.50000000000000680579372660,463,0.2375809935205183585313174946,32.00000000000000209416117722,32.00000000000000209416117722,run_659c3b9ab7f4469a910d611011589c5c,ema_pullback:fd2014d55267e0467ce18c59
w01-lb095-r3_75,lab_3d_w01_lb_ratio,1,95,3.75,11.25,3.0,3517f75d28274635d933c2bd78484cae8726082cdb7b93ab579d243d4ca4dc90,1013,1013,0.2369200394866732477788746298,1.121597773313982868020668868,126.9999999999999981214654732,126.9999999999999981214654732,0.7416841528913641077049667987,-0.1884942268439859558445806472,553,0.2423146473779385171790235081,83.49999999999999803975909838,83.49999999999999803975909838,460,0.2304347826086956521739130435,43.50000000000000008170637492,43.50000000000000008170637492,run_b3b76bf09c2149c4b06a83d07226af5e,ema_pullback:9b0fd51a349c07b8301764bf
w01-lb095-r4_0,lab_3d_w01_lb_ratio,1,95,4.0,12.0,3.0,3517f75d28274635d933c2bd78484cae8726082cdb7b93ab579d243d4ca4dc90,1007,1007,0.2194637537239324726911618669,1.055043253847039294308268192,97.99999999999999987465778860,97.99999999999999987465778860,0.2805799553139749574332444387,-0.2014210018259875433711792457,549,0.2204007285974499089253187614,56.00000000000000012694557539,56.00000000000000012694557539,458,0.2183406113537117903930131004,41.99999999999999974771221317,41.99999999999999974771221317,run_4d819cb3abac415891216431b2efcadf,ema_pullback:46bf4bee0bc9be6cc2dc6f24
w01-lb095-r4_25,lab_3d_w01_lb_ratio,1,95,4.25,12.75,3.0,3517f75d28274635d933c2bd78484cae8726082cdb7b93ab579d243d4ca4dc90,1005,1005,0.2149253731343283582089552239,1.090392608043707157857840135,129.0000000000000048350919067,129.0000000000000048350919067,0.5342276816148662460741910982,-0.1849015700394692955325646107,548,0.2153284671532846715328467153,71.50000000000000398136106523,71.50000000000000398136106523,457,0.2144420131291028446389496718,57.50000000000000085373084171,57.50000000000000085373084171,run_1aa2fc2b212241eda6e2f2e7c7b519b1,ema_pullback:9f2f301e4af006c40597f889
w01-lb095-r4_5,lab_3d_w01_lb_ratio,1,95,4.5,13.5,3.0,3517f75d28274635d933c2bd78484cae8726082cdb7b93ab579d243d4ca4dc90,995,995,0.2070351758793969849246231156,1.092308551468536340972541392,138.0000000000000042019479044,138.0000000000000042019479044,0.5346120722009111085627369155,-0.2107735482198895463272659444,543,0.2099447513812154696132596685,84.00000000000000503342603638,84.00000000000000503342603638,452,0.2035398230088495575221238938,53.99999999999999916852186813,53.99999999999999916852186813,run_b15119617cfb4b89ac66b998db52405e,ema_pullback:e8b4fbdcc017ead3e49842c6
w01-lb095-r4_75,lab_3d_w01_lb_ratio,1,95,4.75,14.25,3.0,3517f75d28274635d933c2bd78484cae8726082cdb7b93ab579d243d4ca4dc90,992,992,0.1965725806451612903225806452,1.091230625572288593002896463,129.2500000000000032325540187,129.2500000000000032325540187,0.5355062764261488102227756445,-0.2174960236884972805505517921,543,0.2044198895027624309392265193,95.2500000000000041368029272,95.2500000000000041368029272,449,0.1870824053452115812917594655,33.99999999999999909575109149,33.99999999999999909575109149,run_e09aaa6d81a840e8898731b7d63a8c85,ema_pullback:bb82e644ff7e45c8986fea86
w01-lb095-r5_0,lab_3d_w01_lb_ratio,1,95,5.0,15.0,3.0,3517f75d28274635d933c2bd78484cae8726082cdb7b93ab579d243d4ca4dc90,984,984,0.1890243902439024390243902439,1.061064167600159045013733439,131.9999999999999987823175386,131.9999999999999987823175386,0.3046963346004915593508797296,-0.2297160110737968901495710496,539,0.1966604823747680890538033395,97.0000000000000069158245572,97.0000000000000069158245572,445,0.1797752808988764044943820225,34.99999999999999186649298133,34.99999999999999186649298133,run_acb00cb8a1924bb6a3d70f49e228fe58,ema_pullback:5233c4c893ff8c68d28bfb04
w01-lb100-r2_0,lab_3d_w01_lb_ratio,1,100,2.0,6.0,3.0,3517f75d28274635d933c2bd78484cae8726082cdb7b93ab579d243d4ca4dc90,1010,1010,0.3544554455445544554455445545,1.056351392494127044870847960,63.99999999999999749332436889,63.99999999999999749332436889,0.2729124335832110958727085645,-0.1673125711390008896573216307,552,0.3731884057971014492753623188,65.99999999999999949349820029,65.99999999999999949349820029,458,0.3318777292576419213973799127,-2.000000000000002000173831425,-2.000000000000002000173831425,run_36e46bdf0d14430e9580160e78cf4546,ema_pullback:f2a97215d3412b637844737b
w01-lb100-r2_25,lab_3d_w01_lb_ratio,1,100,2.25,6.75,3.0,3517f75d28274635d933c2bd78484cae8726082cdb7b93ab579d243d4ca4dc90,1009,1009,0.3221010901883052527254707631,1.016802891626604939914495885,47.25000000000000216590098983,47.25000000000000216590098983,0.07357634779798632675140964806,-0.2005615653263141485219855028,551,0.3339382940108892921960072595,47.00000000000000246069085547,47.00000000000000246069085547,458,0.3078602620087336244541484716,0.249999999999999705210134355,0.249999999999999705210134355,run_9ccd8a547ec9487c980276772f79b3de,ema_pullback:3f04fcfd0a45d26145f0d030
w01-lb100-r2_5,lab_3d_w01_lb_ratio,1,100,2.5,7.5,3.0,3517f75d28274635d933c2bd78484cae8726082cdb7b93ab579d243d4ca4dc90,1007,1007,0.3048659384309831181727904667,1.058430178943958426858384913,67.50000000000000202400886633,67.50000000000000202400886633,0.2820358623705788454015020223,-0.1800407627323005330764956585,550,0.3109090909090909090909090909,48.50000000000000454514415124,48.50000000000000454514415124,457,0.2975929978118161925601750547,18.99999999999999747886471504,18.99999999999999747886471504,run_66a1b055e8c044aaa2e276f495cbec01,ema_pullback:9afabbad6765b8ada2ca613a
w01-lb100-r2_75,lab_3d_w01_lb_ratio,1,100,2.75,8.25,3.0,3517f75d28274635d933c2bd78484cae8726082cdb7b93ab579d243d4ca4dc90,1003,1003,0.2941176470588235294117647059,1.102501127386920840262442153,103.2500000000000043680986148,103.2500000000000043680986148,0.543550926142198205525462558,-0.2028479828999758147464773332,548,0.2992700729927007299270072993,67.00000000000000479893350182,67.00000000000000479893350182,455,0.2879120879120879120879120879,36.24999999999999956916511312,36.24999999999999956916511312,run_7f1149fe493e4d769383b139b9e262f1,ema_pullback:bde1ceb99bcd1c1bef487466
w01-lb100-r3_0,lab_3d_w01_lb_ratio,1,100,3.0,9.0,3.0,3517f75d28274635d933c2bd78484cae8726082cdb7b93ab579d243d4ca4dc90,1000,1000,0.273,1.075853786409963572260083008,92.00000000000000345882421501,92.00000000000000345882421501,0.3892732886028692870174018636,-0.2026116944652919757121617302,547,0.2815356489945155393053016453,69.00000000000000334205242157,69.00000000000000334205242157,453,0.2626931567328918322295805740,23.00000000000000011677179343,23.00000000000000011677179343,run_ccd33a734fc34499893fefae8e96fe01,ema_pullback:9ce32d0e33bb239a54945c68
w01-lb100-r3_25,lab_3d_w01_lb_ratio,1,100,3.25,9.75,3.0,3517f75d28274635d933c2bd78484cae8726082cdb7b93ab579d243d4ca4dc90,997,997,0.2637913741223671013039117352,1.113362318154487345065627630,120.7500000000000016191466458,120.7500000000000016191466458,0.6403912090901154954681774276,-0.1764533359470125036716793468,546,0.2692307692307692307692307692,78.75000000000000304671074621,78.75000000000000304671074621,451,0.2572062084257206208425720621,41.99999999999999857243589939,41.99999999999999857243589939,run_e6d2415bd9fd447c8e11a3f2cbcf6941,ema_pullback:553a9d90e1094085af454ac9
w01-lb100-r3_5,lab_3d_w01_lb_ratio,1,100,3.5,10.5,3.0,3517f75d28274635d933c2bd78484cae8726082cdb7b93ab579d243d4ca4dc90,991,991,0.2492431886982845610494450050,1.131946971557542334855004425,120.5000000000000086152540645,120.5000000000000086152540645,0.7973754374818422582562003092,-0.1655276025725254581264397242,545,0.2532110091743119266055045872,76.00000000000000642837340121,76.00000000000000642837340121,446,0.2443946188340807174887892377,44.50000000000000218688066328,44.50000000000000218688066328,run_292508943b8d423298f7e22461906218,ema_pullback:18dd6e090a6520ad853202ac
w01-lb100-r3_75,lab_3d_w01_lb_ratio,1,100,3.75,11.25,3.0,3517f75d28274635d933c2bd78484cae8726082cdb7b93ab579d243d4ca4dc90,983,983,0.2380467955239064089521871821,1.124097416985920305071394383,128.4999999999999988573637524,128.4999999999999988573637524,0.7514621798423389162534805449,-0.1884942268439859558445806461,539,0.2393320964749536178107606679,73.74999999999999900745609252,73.74999999999999900745609252,444,0.2364864864864864864864864865,54.74999999999999984990765970,54.74999999999999984990765970,run_cc493c81bead44f78fd9e2d0e494a026,ema_pullback:89968b71d717bf5dfcab89da
w01-lb100-r4_0,lab_3d_w01_lb_ratio,1,100,4.0,12.0,3.0,3517f75d28274635d933c2bd78484cae8726082cdb7b93ab579d243d4ca4dc90,977,977,0.2210849539406345957011258956,1.064546999648320940212386991,103.0000000000000001563634727,103.0000000000000001563634727,0.3261558670934738584854713161,-0.1914042014199892599164652771,535,0.2186915887850467289719626168,50.00000000000000050137074543,50.00000000000000050137074543,442,0.2239819004524886877828054299,52.99999999999999965499272714,52.99999999999999965499272714,run_0784b260f1374abc87dc4bbce7c5ec7d,ema_pullback:8b2f33bcd26dbc861f3fa9ae
w01-lb100-r4_25,lab_3d_w01_lb_ratio,1,100,4.25,12.75,3.0,3517f75d28274635d933c2bd78484cae8726082cdb7b93ab579d243d4ca4dc90,975,975,0.2164102564102564102564102564,1.099286768364766956111026945,132.7500000000000057583321093,132.7500000000000057583321093,0.5801729653212216008179529476,-0.1746775617662413254490094131,534,0.2134831460674157303370786517,64.50000000000000485824152468,64.50000000000000485824152468,441,0.2199546485260770975056689342,68.25000000000000090009058477,68.25000000000000090009058477,run_601aa9fd0f45409aa247456865357630,ema_pullback:3f221c83410565f9359bc665
w01-lb100-r4_5,lab_3d_w01_lb_ratio,1,100,4.5,13.5,3.0,3517f75d28274635d933c2bd78484cae8726082cdb7b93ab579d243d4ca4dc90,968,968,0.2066115702479338842975206612,1.092672507795634224801804753,132.0000000000000050872216559,132.0000000000000050872216559,0.528525973852739195448683265,-0.2008740594270563535015286349,531,0.2052730696798493408662900188,68.50000000000000619685824634,68.50000000000000619685824634,437,0.2082379862700228832951945080,63.49999999999999889036340985,63.49999999999999889036340985,run_1eb23222fc334a169af4ae07d70d9185,ema_pullback:b21625edaad11a23adfa205b
w01-lb100-r4_75,lab_3d_w01_lb_ratio,1,100,4.75,14.25,3.0,3517f75d28274635d933c2bd78484cae8726082cdb7b93ab579d243d4ca4dc90,966,966,0.1966873706004140786749482402,1.100211912594655760802490054,126.5000000000000034174814935,126.5000000000000034174814935,0.5945740301719845089540082648,-0.2076808567913778921000808299,531,0.1996233521657250470809792844,78.50000000000000432173040203,78.50000000000000432173040203,435,0.1931034482758620689655172414,47.99999999999999909575109153,47.99999999999999909575109153,run_70ca6dbf3f874cbf9d1f985f640ef534,ema_pullback:e27c5f0f952ba81c3e7b18fe
w01-lb100-r5_0,lab_3d_w01_lb_ratio,1,100,5.0,15.0,3.0,3517f75d28274635d933c2bd78484cae8726082cdb7b93ab579d243d4ca4dc90,960,960,0.1885416666666666666666666667,1.063984426629239691262176389,125.9999999999999982995425026,125.9999999999999982995425026,0.3230145978449050460397321992,-0.2309213754860540023699159795,527,0.1916508538899430740037950664,79.00000000000000643304952141,79.00000000000000643304952141,433,0.1847575057736720554272517321,46.99999999999999186649298133,46.99999999999999186649298133,run_d3cfbfd998dd4db1852c176eb54e00c1,ema_pullback:8322da9483d84e041787b680
w01-lb105-r2_0,lab_3d_w01_lb_ratio,1,105,2.0,6.0,3.0,3517f75d28274635d933c2bd78484cae8726082cdb7b93ab579d243d4ca4dc90,978,978,0.3568507157464212678936605317,1.069483207404822596213998850,68.99999999999999760418679126,68.99999999999999760418679126,0.3298220082732921331811256334,-0.1641470416017061175698887218,535,0.3775700934579439252336448598,70.99999999999999964159375692,70.99999999999999964159375692,443,0.3318284424379232505643340858,-2.000000000000002037406965635,-2.000000000000002037406965635,run_dc7df1186b074b3a94a106944160fccb,ema_pullback:9539b7fc93d6923029b684a9
w01-lb105-r2_25,lab_3d_w01_lb_ratio,1,105,2.25,6.75,3.0,3517f75d28274635d933c2bd78484cae8726082cdb7b93ab579d243d4ca4dc90,977,977,0.3244626407369498464687819857,1.028546080376626181241695616,53.25000000000000306247247139,53.25000000000000306247247139,0.1225901760202637957945816346,-0.1822007777384107391625970907,534,0.3370786516853932584269662921,51.00000000000000318085419070,51.00000000000000318085419070,443,0.3092550790067720090293453725,2.249999999999999881618280578,2.249999999999999881618280578,run_0ecfd2fbdde74e3abe7974e4eab2539b,ema_pullback:4915556f3af8696f24765ee8
w01-lb105-r2_5,lab_3d_w01_lb_ratio,1,105,2.5,7.5,3.0,3517f75d28274635d933c2bd78484cae8726082cdb7b93ab579d243d4ca4dc90,975,975,0.3076923076923076923076923077,1.070607089464232883364664367,75.00000000000000266846232993,75.00000000000000266846232993,0.3332870731433637208076743401,-0.1646794974586580640094124772,533,0.3133208255159474671669793621,51.50000000000000517581564698,51.50000000000000517581564698,442,0.3009049773755656108597285068,23.49999999999999749264668290,23.49999999999999749264668290,run_e14e7a35dfe148c5863ce77c785b42ca,ema_pullback:2d10e084fdd61f621a76b019
w01-lb105-r2_75,lab_3d_w01_lb_ratio,1,105,2.75,8.25,3.0,3517f75d28274635d933c2bd78484cae8726082cdb7b93ab579d243d4ca4dc90,971,971,0.2976313079299691040164778579,1.117262572740134286413492257,112.7500000000000051263027292,112.7500000000000051263027292,0.6092684188915387725804792371,-0.1765309699752780181368679258,531,0.3013182674199623352165725047,69.00000000000000565500253745,69.00000000000000565500253745,440,0.2931818181818181818181818182,43.74999999999999947130019186,43.74999999999999947130019186,run_e8acc70f3fd5451c8ad94fc0e459546a,ema_pullback:c565b213f6ab7cbfec0456b8
w01-lb105-r3_0,lab_3d_w01_lb_ratio,1,105,3.0,9.0,3.0,3517f75d28274635d933c2bd78484cae8726082cdb7b93ab579d243d4ca4dc90,969,969,0.2776057791537667698658410733,1.102742924362629451643131920,107.0000000000000040024895901,107.0000000000000040024895901,0.5344571610345145867693347114,-0.1742648176569042906954262388,531,0.2862523540489642184557438795,77.00000000000000366434294783,77.00000000000000366434294783,438,0.2671232876712328767123287671,30.00000000000000033814664230,30.00000000000000033814664230,run_830d3a57685e430fb636c4d777e618a6,ema_pullback:06491f4bf55bcca0bed55ad3
w01-lb105-r3_25,lab_3d_w01_lb_ratio,1,105,3.25,9.75,3.0,3517f75d28274635d933c2bd78484cae8726082cdb7b93ab579d243d4ca4dc90,966,966,0.2681159420289855072463768116,1.139874004732601992237806994,134.7500000000000019743958303,134.7500000000000019743958303,0.8003851892473118493535464076,-0.1692610297784424100395276032,530,0.2735849056603773584905660377,86.25000000000000354300746525,86.25000000000000354300746525,436,0.2614678899082568807339449541,48.49999999999999843138836485,48.49999999999999843138836485,run_01930a8c96ca4c638f22528fd14be1bb,ema_pullback:6943c53f7d833959e9de3903
w01-lb105-r3_5,lab_3d_w01_lb_ratio,1,105,3.5,10.5,3.0,3517f75d28274635d933c2bd78484cae8726082cdb7b93ab579d243d4ca4dc90,963,963,0.2523364485981308411214953271,1.149002837646155930870489942,130.5000000000000089555005897,130.5000000000000089555005897,0.9049148014887314396177861231,-0.1655276025725254581264397256,530,0.2566037735849056603773584906,82.00000000000000645409526040,82.00000000000000645409526040,433,0.2471131639722863741339491917,48.50000000000000250140532961,48.50000000000000250140532961,run_212c122551b840d89610b23adddace38,ema_pullback:8684e62870bbb7712af73df3
w01-lb105-r3_75,lab_3d_w01_lb_ratio,1,105,3.75,11.25,3.0,3517f75d28274635d933c2bd78484cae8726082cdb7b93ab579d243d4ca4dc90,955,955,0.2408376963350785340314136126,1.139244514378793463757878088,137.4999999999999996050585018,137.4999999999999996050585018,0.8445897384826822926785805697,-0.1778959352762556859439440338,524,0.2423664122137404580152671756,79.24999999999999939405126686,79.24999999999999939405126686,431,0.2389791183294663573085846868,58.25000000000000021100723475,58.25000000000000021100723475,run_a6850575cdb04e07b91f7a89ca613900,ema_pullback:6351c6868af6b1b5db9e51b7
w01-lb105-r4_0,lab_3d_w01_lb_ratio,1,105,4.0,12.0,3.0,3517f75d28274635d933c2bd78484cae8726082cdb7b93ab579d243d4ca4dc90,951,951,0.2229232386961093585699263933,1.074598869149987206880554423,109.0000000000000001226110670,109.0000000000000001226110670,0.3755580159681164017347284244,-0.1825955850153963174998993443,521,0.2207293666026871401151631478,54.00000000000000050137074543,54.00000000000000050137074543,430,0.2255813953488372093023255814,54.99999999999999962124032152,54.99999999999999962124032152,run_58c497d1f2f646a695f94602f303b186,ema_pullback:c0dc3b70fa9c8f9c9a34b05f
w01-lb105-r4_25,lab_3d_w01_lb_ratio,1,105,4.25,12.75,3.0,3517f75d28274635d933c2bd78484cae8726082cdb7b93ab579d243d4ca4dc90,949,949,0.2191780821917808219178082192,1.119164189189434947417396711,143.0000000000000056402308895,143.0000000000000056402308895,0.6919660866007697379811310618,-0.1687528704903868778945259759,520,0.2153846153846153846153846154,68.00000000000000476140090955,68.00000000000000476140090955,429,0.2237762237762237762237762238,75.00000000000000087882998020,75.00000000000000087882998020,run_475082ca8cb249008c1f9cbbfa7f5005,ema_pullback:88eb447bb2207f84c5149268
w01-lb105-r4_5,lab_3d_w01_lb_ratio,1,105,4.5,13.5,3.0,3517f75d28274635d933c2bd78484cae8726082cdb7b93ab579d243d4ca4dc90,942,942,0.2091295116772823779193205945,1.111380098074044475468006152,141.5000000000000057496647909,141.5000000000000057496647909,0.6293357309341326775994756352,-0.1849399415438731652427611008,517,0.2069632495164410058027079304,71.50000000000000673173775425,71.50000000000000673173775425,425,0.2117647058823529411764705882,69.99999999999999901792703715,69.99999999999999901792703715,run_4cbb9522a52d49ad8912a720c45f8fda,ema_pullback:7d86552431c542d547d57160
w01-lb105-r4_75,lab_3d_w01_lb_ratio,1,105,4.75,14.25,3.0,3517f75d28274635d933c2bd78484cae8726082cdb7b93ab579d243d4ca4dc90,940,940,0.1989361702127659574468085106,1.118049716338092931691674709,135.2500000000000038421536860,135.2500000000000038421536860,0.6921441949021883732550885206,-0.1921935972275276276868662193,517,0.2011605415860735009671179884,81.00000000000000447001473561,81.00000000000000447001473561,423,0.1962174940898345153664302600,54.24999999999999937213895050,54.24999999999999937213895050,run_44ffd7e4d9d441ab8687be8ab9025a48,ema_pullback:c9c1244bfd608fb37e012a2f
w01-lb105-r5_0,lab_3d_w01_lb_ratio,1,105,5.0,15.0,3.0,3517f75d28274635d933c2bd78484cae8726082cdb7b93ab579d243d4ca4dc90,935,935,0.1903743315508021390374331551,1.077061996051818890506879104,132.9999999999999990470451197,132.9999999999999990470451197,0.3796890875726154312402343195,-0.2232732235511070436254989308,514,0.1926070038910505836575875486,80.00000000000000675534004769,80.00000000000000675534004769,421,0.1876484560570071258907363420,52.99999999999999229170507208,52.99999999999999229170507208,run_b2ac58f9914f4a4393bb738ad932b33b,ema_pullback:106f9aa735938f61ab4d00cb
w01-lb110-r2_0,lab_3d_w01_lb_ratio,1,110,2.0,6.0,3.0,3517f75d28274635d933c2bd78484cae8726082cdb7b93ab579d243d4ca4dc90,943,943,0.3563096500530222693531283139,1.062468317501530808030130373,64.99999999999999768400588699,64.99999999999999768400588699,0.2768400946934552040204702512,-0.1557682358992220748490506681,518,0.3822393822393822393822393822,75.99999999999999949225960231,75.99999999999999949225960231,425,0.3247058823529411764705882353,-11.00000000000000180825371532,-11.00000000000000180825371532,run_51ba573153584a26a452eb8b4dfe8f67,ema_pullback:2b68a7aff1a7054745d2bf4f
w01-lb110-r2_25,lab_3d_w01_lb_ratio,1,110,2.25,6.75,3.0,3517f75d28274635d933c2bd78484cae8726082cdb7b93ab579d243d4ca4dc90,942,942,0.3237791932059447983014861996,1.018862245884870246666042052,49.25000000000000202186536269,49.25000000000000202186536269,0.07570352747487509641072639726,-0.1726532911369494993545114155,517,0.3423597678916827852998065764,58.25000000000000265457901541,58.25000000000000265457901541,425,0.3011764705882352941176470588,-9.000000000000000632713652730,-9.000000000000000632713652730,run_5ad8bbbf43f2488ab9372477a1203bc3,ema_pullback:acc9699734d08bb6dbd9805c
w01-lb110-r2_5,lab_3d_w01_lb_ratio,1,110,2.5,7.5,3.0,3517f75d28274635d933c2bd78484cae8726082cdb7b93ab579d243d4ca4dc90,940,940,0.3063829787234042553191489362,1.057405648868390814857540043,68.00000000000000197464391211,68.00000000000000197464391211,0.2498591157721668467962917379,-0.1610298290316748820985130339,516,0.3178294573643410852713178295,58.00000000000000524306937015,58.00000000000000524306937015,424,0.2924528301886792452830188679,9.999999999999996731574541928,9.999999999999996731574541928,run_a590c0bb4d554af6ac34f693742643d1,ema_pullback:ce273851d226597edd637c82
w01-lb110-r2_75,lab_3d_w01_lb_ratio,1,110,2.75,8.25,3.0,3517f75d28274635d933c2bd78484cae8726082cdb7b93ab579d243d4ca4dc90,936,936,0.2959401709401709401709401709,1.100775719466969086129761617,102.7500000000000049074343903,102.7500000000000049074343903,0.4759274796948454222517526617,-0.1669172905820192150225367957,514,0.3054474708171206225680933852,74.75000000000000497617701142,74.75000000000000497617701142,422,0.2843601895734597156398104265,27.99999999999999993125737905,27.99999999999999993125737905,run_8334a6486e0a46ada11e0080c525a362,ema_pullback:ec190aaab197b65b367a5c01
w01-lb110-r3_0,lab_3d_w01_lb_ratio,1,110,3.0,9.0,3.0,3517f75d28274635d933c2bd78484cae8726082cdb7b93ab579d243d4ca4dc90,935,935,0.2759358288770053475935828877,1.088916414130199346043945061,97.00000000000000321058351743,97.00000000000000321058351743,0.4260436863877721498432213285,-0.1686477668656970374810477145,514,0.2898832684824902723735408560,82.00000000000000352983550151,82.00000000000000352983550151,421,0.2589073634204275534441805226,14.99999999999999968074801588,14.99999999999999968074801588,run_e1cd87296fe24c10b248cdd8a3e9c429,ema_pullback:cc34a4802fd12b547d2db1c4
w01-lb110-r3_25,lab_3d_w01_lb_ratio,1,110,3.25,9.75,3.0,3517f75d28274635d933c2bd78484cae8726082cdb7b93ab579d243d4ca4dc90,933,933,0.2658092175777063236870310825,1.121415601322262836126440299,121.0000000000000014927570037,121.0000000000000014927570037,0.6299712214024807016932412398,-0.1595068735246044102242119531,513,0.2768031189083820662768031189,90.50000000000000320045055509,90.50000000000000320045055509,420,0.2523809523809523809523809524,30.49999999999999829230644842,30.49999999999999829230644842,run_366e3c191ce04501ac7b7184c7ae8ae4,ema_pullback:498fe1470377031b9990f141
w01-lb110-r3_5,lab_3d_w01_lb_ratio,1,110,3.5,10.5,3.0,3517f75d28274635d933c2bd78484cae8726082cdb7b93ab579d243d4ca4dc90,930,930,0.2505376344086021505376344086,1.132662401460128366138767231,118.5000000000000077102264910,118.5000000000000077102264910,0.7242641829655184919509842475,-0.1557854631612218693604053715,513,0.2592592592592592592592592593,85.50000000000000613605235611,85.50000000000000613605235611,417,0.2398081534772182254196642686,33.00000000000000157417413492,33.00000000000000157417413492,run_c34f871dcb674c2dacb6e494670bf316,ema_pullback:3f34ecd4fdcc3f0589f3906f
w01-lb110-r3_75,lab_3d_w01_lb_ratio,1,110,3.75,11.25,3.0,3517f75d28274635d933c2bd78484cae8726082cdb7b93ab579d243d4ca4dc90,924,924,0.2402597402597402597402597403,1.142764394962666692527144160,130.4999999999999996246311784,130.4999999999999996246311784,0.8349672534439060014607137382,-0.1682981913199205135209071798,508,0.2440944881889763779527559055,80.99999999999999936953726105,80.99999999999999936953726105,416,0.2355769230769230769230769231,49.50000000000000025509391718,49.50000000000000025509391718,run_74fe363e644543b8af217a249053ea07,ema_pullback:4eae631f4876b4142999ef66
w01-lb110-r4_0,lab_3d_w01_lb_ratio,1,110,4.0,12.0,3.0,3517f75d28274635d933c2bd78484cae8726082cdb7b93ab579d243d4ca4dc90,920,920,0.2228260869565217391304347826,1.077430218245665043928996693,105.0000000000000001272052716,105.0000000000000001272052716,0.3746158998728733310436282315,-0.1723206866306656893668020277,505,0.2217821782178217821782178218,55.00000000000000050137074541,55.00000000000000050137074541,415,0.2240963855421686746987951807,49.99999999999999962583452618,49.99999999999999962583452618,run_26e6215055384a7c990d9534310597ce,ema_pullback:93b8580fe0c8ce4e44ecc1dd
w01-lb110-r4_25,lab_3d_w01_lb_ratio,1,110,4.25,12.75,3.0,3517f75d28274635d933c2bd78484cae8726082cdb7b93ab579d243d4ca4dc90,918,918,0.2189542483660130718954248366,1.121571794785931487419189119,137.2500000000000046405291572,137.2500000000000046405291572,0.6745593053049590896796114059,-0.1586796285243541560437831196,504,0.2162698412698412698412698413,68.25000000000000403354737186,68.25000000000000403354737186,414,0.2222222222222222222222222222,69.00000000000000060698178573,69.00000000000000060698178573,run_be2abe344ca14445b0be71e823f0898f,ema_pullback:8b0dd92857e9663ce24c83e6
w01-lb110-r4_5,lab_3d_w01_lb_ratio,1,110,4.5,13.5,3.0,3517f75d28274635d933c2bd78484cae8726082cdb7b93ab579d243d4ca4dc90,912,912,0.2094298245614035087719298246,1.115462638468334403052270448,138.5000000000000036628003464,138.5000000000000036628003464,0.629595868056720953783747291,-0.1708822085609342038074057729,501,0.2075848303393213572854291417,71.00000000000000499036843700,71.00000000000000499036843700,411,0.2116788321167883211678832117,67.49999999999999867243190987,67.49999999999999867243190987,run_e9d590db5d2a43c2bd81d942bac5785d,ema_pullback:f5a0d35c5ae1918ebfee0f1e
w01-lb110-r4_75,lab_3d_w01_lb_ratio,1,110,4.75,14.25,3.0,3517f75d28274635d933c2bd78484cae8726082cdb7b93ab579d243d4ca4dc90,910,910,0.1989010989010989010989010989,1.120529308660906817605310472,130.7500000000000026375505760,130.7500000000000026375505760,0.6784512108907298608788848968,-0.1724899760842185088767079110,501,0.2015968063872255489021956088,79.75000000000000280941492107,79.75000000000000280941492107,409,0.1955990220048899755501222494,50.99999999999999982813565490,50.99999999999999982813565490,run_8365083db23047c58c13c48e56c5ea6a,ema_pullback:475af1da76b2b7945301213b
w01-lb110-r5_0,lab_3d_w01_lb_ratio,1,110,5.0,15.0,3.0,3517f75d28274635d933c2bd78484cae8726082cdb7b93ab579d243d4ca4dc90,905,905,0.1900552486187845303867403315,1.075799829082998075020146354,126.9999999999999990851849604,126.9999999999999990851849604,0.3572517772795565696687371495,-0.2232732235511070436254989334,498,0.1927710843373493975903614458,78.00000000000000742787727941,78.00000000000000742787727941,407,0.1867321867321867321867321867,48.99999999999999165730768108,48.99999999999999165730768108,run_eb4d171c624a423a83356876ef9a1c43,ema_pullback:c8269a5214c970eeb67de9d7
w01-lb115-r2_0,lab_3d_w01_lb_ratio,1,115,2.0,6.0,3.0,3517f75d28274635d933c2bd78484cae8726082cdb7b93ab579d243d4ca4dc90,913,913,0.3592552026286966046002190581,1.083104931395797623142104369,70.99999999999999766602310193,70.99999999999999766602310193,0.3781830315559563357479079595,-0.1482719779710374393559428099,500,0.384,75.99999999999999960944726221,75.99999999999999960944726221,413,0.3292978208232445520581113801,-5.000000000000001943424160239,-5.000000000000001943424160239,run_df1f6298edb745019997f54a47c050cd,ema_pullback:94695693194a39c0b65c14bd
w01-lb115-r2_25,lab_3d_w01_lb_ratio,1,115,2.25,6.75,3.0,3517f75d28274635d933c2bd78484cae8726082cdb7b93ab579d243d4ca4dc90,912,912,0.3256578947368421052631578947,1.036861412448872281545028796,53.25000000000000194022664293,53.25000000000000194022664293,0.1514671393678235093444320331,-0.1574711147663258626238404182,499,0.3426853707414829659318637275,56.75000000000000263027716301,56.75000000000000263027716301,413,0.3050847457627118644067796610,-3.500000000000000690050520131,-3.500000000000000690050520131,run_f7ed215f0e4c47beb5d1a2953eb724cb,ema_pullback:c83e677987de95f01e862f34
w01-lb115-r2_5,lab_3d_w01_lb_ratio,1,115,2.5,7.5,3.0,3517f75d28274635d933c2bd78484cae8726082cdb7b93ab579d243d4ca4dc90,911,911,0.3073545554335894621295279912,1.070628503006890027688347605,69.00000000000000215784482941,69.00000000000000215784482941,0.3148360910405848481719069277,-0.1575196012487295139509027492,498,0.3172690763052208835341365462,55.00000000000000550955168065,55.00000000000000550955168065,413,0.2953995157384987893462469734,13.99999999999999664829314875,13.99999999999999664829314875,run_a825cc8048424300a36d78bfc32fe0f4,ema_pullback:5a31e7fd2fde46bea01b7462
w01-lb115-r2_75,lab_3d_w01_lb_ratio,1,115,2.75,8.25,3.0,3517f75d28274635d933c2bd78484cae8726082cdb7b93ab579d243d4ca4dc90,907,907,0.2965821389195148842337375965,1.111817196745642939968580959,101.7500000000000050001322503,101.7500000000000050001322503,0.5398289991347226307230628459,-0.1732419600374834976398773610,496,0.3044354838709677419354838710,70.25000000000000537605591839,70.25000000000000537605591839,411,0.2871046228710462287104622871,31.49999999999999962407633203,31.49999999999999962407633203,run_aaabf37f417f4a0f88a150ffdc0555ef,ema_pullback:6057b4f004118a065c4d67f8
w01-lb115-r3_0,lab_3d_w01_lb_ratio,1,115,3.0,9.0,3.0,3517f75d28274635d933c2bd78484cae8726082cdb7b93ab579d243d4ca4dc90,906,906,0.2759381898454746136865342163,1.097277767490872890128723414,94.00000000000000352215557033,94.00000000000000352215557033,0.475507384185309690880782416,-0.1749016765037826990196306993,496,0.2883064516129032258064516129,76.00000000000000353967432310,76.00000000000000353967432310,410,0.2609756097560975609756097561,17.99999999999999998248124726,17.99999999999999998248124726,run_3e3cdc37d54341ddaff39020356fd488,ema_pullback:dc20d340b4a3470e439f5862
w01-lb115-r3_25,lab_3d_w01_lb_ratio,1,115,3.25,9.75,3.0,3517f75d28274635d933c2bd78484cae8726082cdb7b93ab579d243d4ca4dc90,904,904,0.2654867256637168141592920354,1.127402558818284944252511696,116.0000000000000023888919528,116.0000000000000023888919528,0.6726062892856296618474176368,-0.1603319363708725944047632289,495,0.2747474747474747474747474747,83.00000000000000385218914027,83.00000000000000385218914027,409,0.2542787286063569682151589242,32.99999999999999853670281244,32.99999999999999853670281244,run_cb219376df754f98835043a6f665e5dc,ema_pullback:d24cb3cd86ba2d4d4a5fdbc9
w01-lb115-r3_5,lab_3d_w01_lb_ratio,1,115,3.5,10.5,3.0,3517f75d28274635d933c2bd78484cae8726082cdb7b93ab579d243d4ca4dc90,901,901,0.2497225305216426193118756937,1.136269724848859301707533429,111.5000000000000083148013088,111.5000000000000083148013088,0.7547973407738157899013284344,-0.1557854631612218693604053682,495,0.2565656565656565656565656566,76.50000000000000655356767734,76.50000000000000655356767734,406,0.2413793103448275862068965517,35.00000000000000176123363151,35.00000000000000176123363151,run_7c4724b3c63d441f8a0dd69a704d69fb,ema_pullback:b157fc98a391415815b324ef
w01-lb115-r3_75,lab_3d_w01_lb_ratio,1,115,3.75,11.25,3.0,3517f75d28274635d933c2bd78484cae8726082cdb7b93ab579d243d4ca4dc90,897,897,0.2385730211817168338907469342,1.140205519864735287338011776,119.5000000000000008564762127,119.5000000000000008564762127,0.8248928690657992750116370531,-0.1520532309724405073182494341,492,0.2398373983739837398373983740,68.50000000000000047165966616,68.50000000000000047165966616,405,0.2370370370370370370370370370,51.00000000000000038481654648,51.00000000000000038481654648,run_d57c470b4cfb40798586fc0eff019aa5,ema_pullback:1fff1202b9a6f46dd9b999b5
w01-lb115-r4_0,lab_3d_w01_lb_ratio,1,115,4.0,12.0,3.0,3517f75d28274635d933c2bd78484cae8726082cdb7b93ab579d243d4ca4dc90,894,894,0.2225950782997762863534675615,1.084892788851198561447934482,100.9999999999999999477541273,100.9999999999999999477541273,0.4134359300869808395814789858,-0.1902237892157031920593070553,490,0.2204081632653061224489795918,50.00000000000000059226049083,50.00000000000000059226049083,404,0.2252475247524752475247524752,50.99999999999999935549363632,50.99999999999999935549363632,run_64d6cb2c2b8f491fadd5dd57ac70c24c,ema_pullback:53ba24915c409eac0cfc5533
w01-lb115-r4_25,lab_3d_w01_lb_ratio,1,115,4.25,12.75,3.0,3517f75d28274635d933c2bd78484cae8726082cdb7b93ab579d243d4ca4dc90,893,893,0.2183650615901455767077267637,1.126816451436958182095699340,130.7500000000000045134346523,130.7500000000000045134346523,0.7056582515760877881188752625,-0.1732814570652678543245105398,489,0.2147239263803680981595092025,62.25000000000000423413062424,62.25000000000000423413062424,404,0.2227722772277227722772277228,68.50000000000000027930402851,68.50000000000000027930402851,run_a0ebf40b2465478b95e4a5df1b8f6cb7,ema_pullback:cfdc8b20ecb2680834f0b538
w01-lb115-r4_5,lab_3d_w01_lb_ratio,1,115,4.5,13.5,3.0,3517f75d28274635d933c2bd78484cae8726082cdb7b93ab579d243d4ca4dc90,887,887,0.2085682074408117249154453213,1.119191123580047679279646567,130.5000000000000041100125732,130.5000000000000041100125732,0.6500732650957279160770289151,-0.1958691240318506618640141233,486,0.2057613168724279835390946502,64.00000000000000548466917590,64.00000000000000548466917590,401,0.2119700748129675810473815461,66.49999999999999862534339763,66.49999999999999862534339763,run_a11d934bc6434622a0c76527d67cdcce,ema_pullback:20547968a62d647bdf5cb99c
w01-lb115-r4_75,lab_3d_w01_lb_ratio,1,115,4.75,14.25,3.0,3517f75d28274635d933c2bd78484cae8726082cdb7b93ab579d243d4ca4dc90,885,885,0.1977401129943502824858757062,1.122795573409169021449565348,121.2500000000000040999680290,121.2500000000000040999680290,0.6895332514832555355327526469,-0.1966841042597729232208800219,486,0.1995884773662551440329218107,71.75000000000000438105829317,71.75000000000000438105829317,399,0.1954887218045112781954887218,49.49999999999999971890973586,49.49999999999999971890973586,run_7beba07e7c9948d49db3556fecdffe50,ema_pullback:cb0a22f8f2658ef75ca8c6a8
w01-lb115-r5_0,lab_3d_w01_lb_ratio,1,115,5.0,15.0,3.0,3517f75d28274635d933c2bd78484cae8726082cdb7b93ab579d243d4ca4dc90,881,881,0.1895573212258796821793416572,1.082490088416828226154434919,120.9999999999999999350610680,120.9999999999999999350610680,0.3903126590758877553591337587,-0.2231378850477681160449009413,484,0.1921487603305785123966942149,74.00000000000000844431617328,74.00000000000000844431617328,397,0.1863979848866498740554156171,46.99999999999999149074489461,46.99999999999999149074489461,run_ee5e25079d0244069eae71f5c6c6a98f,ema_pullback:2cf59be9eba9e216c0c1883a
w01-lb120-r2_0,lab_3d_w01_lb_ratio,1,120,2.0,6.0,3.0,3517f75d28274635d933c2bd78484cae8726082cdb7b93ab579d243d4ca4dc90,881,881,0.3632236095346197502837684449,1.110190881057327541845445048,78.99999999999999765376235901,78.99999999999999765376235901,0.4941075453766922270914823939,-0.1284593880420254597026718067,483,0.3913043478260869565217391304,83.99999999999999960944726221,83.99999999999999960944726221,398,0.3291457286432160804020100503,-5.000000000000001955684903211,-5.000000000000001955684903211,run_772a7fac9df144bf80d73a88359170bf,ema_pullback:373514799b06237543c2331a
w01-lb120-r2_25,lab_3d_w01_lb_ratio,1,120,2.25,6.75,3.0,3517f75d28274635d933c2bd78484cae8726082cdb7b93ab579d243d4ca4dc90,880,880,0.3284090909090909090909090909,1.058043686665100711620870528,59.25000000000000171294000943,59.25000000000000171294000943,0.2345895464927432308962867436,-0.1587587313988616461566215844,482,0.3485477178423236514522821577,64.00000000000000238404356078,64.00000000000000238404356078,398,0.3040201005025125628140703518,-4.750000000000000671103551339,-4.750000000000000671103551339,run_1c7508d5358b457d926d19e766904084,ema_pullback:fd9d396144e1078bcba96c56
w01-lb120-r2_5,lab_3d_w01_lb_ratio,1,120,2.5,7.5,3.0,3517f75d28274635d933c2bd78484cae8726082cdb7b93ab579d243d4ca4dc90,879,879,0.3094425483503981797497155859,1.090246772989603198699850766,73.00000000000000160045845914,73.00000000000000160045845914,0.3942739028526476574524145179,-0.1535270791443029141521614628,481,0.3222453222453222453222453222,61.50000000000000516968741542,61.50000000000000516968741542,398,0.2939698492462311557788944724,11.49999999999999643077104368,11.49999999999999643077104368,run_7903b6a268db40f4af9c414d59dfc42e,ema_pullback:a55e72a54a5fab226c3bb85d
w01-lb120-r2_75,lab_3d_w01_lb_ratio,1,120,2.75,8.25,3.0,3517f75d28274635d933c2bd78484cae8726082cdb7b93ab579d243d4ca4dc90,875,875,0.2982857142857142857142857143,1.130436255142111491500953804,103.7500000000000047926792119,103.7500000000000047926792119,0.6149672262388952619474955583,-0.1709421204977875584394987902,479,0.3089770354906054279749478079,76.00000000000000458481895783,76.00000000000000458481895783,396,0.2853535353535353535353535354,27.75000000000000020786025414,27.75000000000000020786025414,run_8ada90515be24c9fa8f0dde1049f1a41,ema_pullback:c40cf197030a731b1d9a5f45
w01-lb120-r3_0,lab_3d_w01_lb_ratio,1,120,3.0,9.0,3.0,3517f75d28274635d933c2bd78484cae8726082cdb7b93ab579d243d4ca4dc90,874,874,0.2780320366132723112128146453,1.117727828374006144064510138,98.00000000000000302549360306,98.00000000000000302549360306,0.5611003954729621019331962413,-0.1794993793629585321371302626,479,0.2922755741127348643006263048,81.00000000000000289730849890,81.00000000000000289730849890,395,0.2607594936708860759493670886,17.00000000000000012818510412,17.00000000000000012818510412,run_06525bf17d9a4953b48c4cbc7ce9f86d,ema_pullback:b3b2b7bc552734680835ead6
w01-lb120-r3_25,lab_3d_w01_lb_ratio,1,120,3.25,9.75,3.0,3517f75d28274635d933c2bd78484cae8726082cdb7b93ab579d243d4ca4dc90,872,872,0.2672018348623853211009174312,1.146738958918899122776560451,118.2500000000000017939652204,118.2500000000000017939652204,0.7524542264980638096762337343,-0.1659418851813901745208383443,478,0.2782426778242677824267782427,87.25000000000000308834851913,87.25000000000000308834851913,394,0.2538071065989847715736040609,30.99999999999999870561670104,30.99999999999999870561670104,run_bbd87f29639c4bcf982f3e6e6c7d1435,ema_pullback:f3cb0c02c960d45cabb3ab9a
w01-lb120-r3_5,lab_3d_w01_lb_ratio,1,120,3.5,10.5,3.0,3517f75d28274635d933c2bd78484cae8726082cdb7b93ab579d243d4ca4dc90,870,870,0.2517241379310344827586206897,1.157761529795942093842222731,115.5000000000000069785216326,115.5000000000000069785216326,0.8372529780798601653086793125,-0.1531841273544004633534699347,478,0.2615062761506276150627615063,84.50000000000000642360179140,84.50000000000000642360179140,392,0.2397959183673469387755102041,31.00000000000000055491984120,31.00000000000000055491984120,run_477b9ac009f3483492c63dd7e32fc56e,ema_pullback:960cfa33a1cb7cd79f46641f
w01-lb120-r3_75,lab_3d_w01_lb_ratio,1,120,3.75,11.25,3.0,3517f75d28274635d933c2bd78484cae8726082cdb7b93ab579d243d4ca4dc90,866,866,0.2401847575057736720554272517,1.159544900057905417929704222,121.9999999999999997931631073,121.9999999999999997931631073,0.8959606460774434923126650883,-0.1476420809938593431825945291,475,0.2442105263157894736842105263,75.99999999999999989032108488,75.99999999999999989032108488,391,0.2352941176470588235294117647,45.99999999999999990284202229,45.99999999999999990284202229,run_07930e6b5e5a4967a70bb2cef052c61b,ema_pullback:6285504c350ac60d37c5db94
w01-lb120-r4_0,lab_3d_w01_lb_ratio,1,120,4.0,12.0,3.0,3517f75d28274635d933c2bd78484cae8726082cdb7b93ab579d243d4ca4dc90,863,863,0.2236384704519119351100811124,1.098616091723552483475886480,101.9999999999999991004186760,101.9999999999999991004186760,0.4572186304385773130721405714,-0.1983157920182616653005381114,473,0.2241014799154334038054968288,57.00000000000000048969094431,57.00000000000000048969094431,390,0.2230769230769230769230769231,44.99999999999999861072773161,44.99999999999999861072773161,run_2c98143345d44948868b500e0fd4a69b,ema_pullback:a13e4927778f06392b122b41
w01-lb120-r4_25,lab_3d_w01_lb_ratio,1,120,4.25,12.75,3.0,3517f75d28274635d933c2bd78484cae8726082cdb7b93ab579d243d4ca4dc90,862,862,0.2192575406032482598607888631,1.141343120298815464960508927,130.2500000000000039474414779,130.2500000000000039474414779,0.7450340536675736909796426907,-0.1824513350970343102689797496,472,0.2182203389830508474576271186,68.75000000000000419303611514,68.75000000000000419303611514,390,0.2205128205128205128205128205,61.49999999999999975440536317,61.49999999999999975440536317,run_57c06a6459344dfca2bbee543d3e2bc0,ema_pullback:5d7e2af2d79ca914a0f57628
w01-lb120-r4_5,lab_3d_w01_lb_ratio,1,120,4.5,13.5,3.0,3517f75d28274635d933c2bd78484cae8726082cdb7b93ab579d243d4ca4dc90,857,857,0.2088681446907817969661610268,1.129922858345236598132820807,127.5000000000000027165394624,127.5000000000000027165394624,0.6670275545360108519590248438,-0.2056702503499607090663309610,470,0.2085106382978723404255319149,69.00000000000000520084897010,69.00000000000000520084897010,387,0.2093023255813953488372093023,58.49999999999999751569049241,58.49999999999999751569049241,run_c7d5a470909541bbbedf7fa334baf6dc,ema_pullback:3a8912cb2785d33391c6525b
w01-lb120-r4_75,lab_3d_w01_lb_ratio,1,120,4.75,14.25,3.0,3517f75d28274635d933c2bd78484cae8726082cdb7b93ab579d243d4ca4dc90,855,855,0.1976608187134502923976608187,1.131857542802081215263544937,116.7500000000000027835146209,116.7500000000000027835146209,0.6938806087999848692927502432,-0.2073542404847111434889212276,470,0.2021276595744680851063829787,76.25000000000000415871312481,76.25000000000000415871312481,385,0.1922077922077922077922077922,40.49999999999999862480149608,40.49999999999999862480149608,run_4cb09165d7094b9f8889427586a6bc02,ema_pullback:d11de466dd9a8068c1eeaf4c
w01-lb120-r5_0,lab_3d_w01_lb_ratio,1,120,5.0,15.0,3.0,3517f75d28274635d933c2bd78484cae8726082cdb7b93ab579d243d4ca4dc90,851,851,0.1891891891891891891891891892,1.086615586096434363790627164,114.9999999999999986123808150,114.9999999999999986123808150,0.3832847239044954564116690196,-0.2343047639865517061898590267,468,0.1944444444444444444444444444,78.00000000000000797924530825,78.00000000000000797924530825,383,0.1827676240208877284595300261,36.99999999999999063313550673,36.99999999999999063313550673,run_b73436c256c545038a526a02c75e3d75,ema_pullback:51d24dc3b944f0127f125161
w01-lb125-r2_0,lab_3d_w01_lb_ratio,1,125,2.0,6.0,3.0,3517f75d28274635d933c2bd78484cae8726082cdb7b93ab579d243d4ca4dc90,845,845,0.3644970414201183431952662722,1.130377306036461802254656151,78.99999999999999755615270445,78.99999999999999755615270445,0.5711779985601139069358545965,-0.1237221632146567114577189173,467,0.3897216274089935760171306210,78.99999999999999962549947285,78.99999999999999962549947285,378,0.3333333333333333333333333333,-2.069346768425E-15,-2.069346768425E-15,run_a676006bfcfd4892b322351e577181b3,ema_pullback:069c998d233c20f6cea55ccb
w01-lb125-r2_25,lab_3d_w01_lb_ratio,1,125,2.25,6.75,3.0,3517f75d28274635d933c2bd78484cae8726082cdb7b93ab579d243d4ca4dc90,844,844,0.3305687203791469194312796209,1.084955018136409605887529003,62.75000000000000195013788137,62.75000000000000195013788137,0.3442198745986186126275201303,-0.1381421489596271443167733874,466,0.3497854077253218884120171674,63.75000000000000195106752841,63.75000000000000195106752841,378,0.3068783068783068783068783069,-1.000000000000000000929647030,-1.000000000000000000929647030,run_d18b0ea45cff4b9ea53ee437cddd5944,ema_pullback:d862aa91fc00ce702593d5f4
w01-lb125-r2_5,lab_3d_w01_lb_ratio,1,125,2.5,7.5,3.0,3517f75d28274635d933c2bd78484cae8726082cdb7b93ab579d243d4ca4dc90,843,843,0.3107947805456702253855278766,1.115487274509789377070388616,74.00000000000000144252141413,74.00000000000000144252141413,0.5037120394446449397800266072,-0.1482696760778458654027237698,465,0.3225806451612903225806451613,60.00000000000000509847341306,60.00000000000000509847341306,378,0.2962962962962962962962962963,13.99999999999999634404800106,13.99999999999999634404800106,run_b6dadd7b15b840cc9321fc9801de7b6f,ema_pullback:173b7876ad1767a3768305f1
w01-lb125-r2_75,lab_3d_w01_lb_ratio,1,125,2.75,8.25,3.0,3517f75d28274635d933c2bd78484cae8726082cdb7b93ab579d243d4ca4dc90,840,840,0.2988095238095238095238095238,1.153414781759857393590998712,101.2500000000000060790438227,101.2500000000000060790438227,0.717379743881829807100209947,-0.1709421204977875584394987889,463,0.3088552915766738660907127430,73.25000000000000475114091671,73.25000000000000475114091671,377,0.2864721485411140583554376658,28.00000000000000132790290592,28.00000000000000132790290592,run_62a5e002ebfd41838eb1a76389c503b1,ema_pullback:ad040831a67b2b3ae63a55e4
w01-lb125-r3_0,lab_3d_w01_lb_ratio,1,125,3.0,9.0,3.0,3517f75d28274635d933c2bd78484cae8726082cdb7b93ab579d243d4ca4dc90,839,839,0.2800953516090584028605482718,1.147093487933236839463727268,101.0000000000000025892790808,101.0000000000000025892790808,0.7112070052320520338525476751,-0.1785271784756848728822419181,463,0.2915766738660907127429805616,77.00000000000000245193560694,77.00000000000000245193560694,376,0.2659574468085106382978723404,24.00000000000000013734347392,24.00000000000000013734347392,run_aa2e192755574db580b02be1adc830e6,ema_pullback:6087fec2edaa98abf101e7a3
w01-lb125-r3_25,lab_3d_w01_lb_ratio,1,125,3.25,9.75,3.0,3517f75d28274635d933c2bd78484cae8726082cdb7b93ab579d243d4ca4dc90,837,837,0.2688172043010752688172043011,1.174932444650178335645030093,119.2500000000000021652794431,119.2500000000000021652794431,0.9075237003372515210574900494,-0.1659418851813901745208383424,462,0.2770562770562770562770562771,82.00000000000000288095411766,82.00000000000000288095411766,375,0.2586666666666666666666666667,37.24999999999999928432532530,37.24999999999999928432532530,run_972ab3a4fdb64b95b8a271fabb275575,ema_pullback:1f8999ea66c8f54a26a229c5
w01-lb125-r3_5,lab_3d_w01_lb_ratio,1,125,3.5,10.5,3.0,3517f75d28274635d933c2bd78484cae8726082cdb7b93ab579d243d4ca4dc90,836,836,0.2523923444976076555023923445,1.182075331477133033058772152,113.5000000000000071950401329,113.5000000000000071950401329,0.9713217863217194213070746072,-0.1531841273544004633534699358,462,0.2597402597402597402597402597,78.00000000000000620152654440,78.00000000000000620152654440,374,0.2433155080213903743315508021,35.50000000000000099351358866,35.50000000000000099351358866,run_b777b10f88fc4c0b9421c1feb3889c38,ema_pullback:7806158fedc9cfac4d42f391
w01-lb125-r3_75,lab_3d_w01_lb_ratio,1,125,3.75,11.25,3.0,3517f75d28274635d933c2bd78484cae8726082cdb7b93ab579d243d4ca4dc90,833,833,0.2412965186074429771908763505,1.182106977367905515787029127,121.7499999999999995918626492,121.7499999999999995918626492,1.022387236817695165570594755,-0.1502193486251334571218648260,460,0.2434782608695652173913043478,71.99999999999999948172167538,71.99999999999999948172167538,373,0.2386058981233243967828418231,49.75000000000000011014097368,49.75000000000000011014097368,run_44c93af5a0004c638ab18250ef82bb6a,ema_pullback:735aa3224c1937796e3397dd
w01-lb125-r4_0,lab_3d_w01_lb_ratio,1,125,4.0,12.0,3.0,3517f75d28274635d933c2bd78484cae8726082cdb7b93ab579d243d4ca4dc90,830,830,0.2240963855421686746987951807,1.118066556897491805003753947,99.99999999999999896272964449,99.99999999999999896272964449,0.5441623736294006691564713685,-0.2012042680512853636137918582,458,0.2227074235807860262008733624,52.00000000000000022259434163,52.00000000000000022259434163,372,0.2258064516129032258064516129,47.99999999999999874013530286,47.99999999999999874013530286,run_e0c544fa059a4191a0de950de63d5b95,ema_pullback:6c37130880713ee487136aba
w01-lb125-r4_25,lab_3d_w01_lb_ratio,1,125,4.25,12.75,3.0,3517f75d28274635d933c2bd78484cae8726082cdb7b93ab579d243d4ca4dc90,829,829,0.2195416164053075995174909530,1.160133058557149857871024420,126.5000000000000031615747617,126.5000000000000031615747617,0.8370014014811582618793456442,-0.1858701547333185852594089029,457,0.2166301969365426695842450766,62.75000000000000327542772035,62.75000000000000327542772035,372,0.2231182795698924731182795699,63.74999999999999988614704171,63.74999999999999988614704171,run_17ee8eb6aca24be0944c71ee5a57ca4d,ema_pullback:043cc496971d0ca124f8b84c
w01-lb125-r4_5,lab_3d_w01_lb_ratio,1,125,4.5,13.5,3.0,3517f75d28274635d933c2bd78484cae8726082cdb7b93ab579d243d4ca4dc90,824,824,0.2087378640776699029126213592,1.146604838920004840572856709,122.0000000000000031607212032,122.0000000000000031607212032,0.7433707383928010125152698391,-0.2094512944737220289578661340,455,0.2065934065934065934065934066,62.00000000000000427438827945,62.00000000000000427438827945,369,0.2113821138211382113821138211,59.99999999999999888633292377,59.99999999999999888633292377,run_51d0686166b345f0ba56c35696ae3ce0,ema_pullback:72949c3722aab62ce4f62dec
w01-lb125-r4_75,lab_3d_w01_lb_ratio,1,125,4.75,14.25,3.0,3517f75d28274635d933c2bd78484cae8726082cdb7b93ab579d243d4ca4dc90,822,822,0.1970802919708029197080291971,1.146822801704926890155543259,109.5000000000000036117430698,109.5000000000000036117430698,0.759848211158556167362137622,-0.2070743925136823743059287940,455,0.2,68.25000000000000435258658895,68.25000000000000435258658895,367,0.1934604904632152588555858311,41.24999999999999925915648080,41.24999999999999925915648080,run_6a2cf1e195dc44099864ecc905ffb909,ema_pullback:e1357eb24c1f432b63bd28ca
w01-lb125-r5_0,lab_3d_w01_lb_ratio,1,125,5.0,15.0,3.0,3517f75d28274635d933c2bd78484cae8726082cdb7b93ab579d243d4ca4dc90,819,819,0.1880341880341880341880341880,1.096794966442434661807994210,104.9999999999999982348465242,104.9999999999999982348465242,0.4165599688037893660389169063,-0.2343047639865517061898590261,453,0.1920529801324503311258278146,69.00000000000000771500168993,69.00000000000000771500168993,366,0.1830601092896174863387978142,35.99999999999999051984483447,35.99999999999999051984483447,run_0c0eadf93424414bb4baaae97e3c913d,ema_pullback:50fa26f4fec6f2ec65f15453
w01-lb130-r2_0,lab_3d_w01_lb_ratio,1,130,2.0,6.0,3.0,3517f75d28274635d933c2bd78484cae8726082cdb7b93ab579d243d4ca4dc90,816,816,0.3615196078431372549019607843,1.115429902043980022962808224,68.99999999999999772284145058,68.99999999999999772284145058,0.4708906435387797443287697207,-0.1320256697160411812633686914,454,0.3854625550660792951541850220,70.99999999999999987080340668,70.99999999999999987080340668,362,0.3314917127071823204419889503,-2.000000000000002147961956118,-2.000000000000002147961956118,run_a8198e9bce2c4c4f80c25b83765c3328,ema_pullback:dda0623e5a5c7d56d9bf0670
w01-lb130-r2_25,lab_3d_w01_lb_ratio,1,130,2.25,6.75,3.0,3517f75d28274635d933c2bd78484cae8726082cdb7b93ab579d243d4ca4dc90,815,815,0.3263803680981595092024539877,1.063287683922341014609495827,49.50000000000000327440922985,49.50000000000000327440922985,0.2368250473658073475637152187,-0.1469603347397355851061998538,453,0.3443708609271523178807947020,54.00000000000000263725524671,54.00000000000000263725524671,362,0.3038674033149171270718232044,-4.499999999999999362846016899,-4.499999999999999362846016899,run_e25b578f1217411198a2b44589fffe8d,ema_pullback:7fe10c71a2aa13a106bfc743
w01-lb130-r2_5,lab_3d_w01_lb_ratio,1,130,2.5,7.5,3.0,3517f75d28274635d933c2bd78484cae8726082cdb7b93ab579d243d4ca4dc90,814,814,0.3083538083538083538083538084,1.100620828124767630022831616,64.50000000000000139226185610,64.50000000000000139226185610,0.4126231117044313418329927644,-0.1460698684382106113267248512,452,0.3185840707964601769911504425,52.00000000000000459568890795,52.00000000000000459568890795,362,0.2955801104972375690607734807,12.49999999999999679657294819,12.49999999999999679657294819,run_dc0abc4eaa81487f98fa4c84bb9a992e,ema_pullback:0b9d750d091f265bd4ab9662
w01-lb130-r2_75,lab_3d_w01_lb_ratio,1,130,2.75,8.25,3.0,3517f75d28274635d933c2bd78484cae8726082cdb7b93ab579d243d4ca4dc90,812,812,0.2955665024630541871921182266,1.133913631132439474905460703,88.00000000000000641507928628,88.00000000000000641507928628,0.5819142357450211643008347344,-0.1668983967079939582097842638,451,0.3037694013303769401330376940,62.75000000000000450807843273,62.75000000000000450807843273,361,0.2853185595567867036011080332,25.25000000000000190700085358,25.25000000000000190700085358,run_ba55ed819c124e01b2a6bfccf9ee4257,ema_pullback:b9759fc0e8fc16516462feba
w01-lb130-r3_0,lab_3d_w01_lb_ratio,1,130,3.0,9.0,3.0,3517f75d28274635d933c2bd78484cae8726082cdb7b93ab579d243d4ca4dc90,812,812,0.2758620689655172413793103448,1.123755054541846916190129126,84.00000000000000245801163883,84.00000000000000245801163883,0.5515323807600176438466075854,-0.1755152861738829025359938475,451,0.2860310421286031042128603104,65.00000000000000243198000430,65.00000000000000243198000430,361,0.2631578947368421052631578947,19.00000000000000002603163454,19.00000000000000002603163454,run_2d2308318d434d00b1348cce29496b87,ema_pullback:a471aef5bae4f351ee4b9824
w01-lb130-r3_25,lab_3d_w01_lb_ratio,1,130,3.25,9.75,3.0,3517f75d28274635d933c2bd78484cae8726082cdb7b93ab579d243d4ca4dc90,810,810,0.2641975308641975308641975309,1.148574292544116027161674067,99.50000000000000235131692681,99.50000000000000235131692681,0.704604997315207001540397917,-0.1628838494808100570406820170,450,0.2711111111111111111111111111,68.50000000000000330284996467,68.50000000000000330284996467,360,0.2555555555555555555555555556,30.99999999999999904846696211,30.99999999999999904846696211,run_0d9c02a2fb2b404d9539b3881ca42745,ema_pullback:f3ae19a8412ff0a80ec7b9fe
w01-lb130-r3_5,lab_3d_w01_lb_ratio,1,130,3.5,10.5,3.0,3517f75d28274635d933c2bd78484cae8726082cdb7b93ab579d243d4ca4dc90,809,809,0.2509270704573547589616810878,1.168203907215256309753801233,104.5000000000000078507569097,104.5000000000000078507569097,0.8412913349051191655453229747,-0.1500793159217686595027472894,450,0.2555555555555555555555555556,67.50000000000000659624627783,67.50000000000000659624627783,359,0.2451253481894150417827298050,37.00000000000000125451063201,37.00000000000000125451063201,run_198183907eb84fa39edc730bd97bf9eb,ema_pullback:c76935a0efa91f957c3fb52b
w01-lb130-r3_75,lab_3d_w01_lb_ratio,1,130,3.75,11.25,3.0,3517f75d28274635d933c2bd78484cae8726082cdb7b93ab579d243d4ca4dc90,806,806,0.2394540942928039702233250620,1.165977067887713601345193777,110.7499999999999987217894504,110.7499999999999987217894504,0.8678444148799032602906397874,-0.1594041783682286573851257972,448,0.2388392857142857142857142857,60.24999999999999900104442954,60.24999999999999900104442954,358,0.2402234636871508379888268156,50.49999999999999972074502078,50.49999999999999972074502078,run_d5d4902f4de947d68e18fcca7c363dd6,ema_pullback:0307ba153ad6b5ce3e8165f1
w01-lb130-r4_0,lab_3d_w01_lb_ratio,1,130,4.0,12.0,3.0,3517f75d28274635d933c2bd78484cae8726082cdb7b93ab579d243d4ca4dc90,803,803,0.2216687422166874221668742217,1.095966371469012243300709232,86.99999999999999854133037329,86.99999999999999854133037329,0.4102269146833237715318016756,-0.2068188673458237958015866171,446,0.2174887892376681614349775785,39.00000000000000003430230067,39.00000000000000003430230067,357,0.2268907563025210084033613445,47.99999999999999850702807257,47.99999999999999850702807257,run_c3c0c8261c9c4b79b5b15557c7873565,ema_pullback:4d7b05ea337db812f600fc7b
w01-lb130-r4_25,lab_3d_w01_lb_ratio,1,130,4.25,12.75,3.0,3517f75d28274635d933c2bd78484cae8726082cdb7b93ab579d243d4ca4dc90,802,802,0.2169576059850374064837905237,1.136948233898482306487358985,111.5000000000000048101969011,111.5000000000000048101969011,0.6589503835510090076989264175,-0.1872662496603154627424431072,445,0.2112359550561797752808988764,48.50000000000000352336837514,48.50000000000000352336837514,357,0.2240896358543417366946778711,63.00000000000000128682852613,63.00000000000000128682852613,run_427995a258db4cc396e2d8ab03d7abda,ema_pullback:d2026098bf0f24143cedb20a
w01-lb130-r4_5,lab_3d_w01_lb_ratio,1,130,4.5,13.5,3.0,3517f75d28274635d933c2bd78484cae8726082cdb7b93ab579d243d4ca4dc90,797,797,0.2057716436637390213299874529,1.120027454494371950535053718,105.0000000000000052605058688,105.0000000000000052605058688,0.5568606178616409355902355405,-0.2003382450308090010807138761,443,0.2009029345372460496613995485,46.50000000000000485769472377,46.50000000000000485769472377,354,0.2118644067796610169491525424,58.50000000000000040281114525,58.50000000000000040281114525,run_f6143a7120474972b041a7677a6eb97c,ema_pullback:d7284a534a221e9c8537a728
w01-lb130-r4_75,lab_3d_w01_lb_ratio,1,130,4.75,14.25,3.0,3517f75d28274635d933c2bd78484cae8726082cdb7b93ab579d243d4ca4dc90,795,795,0.1937106918238993710691823899,1.117796837328107152099578846,90.50000000000000330009182627,90.50000000000000330009182627,0.5541016695236520697274826104,-0.1943185635947676225880523564,443,0.1941309255079006772009029345,51.50000000000000337199164652,51.50000000000000337199164652,352,0.1931818181818181818181818182,38.99999999999999992810017976,38.99999999999999992810017976,run_fa1978df85da41dda7f0ddef0aad1e45,ema_pullback:2cab92714b9e40f96889c067
w01-lb130-r5_0,lab_3d_w01_lb_ratio,1,130,5.0,15.0,3.0,3517f75d28274635d933c2bd78484cae8726082cdb7b93ab579d243d4ca4dc90,792,792,0.1856060606060606060606060606,1.077130473766428875890896229,89.99999999999999911610631970,89.99999999999999911610631970,0.3167475895338979197847756744,-0.2314973776355388921084122446,441,0.1882086167800453514739229025,57.00000000000000689001701583,57.00000000000000689001701583,351,0.1823361823361823361823361823,32.99999999999999222608930385,32.99999999999999222608930385,run_426c2b32bf9c4cebad8ebb016f9f0eaf,ema_pullback:c5b878a1f9cba54293034d51
w01-lb135-r2_0,lab_3d_w01_lb_ratio,1,135,2.0,6.0,3.0,3517f75d28274635d933c2bd78484cae8726082cdb7b93ab579d243d4ca4dc90,791,791,0.3565107458912768647281921618,1.095761848375616823713340965,54.99999999999999786697192011,54.99999999999999786697192011,0.3764203978295163347665385862,-0.1320256697160411812633686914,440,0.3772727272727272727272727273,57.99999999999999991077143097,57.99999999999999991077143097,351,0.3304843304843304843304843305,-3.000000000000002043799510884,-3.000000000000002043799510884,run_a1056d7d69b944e58ca84dd437a8d199,ema_pullback:1293551fbb232575f1a266b1
w01-lb135-r2_25,lab_3d_w01_lb_ratio,1,135,2.25,6.75,3.0,3517f75d28274635d933c2bd78484cae8726082cdb7b93ab579d243d4ca4dc90,790,790,0.3215189873417721518987341772,1.041631249193646764021804480,35.50000000000000244989977269,35.50000000000000244989977269,0.150267763657222430111770971,-0.1469603347397355851061998538,439,0.3348519362186788154897494305,38.75000000000000230931121736,38.75000000000000230931121736,351,0.3048433048433048433048433048,-3.249999999999999859411444710,-3.249999999999999859411444710,run_48c3e9740d88453ba51890faaed361c3,ema_pullback:cb9395f8c147ad56d656c101
w01-lb135-r2_5,lab_3d_w01_lb_ratio,1,135,2.5,7.5,3.0,3517f75d28274635d933c2bd78484cae8726082cdb7b93ab579d243d4ca4dc90,789,789,0.3041825095057034220532319392,1.078417597269488299838694255,51.00000000000000062251799461,51.00000000000000062251799461,0.3102886123276070540020224709,-0.1341103850564519025922807362,438,0.3105022831050228310502283105,38.00000000000000396823080095,38.00000000000000396823080095,351,0.2962962962962962962962962963,12.99999999999999665428719372,12.99999999999999665428719372,run_cdf6ed3f1b0044d4a87541597510fe1c,ema_pullback:0f559cc1b759b075c02e9b90
w01-lb135-r2_75,lab_3d_w01_lb_ratio,1,135,2.75,8.25,3.0,3517f75d28274635d933c2bd78484cae8726082cdb7b93ab579d243d4ca4dc90,787,787,0.2909783989834815756035578145,1.107231134742591175038944124,71.75000000000000494348346384,71.75000000000000494348346384,0.4478653571909712475234689599,-0.1631730268922359449745691336,437,0.2951945080091533180778032037,46.75000000000000358279694274,46.75000000000000358279694274,350,0.2857142857142857142857142857,25.00000000000000136068652108,25.00000000000000136068652108,run_a9307bb13730408ca22dbe35bbe3fffb,ema_pullback:41c1235f60109e937cda776d
w01-lb135-r3_0,lab_3d_w01_lb_ratio,1,135,3.0,9.0,3.0,3517f75d28274635d933c2bd78484cae8726082cdb7b93ab579d243d4ca4dc90,787,787,0.2719186785260482846251588310,1.103675514653190271078664085,69.00000000000000136547261220,69.00000000000000136547261220,0.4429265749552478247996722992,-0.1721820777221438430004482819,437,0.2768878718535469107551487414,47.00000000000000161213826785,47.00000000000000161213826785,350,0.2657142857142857142857142857,21.99999999999999975333434432,21.99999999999999975333434432,run_09ddbeb25e7543158afdbdbca3849e07,ema_pullback:a5c034d548897a2a85bf1098
w01-lb135-r3_25,lab_3d_w01_lb_ratio,1,135,3.25,9.75,3.0,3517f75d28274635d933c2bd78484cae8726082cdb7b93ab579d243d4ca4dc90,785,785,0.2611464968152866242038216561,1.132337532141179034214293404,86.25000000000000112956720189,86.25000000000000112956720189,0.6032233389784005200907822456,-0.1598207107618706812191052268,436,0.2637614678899082568807339450,52.75000000000000243998750989,52.75000000000000243998750989,349,0.2578796561604584527220630372,33.49999999999999868957969199,33.49999999999999868957969199,run_b591bb54e730452a94fc9c554135b03b,ema_pullback:f2682da6b06136bdf12f7fdb
w01-lb135-r3_5,lab_3d_w01_lb_ratio,1,135,3.5,10.5,3.0,3517f75d28274635d933c2bd78484cae8726082cdb7b93ab579d243d4ca4dc90,784,784,0.2487244897959183673469387755,1.157779305071527708358953724,93.50000000000000671644016872,93.50000000000000671644016872,0.7550022660275619288217106606,-0.1514496433767329651569115145,436,0.2477064220183486238532110092,50.00000000000000566901226526,50.00000000000000566901226526,348,0.25,43.50000000000000104742790344,43.50000000000000104742790344,run_3b87e71af51e424292b1bd1a0ce7b146,ema_pullback:0c6c1ed9f35773d4a7767e37
w01-lb135-r3_75,lab_3d_w01_lb_ratio,1,135,3.75,11.25,3.0,3517f75d28274635d933c2bd78484cae8726082cdb7b93ab579d243d4ca4dc90,781,781,0.2368758002560819462227912932,1.153307265012615889719187192,97.74999999999999860552843434,97.74999999999999860552843434,0.7646104176098435138948874383,-0.1594041783682286573851257972,434,0.2304147465437788018433179724,40.99999999999999910665776570,40.99999999999999910665776570,347,0.2449567723342939481268011527,56.74999999999999949887066875,56.74999999999999949887066875,run_4bb974d33603408292e804b48543d811,ema_pullback:5b7a9effe465d6d85047e1d4
w01-lb135-r4_0,lab_3d_w01_lb_ratio,1,135,4.0,12.0,3.0,3517f75d28274635d933c2bd78484cae8726082cdb7b93ab579d243d4ca4dc90,778,778,0.2197943444730077120822622108,1.085704742940323478067712720,76.99999999999999921639143749,76.99999999999999921639143749,0.3495536330488483558656361395,-0.2173889225604163333476077645,432,0.2106481481481481481481481481,23.00000000000000065019687099,23.00000000000000065019687099,346,0.2312138728323699421965317919,53.99999999999999856619456647,53.99999999999999856619456647,run_b978516334c749d9a2e07b7b6ad5c128,ema_pullback:cd0b570e699659823920004b
w01-lb135-r4_25,lab_3d_w01_lb_ratio,1,135,4.25,12.75,3.0,3517f75d28274635d933c2bd78484cae8726082cdb7b93ab579d243d4ca4dc90,777,777,0.2149292149292149292149292149,1.125932837484509462095697073,99.75000000000000380471807795,99.75000000000000380471807795,0.5753079070797397682434759042,-0.1987642031588035152047425458,431,0.2041763341067285382830626450,31.00000000000000276934715092,31.00000000000000276934715092,346,0.2283236994219653179190751445,68.75000000000000103537092711,68.75000000000000103537092711,run_79fd8123e02f4619b58f124ff3c824cb,ema_pullback:13734b2f4cff13ba20a76eba
w01-lb135-r4_5,lab_3d_w01_lb_ratio,1,135,4.5,13.5,3.0,3517f75d28274635d933c2bd78484cae8726082cdb7b93ab579d243d4ca4dc90,772,772,0.2046632124352331606217616580,1.114642923548430302690640303,97.00000000000000375242427314,97.00000000000000375242427314,0.5068703810060182771844588871,-0.1935936590581695549691777829,429,0.1958041958041958041958041958,33.00000000000000361586235038,33.00000000000000361586235038,343,0.2157434402332361516034985423,64.00000000000000013656192279,64.00000000000000013656192279,run_6220216f82dc4d73bdda7efc90d77037,ema_pullback:502821c538ffba2a9e37a87b
w01-lb135-r4_75,lab_3d_w01_lb_ratio,1,135,4.75,14.25,3.0,3517f75d28274635d933c2bd78484cae8726082cdb7b93ab579d243d4ca4dc90,772,772,0.1943005181347150259067357513,1.122342147593583837689440205,90.50000000000000156548767776,90.50000000000000156548767776,0.5507734105981717963760927615,-0.1860838132080464450843830779,429,0.1911421911421911421911421911,42.50000000000000163738749803,42.50000000000000163738749803,343,0.1982507288629737609329446064,47.99999999999999992810017973,47.99999999999999992810017973,run_b3066ebf3f3b49fd9e076ba97406c3a3,ema_pullback:767aa5c43d662fec24e101fb
w01-lb135-r5_0,lab_3d_w01_lb_ratio,1,135,5.0,15.0,3.0,3517f75d28274635d933c2bd78484cae8726082cdb7b93ab579d243d4ca4dc90,769,769,0.1846553966189856957087126138,1.065204420494381578380571016,82.99999999999999726877549244,82.99999999999999726877549244,0.2550055613804807091681504605,-0.2236426263892547644669989461,428,0.1845794392523364485981308411,46.00000000000000533851865799,46.00000000000000533851865799,341,0.1847507331378299120234604106,36.99999999999999193025683443,36.99999999999999193025683443,run_7f39a541a03d49979ed6a3edce2cff56,ema_pullback:540c3b1a7aea2aac49555217
w01-lb140-r2_0,lab_3d_w01_lb_ratio,1,140,2.0,6.0,3.0,3517f75d28274635d933c2bd78484cae8726082cdb7b93ab579d243d4ca4dc90,762,762,0.3543307086614173228346456693,1.085712427892969240112252532,47.99999999999999766065285760,47.99999999999999766065285760,0.3143289684402702067681651723,-0.1624440082245893129029469472,421,0.3752969121140142517814726841,52.99999999999999959910606216,52.99999999999999959910606216,341,0.3284457478005865102639296188,-5.000000000000001938453204590,-5.000000000000001938453204590,run_b9b4ea6952b04e8c9df1524355b0de57,ema_pullback:cdb89dd30cc343ae2cb02b2a
w01-lb140-r2_25,lab_3d_w01_lb_ratio,1,140,2.25,6.75,3.0,3517f75d28274635d933c2bd78484cae8726082cdb7b93ab579d243d4ca4dc90,761,761,0.3180026281208935611038107753,1.023693927760533559441797723,25.50000000000000224485176585,25.50000000000000224485176585,0.07921269908916142560729883064,-0.1848067384270487804618369424,420,0.3309523809523809523809523810,31.75000000000000271495100694,31.75000000000000271495100694,341,0.3020527859237536656891495601,-6.250000000000000470099241095,-6.250000000000000470099241095,run_9bb955a7e46e493297d948bd3fb523bf,ema_pullback:17824c8fbb2e7ca9dc120aaa
w01-lb140-r2_5,lab_3d_w01_lb_ratio,1,140,2.5,7.5,3.0,3517f75d28274635d933c2bd78484cae8726082cdb7b93ab579d243d4ca4dc90,761,761,0.3022339027595269382391590013,1.067172668829710621086362535,44.00000000000000011846580552,44.00000000000000011846580552,0.2475732046266818672593661933,-0.1512446715159259795012288382,420,0.3095238095238095238095238095,35.00000000000000345842244469,35.00000000000000345842244469,341,0.2932551319648093841642228739,8.999999999999996660043360867,8.999999999999996660043360867,run_235400c0b34c4028a52fa9274b5ac284,ema_pullback:96467bd69ab2d06f4abfefb4
w01-lb140-r2_75,lab_3d_w01_lb_ratio,1,140,2.75,8.25,3.0,3517f75d28274635d933c2bd78484cae8726082cdb7b93ab579d243d4ca4dc90,760,760,0.2894736842105263157894736842,1.104837868055692683499565952,65.00000000000000325435251308,65.00000000000000325435251308,0.4191626072497748405919142141,-0.1779817362563262558567466754,419,0.2935560859188544152744630072,42.25000000000000202551069559,42.25000000000000202551069559,341,0.2844574780058651026392961877,22.75000000000000122884181752,22.75000000000000122884181752,run_cf8c8dbedcc64a6e9148cb24ddc1163c,ema_pullback:69adc4f8c0616892f000f476
w01-lb140-r3_0,lab_3d_w01_lb_ratio,1,140,3.0,9.0,3.0,3517f75d28274635d933c2bd78484cae8726082cdb7b93ab579d243d4ca4dc90,760,760,0.2710526315789473684210526316,1.099904760309946475639436923,64.00000000000000114214593903,64.00000000000000114214593903,0.4093490595673088710290475318,-0.1881374453328123104645581431,419,0.2744630071599045346062052506,41.00000000000000145214883503,41.00000000000000145214883503,341,0.2668621700879765395894428152,22.99999999999999968999710404,22.99999999999999968999710404,run_e2b77e412dd140b99fa4ea59ef26bf42,ema_pullback:cf6eb0e087ca0f6cbaf0469e
w01-lb140-r3_25,lab_3d_w01_lb_ratio,1,140,3.25,9.75,3.0,3517f75d28274635d933c2bd78484cae8726082cdb7b93ab579d243d4ca4dc90,758,758,0.2612137203166226912928759894,1.128284202310372980026684279,83.50000000000000007512638289,83.50000000000000007512638289,0.5589988722099045325380825227,-0.1773356678739040785890770144,418,0.2631578947368421052631578947,49.50000000000000158127086818,49.50000000000000158127086818,340,0.2588235294117647058823529412,33.99999999999999849385551469,33.99999999999999849385551469,run_2f03797a6dd24af1874098f846e2f973,ema_pullback:1654278487e089acc92f7a12
w01-lb140-r3_5,lab_3d_w01_lb_ratio,1,140,3.5,10.5,3.0,3517f75d28274635d933c2bd78484cae8726082cdb7b93ab579d243d4ca4dc90,757,757,0.2496697490092470277410832232,1.155399747569797067171112019,93.50000000000000598702193053,93.50000000000000598702193053,0.7074555370022819632554478806,-0.1664079376218662638418831441,418,0.2488038277511961722488038278,50.00000000000000526770514138,50.00000000000000526770514138,339,0.2507374631268436578171091445,43.50000000000000071931678917,43.50000000000000071931678917,run_251538623107418baa18cc1324ace95b,ema_pullback:16d7ceb4a76ce4c560f32f8e
w01-lb140-r3_75,lab_3d_w01_lb_ratio,1,140,3.75,11.25,3.0,3517f75d28274635d933c2bd78484cae8726082cdb7b93ab579d243d4ca4dc90,754,754,0.2374005305039787798408488064,1.148316538700192156580761843,96.24999999999999729495852776,96.24999999999999729495852776,0.700364797920857315210810013,-0.1558799182965419229813584078,416,0.2307692307692307692307692308,39.99999999999999796014341614,39.99999999999999796014341614,338,0.2455621301775147928994082840,56.24999999999999933481511158,56.24999999999999933481511158,run_afa58bd1bead406f942345298042285f,ema_pullback:e7f55b63b0fd8e256e5e6971
w01-lb140-r4_0,lab_3d_w01_lb_ratio,1,140,4.0,12.0,3.0,3517f75d28274635d933c2bd78484cae8726082cdb7b93ab579d243d4ca4dc90,751,751,0.2223701731025299600532623169,1.095951015077468075233502314,83.99999999999999905688906167,83.99999999999999905688906167,0.3756409484118554219847542576,-0.2141077678117215738456045206,414,0.2125603864734299516908212560,26.00000000000000049069449519,26.00000000000000049069449519,337,0.2344213649851632047477744807,57.99999999999999856619456647,57.99999999999999856619456647,run_8898cca892734b9bb60d862117995f4a,ema_pullback:b2f0c6aca374a533fb072fa9
w01-lb140-r4_25,lab_3d_w01_lb_ratio,1,140,4.25,12.75,3.0,3517f75d28274635d933c2bd78484cae8726082cdb7b93ab579d243d4ca4dc90,751,751,0.2170439414114513981358189081,1.132640905475803979085629626,104.7500000000000022626156367,104.7500000000000022626156367,0.5807763034600879216563691652,-0.1954049628983272962099263552,414,0.2053140096618357487922705314,32.25000000000000175776975194,32.25000000000000175776975194,337,0.2314540059347181008902077151,72.50000000000000050484588487,72.50000000000000050484588487,run_a29203cdb6aa483fbcbe353261604d78,ema_pullback:c94272a7ad95fe4b92625013
w01-lb140-r4_5,lab_3d_w01_lb_ratio,1,140,4.5,13.5,3.0,3517f75d28274635d933c2bd78484cae8726082cdb7b93ab579d243d4ca4dc90,746,746,0.2077747989276139410187667560,1.125652239859338531708701710,106.5000000000000024141667462,106.5000000000000024141667462,0.5302990965064379404632747025,-0.1882761115810208396755441377,412,0.1990291262135922330097087379,39.00000000000000282935086745,39.00000000000000282935086745,334,0.2185628742514970059880239521,67.49999999999999958481587884,67.49999999999999958481587884,run_2912ca2cb1104b43a73ffc5f21186b0e,ema_pullback:7138849d397b32729a5f9e9f
w01-lb140-r4_75,lab_3d_w01_lb_ratio,1,140,4.75,14.25,3.0,3517f75d28274635d933c2bd78484cae8726082cdb7b93ab579d243d4ca4dc90,746,746,0.1970509383378016085790884718,1.132246303533791282299059836,99.2499999999999996429853943,99.2499999999999996429853943,0.5662396077338089408622614011,-0.1807167448382328015764436063,412,0.1941747572815533980582524272,48.00000000000000045762027365,48.00000000000000045762027365,334,0.2005988023952095808383233533,51.24999999999999918536512068,51.24999999999999918536512068,run_aacfadf223a74bcf9e241d7b1c4fa246,ema_pullback:ad3011106e58f3d61472f1a1
w01-lb140-r5_0,lab_3d_w01_lb_ratio,1,140,5.0,15.0,3.0,3517f75d28274635d933c2bd78484cae8726082cdb7b93ab579d243d4ca4dc90,743,743,0.1870794078061911170928667564,1.070262306436846590261653719,90.99999999999999647035007364,90.99999999999999647035007364,0.260577777780080380154023795,-0.2271253461898220480427873664,411,0.1873479318734793187347931873,51.00000000000000496451327296,51.00000000000000496451327296,332,0.1867469879518072289156626506,39.99999999999999150583680067,39.99999999999999150583680067,run_154f10b43bd646f5b9184981bce64d36,ema_pullback:5d8ce459a340fac70580443b
w02-lb070-r2_0,lab_3d_w02_lb_ratio,2,70,2.0,6.0,3.0,8420fb347e623ae9d454d2748e32fe1e828c761a21d305a78d217d7556dfa85e,1281,1281,0.3411397345823575331772053084,1.027542211626613990112623388,29.99999999999999735916399353,29.99999999999999735916399353,0.1628609269709930223792988906,-0.3212158774162156384236864267,723,0.3485477178423236514522821577,32.99999999999999930975634559,32.99999999999999930975634559,558,0.3315412186379928315412186380,-3.000000000000001950592352050,-3.000000000000001950592352050,run_36c1c1062bce4b808e313b095a9d33e9,ema_pullback:f7028153fd6e4d8c57645e70
w02-lb070-r2_25,lab_3d_w02_lb_ratio,2,70,2.25,6.75,3.0,8420fb347e623ae9d454d2748e32fe1e828c761a21d305a78d217d7556dfa85e,1271,1271,0.3131392604248623131392604249,1.011369297652156490048821055,22.50000000000000203425471790,22.50000000000000203425471790,0.06212813162677999612271557458,-0.3194417338276997191038850780,717,0.3138075313807531380753138075,14.25000000000000313201334360,14.25000000000000313201334360,554,0.3122743682310469314079422383,8.249999999999998902241374302,8.249999999999998902241374302,run_c25d6766ac39413fb22d6e00d21ed230,ema_pullback:86836110ec5023cdcf256239
w02-lb070-r2_5,lab_3d_w02_lb_ratio,2,70,2.5,7.5,3.0,8420fb347e623ae9d454d2748e32fe1e828c761a21d305a78d217d7556dfa85e,1263,1263,0.2977038796516231195566112431,1.060337678555546969975355588,53.00000000000000117618612213,53.00000000000000117618612213,0.3787168317418423333917453116,-0.2547881562258794984686676341,712,0.2949438202247191011235955056,23.00000000000000473917904545,23.00000000000000473917904545,551,0.3012704174228675136116152450,29.99999999999999643700707668,29.99999999999999643700707668,run_e7bd7babadb24843b3f3401ea810e932,ema_pullback:6eee562093e8055aac4e2af4
w02-lb070-r2_75,lab_3d_w02_lb_ratio,2,70,2.75,8.25,3.0,8420fb347e623ae9d454d2748e32fe1e828c761a21d305a78d217d7556dfa85e,1251,1251,0.2869704236610711430855315747,1.106720214740234320276825140,95.25000000000000656235734192,95.25000000000000656235734192,0.708334034956543886799638584,-0.2396019665935865378134100493,702,0.2849002849002849002849002849,48.00000000000000724631117533,48.00000000000000724631117533,549,0.2896174863387978142076502732,47.24999999999999931604616653,47.24999999999999931604616653,run_038e0afae8084b32b9c22cc3110eca37,ema_pullback:7856c6da09959981aa42270f
w02-lb070-r3_0,lab_3d_w02_lb_ratio,2,70,3.0,9.0,3.0,8420fb347e623ae9d454d2748e32fe1e828c761a21d305a78d217d7556dfa85e,1243,1243,0.2646822204344328238133547868,1.057640331230175210252381027,73.00000000000000238431952300,73.00000000000000238431952300,0.3225723128393477358356611144,-0.2907819408655010845185586953,697,0.2668579626972740315638450502,47.00000000000000258679435362,47.00000000000000258679435362,546,0.2619047619047619047619047619,25.99999999999999979752516941,25.99999999999999979752516941,run_8795cc9469d9451d9a21897669acaf1f,ema_pullback:87cdbbaf775f7f35fa224900
w02-lb070-r3_25,lab_3d_w02_lb_ratio,2,70,3.25,9.75,3.0,8420fb347e623ae9d454d2748e32fe1e828c761a21d305a78d217d7556dfa85e,1236,1236,0.2548543689320388349514563107,1.089123350810472258975318216,102.7500000000000007199217945,102.7500000000000007199217945,0.5339561787208157232843386216,-0.2466509639889683819671241134,693,0.2539682539682539682539682540,55.00000000000000395196125473,55.00000000000000395196125473,543,0.2559852670349907918968692449,47.74999999999999676796053982,47.74999999999999676796053982,run_c40c01161e43438eb548def8e3945fe4,ema_pullback:347501965342b1f9d5967a01
w02-lb070-r3_5,lab_3d_w02_lb_ratio,2,70,3.5,10.5,3.0,8420fb347e623ae9d454d2748e32fe1e828c761a21d305a78d217d7556dfa85e,1221,1221,0.2383292383292383292383292383,1.076881115539980188238802476,88.50000000000000708690850704,88.50000000000000708690850704,0.4803390541892442783827310544,-0.2162666129833338611370991330,687,0.2372634643377001455604075691,46.50000000000000681577739110,46.50000000000000681577739110,534,0.2397003745318352059925093633,42.00000000000000027113111600,42.00000000000000027113111600,run_b227085f68d742ebb6b7f3f7760d3fd0,ema_pullback:f8494978b8af96d56cc9dea7
w02-lb070-r3_75,lab_3d_w02_lb_ratio,2,70,3.75,11.25,3.0,8420fb347e623ae9d454d2748e32fe1e828c761a21d305a78d217d7556dfa85e,1206,1206,0.2271973466003316749585406302,1.075906548751514205413713625,95.49999999999999539302059254,95.49999999999999539302059254,0.4881490552259509675617462255,-0.2112475248790945044215936523,679,0.2238586156111929307805596465,42.99999999999999681564488832,42.99999999999999681564488832,527,0.2314990512333965844402277040,52.49999999999999857737570432,52.49999999999999857737570432,run_2b0063d14b6e452883b8de9b05ed0462,ema_pullback:22cb40dc316873e1d432670b
w02-lb070-r4_0,lab_3d_w02_lb_ratio,2,70,4.0,12.0,3.0,8420fb347e623ae9d454d2748e32fe1e828c761a21d305a78d217d7556dfa85e,1190,1190,0.2109243697478991596638655462,1.019196317671898697938720684,65.00000000000000005532996520,65.00000000000000005532996520,0.1057776746324637469906181082,-0.2600410842584763518201538555,667,0.2038980509745127436281859070,12.99999999999999969201654819,12.99999999999999969201654819,523,0.2198852772466539196940726577,52.00000000000000036331341695,52.00000000000000036331341695,run_f5c0a7e7b2064d49915e227e713b800e,ema_pullback:cdad40624b794f55fce3e4b7
w02-lb070-r4_25,lab_3d_w02_lb_ratio,2,70,4.25,12.75,3.0,8420fb347e623ae9d454d2748e32fe1e828c761a21d305a78d217d7556dfa85e,1187,1187,0.2055602358887952822240943555,1.049561544270380547482833136,94.00000000000000461160584049,94.00000000000000461160584049,0.3148974132559160151829184784,-0.2223199984484441724408819007,665,0.2,33.25000000000000356578889366,33.25000000000000356578889366,522,0.2126436781609195402298850575,60.75000000000000104581694681,60.75000000000000104581694681,run_8bee1ec7ff8d4c75ae83a5180be4fe5f,ema_pullback:64523d009d252a6b5dea08e0
w02-lb070-r4_5,lab_3d_w02_lb_ratio,2,70,4.5,13.5,3.0,8420fb347e623ae9d454d2748e32fe1e828c761a21d305a78d217d7556dfa85e,1177,1177,0.1988105352591333899745114698,1.058344440244343762831812819,110.0000000000000032524169863,110.0000000000000032524169863,0.3726463342723843946166032113,-0.2542001859166252236572619337,660,0.1954545454545454545454545455,49.50000000000000491336962313,49.50000000000000491336962313,517,0.2030947775628626692456479691,60.49999999999999833904736315,60.49999999999999833904736315,run_ce82ada65a28452aa0b0e1b4b72a41ef,ema_pullback:dc4b55c0d20c2b17c42d55af
w02-lb070-r4_75,lab_3d_w02_lb_ratio,2,70,4.75,14.25,3.0,8420fb347e623ae9d454d2748e32fe1e828c761a21d305a78d217d7556dfa85e,1167,1167,0.1902313624678663239074550129,1.063729795779242488158611227,109.5000000000000026579387823,109.5000000000000026579387823,0.4187576608870230885995273925,-0.2393503982266983709002859729,657,0.1917808219178082191780821918,67.50000000000000488653573473,67.50000000000000488653573473,510,0.1882352941176470588235294118,41.99999999999999777140304749,41.99999999999999777140304749,run_6ec5c72322bc4606ab4a43d13749b221,ema_pullback:96ce947341b14db97ba6ecdf
w02-lb070-r5_0,lab_3d_w02_lb_ratio,2,70,5.0,15.0,3.0,8420fb347e623ae9d454d2748e32fe1e828c761a21d305a78d217d7556dfa85e,1158,1158,0.1813471502590673575129533679,1.023895347593264927524767897,101.9999999999999983525410700,101.9999999999999983525410700,0.1303743608345959497922554679,-0.2757011471325921308464487921,653,0.1837672281776416539050535988,67.00000000000000760988525677,67.00000000000000760988525677,505,0.1782178217821782178217821782,34.99999999999999074265581330,34.99999999999999074265581330,run_7bdaae034d3d4c1a8570603846dbb135,ema_pullback:64d1de2980837da60c04d8b5
w02-lb075-r2_0,lab_3d_w02_lb_ratio,2,75,2.0,6.0,3.0,8420fb347e623ae9d454d2748e32fe1e828c761a21d305a78d217d7556dfa85e,1220,1220,0.3409836065573770491803278689,1.019050208372492818692600057,27.99999999999999776570318845,27.99999999999999776570318845,0.1026879647328756352433325334,-0.3120628729840732976870815975,681,0.3509544787077826725403817915,35.99999999999999939546965527,35.99999999999999939546965527,539,0.3283858998144712430426716141,-8.00000000000000162976646679,-8.00000000000000162976646679,run_550628a95be64a1faea402e50ac4c06c,ema_pullback:7282bd3b423710e64602171a
w02-lb075-r2_25,lab_3d_w02_lb_ratio,2,75,2.25,6.75,3.0,8420fb347e623ae9d454d2748e32fe1e828c761a21d305a78d217d7556dfa85e,1213,1213,0.3149216817807089859851607585,1.009946596681239318301021137,28.50000000000000055396813692,28.50000000000000055396813692,0.05123351101552243909347653537,-0.3049273613496996500011576844,677,0.3190546528803545051698670606,25.00000000000000194663160096,25.00000000000000194663160096,536,0.3097014925373134328358208955,3.499999999999998607336535979,3.499999999999998607336535979,run_da64480f6f984c46b8034e230764e8f0,ema_pullback:6fd377c7ff6d8a273827684f
w02-lb075-r2_5,lab_3d_w02_lb_ratio,2,75,2.5,7.5,3.0,8420fb347e623ae9d454d2748e32fe1e828c761a21d305a78d217d7556dfa85e,1206,1206,0.2993366500829187396351575456,1.061085276135343672294813216,57.50000000000000202259021472,57.50000000000000202259021472,0.3531961139018996661329050673,-0.2497627039311141810391209974,673,0.3001485884101040118870728083,34.00000000000000486110050150,34.00000000000000486110050150,533,0.2983114446529080675422138837,23.49999999999999716148971324,23.49999999999999716148971324,run_7f18de1dba89499f8464627104041797,ema_pullback:c39294cb7afaf9d0deb8fbf2
w02-lb075-r2_75,lab_3d_w02_lb_ratio,2,75,2.75,8.25,3.0,8420fb347e623ae9d454d2748e32fe1e828c761a21d305a78d217d7556dfa85e,1196,1196,0.2892976588628762541806020067,1.112374173458542756840508606,101.5000000000000047169102979,101.5000000000000047169102979,0.7054872025042228698878518217,-0.2267630293032986980066436754,665,0.2902255639097744360902255639,58.75000000000000565626125015,58.75000000000000565626125015,531,0.2881355932203389830508474576,42.74999999999999906064904777,42.74999999999999906064904777,run_fcaaa1fbbc9d45c2be1c521f51de13b6,ema_pullback:05224e286defcccde8394252
w02-lb075-r3_0,lab_3d_w02_lb_ratio,2,75,3.0,9.0,3.0,8420fb347e623ae9d454d2748e32fe1e828c761a21d305a78d217d7556dfa85e,1192,1192,0.2676174496644295302013422819,1.076965922044503110419707743,84.00000000000000253344008119,84.00000000000000253344008119,0.4385561597106878345936324429,-0.2525707602009360736416763631,664,0.2725903614457831325301204819,60.00000000000000310247281524,60.00000000000000310247281524,528,0.2613636363636363636363636364,23.99999999999999943096726598,23.99999999999999943096726598,run_10679158a45749dcab26b720975e99e9,ema_pullback:3a6c1ecaad8f334416cd6008
w02-lb075-r3_25,lab_3d_w02_lb_ratio,2,75,3.25,9.75,3.0,8420fb347e623ae9d454d2748e32fe1e828c761a21d305a78d217d7556dfa85e,1184,1184,0.2567567567567567567567567568,1.099066534907517753345709588,107.9999999999999990067206303,107.9999999999999990067206303,0.5785889910193323597452403675,-0.2332657079043659802885191846,659,0.2579666160849772382397572079,63.50000000000000287346091113,63.50000000000000287346091113,525,0.2552380952380952380952380952,44.49999999999999613325971922,44.49999999999999613325971922,run_fc9a5fe6e4504931a93af3496e9b9e75,ema_pullback:099f63d67163ac63796177fb
w02-lb075-r3_5,lab_3d_w02_lb_ratio,2,75,3.5,10.5,3.0,8420fb347e623ae9d454d2748e32fe1e828c761a21d305a78d217d7556dfa85e,1174,1174,0.2393526405451448040885860307,1.078628550903362821198657420,90.50000000000000705149217795,90.50000000000000705149217795,0.4698210638193779687113850554,-0.2265627016876572062320183232,656,0.2408536585365853658536585366,55.00000000000000675807346522,55.00000000000000675807346522,518,0.2374517374517374517374517375,35.50000000000000029341871280,35.50000000000000029341871280,run_568806a6fd474cc4a18f805f5e58744e,ema_pullback:711e4a4ce57c019d15598c79
w02-lb075-r3_75,lab_3d_w02_lb_ratio,2,75,3.75,11.25,3.0,8420fb347e623ae9d454d2748e32fe1e828c761a21d305a78d217d7556dfa85e,1161,1161,0.2282515073212747631352282515,1.075587616647381775379275759,97.74999999999999630322442426,97.74999999999999630322442426,0.4630545112135782679781404956,-0.2133204502506577788837609053,649,0.2265023112480739599383667180,49.24999999999999760660542224,49.24999999999999760660542224,512,0.23046875,48.49999999999999869661900208,48.49999999999999869661900208,run_03f36d8e6be440398903e13de4e6e305,ema_pullback:b56eb0444b2b67fe9a2a5b63
w02-lb075-r4_0,lab_3d_w02_lb_ratio,2,75,4.0,12.0,3.0,8420fb347e623ae9d454d2748e32fe1e828c761a21d305a78d217d7556dfa85e,1149,1149,0.2114882506527415143603133159,1.011974536075303275179386880,66.00000000000000036416838423,66.00000000000000036416838423,0.06205155467414646988223499387,-0.2521755149810002484132087332,640,0.20625,19.99999999999999979420247921,19.99999999999999979420247921,509,0.2180746561886051080550098232,46.00000000000000056996590501,46.00000000000000056996590501,run_8e94276724244055b299f2a01c4a62ce,ema_pullback:7ecc1edbb92736f15b9d7fd3
w02-lb075-r4_25,lab_3d_w02_lb_ratio,2,75,4.25,12.75,3.0,8420fb347e623ae9d454d2748e32fe1e828c761a21d305a78d217d7556dfa85e,1146,1146,0.2068062827225130890052356021,1.048790423766461560147028786,98.25000000000000274559046703,98.25000000000000274559046703,0.2960507030305598196322536813,-0.2356689036915582341603633330,638,0.2021943573667711598746081505,39.25000000000000224541852849,39.25000000000000224541852849,508,0.2125984251968503937007874016,59.00000000000000050017193859,59.00000000000000050017193859,run_d1c5675bcffe49c8ba0d73adcc1bf679,ema_pullback:b8c310d802481711aadf9a5e
w02-lb075-r4_5,lab_3d_w02_lb_ratio,2,75,4.5,13.5,3.0,8420fb347e623ae9d454d2748e32fe1e828c761a21d305a78d217d7556dfa85e,1136,1136,0.1998239436619718309859154930,1.055510772179791060095234385,112.5000000000000032274848634,112.5000000000000032274848634,0.3359140393035692558715308364,-0.2455294759447129233929487871,633,0.1974723538704581358609794629,54.50000000000000505179956338,54.50000000000000505179956338,503,0.2027833001988071570576540755,57.99999999999999817568530010,57.99999999999999817568530010,run_416c5f28b5124e64a00483a2e558d7e6,ema_pullback:8b6740aa37565844db448150
w02-lb075-r4_75,lab_3d_w02_lb_ratio,2,75,4.75,14.25,3.0,8420fb347e623ae9d454d2748e32fe1e828c761a21d305a78d217d7556dfa85e,1132,1132,0.1899293286219081272084805654,1.054411794006841135186347991,104.2500000000000028942004039,104.2500000000000028942004039,0.3310516089802530889201147088,-0.2463552739370908941021744257,633,0.1927330173775671406003159558,68.50000000000000453331597224,68.50000000000000453331597224,499,0.1863727454909819639278557114,35.74999999999999836088443164,35.74999999999999836088443164,run_720210fcde074d108563309549a5eeb6,ema_pullback:b4b0c1f7f22edf26036f6040
w02-lb075-r5_0,lab_3d_w02_lb_ratio,2,75,5.0,15.0,3.0,8420fb347e623ae9d454d2748e32fe1e828c761a21d305a78d217d7556dfa85e,1122,1122,0.1809269162210338680926916221,1.012753594638699335228915137,95.9999999999999988805521754,95.9999999999999988805521754,0.06389785227371205440419564582,-0.2796694354085690671375262467,629,0.1844197138314785373608903021,67.00000000000000853316658691,67.00000000000000853316658691,493,0.1764705882352941176470588235,28.99999999999999034738558850,28.99999999999999034738558850,run_cdf722fdcdef4061abefc285ebdfc2de,ema_pullback:065dfa320a07982e5f2f5b15
w02-lb080-r2_0,lab_3d_w02_lb_ratio,2,80,2.0,6.0,3.0,8420fb347e623ae9d454d2748e32fe1e828c761a21d305a78d217d7556dfa85e,1157,1157,0.3439930855661192739844425238,1.010266150848965864898400070,36.99999999999999810320182585,36.99999999999999810320182585,0.0496382908548704755343622047,-0.2801574185313189056726591745,642,0.3613707165109034267912772586,53.99999999999999977586420701,53.99999999999999977586420701,515,0.3223300970873786407766990291,-17.00000000000000167266238115,-17.00000000000000167266238115,run_a5a73b660b704bc88a02b118d2eb822b,ema_pullback:b216e953b085a00c7a1918ab
w02-lb080-r2_25,lab_3d_w02_lb_ratio,2,80,2.25,6.75,3.0,8420fb347e623ae9d454d2748e32fe1e828c761a21d305a78d217d7556dfa85e,1151,1151,0.3162467419635099913119026933,0.9920395285048627455148848003,32.00000000000000148158300070,32.00000000000000148158300070,-0.03595181822921503404679961122,-0.2782664854180328593068272941,638,0.3275862068965517241379310345,41.25000000000000227910054503,41.25000000000000227910054503,513,0.3021442495126705653021442495,-9.250000000000000797517544250,-9.250000000000000797517544250,run_b701ba96c40a412b9cba5b9b7147a2a9,ema_pullback:a0551cc57e4d784a1da55e46
w02-lb080-r2_5,lab_3d_w02_lb_ratio,2,80,2.5,7.5,3.0,8420fb347e623ae9d454d2748e32fe1e828c761a21d305a78d217d7556dfa85e,1148,1148,0.2996515679442508710801393728,1.037290686234937035252681266,56.00000000000000194542989787,56.00000000000000194542989787,0.1851107989684537133361271229,-0.2383658641054195784423985134,637,0.3076923076923076923076923077,49.00000000000000471205008493,49.00000000000000471205008493,511,0.2896281800391389432485322896,6.999999999999997233379812933,6.999999999999997233379812933,run_3945eedbeed14590806539a479836be7,ema_pullback:9d39f3c9747096c47918d4da
w02-lb080-r2_75,lab_3d_w02_lb_ratio,2,80,2.75,8.25,3.0,8420fb347e623ae9d454d2748e32fe1e828c761a21d305a78d217d7556dfa85e,1139,1139,0.2897278314310798946444249342,1.091645115575442632991378949,98.50000000000000545627605307,98.50000000000000545627605307,0.4992286465153633662293383194,-0.2427362619407528244482842045,630,0.2984126984126984126984126984,75.00000000000000635403058899,75.00000000000000635403058899,509,0.2789783889980353634577603143,23.49999999999999910224546408,23.49999999999999910224546408,run_e043f76b18a9490fb9d2fee56f23db51,ema_pullback:70576dc5a037d1c12a07b182
w02-lb080-r3_0,lab_3d_w02_lb_ratio,2,80,3.0,9.0,3.0,8420fb347e623ae9d454d2748e32fe1e828c761a21d305a78d217d7556dfa85e,1136,1136,0.2693661971830985915492957746,1.067767437618791421692867666,88.00000000000000299004718069,88.00000000000000299004718069,0.3517708926691465004226562981,-0.2387533648865600792611859876,629,0.2813990461049284578696343402,79.00000000000000304174521509,79.00000000000000304174521509,507,0.2544378698224852071005917160,8.999999999999999948301965576,8.999999999999999948301965576,run_cc5dce6a9d474d7c9555250f3368fcdb,ema_pullback:4874a58075ee7a88c81675cf
w02-lb080-r3_25,lab_3d_w02_lb_ratio,2,80,3.25,9.75,3.0,8420fb347e623ae9d454d2748e32fe1e828c761a21d305a78d217d7556dfa85e,1130,1130,0.2592920353982300884955752212,1.098559419313054600980375349,115.2500000000000000452590835,115.2500000000000000452590835,0.5475053410457764928178510296,-0.2144505657381892248167150604,625,0.2672,84.75000000000000317748806014,84.75000000000000317748806014,505,0.2495049504950495049504950495,30.49999999999999686777102342,30.49999999999999686777102342,run_a8c3d1c41c0b454887ad44c33d00a4f5,ema_pullback:da86a3e8be513a6602cd0055
w02-lb080-r3_5,lab_3d_w02_lb_ratio,2,80,3.5,10.5,3.0,8420fb347e623ae9d454d2748e32fe1e828c761a21d305a78d217d7556dfa85e,1122,1122,0.2424242424242424242424242424,1.087513301198386461313684866,102.0000000000000082707123262,102.0000000000000082707123262,0.51860563570715433617784942,-0.2066341310810753108018512259,622,0.2491961414790996784565916399,75.50000000000000722111095743,75.50000000000000722111095743,500,0.234,26.50000000000000104960136881,26.50000000000000104960136881,run_5c668e1d73564b1ca439835ce317aec0,ema_pullback:c6d2047b01b6c50fc9b8ebfe
w02-lb080-r3_75,lab_3d_w02_lb_ratio,2,80,3.75,11.25,3.0,8420fb347e623ae9d454d2748e32fe1e828c761a21d305a78d217d7556dfa85e,1109,1109,0.2308385933273219116321009919,1.081120021938900469174353999,106.9999999999999967756609190,106.9999999999999967756609190,0.4886078261855034397356232706,-0.2064882953856896370449353272,615,0.2341463414634146341463414634,68.99999999999999740239573263,68.99999999999999740239573263,494,0.2267206477732793522267206478,37.99999999999999937326518630,37.99999999999999937326518630,run_5e4da7862a3449d2b5a7b98860e8dab3,ema_pullback:0e237341a88102c8f6ef701c
w02-lb080-r4_0,lab_3d_w02_lb_ratio,2,80,4.0,12.0,3.0,8420fb347e623ae9d454d2748e32fe1e828c761a21d305a78d217d7556dfa85e,1097,1097,0.2133090246125797629899726527,1.012727819919922816251627528,73.00000000000000024668742229,73.00000000000000024668742229,0.06419327637211993166894783519,-0.2491927690928894416765182374,606,0.2128712871287128712871287129,38.99999999999999972405611250,38.99999999999999972405611250,491,0.2138492871690427698574338086,34.00000000000000052263130978,34.00000000000000052263130978,run_732fc55bca6d4f4b97f2d097bb75e0ba,ema_pullback:6ce211c313a2cab95c95b1fe
w02-lb080-r4_25,lab_3d_w02_lb_ratio,2,80,4.25,12.75,3.0,8420fb347e623ae9d454d2748e32fe1e828c761a21d305a78d217d7556dfa85e,1094,1094,0.2084095063985374771480804388,1.047537228781023704521060296,103.0000000000000034480387915,103.0000000000000034480387915,0.278991929230093021808217429,-0.2151324403938262365831506245,604,0.2086092715231788079470198675,57.50000000000000310923119655,57.50000000000000310923119655,490,0.2081632653061224489795918367,45.50000000000000033880759501,45.50000000000000033880759501,run_097aad71298e4f3c8a0e79b314cd2223,ema_pullback:aa08ebeb97ae57ddb6f680ad
w02-lb080-r4_5,lab_3d_w02_lb_ratio,2,80,4.5,13.5,3.0,8420fb347e623ae9d454d2748e32fe1e828c761a21d305a78d217d7556dfa85e,1084,1084,0.2011070110701107011070110701,1.051411954464828071971513514,115.0000000000000050302830572,115.0000000000000050302830572,0.298407195680774152464983887,-0.2558051601573931974808807423,599,0.2036727879799666110183639399,72.00000000000000556945516863,72.00000000000000556945516863,485,0.1979381443298969072164948454,42.99999999999999946082788871,42.99999999999999946082788871,run_5f1e160508404c59b45533c3416762dd,ema_pullback:98725d0144e6bf5face3257e
w02-lb080-r4_75,lab_3d_w02_lb_ratio,2,80,4.75,14.25,3.0,8420fb347e623ae9d454d2748e32fe1e828c761a21d305a78d217d7556dfa85e,1080,1080,0.1907407407407407407407407407,1.047374477335660163601380837,104.5000000000000039383146063,104.5000000000000039383146063,0.2741761712592614385573412749,-0.2610619270791973626565070700,599,0.1986644407345575959933222037,85.25000000000000486394478132,85.25000000000000486394478132,481,0.1808731808731808731808731809,19.24999999999999907436982508,19.24999999999999907436982508,run_53e02e42d399416aa9f7fe5156156c2f,ema_pullback:ec5c1222cf8fd146402876ee
w02-lb080-r5_0,lab_3d_w02_lb_ratio,2,80,5.0,15.0,3.0,8420fb347e623ae9d454d2748e32fe1e828c761a21d305a78d217d7556dfa85e,1071,1071,0.1830065359477124183006535948,1.014938544236628154432865632,104.9999999999999995440252808,104.9999999999999995440252808,0.07369942147850456567414531978,-0.2715356145190820983909633647,595,0.1915966386554621848739495798,89.00000000000000819654821417,89.00000000000000819654821417,476,0.1722689075630252100840336134,15.99999999999999134747706672,15.99999999999999134747706672,run_a3ca904bed164923a9c3dd5d52f8336a,ema_pullback:16af10241eafaea01a8e9adc
w02-lb085-r2_0,lab_3d_w02_lb_ratio,2,85,2.0,6.0,3.0,8420fb347e623ae9d454d2748e32fe1e828c761a21d305a78d217d7556dfa85e,1115,1115,0.3479820627802690582959641256,1.026490879062690960451351920,48.99999999999999783079262285,48.99999999999999783079262285,0.1271780793160984602473618497,-0.2423961400308373112653540434,615,0.3642276422764227642276422764,56.99999999999999961445120175,56.99999999999999961445120175,500,0.328,-8.000000000000001783658578900,-8.000000000000001783658578900,run_f1bf3ae46c8141479f3a64f152f65163,ema_pullback:aa13d42f23c93cde1ffb7c39
w02-lb085-r2_25,lab_3d_w02_lb_ratio,2,85,2.25,6.75,3.0,8420fb347e623ae9d454d2748e32fe1e828c761a21d305a78d217d7556dfa85e,1111,1111,0.3186318631863186318631863186,1.000156381844853315099545678,39.50000000000000150318383770,39.50000000000000150318383770,0.000691363277594058196334565009,-0.2462614319505511502550283605,611,0.3289689034369885433715220949,42.25000000000000218281255571,42.25000000000000218281255571,500,0.306,-2.750000000000000679628718045,-2.750000000000000679628718045,run_4dd593927c494411a48ea96cd7e372a2,ema_pullback:f1c66f90c8906c5eb72d6ea6
w02-lb085-r2_5,lab_3d_w02_lb_ratio,2,85,2.5,7.5,3.0,8420fb347e623ae9d454d2748e32fe1e828c761a21d305a78d217d7556dfa85e,1109,1109,0.3011722272317403065825067628,1.043796118864111421399166903,60.00000000000000118819499881,60.00000000000000118819499881,0.211441574557765557743106413,-0.2236730148346488315595955914,610,0.3081967213114754098360655738,48.00000000000000388553182997,48.00000000000000388553182997,499,0.2925851703406813627254509018,11.99999999999999730266316892,11.99999999999999730266316892,run_9291fb16035641b28a130eed0aa48923,ema_pullback:6eada9be64e95cfc556dbf18
w02-lb085-r2_75,lab_3d_w02_lb_ratio,2,85,2.75,8.25,3.0,8420fb347e623ae9d454d2748e32fe1e828c761a21d305a78d217d7556dfa85e,1102,1102,0.2921960072595281306715063521,1.100824036117322152158397017,105.5000000000000045046856587,105.5000000000000045046856587,0.5435797577294602522274604394,-0.2250852352870808270255173123,605,0.2991735537190082644628099174,73.75000000000000542557928040,73.75000000000000542557928040,497,0.2837022132796780684104627767,31.74999999999999907910637826,31.74999999999999907910637826,run_870e6be573724bc18f7ba68ca0360fae,ema_pullback:efc3fd961e2fb2784e8b69c6
w02-lb085-r3_0,lab_3d_w02_lb_ratio,2,85,3.0,9.0,3.0,8420fb347e623ae9d454d2748e32fe1e828c761a21d305a78d217d7556dfa85e,1099,1099,0.2729754322111010009099181074,1.083407118302484710126594950,101.0000000000000031986890079,101.0000000000000031986890079,0.4407246605276148969333899619,-0.2197255083269577395021174109,604,0.2831125827814569536423841060,80.00000000000000325038704226,80.00000000000000325038704226,495,0.2606060606060606060606060606,20.99999999999999994830196564,20.99999999999999994830196564,run_54d172f4e1f747a7b29e102ae0f59a2c,ema_pullback:20babc53e254f38c1e965861
w02-lb085-r3_25,lab_3d_w02_lb_ratio,2,85,3.25,9.75,3.0,8420fb347e623ae9d454d2748e32fe1e828c761a21d305a78d217d7556dfa85e,1094,1094,0.2632541133455210237659963437,1.118458390971042047562028144,129.9999999999999999600616997,129.9999999999999999600616997,0.6833805293456563971484889213,-0.1969393689889306970230680743,601,0.2695507487520798668885191348,87.50000000000000309229067625,87.50000000000000309229067625,493,0.2555780933062880324543610548,42.49999999999999686777102341,42.49999999999999686777102341,run_0655b12d9d0e486d822c14bdb060d59c,ema_pullback:0b96f78324bae46055514d16
w02-lb085-r3_5,lab_3d_w02_lb_ratio,2,85,3.5,10.5,3.0,8420fb347e623ae9d454d2748e32fe1e828c761a21d305a78d217d7556dfa85e,1086,1086,0.2476979742173112338858195212,1.115705349819140609647097868,124.5000000000000072897975848,124.5000000000000072897975848,0.7139726924354890063596527016,-0.1897476158326267139456685143,598,0.2541806020066889632107023411,86.00000000000000624019621614,86.00000000000000624019621614,488,0.2397540983606557377049180328,38.50000000000000104960136884,38.50000000000000104960136884,run_2232be6da7b749e18265bd6fdfe1d819,ema_pullback:663f2e603669c15aa92b94cd
w02-lb085-r3_75,lab_3d_w02_lb_ratio,2,85,3.75,11.25,3.0,8420fb347e623ae9d454d2748e32fe1e828c761a21d305a78d217d7556dfa85e,1075,1075,0.2362790697674418604651162791,1.109794639860698766617427246,131.4999999999999963265465106,131.4999999999999963265465106,0.6911132783545221434137803242,-0.2064882953856896370449353272,592,0.2398648648648648648648648649,82.49999999999999695328132442,82.49999999999999695328132442,483,0.2318840579710144927536231884,48.99999999999999937326518628,48.99999999999999937326518628,run_5ab7788cfd004e45a7ebd674a0e00812,ema_pullback:6f2dc311c25c9dc88133724e
w02-lb085-r4_0,lab_3d_w02_lb_ratio,2,85,4.0,12.0,3.0,8420fb347e623ae9d454d2748e32fe1e828c761a21d305a78d217d7556dfa85e,1064,1064,0.2189849624060150375939849624,1.046577538715315950287173661,101.0000000000000004968044712,101.0000000000000004968044712,0.2472139977006121395119384763,-0.2261796759682551162159124691,584,0.2191780821917808219178082192,55.99999999999999997417316137,55.99999999999999997417316137,480,0.21875,45.00000000000000052263130973,45.00000000000000052263130973,run_be48baee823e4998b9aec3a5f0dd9822,ema_pullback:06493520c3fcc237afcfa28a
w02-lb085-r4_25,lab_3d_w02_lb_ratio,2,85,4.25,12.75,3.0,8420fb347e623ae9d454d2748e32fe1e828c761a21d305a78d217d7556dfa85e,1062,1062,0.2137476459510357815442561205,1.079709956232898841119027249,129.7500000000000035730973158,129.7500000000000035730973158,0.4933425613675122138589663029,-0.1910753595664360594292463142,583,0.2144082332761578044596912521,73.25000000000000323428972100,73.25000000000000323428972100,479,0.2129436325678496868475991649,56.50000000000000033880759509,56.50000000000000033880759509,run_53ce6ed9864742b5af4c74f98c8dd86b,ema_pullback:42b7239f4c71ed000ca897ce
w02-lb085-r4_5,lab_3d_w02_lb_ratio,2,85,4.5,13.5,3.0,8420fb347e623ae9d454d2748e32fe1e828c761a21d305a78d217d7556dfa85e,1052,1052,0.2062737642585551330798479087,1.084081121723163447963426422,141.5000000000000047801660081,141.5000000000000047801660081,0.5145231773368102305289956154,-0.2329947443180589538079173237,578,0.2093425605536332179930795848,87.50000000000000531933811978,87.50000000000000531933811978,474,0.2025316455696202531645569620,53.99999999999999946082788869,53.99999999999999946082788869,run_63e8339adec241b296ee2e12a4a622a7,ema_pullback:3b4f52b17c8cfff90e015aa9
w02-lb085-r4_75,lab_3d_w02_lb_ratio,2,85,4.75,14.25,3.0,8420fb347e623ae9d454d2748e32fe1e828c761a21d305a78d217d7556dfa85e,1048,1048,0.1956106870229007633587786260,1.079523146439357167877075501,130.7500000000000043134901798,130.7500000000000043134901798,0.4848010948669374043370351902,-0.2384126371077637485557775820,578,0.2041522491349480968858131488,100.5000000000000052391203546,100.5000000000000052391203546,470,0.1851063829787234042553191489,30.24999999999999907436982511,30.24999999999999907436982511,run_7217b03df43242fe97c63696f50f4ae3,ema_pullback:33b06411fcc37a7174d586eb
w02-lb085-r5_0,lab_3d_w02_lb_ratio,2,85,5.0,15.0,3.0,8420fb347e623ae9d454d2748e32fe1e828c761a21d305a78d217d7556dfa85e,1039,1039,0.1876804619826756496631376323,1.048178097367359975446570877,130.9999999999999995440252810,130.9999999999999995440252810,0.2499588823969618017104175584,-0.2492073549459854452143028528,574,0.1968641114982578397212543554,104.0000000000000081965482141,104.0000000000000081965482141,465,0.1763440860215053763440860215,26.99999999999999134747706671,26.99999999999999134747706671,run_201524896324473488579ad443831358,ema_pullback:709f574ef2a759868523455a
w02-lb090-r2_0,lab_3d_w02_lb_ratio,2,90,2.0,6.0,3.0,8420fb347e623ae9d454d2748e32fe1e828c761a21d305a78d217d7556dfa85e,1079,1079,0.3456904541241890639481000927,1.031358857729809090889535765,39.99999999999999765126039876,39.99999999999999765126039876,0.1478269859287464339657962951,-0.2392880089099953547904002537,591,0.3637901861252115059221658206,53.99999999999999951879170516,53.99999999999999951879170516,488,0.3237704918032786885245901639,-14.00000000000000186753130639,-14.00000000000000186753130639,run_3cf47ea21417406790fb50ccca5cc0ed,ema_pullback:72b6cbc79c5da78eda4a8567
w02-lb090-r2_25,lab_3d_w02_lb_ratio,2,90,2.25,6.75,3.0,8420fb347e623ae9d454d2748e32fe1e828c761a21d305a78d217d7556dfa85e,1075,1075,0.3153488372093023255813953488,1.000013594348582814708336376,26.75000000000000217578095669,26.75000000000000217578095669,0.000058545411233828769644929575,-0.2543090716451354177560983497,587,0.3270868824531516183986371380,37.00000000000000292751293378,37.00000000000000292751293378,488,0.3012295081967213114754098361,-10.25000000000000075173197709,-10.25000000000000075173197709,run_4b6038344e8d4624ad81bb4cfe41fbd1,ema_pullback:ebc3dfe51b904e8598ee0b7c
w02-lb090-r2_5,lab_3d_w02_lb_ratio,2,90,2.5,7.5,3.0,8420fb347e623ae9d454d2748e32fe1e828c761a21d305a78d217d7556dfa85e,1073,1073,0.2982292637465051258154706431,1.042915948643941436331823186,47.00000000000000211566293121,47.00000000000000211566293121,0.2022657454546995029490914256,-0.2224004982142629589992496131,586,0.3054607508532423208191126280,40.50000000000000466266167767,40.50000000000000466266167767,487,0.2895277207392197125256673511,6.499999999999997453001253516,6.499999999999997453001253516,run_a41f755f5bc845f7b7cc298792a2b02c,ema_pullback:95929e247dd4c6d3bdf5769a
w02-lb090-r2_75,lab_3d_w02_lb_ratio,2,90,2.75,8.25,3.0,8420fb347e623ae9d454d2748e32fe1e828c761a21d305a78d217d7556dfa85e,1067,1067,0.2886597938144329896907216495,1.094625249837215276606872301,88.00000000000000395874541103,88.00000000000000395874541103,0.4928093592184584032874956957,-0.2225770944472857595882877742,582,0.2955326460481099656357388316,63.00000000000000484960766110,63.00000000000000484960766110,485,0.2804123711340206185567010309,24.99999999999999910913774988,24.99999999999999910913774988,run_e67f547594de4d33929e8c86c07d6f6d,ema_pullback:fda2a9bdf91a7025442645b6
w02-lb090-r3_0,lab_3d_w02_lb_ratio,2,90,3.0,9.0,3.0,8420fb347e623ae9d454d2748e32fe1e828c761a21d305a78d217d7556dfa85e,1064,1064,0.2687969924812030075187969925,1.072813576230708071553194455,80.00000000000000348978710009,80.00000000000000348978710009,0.3686674157880259335128894301,-0.2203407216668297551679311295,581,0.2788296041308089500860585198,67.00000000000000344720594526,67.00000000000000344720594526,483,0.2567287784679089026915113872,13.00000000000000004258115479,13.00000000000000004258115479,run_2d0ec565441742e0bd8134d7f429e978,ema_pullback:4424c7d7c811571f9382e832
w02-lb090-r3_25,lab_3d_w02_lb_ratio,2,90,3.25,9.75,3.0,8420fb347e623ae9d454d2748e32fe1e828c761a21d305a78d217d7556dfa85e,1060,1060,0.2594339622641509433962264151,1.112355433871434980836978041,108.7500000000000013565612047,108.7500000000000013565612047,0.6284319002396144788708042699,-0.2049584721553875615209365557,579,0.2659758203799654576856649396,75.50000000000000374390245625,75.50000000000000374390245625,481,0.2515592515592515592515592516,33.24999999999999761265874837,33.24999999999999761265874837,run_f8147b0a037f499e8e8f71dd155d4929,ema_pullback:261faeaf1d88c7213ce17605
w02-lb090-r3_5,lab_3d_w02_lb_ratio,2,90,3.5,10.5,3.0,8420fb347e623ae9d454d2748e32fe1e828c761a21d305a78d217d7556dfa85e,1053,1053,0.2440645773979107312440645774,1.113723425615407808671769153,103.5000000000000088434364547,103.5000000000000088434364547,0.68215694434243055318683071,-0.2004604428868135956345056291,577,0.2512998266897746967071057192,75.50000000000000698469954333,75.50000000000000698469954333,476,0.2352941176470588235294117647,28.00000000000000185873691138,28.00000000000000185873691138,run_64b22480d3854c1084cee5c1e4847246,ema_pullback:0461f4e9c59f96a5cd6ad520
w02-lb090-r3_75,lab_3d_w02_lb_ratio,2,90,3.75,11.25,3.0,8420fb347e623ae9d454d2748e32fe1e828c761a21d305a78d217d7556dfa85e,1043,1043,0.2329817833173537871524448706,1.107220579380637374948238645,111.2499999999999981073769915,111.2499999999999981073769915,0.6460006986250133186333299291,-0.1988522720419255749729116174,571,0.2381786339754816112084063047,74.99999999999999833734651024,74.99999999999999833734651024,472,0.2266949152542372881355932203,36.24999999999999977003048124,36.24999999999999977003048124,run_46e3c58cc803450c9294f055436fbc3f,ema_pullback:e42d4c153661fc22acd6131c
w02-lb090-r4_0,lab_3d_w02_lb_ratio,2,90,4.0,12.0,3.0,8420fb347e623ae9d454d2748e32fe1e828c761a21d305a78d217d7556dfa85e,1035,1035,0.2154589371980676328502415459,1.039945066110318939938228826,80.00000000000000012892763429,80.00000000000000012892763429,0.2034166477534446142625890642,-0.2313253770451208904360743471,565,0.2176991150442477876106194690,50.00000000000000038121542105,50.00000000000000038121542105,470,0.2127659574468085106382978723,29.99999999999999974771221319,29.99999999999999974771221319,run_a71637de88ac49749db39a8f16d4cbdb,ema_pullback:5b40e68aaa855e0768e61639
w02-lb090-r4_25,lab_3d_w02_lb_ratio,2,90,4.25,12.75,3.0,8420fb347e623ae9d454d2748e32fe1e828c761a21d305a78d217d7556dfa85e,1033,1033,0.2110358180058083252662149080,1.075702870347488789752819544,111.5000000000000054623131933,111.5000000000000054623131933,0.4477251254937900446724203575,-0.2052807660503519108200785026,564,0.2127659574468085106382978723,66.00000000000000460858235175,66.00000000000000460858235175,469,0.2089552238805970149253731343,45.50000000000000085373084171,45.50000000000000085373084171,run_ec400c98c3044c2eacfdbebcae6d21d2,ema_pullback:b592d48cce2d93aa688de030
w02-lb090-r4_5,lab_3d_w02_lb_ratio,2,90,4.5,13.5,3.0,8420fb347e623ae9d454d2748e32fe1e828c761a21d305a78d217d7556dfa85e,1023,1023,0.2033235581622678396871945259,1.078103191475104785700513235,121.0000000000000051559852899,121.0000000000000051559852899,0.4540440141782442888888658734,-0.2403276987809025272572706910,559,0.2075134168157423971377459750,79.00000000000000598746342168,79.00000000000000598746342168,464,0.1982758620689655172413793103,41.99999999999999916852186816,41.99999999999999916852186816,run_1dc880d92b4f4a20844869165b3395d6,ema_pullback:ddeca019a11ebbf8c8c34533
w02-lb090-r4_75,lab_3d_w02_lb_ratio,2,90,4.75,14.25,3.0,8420fb347e623ae9d454d2748e32fe1e828c761a21d305a78d217d7556dfa85e,1020,1020,0.1931372549019607843137254902,1.078037021373187417322767082,112.7500000000000040274100183,112.7500000000000040274100183,0.4608609167789110797364098137,-0.2467984378160774607760900834,559,0.2021466905187835420393559928,90.75000000000000493165892683,90.75000000000000493165892683,461,0.1822125813449023861171366594,21.99999999999999909575109151,21.99999999999999909575109151,run_4ea1a894a198415c835f37faaeec026e,ema_pullback:e9f550da40311a282fbf9ab1
w02-lb090-r5_0,lab_3d_w02_lb_ratio,2,90,5.0,15.0,3.0,8420fb347e623ae9d454d2748e32fe1e828c761a21d305a78d217d7556dfa85e,1012,1012,0.1857707509881422924901185771,1.048903335104835321417864737,115.9999999999999990017231459,115.9999999999999990017231459,0.2463521234617888844937112732,-0.258560823525426850409714499,555,0.1945945945945945945945945946,93.0000000000000071352301643,93.0000000000000071352301643,457,0.1750547045951859956236323851,22.99999999999999186649298135,22.99999999999999186649298135,run_dcf3fdbbe986446ba8d819cff1a4fb6b,ema_pullback:ad4af3593fb7cb2b3da9bf3b
w02-lb095-r2_0,lab_3d_w02_lb_ratio,2,95,2.0,6.0,3.0,8420fb347e623ae9d454d2748e32fe1e828c761a21d305a78d217d7556dfa85e,1045,1045,0.3502392344497607655502392344,1.048971709592248353240929719,52.99999999999999738337735474,52.99999999999999738337735474,0.2352484945382702528334993297,-0.1979700114015713618812538982,570,0.3719298245614035087719298246,65.99999999999999930628561530,65.99999999999999930628561530,475,0.3242105263157894736842105263,-13.00000000000000192290826058,-13.00000000000000192290826058,run_7f619e38c75e472aa3932147004c67c4,ema_pullback:1c04bf00041f25806cbf43bb
w02-lb095-r2_25,lab_3d_w02_lb_ratio,2,95,2.25,6.75,3.0,8420fb347e623ae9d454d2748e32fe1e828c761a21d305a78d217d7556dfa85e,1044,1044,0.3189655172413793103448275862,1.012340274737552195924144399,38.25000000000000193960324761,38.25000000000000193960324761,0.05369752957132061860151371504,-0.2206302477769528582187788900,569,0.3339191564147627416520210896,48.50000000000000234642698942,48.50000000000000234642698942,475,0.3010526315789473684210526316,-10.25000000000000040682374177,-10.25000000000000040682374177,run_a1e68faeb99d4c67a5cb8fae115de70c,ema_pullback:713b5cbb37ee27092fd590de
w02-lb095-r2_5,lab_3d_w02_lb_ratio,2,95,2.5,7.5,3.0,8420fb347e623ae9d454d2748e32fe1e828c761a21d305a78d217d7556dfa85e,1042,1042,0.3023032629558541266794625720,1.056741705367527136100535432,60.50000000000000212816588600,60.50000000000000212816588600,0.2726240270876489931596297402,-0.2013523569760944764228700508,568,0.3116197183098591549295774648,51.50000000000000465702612591,51.50000000000000465702612591,474,0.2911392405063291139240506329,8.999999999999997471139760078,8.999999999999997471139760078,run_241b6883f3524d799533fd44d4e78502,ema_pullback:65f37a927ad8fc6673217788
w02-lb095-r2_75,lab_3d_w02_lb_ratio,2,95,2.75,8.25,3.0,8420fb347e623ae9d454d2748e32fe1e828c761a21d305a78d217d7556dfa85e,1036,1036,0.2924710424710424710424710425,1.107309588470142046539515332,100.2500000000000044102235132,100.2500000000000044102235132,0.5688006575311379990467520271,-0.2033579510722374478346737732,564,0.3014184397163120567375886525,73.50000000000000480629009487,73.50000000000000480629009487,472,0.2817796610169491525423728814,26.74999999999999960393341845,26.74999999999999960393341845,run_02afb0380eef465f828e3d995f639c5d,ema_pullback:6c6e50bacbe58db1c636dcb3
w02-lb095-r3_0,lab_3d_w02_lb_ratio,2,95,3.0,9.0,3.0,8420fb347e623ae9d454d2748e32fe1e828c761a21d305a78d217d7556dfa85e,1033,1033,0.2720232333010648596321393998,1.083270247765587381433302867,91.00000000000000302035141053,91.00000000000000302035141053,0.4280090088661152071106137852,-0.1969330785689750195114276964,563,0.2841918294849023090586145648,77.00000000000000294993735747,77.00000000000000294993735747,470,0.2574468085106382978723404255,14.00000000000000007041405301,14.00000000000000007041405301,run_eee3e57a47554bad96efa73bc0b1f6bf,ema_pullback:648a50a9276f2d0034d07fca
w02-lb095-r3_25,lab_3d_w02_lb_ratio,2,95,3.25,9.75,3.0,8420fb347e623ae9d454d2748e32fe1e828c761a21d305a78d217d7556dfa85e,1029,1029,0.2623906705539358600583090379,1.121170283256999662379237849,118.5000000000000011940365415,118.5000000000000011940365415,0.6868561020829754770486316454,-0.1836147339719545254534153511,561,0.2709447415329768270944741533,85.00000000000000328995143471,85.00000000000000328995143471,468,0.2521367521367521367521367521,33.49999999999999790408510671,33.49999999999999790408510671,run_39a15cc3656a43af88389df91d87d4d2,ema_pullback:93a58a63ece48043dd1904f2
w02-lb095-r3_5,lab_3d_w02_lb_ratio,2,95,3.5,10.5,3.0,8420fb347e623ae9d454d2748e32fe1e828c761a21d305a78d217d7556dfa85e,1022,1022,0.2475538160469667318982387476,1.126448600047147697698752696,116.5000000000000088999549038,116.5000000000000088999549038,0.7667515249950752696500867975,-0.1723972367121400087509677663,559,0.2558139534883720930232558140,84.50000000000000680579372660,84.50000000000000680579372660,463,0.2375809935205183585313174946,32.00000000000000209416117722,32.00000000000000209416117722,run_c4177dcf88b241d2ba966514df9a208f,ema_pullback:bc58c5364dc433104f0f6e68
w02-lb095-r3_75,lab_3d_w02_lb_ratio,2,95,3.75,11.25,3.0,8420fb347e623ae9d454d2748e32fe1e828c761a21d305a78d217d7556dfa85e,1013,1013,0.2369200394866732477788746298,1.121597773313982868020668868,126.9999999999999981214654732,126.9999999999999981214654732,0.7416841528913641077049667987,-0.1884942268439859558445806472,553,0.2423146473779385171790235081,83.49999999999999803975909838,83.49999999999999803975909838,460,0.2304347826086956521739130435,43.50000000000000008170637492,43.50000000000000008170637492,run_f5990213a11e4ea781b30dfb053d1bc1,ema_pullback:cc34def98653561302d841f7
w02-lb095-r4_0,lab_3d_w02_lb_ratio,2,95,4.0,12.0,3.0,8420fb347e623ae9d454d2748e32fe1e828c761a21d305a78d217d7556dfa85e,1007,1007,0.2194637537239324726911618669,1.055043253847039294308268192,97.99999999999999987465778860,97.99999999999999987465778860,0.2805799553139749574332444387,-0.2014210018259875433711792457,549,0.2204007285974499089253187614,56.00000000000000012694557539,56.00000000000000012694557539,458,0.2183406113537117903930131004,41.99999999999999974771221317,41.99999999999999974771221317,run_e90cb45caffc40c1bcf1bc7862fa1edd,ema_pullback:f1483d8ec1c3ce42d9490b96
w02-lb095-r4_25,lab_3d_w02_lb_ratio,2,95,4.25,12.75,3.0,8420fb347e623ae9d454d2748e32fe1e828c761a21d305a78d217d7556dfa85e,1005,1005,0.2149253731343283582089552239,1.090392608043707157857840135,129.0000000000000048350919067,129.0000000000000048350919067,0.5342276816148662460741910982,-0.1849015700394692955325646107,548,0.2153284671532846715328467153,71.50000000000000398136106523,71.50000000000000398136106523,457,0.2144420131291028446389496718,57.50000000000000085373084171,57.50000000000000085373084171,run_4af7dcbee2564869a5bb6aea033f0d72,ema_pullback:5ff1e7edfe8fa30754cb07b9
w02-lb095-r4_5,lab_3d_w02_lb_ratio,2,95,4.5,13.5,3.0,8420fb347e623ae9d454d2748e32fe1e828c761a21d305a78d217d7556dfa85e,995,995,0.2070351758793969849246231156,1.092308551468536340972541392,138.0000000000000042019479044,138.0000000000000042019479044,0.5346120722009111085627369155,-0.2107735482198895463272659444,543,0.2099447513812154696132596685,84.00000000000000503342603638,84.00000000000000503342603638,452,0.2035398230088495575221238938,53.99999999999999916852186813,53.99999999999999916852186813,run_23f1e844dde8417fa1d16acc0079fe4d,ema_pullback:74a30c4405781b2c5cd21a50
w02-lb095-r4_75,lab_3d_w02_lb_ratio,2,95,4.75,14.25,3.0,8420fb347e623ae9d454d2748e32fe1e828c761a21d305a78d217d7556dfa85e,992,992,0.1965725806451612903225806452,1.091230625572288593002896463,129.2500000000000032325540187,129.2500000000000032325540187,0.5355062764261488102227756445,-0.2174960236884972805505517921,543,0.2044198895027624309392265193,95.2500000000000041368029272,95.2500000000000041368029272,449,0.1870824053452115812917594655,33.99999999999999909575109149,33.99999999999999909575109149,run_590e40cc3d1144769789e5c275f884ae,ema_pullback:1348e90b44c726242924a07d
w02-lb095-r5_0,lab_3d_w02_lb_ratio,2,95,5.0,15.0,3.0,8420fb347e623ae9d454d2748e32fe1e828c761a21d305a78d217d7556dfa85e,984,984,0.1890243902439024390243902439,1.061064167600159045013733439,131.9999999999999987823175386,131.9999999999999987823175386,0.3046963346004915593508797296,-0.2297160110737968901495710496,539,0.1966604823747680890538033395,97.0000000000000069158245572,97.0000000000000069158245572,445,0.1797752808988764044943820225,34.99999999999999186649298133,34.99999999999999186649298133,run_f19fd8d6921745bfbb88042a25f4da64,ema_pullback:cbf8512da58374a5fe51d531
w02-lb100-r2_0,lab_3d_w02_lb_ratio,2,100,2.0,6.0,3.0,8420fb347e623ae9d454d2748e32fe1e828c761a21d305a78d217d7556dfa85e,1010,1010,0.3544554455445544554455445545,1.056351392494127044870847960,63.99999999999999749332436889,63.99999999999999749332436889,0.2729124335832110958727085645,-0.1673125711390008896573216307,552,0.3731884057971014492753623188,65.99999999999999949349820029,65.99999999999999949349820029,458,0.3318777292576419213973799127,-2.000000000000002000173831425,-2.000000000000002000173831425,run_14b8c874a94143b1a5af98f245b780b7,ema_pullback:e1260a12a63de824b17c0328
w02-lb100-r2_25,lab_3d_w02_lb_ratio,2,100,2.25,6.75,3.0,8420fb347e623ae9d454d2748e32fe1e828c761a21d305a78d217d7556dfa85e,1009,1009,0.3221010901883052527254707631,1.016802891626604939914495885,47.25000000000000216590098983,47.25000000000000216590098983,0.07357634779798632675140964806,-0.2005615653263141485219855028,551,0.3339382940108892921960072595,47.00000000000000246069085547,47.00000000000000246069085547,458,0.3078602620087336244541484716,0.249999999999999705210134355,0.249999999999999705210134355,run_ee85d1d1f26b426596b20f22c41d9b92,ema_pullback:b122d439741818dc4a01d8b9
w02-lb100-r2_5,lab_3d_w02_lb_ratio,2,100,2.5,7.5,3.0,8420fb347e623ae9d454d2748e32fe1e828c761a21d305a78d217d7556dfa85e,1007,1007,0.3048659384309831181727904667,1.058430178943958426858384913,67.50000000000000202400886633,67.50000000000000202400886633,0.2820358623705788454015020223,-0.1800407627323005330764956585,550,0.3109090909090909090909090909,48.50000000000000454514415124,48.50000000000000454514415124,457,0.2975929978118161925601750547,18.99999999999999747886471504,18.99999999999999747886471504,run_575f5ad8d17946ce915f04a1029dcf67,ema_pullback:b3c497cd24c898c9b360d836
w02-lb100-r2_75,lab_3d_w02_lb_ratio,2,100,2.75,8.25,3.0,8420fb347e623ae9d454d2748e32fe1e828c761a21d305a78d217d7556dfa85e,1003,1003,0.2941176470588235294117647059,1.102501127386920840262442153,103.2500000000000043680986148,103.2500000000000043680986148,0.543550926142198205525462558,-0.2028479828999758147464773332,548,0.2992700729927007299270072993,67.00000000000000479893350182,67.00000000000000479893350182,455,0.2879120879120879120879120879,36.24999999999999956916511312,36.24999999999999956916511312,run_30fa65b466af49e786e2875225cf11f4,ema_pullback:93e672ce43205e2fb363f72a
w02-lb100-r3_0,lab_3d_w02_lb_ratio,2,100,3.0,9.0,3.0,8420fb347e623ae9d454d2748e32fe1e828c761a21d305a78d217d7556dfa85e,1000,1000,0.273,1.075853786409963572260083008,92.00000000000000345882421501,92.00000000000000345882421501,0.3892732886028692870174018636,-0.2026116944652919757121617302,547,0.2815356489945155393053016453,69.00000000000000334205242157,69.00000000000000334205242157,453,0.2626931567328918322295805740,23.00000000000000011677179343,23.00000000000000011677179343,run_9de567ccfbc94a0b8d5e61fef182c646,ema_pullback:1ba901f6646d59a593d2ae67
w02-lb100-r3_25,lab_3d_w02_lb_ratio,2,100,3.25,9.75,3.0,8420fb347e623ae9d454d2748e32fe1e828c761a21d305a78d217d7556dfa85e,997,997,0.2637913741223671013039117352,1.113362318154487345065627630,120.7500000000000016191466458,120.7500000000000016191466458,0.6403912090901154954681774276,-0.1764533359470125036716793468,546,0.2692307692307692307692307692,78.75000000000000304671074621,78.75000000000000304671074621,451,0.2572062084257206208425720621,41.99999999999999857243589939,41.99999999999999857243589939,run_d7813dcf3fdf44269c50e41336bf58a8,ema_pullback:b881ffed0a33bd91bf63c1c9
w02-lb100-r3_5,lab_3d_w02_lb_ratio,2,100,3.5,10.5,3.0,8420fb347e623ae9d454d2748e32fe1e828c761a21d305a78d217d7556dfa85e,991,991,0.2492431886982845610494450050,1.131946971557542334855004425,120.5000000000000086152540645,120.5000000000000086152540645,0.7973754374818422582562003092,-0.1655276025725254581264397242,545,0.2532110091743119266055045872,76.00000000000000642837340121,76.00000000000000642837340121,446,0.2443946188340807174887892377,44.50000000000000218688066328,44.50000000000000218688066328,run_381548b18bbb4b5fba5b8480c8880d47,ema_pullback:7f40eaf72f1832e16b53ca2c
w02-lb100-r3_75,lab_3d_w02_lb_ratio,2,100,3.75,11.25,3.0,8420fb347e623ae9d454d2748e32fe1e828c761a21d305a78d217d7556dfa85e,983,983,0.2380467955239064089521871821,1.124097416985920305071394383,128.4999999999999988573637524,128.4999999999999988573637524,0.7514621798423389162534805449,-0.1884942268439859558445806461,539,0.2393320964749536178107606679,73.74999999999999900745609252,73.74999999999999900745609252,444,0.2364864864864864864864864865,54.74999999999999984990765970,54.74999999999999984990765970,run_76305faf46fa43deb779a6fe1785bd75,ema_pullback:fe4995874571d33d7f3bb087
w02-lb100-r4_0,lab_3d_w02_lb_ratio,2,100,4.0,12.0,3.0,8420fb347e623ae9d454d2748e32fe1e828c761a21d305a78d217d7556dfa85e,977,977,0.2210849539406345957011258956,1.064546999648320940212386991,103.0000000000000001563634727,103.0000000000000001563634727,0.3261558670934738584854713161,-0.1914042014199892599164652771,535,0.2186915887850467289719626168,50.00000000000000050137074543,50.00000000000000050137074543,442,0.2239819004524886877828054299,52.99999999999999965499272714,52.99999999999999965499272714,run_398ea771810042ab9adb342868f3af96,ema_pullback:babb250db3104bc87dfc594b
w02-lb100-r4_25,lab_3d_w02_lb_ratio,2,100,4.25,12.75,3.0,8420fb347e623ae9d454d2748e32fe1e828c761a21d305a78d217d7556dfa85e,975,975,0.2164102564102564102564102564,1.099286768364766956111026945,132.7500000000000057583321093,132.7500000000000057583321093,0.5801729653212216008179529476,-0.1746775617662413254490094131,534,0.2134831460674157303370786517,64.50000000000000485824152468,64.50000000000000485824152468,441,0.2199546485260770975056689342,68.25000000000000090009058477,68.25000000000000090009058477,run_c9623b88f82f40a49f0146b427d03eb6,ema_pullback:b6b38a67814597fbc220f567
w02-lb100-r4_5,lab_3d_w02_lb_ratio,2,100,4.5,13.5,3.0,8420fb347e623ae9d454d2748e32fe1e828c761a21d305a78d217d7556dfa85e,968,968,0.2066115702479338842975206612,1.092672507795634224801804753,132.0000000000000050872216559,132.0000000000000050872216559,0.528525973852739195448683265,-0.2008740594270563535015286349,531,0.2052730696798493408662900188,68.50000000000000619685824634,68.50000000000000619685824634,437,0.2082379862700228832951945080,63.49999999999999889036340985,63.49999999999999889036340985,run_8611844facd9418ea3e7a8114b6b8662,ema_pullback:a39e490e5631ec4307daf782
w02-lb100-r4_75,lab_3d_w02_lb_ratio,2,100,4.75,14.25,3.0,8420fb347e623ae9d454d2748e32fe1e828c761a21d305a78d217d7556dfa85e,966,966,0.1966873706004140786749482402,1.100211912594655760802490054,126.5000000000000034174814935,126.5000000000000034174814935,0.5945740301719845089540082648,-0.2076808567913778921000808299,531,0.1996233521657250470809792844,78.50000000000000432173040203,78.50000000000000432173040203,435,0.1931034482758620689655172414,47.99999999999999909575109153,47.99999999999999909575109153,run_30098d34738c4b83aa9dd62c35e59511,ema_pullback:69ca4c313174c4f22375a589
w02-lb100-r5_0,lab_3d_w02_lb_ratio,2,100,5.0,15.0,3.0,8420fb347e623ae9d454d2748e32fe1e828c761a21d305a78d217d7556dfa85e,960,960,0.1885416666666666666666666667,1.063984426629239691262176389,125.9999999999999982995425026,125.9999999999999982995425026,0.3230145978449050460397321992,-0.2309213754860540023699159795,527,0.1916508538899430740037950664,79.00000000000000643304952141,79.00000000000000643304952141,433,0.1847575057736720554272517321,46.99999999999999186649298133,46.99999999999999186649298133,run_a664983d4b4d48d197952ead99100b78,ema_pullback:db5588cd5aa8b2af2c195c06
w02-lb105-r2_0,lab_3d_w02_lb_ratio,2,105,2.0,6.0,3.0,8420fb347e623ae9d454d2748e32fe1e828c761a21d305a78d217d7556dfa85e,978,978,0.3568507157464212678936605317,1.069483207404822596213998850,68.99999999999999760418679126,68.99999999999999760418679126,0.3298220082732921331811256334,-0.1641470416017061175698887218,535,0.3775700934579439252336448598,70.99999999999999964159375692,70.99999999999999964159375692,443,0.3318284424379232505643340858,-2.000000000000002037406965635,-2.000000000000002037406965635,run_702772f8130d47d89ab36c8d6e7667b3,ema_pullback:f10f4c4460ea11a6c168a0ea
w02-lb105-r2_25,lab_3d_w02_lb_ratio,2,105,2.25,6.75,3.0,8420fb347e623ae9d454d2748e32fe1e828c761a21d305a78d217d7556dfa85e,977,977,0.3244626407369498464687819857,1.028546080376626181241695616,53.25000000000000306247247139,53.25000000000000306247247139,0.1225901760202637957945816346,-0.1822007777384107391625970907,534,0.3370786516853932584269662921,51.00000000000000318085419070,51.00000000000000318085419070,443,0.3092550790067720090293453725,2.249999999999999881618280578,2.249999999999999881618280578,run_7ef3aa68d8ee49b385ca5ea80cea3bd5,ema_pullback:2db8846196a827810ba0a051
w02-lb105-r2_5,lab_3d_w02_lb_ratio,2,105,2.5,7.5,3.0,8420fb347e623ae9d454d2748e32fe1e828c761a21d305a78d217d7556dfa85e,975,975,0.3076923076923076923076923077,1.070607089464232883364664367,75.00000000000000266846232993,75.00000000000000266846232993,0.3332870731433637208076743401,-0.1646794974586580640094124772,533,0.3133208255159474671669793621,51.50000000000000517581564698,51.50000000000000517581564698,442,0.3009049773755656108597285068,23.49999999999999749264668290,23.49999999999999749264668290,run_f0ea061631f845adbda8c55ab995547a,ema_pullback:3500abb977f27f25f0dba47c
w02-lb105-r2_75,lab_3d_w02_lb_ratio,2,105,2.75,8.25,3.0,8420fb347e623ae9d454d2748e32fe1e828c761a21d305a78d217d7556dfa85e,971,971,0.2976313079299691040164778579,1.117262572740134286413492257,112.7500000000000051263027292,112.7500000000000051263027292,0.6092684188915387725804792371,-0.1765309699752780181368679258,531,0.3013182674199623352165725047,69.00000000000000565500253745,69.00000000000000565500253745,440,0.2931818181818181818181818182,43.74999999999999947130019186,43.74999999999999947130019186,run_4535971fdaf94a799ac5f10de91e23a5,ema_pullback:7acf4b159e71ed77ed90755d
w02-lb105-r3_0,lab_3d_w02_lb_ratio,2,105,3.0,9.0,3.0,8420fb347e623ae9d454d2748e32fe1e828c761a21d305a78d217d7556dfa85e,969,969,0.2776057791537667698658410733,1.102742924362629451643131920,107.0000000000000040024895901,107.0000000000000040024895901,0.5344571610345145867693347114,-0.1742648176569042906954262388,531,0.2862523540489642184557438795,77.00000000000000366434294783,77.00000000000000366434294783,438,0.2671232876712328767123287671,30.00000000000000033814664230,30.00000000000000033814664230,run_3420bc6b88704c039515ceba323bfa42,ema_pullback:0df7613085180495c64d352d
w02-lb105-r3_25,lab_3d_w02_lb_ratio,2,105,3.25,9.75,3.0,8420fb347e623ae9d454d2748e32fe1e828c761a21d305a78d217d7556dfa85e,966,966,0.2681159420289855072463768116,1.139874004732601992237806994,134.7500000000000019743958303,134.7500000000000019743958303,0.8003851892473118493535464076,-0.1692610297784424100395276032,530,0.2735849056603773584905660377,86.25000000000000354300746525,86.25000000000000354300746525,436,0.2614678899082568807339449541,48.49999999999999843138836485,48.49999999999999843138836485,run_08f26bffa67246c88147a857f4aa0112,ema_pullback:32c271158ce971519c3a25f3
w02-lb105-r3_5,lab_3d_w02_lb_ratio,2,105,3.5,10.5,3.0,8420fb347e623ae9d454d2748e32fe1e828c761a21d305a78d217d7556dfa85e,963,963,0.2523364485981308411214953271,1.149002837646155930870489942,130.5000000000000089555005897,130.5000000000000089555005897,0.9049148014887314396177861231,-0.1655276025725254581264397256,530,0.2566037735849056603773584906,82.00000000000000645409526040,82.00000000000000645409526040,433,0.2471131639722863741339491917,48.50000000000000250140532961,48.50000000000000250140532961,run_232dfcb0fa5e4afd90169d198f54e434,ema_pullback:4511e2b1b6f58d9ee1002887
w02-lb105-r3_75,lab_3d_w02_lb_ratio,2,105,3.75,11.25,3.0,8420fb347e623ae9d454d2748e32fe1e828c761a21d305a78d217d7556dfa85e,955,955,0.2408376963350785340314136126,1.139244514378793463757878088,137.4999999999999996050585018,137.4999999999999996050585018,0.8445897384826822926785805697,-0.1778959352762556859439440338,524,0.2423664122137404580152671756,79.24999999999999939405126686,79.24999999999999939405126686,431,0.2389791183294663573085846868,58.25000000000000021100723475,58.25000000000000021100723475,run_5d8f110cbecf4c1cac6cad8de4b99c03,ema_pullback:3555b1e59103572752ffd426
w02-lb105-r4_0,lab_3d_w02_lb_ratio,2,105,4.0,12.0,3.0,8420fb347e623ae9d454d2748e32fe1e828c761a21d305a78d217d7556dfa85e,951,951,0.2229232386961093585699263933,1.074598869149987206880554423,109.0000000000000001226110670,109.0000000000000001226110670,0.3755580159681164017347284244,-0.1825955850153963174998993443,521,0.2207293666026871401151631478,54.00000000000000050137074543,54.00000000000000050137074543,430,0.2255813953488372093023255814,54.99999999999999962124032152,54.99999999999999962124032152,run_21b1247dae574bdfbc11b9731eb3ad9e,ema_pullback:064b8904a4efbf7d282eb212
w02-lb105-r4_25,lab_3d_w02_lb_ratio,2,105,4.25,12.75,3.0,8420fb347e623ae9d454d2748e32fe1e828c761a21d305a78d217d7556dfa85e,949,949,0.2191780821917808219178082192,1.119164189189434947417396711,143.0000000000000056402308895,143.0000000000000056402308895,0.6919660866007697379811310618,-0.1687528704903868778945259759,520,0.2153846153846153846153846154,68.00000000000000476140090955,68.00000000000000476140090955,429,0.2237762237762237762237762238,75.00000000000000087882998020,75.00000000000000087882998020,run_6f30f82d551e4cf0a31738e39dd6568a,ema_pullback:ff19e02027d8a3a2d1840d33
w02-lb105-r4_5,lab_3d_w02_lb_ratio,2,105,4.5,13.5,3.0,8420fb347e623ae9d454d2748e32fe1e828c761a21d305a78d217d7556dfa85e,942,942,0.2091295116772823779193205945,1.111380098074044475468006152,141.5000000000000057496647909,141.5000000000000057496647909,0.6293357309341326775994756352,-0.1849399415438731652427611008,517,0.2069632495164410058027079304,71.50000000000000673173775425,71.50000000000000673173775425,425,0.2117647058823529411764705882,69.99999999999999901792703715,69.99999999999999901792703715,run_3ed67f969cd04211bf68aebc1f1688ed,ema_pullback:2bbad2e384b6375ed40feaf2
w02-lb105-r4_75,lab_3d_w02_lb_ratio,2,105,4.75,14.25,3.0,8420fb347e623ae9d454d2748e32fe1e828c761a21d305a78d217d7556dfa85e,940,940,0.1989361702127659574468085106,1.118049716338092931691674709,135.2500000000000038421536860,135.2500000000000038421536860,0.6921441949021883732550885206,-0.1921935972275276276868662193,517,0.2011605415860735009671179884,81.00000000000000447001473561,81.00000000000000447001473561,423,0.1962174940898345153664302600,54.24999999999999937213895050,54.24999999999999937213895050,run_e2f92af69e7b445c99b3d88f01f36f67,ema_pullback:38b0710fba89565cf7ad71f8
w02-lb105-r5_0,lab_3d_w02_lb_ratio,2,105,5.0,15.0,3.0,8420fb347e623ae9d454d2748e32fe1e828c761a21d305a78d217d7556dfa85e,935,935,0.1903743315508021390374331551,1.077061996051818890506879104,132.9999999999999990470451197,132.9999999999999990470451197,0.3796890875726154312402343195,-0.2232732235511070436254989308,514,0.1926070038910505836575875486,80.00000000000000675534004769,80.00000000000000675534004769,421,0.1876484560570071258907363420,52.99999999999999229170507208,52.99999999999999229170507208,run_903b7b0ad6334a8eb91d8d16e37687d6,ema_pullback:a9a6d9fce0c369b1912ceba5
w02-lb110-r2_0,lab_3d_w02_lb_ratio,2,110,2.0,6.0,3.0,8420fb347e623ae9d454d2748e32fe1e828c761a21d305a78d217d7556dfa85e,943,943,0.3563096500530222693531283139,1.062468317501530808030130373,64.99999999999999768400588699,64.99999999999999768400588699,0.2768400946934552040204702512,-0.1557682358992220748490506681,518,0.3822393822393822393822393822,75.99999999999999949225960231,75.99999999999999949225960231,425,0.3247058823529411764705882353,-11.00000000000000180825371532,-11.00000000000000180825371532,run_49e16bdfaffe4ef4865916f5d93f4d35,ema_pullback:cb1b891ee3da5747b7b749a9
w02-lb110-r2_25,lab_3d_w02_lb_ratio,2,110,2.25,6.75,3.0,8420fb347e623ae9d454d2748e32fe1e828c761a21d305a78d217d7556dfa85e,942,942,0.3237791932059447983014861996,1.018862245884870246666042052,49.25000000000000202186536269,49.25000000000000202186536269,0.07570352747487509641072639726,-0.1726532911369494993545114155,517,0.3423597678916827852998065764,58.25000000000000265457901541,58.25000000000000265457901541,425,0.3011764705882352941176470588,-9.000000000000000632713652730,-9.000000000000000632713652730,run_accf6ed0083a433b905c98e76922188e,ema_pullback:77e1293ed1ada05f65a49fd4
w02-lb110-r2_5,lab_3d_w02_lb_ratio,2,110,2.5,7.5,3.0,8420fb347e623ae9d454d2748e32fe1e828c761a21d305a78d217d7556dfa85e,940,940,0.3063829787234042553191489362,1.057405648868390814857540043,68.00000000000000197464391211,68.00000000000000197464391211,0.2498591157721668467962917379,-0.1610298290316748820985130339,516,0.3178294573643410852713178295,58.00000000000000524306937015,58.00000000000000524306937015,424,0.2924528301886792452830188679,9.999999999999996731574541928,9.999999999999996731574541928,run_6938fdb94b88495f9f2b21f7517f76c0,ema_pullback:b72fa8f4c512047732dd7fea
w02-lb110-r2_75,lab_3d_w02_lb_ratio,2,110,2.75,8.25,3.0,8420fb347e623ae9d454d2748e32fe1e828c761a21d305a78d217d7556dfa85e,936,936,0.2959401709401709401709401709,1.100775719466969086129761617,102.7500000000000049074343903,102.7500000000000049074343903,0.4759274796948454222517526617,-0.1669172905820192150225367957,514,0.3054474708171206225680933852,74.75000000000000497617701142,74.75000000000000497617701142,422,0.2843601895734597156398104265,27.99999999999999993125737905,27.99999999999999993125737905,run_948f029539dc41529ce36214e12d97c1,ema_pullback:aa07b4250c4ce27ebe139c62
w02-lb110-r3_0,lab_3d_w02_lb_ratio,2,110,3.0,9.0,3.0,8420fb347e623ae9d454d2748e32fe1e828c761a21d305a78d217d7556dfa85e,935,935,0.2759358288770053475935828877,1.088916414130199346043945061,97.00000000000000321058351743,97.00000000000000321058351743,0.4260436863877721498432213285,-0.1686477668656970374810477145,514,0.2898832684824902723735408560,82.00000000000000352983550151,82.00000000000000352983550151,421,0.2589073634204275534441805226,14.99999999999999968074801588,14.99999999999999968074801588,run_5017fb9bb2444c10aa57a229e598a76e,ema_pullback:c6fb0fe80b763612153d38b0
w02-lb110-r3_25,lab_3d_w02_lb_ratio,2,110,3.25,9.75,3.0,8420fb347e623ae9d454d2748e32fe1e828c761a21d305a78d217d7556dfa85e,933,933,0.2658092175777063236870310825,1.121415601322262836126440299,121.0000000000000014927570037,121.0000000000000014927570037,0.6299712214024807016932412398,-0.1595068735246044102242119531,513,0.2768031189083820662768031189,90.50000000000000320045055509,90.50000000000000320045055509,420,0.2523809523809523809523809524,30.49999999999999829230644842,30.49999999999999829230644842,run_0fdc627970264609808248099fef46cd,ema_pullback:13bb72e4fdb121c591a46900
w02-lb110-r3_5,lab_3d_w02_lb_ratio,2,110,3.5,10.5,3.0,8420fb347e623ae9d454d2748e32fe1e828c761a21d305a78d217d7556dfa85e,930,930,0.2505376344086021505376344086,1.132662401460128366138767231,118.5000000000000077102264910,118.5000000000000077102264910,0.7242641829655184919509842475,-0.1557854631612218693604053715,513,0.2592592592592592592592592593,85.50000000000000613605235611,85.50000000000000613605235611,417,0.2398081534772182254196642686,33.00000000000000157417413492,33.00000000000000157417413492,run_693fd1a31d2c4d7480b86e1bc5abc54e,ema_pullback:1a5846c59d86284b3dc7f986
w02-lb110-r3_75,lab_3d_w02_lb_ratio,2,110,3.75,11.25,3.0,8420fb347e623ae9d454d2748e32fe1e828c761a21d305a78d217d7556dfa85e,924,924,0.2402597402597402597402597403,1.142764394962666692527144160,130.4999999999999996246311784,130.4999999999999996246311784,0.8349672534439060014607137382,-0.1682981913199205135209071798,508,0.2440944881889763779527559055,80.99999999999999936953726105,80.99999999999999936953726105,416,0.2355769230769230769230769231,49.50000000000000025509391718,49.50000000000000025509391718,run_41b116339f224ef3a391be143814157c,ema_pullback:4d14b12521aec28d6ecad0af
w02-lb110-r4_0,lab_3d_w02_lb_ratio,2,110,4.0,12.0,3.0,8420fb347e623ae9d454d2748e32fe1e828c761a21d305a78d217d7556dfa85e,920,920,0.2228260869565217391304347826,1.077430218245665043928996693,105.0000000000000001272052716,105.0000000000000001272052716,0.3746158998728733310436282315,-0.1723206866306656893668020277,505,0.2217821782178217821782178218,55.00000000000000050137074541,55.00000000000000050137074541,415,0.2240963855421686746987951807,49.99999999999999962583452618,49.99999999999999962583452618,run_fc3abb20cecc4005acfea5111de3062c,ema_pullback:7ebfced4ec0049a90a5bb86d
w02-lb110-r4_25,lab_3d_w02_lb_ratio,2,110,4.25,12.75,3.0,8420fb347e623ae9d454d2748e32fe1e828c761a21d305a78d217d7556dfa85e,918,918,0.2189542483660130718954248366,1.121571794785931487419189119,137.2500000000000046405291572,137.2500000000000046405291572,0.6745593053049590896796114059,-0.1586796285243541560437831196,504,0.2162698412698412698412698413,68.25000000000000403354737186,68.25000000000000403354737186,414,0.2222222222222222222222222222,69.00000000000000060698178573,69.00000000000000060698178573,run_871755b4a2a048e593af7ef0f1aac7ff,ema_pullback:3827d9488e8eafde58b39962
w02-lb110-r4_5,lab_3d_w02_lb_ratio,2,110,4.5,13.5,3.0,8420fb347e623ae9d454d2748e32fe1e828c761a21d305a78d217d7556dfa85e,912,912,0.2094298245614035087719298246,1.115462638468334403052270448,138.5000000000000036628003464,138.5000000000000036628003464,0.629595868056720953783747291,-0.1708822085609342038074057729,501,0.2075848303393213572854291417,71.00000000000000499036843700,71.00000000000000499036843700,411,0.2116788321167883211678832117,67.49999999999999867243190987,67.49999999999999867243190987,run_6cc994d0b87f4ab197e881e1c3281b71,ema_pullback:72e56e30a86e1807d1fea008
w02-lb110-r4_75,lab_3d_w02_lb_ratio,2,110,4.75,14.25,3.0,8420fb347e623ae9d454d2748e32fe1e828c761a21d305a78d217d7556dfa85e,910,910,0.1989010989010989010989010989,1.120529308660906817605310472,130.7500000000000026375505760,130.7500000000000026375505760,0.6784512108907298608788848968,-0.1724899760842185088767079110,501,0.2015968063872255489021956088,79.75000000000000280941492107,79.75000000000000280941492107,409,0.1955990220048899755501222494,50.99999999999999982813565490,50.99999999999999982813565490,run_2bc7f31e1ba64ef597bc1331b9f044f7,ema_pullback:98bcc621532b1b177d3a47b7
w02-lb110-r5_0,lab_3d_w02_lb_ratio,2,110,5.0,15.0,3.0,8420fb347e623ae9d454d2748e32fe1e828c761a21d305a78d217d7556dfa85e,905,905,0.1900552486187845303867403315,1.075799829082998075020146354,126.9999999999999990851849604,126.9999999999999990851849604,0.3572517772795565696687371495,-0.2232732235511070436254989334,498,0.1927710843373493975903614458,78.00000000000000742787727941,78.00000000000000742787727941,407,0.1867321867321867321867321867,48.99999999999999165730768108,48.99999999999999165730768108,run_aae8de12d8fb409fb1b6f65e42586328,ema_pullback:9a717378cee59124028cbbbb
w02-lb115-r2_0,lab_3d_w02_lb_ratio,2,115,2.0,6.0,3.0,8420fb347e623ae9d454d2748e32fe1e828c761a21d305a78d217d7556dfa85e,913,913,0.3592552026286966046002190581,1.083104931395797623142104369,70.99999999999999766602310193,70.99999999999999766602310193,0.3781830315559563357479079595,-0.1482719779710374393559428099,500,0.384,75.99999999999999960944726221,75.99999999999999960944726221,413,0.3292978208232445520581113801,-5.000000000000001943424160239,-5.000000000000001943424160239,run_8216edcc5fd54239ab6628a0136f219e,ema_pullback:a6385016ce48a6c2bc820083
w02-lb115-r2_25,lab_3d_w02_lb_ratio,2,115,2.25,6.75,3.0,8420fb347e623ae9d454d2748e32fe1e828c761a21d305a78d217d7556dfa85e,912,912,0.3256578947368421052631578947,1.036861412448872281545028796,53.25000000000000194022664293,53.25000000000000194022664293,0.1514671393678235093444320331,-0.1574711147663258626238404182,499,0.3426853707414829659318637275,56.75000000000000263027716301,56.75000000000000263027716301,413,0.3050847457627118644067796610,-3.500000000000000690050520131,-3.500000000000000690050520131,run_9122bf738f364c57bd233071245b006c,ema_pullback:4b2ffccfa2d92958eb4dd14a
w02-lb115-r2_5,lab_3d_w02_lb_ratio,2,115,2.5,7.5,3.0,8420fb347e623ae9d454d2748e32fe1e828c761a21d305a78d217d7556dfa85e,911,911,0.3073545554335894621295279912,1.070628503006890027688347605,69.00000000000000215784482941,69.00000000000000215784482941,0.3148360910405848481719069277,-0.1575196012487295139509027492,498,0.3172690763052208835341365462,55.00000000000000550955168065,55.00000000000000550955168065,413,0.2953995157384987893462469734,13.99999999999999664829314875,13.99999999999999664829314875,run_7b675c5ea9024bdab22effea04f8a20d,ema_pullback:03965b5b11cea0bd32d56091
w02-lb115-r2_75,lab_3d_w02_lb_ratio,2,115,2.75,8.25,3.0,8420fb347e623ae9d454d2748e32fe1e828c761a21d305a78d217d7556dfa85e,907,907,0.2965821389195148842337375965,1.111817196745642939968580959,101.7500000000000050001322503,101.7500000000000050001322503,0.5398289991347226307230628459,-0.1732419600374834976398773610,496,0.3044354838709677419354838710,70.25000000000000537605591839,70.25000000000000537605591839,411,0.2871046228710462287104622871,31.49999999999999962407633203,31.49999999999999962407633203,run_8233728790874eda8f1115cdfb1ed910,ema_pullback:a1b01707e5bc7e0cd757bd99
w02-lb115-r3_0,lab_3d_w02_lb_ratio,2,115,3.0,9.0,3.0,8420fb347e623ae9d454d2748e32fe1e828c761a21d305a78d217d7556dfa85e,906,906,0.2759381898454746136865342163,1.097277767490872890128723414,94.00000000000000352215557033,94.00000000000000352215557033,0.475507384185309690880782416,-0.1749016765037826990196306993,496,0.2883064516129032258064516129,76.00000000000000353967432310,76.00000000000000353967432310,410,0.2609756097560975609756097561,17.99999999999999998248124726,17.99999999999999998248124726,run_bc448e8c839d410582ac71eb309475fb,ema_pullback:b9e80de421ffb4d93baa1481
w02-lb115-r3_25,lab_3d_w02_lb_ratio,2,115,3.25,9.75,3.0,8420fb347e623ae9d454d2748e32fe1e828c761a21d305a78d217d7556dfa85e,904,904,0.2654867256637168141592920354,1.127402558818284944252511696,116.0000000000000023888919528,116.0000000000000023888919528,0.6726062892856296618474176368,-0.1603319363708725944047632289,495,0.2747474747474747474747474747,83.00000000000000385218914027,83.00000000000000385218914027,409,0.2542787286063569682151589242,32.99999999999999853670281244,32.99999999999999853670281244,run_cb90517e487c423ab73df4bf602785c8,ema_pullback:f7520c1b77c4ddbcb8da7eaa
w02-lb115-r3_5,lab_3d_w02_lb_ratio,2,115,3.5,10.5,3.0,8420fb347e623ae9d454d2748e32fe1e828c761a21d305a78d217d7556dfa85e,901,901,0.2497225305216426193118756937,1.136269724848859301707533429,111.5000000000000083148013088,111.5000000000000083148013088,0.7547973407738157899013284344,-0.1557854631612218693604053682,495,0.2565656565656565656565656566,76.50000000000000655356767734,76.50000000000000655356767734,406,0.2413793103448275862068965517,35.00000000000000176123363151,35.00000000000000176123363151,run_c5181afaeb15452db4152b807e4e40d7,ema_pullback:5b93c649d7d17cb717657054
w02-lb115-r3_75,lab_3d_w02_lb_ratio,2,115,3.75,11.25,3.0,8420fb347e623ae9d454d2748e32fe1e828c761a21d305a78d217d7556dfa85e,897,897,0.2385730211817168338907469342,1.140205519864735287338011776,119.5000000000000008564762127,119.5000000000000008564762127,0.8248928690657992750116370531,-0.1520532309724405073182494341,492,0.2398373983739837398373983740,68.50000000000000047165966616,68.50000000000000047165966616,405,0.2370370370370370370370370370,51.00000000000000038481654648,51.00000000000000038481654648,run_15389f6f9363439d884ecbdf1affa67d,ema_pullback:10665b51b8aa67bd4b52417e
w02-lb115-r4_0,lab_3d_w02_lb_ratio,2,115,4.0,12.0,3.0,8420fb347e623ae9d454d2748e32fe1e828c761a21d305a78d217d7556dfa85e,894,894,0.2225950782997762863534675615,1.084892788851198561447934482,100.9999999999999999477541273,100.9999999999999999477541273,0.4134359300869808395814789858,-0.1902237892157031920593070553,490,0.2204081632653061224489795918,50.00000000000000059226049083,50.00000000000000059226049083,404,0.2252475247524752475247524752,50.99999999999999935549363632,50.99999999999999935549363632,run_5304f7e7908d4d3d80a9000609c36fd4,ema_pullback:93ee5683313c4c0691bc05e0
w02-lb115-r4_25,lab_3d_w02_lb_ratio,2,115,4.25,12.75,3.0,8420fb347e623ae9d454d2748e32fe1e828c761a21d305a78d217d7556dfa85e,893,893,0.2183650615901455767077267637,1.126816451436958182095699340,130.7500000000000045134346523,130.7500000000000045134346523,0.7056582515760877881188752625,-0.1732814570652678543245105398,489,0.2147239263803680981595092025,62.25000000000000423413062424,62.25000000000000423413062424,404,0.2227722772277227722772277228,68.50000000000000027930402851,68.50000000000000027930402851,run_bd13107cbe6c4f7dbf25b1bafaaae091,ema_pullback:9cac6f1e405324bbec9a743e
w02-lb115-r4_5,lab_3d_w02_lb_ratio,2,115,4.5,13.5,3.0,8420fb347e623ae9d454d2748e32fe1e828c761a21d305a78d217d7556dfa85e,887,887,0.2085682074408117249154453213,1.119191123580047679279646567,130.5000000000000041100125732,130.5000000000000041100125732,0.6500732650957279160770289151,-0.1958691240318506618640141233,486,0.2057613168724279835390946502,64.00000000000000548466917590,64.00000000000000548466917590,401,0.2119700748129675810473815461,66.49999999999999862534339763,66.49999999999999862534339763,run_0ca767c1c8c742dea89e9ec22a1097b4,ema_pullback:f89103a8657ecb73341951a6
w02-lb115-r4_75,lab_3d_w02_lb_ratio,2,115,4.75,14.25,3.0,8420fb347e623ae9d454d2748e32fe1e828c761a21d305a78d217d7556dfa85e,885,885,0.1977401129943502824858757062,1.122795573409169021449565348,121.2500000000000040999680290,121.2500000000000040999680290,0.6895332514832555355327526469,-0.1966841042597729232208800219,486,0.1995884773662551440329218107,71.75000000000000438105829317,71.75000000000000438105829317,399,0.1954887218045112781954887218,49.49999999999999971890973586,49.49999999999999971890973586,run_9416c6a029404ead81691d86d8a99127,ema_pullback:f3a975927034a06eeb296061
w02-lb115-r5_0,lab_3d_w02_lb_ratio,2,115,5.0,15.0,3.0,8420fb347e623ae9d454d2748e32fe1e828c761a21d305a78d217d7556dfa85e,881,881,0.1895573212258796821793416572,1.082490088416828226154434919,120.9999999999999999350610680,120.9999999999999999350610680,0.3903126590758877553591337587,-0.2231378850477681160449009413,484,0.1921487603305785123966942149,74.00000000000000844431617328,74.00000000000000844431617328,397,0.1863979848866498740554156171,46.99999999999999149074489461,46.99999999999999149074489461,run_c341914515a043c29a54b00de8f5e492,ema_pullback:8ca5f4ffc4084db33f0b2e3a
w02-lb120-r2_0,lab_3d_w02_lb_ratio,2,120,2.0,6.0,3.0,8420fb347e623ae9d454d2748e32fe1e828c761a21d305a78d217d7556dfa85e,881,881,0.3632236095346197502837684449,1.110190881057327541845445048,78.99999999999999765376235901,78.99999999999999765376235901,0.4941075453766922270914823939,-0.1284593880420254597026718067,483,0.3913043478260869565217391304,83.99999999999999960944726221,83.99999999999999960944726221,398,0.3291457286432160804020100503,-5.000000000000001955684903211,-5.000000000000001955684903211,run_329f365a60374ec2af8b38842d32582c,ema_pullback:67311d5a45c4a5a69b7b5bdf
w02-lb120-r2_25,lab_3d_w02_lb_ratio,2,120,2.25,6.75,3.0,8420fb347e623ae9d454d2748e32fe1e828c761a21d305a78d217d7556dfa85e,880,880,0.3284090909090909090909090909,1.058043686665100711620870528,59.25000000000000171294000943,59.25000000000000171294000943,0.2345895464927432308962867436,-0.1587587313988616461566215844,482,0.3485477178423236514522821577,64.00000000000000238404356078,64.00000000000000238404356078,398,0.3040201005025125628140703518,-4.750000000000000671103551339,-4.750000000000000671103551339,run_db6a5e65360f4724a8bbd1f0dd0e10fe,ema_pullback:e0681f932ef41f74a129ff1f
w02-lb120-r2_5,lab_3d_w02_lb_ratio,2,120,2.5,7.5,3.0,8420fb347e623ae9d454d2748e32fe1e828c761a21d305a78d217d7556dfa85e,879,879,0.3094425483503981797497155859,1.090246772989603198699850766,73.00000000000000160045845914,73.00000000000000160045845914,0.3942739028526476574524145179,-0.1535270791443029141521614628,481,0.3222453222453222453222453222,61.50000000000000516968741542,61.50000000000000516968741542,398,0.2939698492462311557788944724,11.49999999999999643077104368,11.49999999999999643077104368,run_8d840ff947aa4433866da66713de079a,ema_pullback:281910a1e7014d6fcdff064d
w02-lb120-r2_75,lab_3d_w02_lb_ratio,2,120,2.75,8.25,3.0,8420fb347e623ae9d454d2748e32fe1e828c761a21d305a78d217d7556dfa85e,875,875,0.2982857142857142857142857143,1.130436255142111491500953804,103.7500000000000047926792119,103.7500000000000047926792119,0.6149672262388952619474955583,-0.1709421204977875584394987902,479,0.3089770354906054279749478079,76.00000000000000458481895783,76.00000000000000458481895783,396,0.2853535353535353535353535354,27.75000000000000020786025414,27.75000000000000020786025414,run_a21bd48888d34dfe9d830b0fa03c56e8,ema_pullback:4e2e722d4a41cdfd75d3883c
w02-lb120-r3_0,lab_3d_w02_lb_ratio,2,120,3.0,9.0,3.0,8420fb347e623ae9d454d2748e32fe1e828c761a21d305a78d217d7556dfa85e,874,874,0.2780320366132723112128146453,1.117727828374006144064510138,98.00000000000000302549360306,98.00000000000000302549360306,0.5611003954729621019331962413,-0.1794993793629585321371302626,479,0.2922755741127348643006263048,81.00000000000000289730849890,81.00000000000000289730849890,395,0.2607594936708860759493670886,17.00000000000000012818510412,17.00000000000000012818510412,run_295966339ce04cfbaceaf1d3201c1f74,ema_pullback:5449ca4853802c26840f47fd
w02-lb120-r3_25,lab_3d_w02_lb_ratio,2,120,3.25,9.75,3.0,8420fb347e623ae9d454d2748e32fe1e828c761a21d305a78d217d7556dfa85e,872,872,0.2672018348623853211009174312,1.146738958918899122776560451,118.2500000000000017939652204,118.2500000000000017939652204,0.7524542264980638096762337343,-0.1659418851813901745208383443,478,0.2782426778242677824267782427,87.25000000000000308834851913,87.25000000000000308834851913,394,0.2538071065989847715736040609,30.99999999999999870561670104,30.99999999999999870561670104,run_60e0b5e7249f4acca68e8abe20d7fc27,ema_pullback:88b25a895fa38bc143e3da2b
w02-lb120-r3_5,lab_3d_w02_lb_ratio,2,120,3.5,10.5,3.0,8420fb347e623ae9d454d2748e32fe1e828c761a21d305a78d217d7556dfa85e,870,870,0.2517241379310344827586206897,1.157761529795942093842222731,115.5000000000000069785216326,115.5000000000000069785216326,0.8372529780798601653086793125,-0.1531841273544004633534699347,478,0.2615062761506276150627615063,84.50000000000000642360179140,84.50000000000000642360179140,392,0.2397959183673469387755102041,31.00000000000000055491984120,31.00000000000000055491984120,run_d890f5c48e004ce4827ffb78b87d6856,ema_pullback:e6b96ec51470be8df561a4a6
w02-lb120-r3_75,lab_3d_w02_lb_ratio,2,120,3.75,11.25,3.0,8420fb347e623ae9d454d2748e32fe1e828c761a21d305a78d217d7556dfa85e,866,866,0.2401847575057736720554272517,1.159544900057905417929704222,121.9999999999999997931631073,121.9999999999999997931631073,0.8959606460774434923126650883,-0.1476420809938593431825945291,475,0.2442105263157894736842105263,75.99999999999999989032108488,75.99999999999999989032108488,391,0.2352941176470588235294117647,45.99999999999999990284202229,45.99999999999999990284202229,run_f8be788650994882ac0f1c0651052416,ema_pullback:bc0c309230388f4cf7dbb16a
w02-lb120-r4_0,lab_3d_w02_lb_ratio,2,120,4.0,12.0,3.0,8420fb347e623ae9d454d2748e32fe1e828c761a21d305a78d217d7556dfa85e,863,863,0.2236384704519119351100811124,1.098616091723552483475886480,101.9999999999999991004186760,101.9999999999999991004186760,0.4572186304385773130721405714,-0.1983157920182616653005381114,473,0.2241014799154334038054968288,57.00000000000000048969094431,57.00000000000000048969094431,390,0.2230769230769230769230769231,44.99999999999999861072773161,44.99999999999999861072773161,run_d8bebe01e2ef456ca32cf2c25445b9f7,ema_pullback:42e5df4c3c3e6159226985c9
w02-lb120-r4_25,lab_3d_w02_lb_ratio,2,120,4.25,12.75,3.0,8420fb347e623ae9d454d2748e32fe1e828c761a21d305a78d217d7556dfa85e,862,862,0.2192575406032482598607888631,1.141343120298815464960508927,130.2500000000000039474414779,130.2500000000000039474414779,0.7450340536675736909796426907,-0.1824513350970343102689797496,472,0.2182203389830508474576271186,68.75000000000000419303611514,68.75000000000000419303611514,390,0.2205128205128205128205128205,61.49999999999999975440536317,61.49999999999999975440536317,run_f509bbb317064dba8bef2e0900a1ac84,ema_pullback:5e1fe374dead018d2b190e50
w02-lb120-r4_5,lab_3d_w02_lb_ratio,2,120,4.5,13.5,3.0,8420fb347e623ae9d454d2748e32fe1e828c761a21d305a78d217d7556dfa85e,857,857,0.2088681446907817969661610268,1.129922858345236598132820807,127.5000000000000027165394624,127.5000000000000027165394624,0.6670275545360108519590248438,-0.2056702503499607090663309610,470,0.2085106382978723404255319149,69.00000000000000520084897010,69.00000000000000520084897010,387,0.2093023255813953488372093023,58.49999999999999751569049241,58.49999999999999751569049241,run_fc33127f3fc744628a44be7accb4f657,ema_pullback:c791ed185067bfd4b34570c0
w02-lb120-r4_75,lab_3d_w02_lb_ratio,2,120,4.75,14.25,3.0,8420fb347e623ae9d454d2748e32fe1e828c761a21d305a78d217d7556dfa85e,855,855,0.1976608187134502923976608187,1.131857542802081215263544937,116.7500000000000027835146209,116.7500000000000027835146209,0.6938806087999848692927502432,-0.2073542404847111434889212276,470,0.2021276595744680851063829787,76.25000000000000415871312481,76.25000000000000415871312481,385,0.1922077922077922077922077922,40.49999999999999862480149608,40.49999999999999862480149608,run_b6fa06b529364932871abcda0034d26e,ema_pullback:70499f90839a9abdc0358ed4
w02-lb120-r5_0,lab_3d_w02_lb_ratio,2,120,5.0,15.0,3.0,8420fb347e623ae9d454d2748e32fe1e828c761a21d305a78d217d7556dfa85e,851,851,0.1891891891891891891891891892,1.086615586096434363790627164,114.9999999999999986123808150,114.9999999999999986123808150,0.3832847239044954564116690196,-0.2343047639865517061898590267,468,0.1944444444444444444444444444,78.00000000000000797924530825,78.00000000000000797924530825,383,0.1827676240208877284595300261,36.99999999999999063313550673,36.99999999999999063313550673,run_c9ef0307ef1444829dc908b2062f6f81,ema_pullback:57328947a72f8da888588e82
w02-lb125-r2_0,lab_3d_w02_lb_ratio,2,125,2.0,6.0,3.0,8420fb347e623ae9d454d2748e32fe1e828c761a21d305a78d217d7556dfa85e,845,845,0.3644970414201183431952662722,1.130377306036461802254656151,78.99999999999999755615270445,78.99999999999999755615270445,0.5711779985601139069358545965,-0.1237221632146567114577189173,467,0.3897216274089935760171306210,78.99999999999999962549947285,78.99999999999999962549947285,378,0.3333333333333333333333333333,-2.069346768425E-15,-2.069346768425E-15,run_eae14f541e7f46f29bb390780aeca1e5,ema_pullback:18a18bb8c7d805998e163afc
w02-lb125-r2_25,lab_3d_w02_lb_ratio,2,125,2.25,6.75,3.0,8420fb347e623ae9d454d2748e32fe1e828c761a21d305a78d217d7556dfa85e,844,844,0.3305687203791469194312796209,1.084955018136409605887529003,62.75000000000000195013788137,62.75000000000000195013788137,0.3442198745986186126275201303,-0.1381421489596271443167733874,466,0.3497854077253218884120171674,63.75000000000000195106752841,63.75000000000000195106752841,378,0.3068783068783068783068783069,-1.000000000000000000929647030,-1.000000000000000000929647030,run_654014e5f61845a2878a5f958ca1cfd5,ema_pullback:12584f47724a28ccb43e07f0
w02-lb125-r2_5,lab_3d_w02_lb_ratio,2,125,2.5,7.5,3.0,8420fb347e623ae9d454d2748e32fe1e828c761a21d305a78d217d7556dfa85e,843,843,0.3107947805456702253855278766,1.115487274509789377070388616,74.00000000000000144252141413,74.00000000000000144252141413,0.5037120394446449397800266072,-0.1482696760778458654027237698,465,0.3225806451612903225806451613,60.00000000000000509847341306,60.00000000000000509847341306,378,0.2962962962962962962962962963,13.99999999999999634404800106,13.99999999999999634404800106,run_a2aba6295eb84718a930a28c6d3eba4a,ema_pullback:0bf18b61cfce1c5b4b04cb6d
w02-lb125-r2_75,lab_3d_w02_lb_ratio,2,125,2.75,8.25,3.0,8420fb347e623ae9d454d2748e32fe1e828c761a21d305a78d217d7556dfa85e,840,840,0.2988095238095238095238095238,1.153414781759857393590998712,101.2500000000000060790438227,101.2500000000000060790438227,0.717379743881829807100209947,-0.1709421204977875584394987889,463,0.3088552915766738660907127430,73.25000000000000475114091671,73.25000000000000475114091671,377,0.2864721485411140583554376658,28.00000000000000132790290592,28.00000000000000132790290592,run_848d21e57cb74995a7b6d8eeac19f0c8,ema_pullback:00a272d5dd23effbaa0552dd
w02-lb125-r3_0,lab_3d_w02_lb_ratio,2,125,3.0,9.0,3.0,8420fb347e623ae9d454d2748e32fe1e828c761a21d305a78d217d7556dfa85e,839,839,0.2800953516090584028605482718,1.147093487933236839463727268,101.0000000000000025892790808,101.0000000000000025892790808,0.7112070052320520338525476751,-0.1785271784756848728822419181,463,0.2915766738660907127429805616,77.00000000000000245193560694,77.00000000000000245193560694,376,0.2659574468085106382978723404,24.00000000000000013734347392,24.00000000000000013734347392,run_f0630a108cfc475c8f89e45f827abd5c,ema_pullback:d74fe205065e40adc1f31b1f
w02-lb125-r3_25,lab_3d_w02_lb_ratio,2,125,3.25,9.75,3.0,8420fb347e623ae9d454d2748e32fe1e828c761a21d305a78d217d7556dfa85e,837,837,0.2688172043010752688172043011,1.174932444650178335645030093,119.2500000000000021652794431,119.2500000000000021652794431,0.9075237003372515210574900494,-0.1659418851813901745208383424,462,0.2770562770562770562770562771,82.00000000000000288095411766,82.00000000000000288095411766,375,0.2586666666666666666666666667,37.24999999999999928432532530,37.24999999999999928432532530,run_b8fcb932a62b4fafa882e0b4c1582752,ema_pullback:97c78e9694559066eae651ab
w02-lb125-r3_5,lab_3d_w02_lb_ratio,2,125,3.5,10.5,3.0,8420fb347e623ae9d454d2748e32fe1e828c761a21d305a78d217d7556dfa85e,836,836,0.2523923444976076555023923445,1.182075331477133033058772152,113.5000000000000071950401329,113.5000000000000071950401329,0.9713217863217194213070746072,-0.1531841273544004633534699358,462,0.2597402597402597402597402597,78.00000000000000620152654440,78.00000000000000620152654440,374,0.2433155080213903743315508021,35.50000000000000099351358866,35.50000000000000099351358866,run_3b82b2bfc79445e4ab61739945bd8f0b,ema_pullback:1ecb988c365c67817c864b26
w02-lb125-r3_75,lab_3d_w02_lb_ratio,2,125,3.75,11.25,3.0,8420fb347e623ae9d454d2748e32fe1e828c761a21d305a78d217d7556dfa85e,833,833,0.2412965186074429771908763505,1.182106977367905515787029127,121.7499999999999995918626492,121.7499999999999995918626492,1.022387236817695165570594755,-0.1502193486251334571218648260,460,0.2434782608695652173913043478,71.99999999999999948172167538,71.99999999999999948172167538,373,0.2386058981233243967828418231,49.75000000000000011014097368,49.75000000000000011014097368,run_91df9dfc302c445493fba83a13f43b4a,ema_pullback:0db559045549784efa684ed4
w02-lb125-r4_0,lab_3d_w02_lb_ratio,2,125,4.0,12.0,3.0,8420fb347e623ae9d454d2748e32fe1e828c761a21d305a78d217d7556dfa85e,830,830,0.2240963855421686746987951807,1.118066556897491805003753947,99.99999999999999896272964449,99.99999999999999896272964449,0.5441623736294006691564713685,-0.2012042680512853636137918582,458,0.2227074235807860262008733624,52.00000000000000022259434163,52.00000000000000022259434163,372,0.2258064516129032258064516129,47.99999999999999874013530286,47.99999999999999874013530286,run_04a1a583b7ed4e3d9dc1132fee52c9cb,ema_pullback:e73d75b09116bfaf1838b506
w02-lb125-r4_25,lab_3d_w02_lb_ratio,2,125,4.25,12.75,3.0,8420fb347e623ae9d454d2748e32fe1e828c761a21d305a78d217d7556dfa85e,829,829,0.2195416164053075995174909530,1.160133058557149857871024420,126.5000000000000031615747617,126.5000000000000031615747617,0.8370014014811582618793456442,-0.1858701547333185852594089029,457,0.2166301969365426695842450766,62.75000000000000327542772035,62.75000000000000327542772035,372,0.2231182795698924731182795699,63.74999999999999988614704171,63.74999999999999988614704171,run_e82d2d9cfcb44be980d61c6f27ab6863,ema_pullback:265bc4c39ad71db3110ac56d
w02-lb125-r4_5,lab_3d_w02_lb_ratio,2,125,4.5,13.5,3.0,8420fb347e623ae9d454d2748e32fe1e828c761a21d305a78d217d7556dfa85e,824,824,0.2087378640776699029126213592,1.146604838920004840572856709,122.0000000000000031607212032,122.0000000000000031607212032,0.7433707383928010125152698391,-0.2094512944737220289578661340,455,0.2065934065934065934065934066,62.00000000000000427438827945,62.00000000000000427438827945,369,0.2113821138211382113821138211,59.99999999999999888633292377,59.99999999999999888633292377,run_9c20915d6cd54e6eb6936159c4aa2d60,ema_pullback:0e790adb70b1dd81b3f12f4e
w02-lb125-r4_75,lab_3d_w02_lb_ratio,2,125,4.75,14.25,3.0,8420fb347e623ae9d454d2748e32fe1e828c761a21d305a78d217d7556dfa85e,822,822,0.1970802919708029197080291971,1.146822801704926890155543259,109.5000000000000036117430698,109.5000000000000036117430698,0.759848211158556167362137622,-0.2070743925136823743059287940,455,0.2,68.25000000000000435258658895,68.25000000000000435258658895,367,0.1934604904632152588555858311,41.24999999999999925915648080,41.24999999999999925915648080,run_36932149818f42da9ad46a61f5cae16b,ema_pullback:08ff9dfcef76ae5474a74e31
w02-lb125-r5_0,lab_3d_w02_lb_ratio,2,125,5.0,15.0,3.0,8420fb347e623ae9d454d2748e32fe1e828c761a21d305a78d217d7556dfa85e,819,819,0.1880341880341880341880341880,1.096794966442434661807994210,104.9999999999999982348465242,104.9999999999999982348465242,0.4165599688037893660389169063,-0.2343047639865517061898590261,453,0.1920529801324503311258278146,69.00000000000000771500168993,69.00000000000000771500168993,366,0.1830601092896174863387978142,35.99999999999999051984483447,35.99999999999999051984483447,run_fbf6fd9d084344cc967a794b862b5633,ema_pullback:419253fdaf7100cfa620d5ef
w02-lb130-r2_0,lab_3d_w02_lb_ratio,2,130,2.0,6.0,3.0,8420fb347e623ae9d454d2748e32fe1e828c761a21d305a78d217d7556dfa85e,816,816,0.3615196078431372549019607843,1.115429902043980022962808224,68.99999999999999772284145058,68.99999999999999772284145058,0.4708906435387797443287697207,-0.1320256697160411812633686914,454,0.3854625550660792951541850220,70.99999999999999987080340668,70.99999999999999987080340668,362,0.3314917127071823204419889503,-2.000000000000002147961956118,-2.000000000000002147961956118,run_18ba7c27a7fe42a9b983b3b97cdfa5e5,ema_pullback:1a01124be32daa9d14be896d
w02-lb130-r2_25,lab_3d_w02_lb_ratio,2,130,2.25,6.75,3.0,8420fb347e623ae9d454d2748e32fe1e828c761a21d305a78d217d7556dfa85e,815,815,0.3263803680981595092024539877,1.063287683922341014609495827,49.50000000000000327440922985,49.50000000000000327440922985,0.2368250473658073475637152187,-0.1469603347397355851061998538,453,0.3443708609271523178807947020,54.00000000000000263725524671,54.00000000000000263725524671,362,0.3038674033149171270718232044,-4.499999999999999362846016899,-4.499999999999999362846016899,run_1100d64dc7a341028a2237a072ffbcf8,ema_pullback:eafd2619a87662b59c9ff189
w02-lb130-r2_5,lab_3d_w02_lb_ratio,2,130,2.5,7.5,3.0,8420fb347e623ae9d454d2748e32fe1e828c761a21d305a78d217d7556dfa85e,814,814,0.3083538083538083538083538084,1.100620828124767630022831616,64.50000000000000139226185610,64.50000000000000139226185610,0.4126231117044313418329927644,-0.1460698684382106113267248512,452,0.3185840707964601769911504425,52.00000000000000459568890795,52.00000000000000459568890795,362,0.2955801104972375690607734807,12.49999999999999679657294819,12.49999999999999679657294819,run_c6f23042ac20448f9c14546e59706239,ema_pullback:77d5773876c04c80625d457c
w02-lb130-r2_75,lab_3d_w02_lb_ratio,2,130,2.75,8.25,3.0,8420fb347e623ae9d454d2748e32fe1e828c761a21d305a78d217d7556dfa85e,812,812,0.2955665024630541871921182266,1.133913631132439474905460703,88.00000000000000641507928628,88.00000000000000641507928628,0.5819142357450211643008347344,-0.1668983967079939582097842638,451,0.3037694013303769401330376940,62.75000000000000450807843273,62.75000000000000450807843273,361,0.2853185595567867036011080332,25.25000000000000190700085358,25.25000000000000190700085358,run_9eaee9a8acb34c21a4e43d3d7f6e3f6a,ema_pullback:4b28f66382e92add63a41225
w02-lb130-r3_0,lab_3d_w02_lb_ratio,2,130,3.0,9.0,3.0,8420fb347e623ae9d454d2748e32fe1e828c761a21d305a78d217d7556dfa85e,812,812,0.2758620689655172413793103448,1.123755054541846916190129126,84.00000000000000245801163883,84.00000000000000245801163883,0.5515323807600176438466075854,-0.1755152861738829025359938475,451,0.2860310421286031042128603104,65.00000000000000243198000430,65.00000000000000243198000430,361,0.2631578947368421052631578947,19.00000000000000002603163454,19.00000000000000002603163454,run_0bc5a4d809bf4368b01e39a6d4e4c087,ema_pullback:9c5f785909739bdf895e0eda
w02-lb130-r3_25,lab_3d_w02_lb_ratio,2,130,3.25,9.75,3.0,8420fb347e623ae9d454d2748e32fe1e828c761a21d305a78d217d7556dfa85e,810,810,0.2641975308641975308641975309,1.148574292544116027161674067,99.50000000000000235131692681,99.50000000000000235131692681,0.704604997315207001540397917,-0.1628838494808100570406820170,450,0.2711111111111111111111111111,68.50000000000000330284996467,68.50000000000000330284996467,360,0.2555555555555555555555555556,30.99999999999999904846696211,30.99999999999999904846696211,run_033171f838c647dc96fb66f2ca286269,ema_pullback:84af9039198c60310cc3b65f
w02-lb130-r3_5,lab_3d_w02_lb_ratio,2,130,3.5,10.5,3.0,8420fb347e623ae9d454d2748e32fe1e828c761a21d305a78d217d7556dfa85e,809,809,0.2509270704573547589616810878,1.168203907215256309753801233,104.5000000000000078507569097,104.5000000000000078507569097,0.8412913349051191655453229747,-0.1500793159217686595027472894,450,0.2555555555555555555555555556,67.50000000000000659624627783,67.50000000000000659624627783,359,0.2451253481894150417827298050,37.00000000000000125451063201,37.00000000000000125451063201,run_e33b0283ce49424abffbe4500b033ab2,ema_pullback:37739231fc1dc26f0afcebdc
w02-lb130-r3_75,lab_3d_w02_lb_ratio,2,130,3.75,11.25,3.0,8420fb347e623ae9d454d2748e32fe1e828c761a21d305a78d217d7556dfa85e,806,806,0.2394540942928039702233250620,1.165977067887713601345193777,110.7499999999999987217894504,110.7499999999999987217894504,0.8678444148799032602906397874,-0.1594041783682286573851257972,448,0.2388392857142857142857142857,60.24999999999999900104442954,60.24999999999999900104442954,358,0.2402234636871508379888268156,50.49999999999999972074502078,50.49999999999999972074502078,run_bd79cd142a1444808842457835810042,ema_pullback:4cf1ee6ea0740738d45d7266
w02-lb130-r4_0,lab_3d_w02_lb_ratio,2,130,4.0,12.0,3.0,8420fb347e623ae9d454d2748e32fe1e828c761a21d305a78d217d7556dfa85e,803,803,0.2216687422166874221668742217,1.095966371469012243300709232,86.99999999999999854133037329,86.99999999999999854133037329,0.4102269146833237715318016756,-0.2068188673458237958015866171,446,0.2174887892376681614349775785,39.00000000000000003430230067,39.00000000000000003430230067,357,0.2268907563025210084033613445,47.99999999999999850702807257,47.99999999999999850702807257,run_5baa76c2e8214ffeabbeef2155a134b3,ema_pullback:1f031464fcc3d96c72f55f81
w02-lb130-r4_25,lab_3d_w02_lb_ratio,2,130,4.25,12.75,3.0,8420fb347e623ae9d454d2748e32fe1e828c761a21d305a78d217d7556dfa85e,802,802,0.2169576059850374064837905237,1.136948233898482306487358985,111.5000000000000048101969011,111.5000000000000048101969011,0.6589503835510090076989264175,-0.1872662496603154627424431072,445,0.2112359550561797752808988764,48.50000000000000352336837514,48.50000000000000352336837514,357,0.2240896358543417366946778711,63.00000000000000128682852613,63.00000000000000128682852613,run_a16686e4a34141e48d25652fc444c032,ema_pullback:0523ba5bf7135b3863a912ac
w02-lb130-r4_5,lab_3d_w02_lb_ratio,2,130,4.5,13.5,3.0,8420fb347e623ae9d454d2748e32fe1e828c761a21d305a78d217d7556dfa85e,797,797,0.2057716436637390213299874529,1.120027454494371950535053718,105.0000000000000052605058688,105.0000000000000052605058688,0.5568606178616409355902355405,-0.2003382450308090010807138761,443,0.2009029345372460496613995485,46.50000000000000485769472377,46.50000000000000485769472377,354,0.2118644067796610169491525424,58.50000000000000040281114525,58.50000000000000040281114525,run_12d312575fda43e385bcc5008e7c6b6f,ema_pullback:2e44c4dd85a53d82498e0763
w02-lb130-r4_75,lab_3d_w02_lb_ratio,2,130,4.75,14.25,3.0,8420fb347e623ae9d454d2748e32fe1e828c761a21d305a78d217d7556dfa85e,795,795,0.1937106918238993710691823899,1.117796837328107152099578846,90.50000000000000330009182627,90.50000000000000330009182627,0.5541016695236520697274826104,-0.1943185635947676225880523564,443,0.1941309255079006772009029345,51.50000000000000337199164652,51.50000000000000337199164652,352,0.1931818181818181818181818182,38.99999999999999992810017976,38.99999999999999992810017976,run_49a0c8c4a8ed40aca64dd492dbf09014,ema_pullback:1dbb89176b3d66d969f4a2cd
w02-lb130-r5_0,lab_3d_w02_lb_ratio,2,130,5.0,15.0,3.0,8420fb347e623ae9d454d2748e32fe1e828c761a21d305a78d217d7556dfa85e,792,792,0.1856060606060606060606060606,1.077130473766428875890896229,89.99999999999999911610631970,89.99999999999999911610631970,0.3167475895338979197847756744,-0.2314973776355388921084122446,441,0.1882086167800453514739229025,57.00000000000000689001701583,57.00000000000000689001701583,351,0.1823361823361823361823361823,32.99999999999999222608930385,32.99999999999999222608930385,run_b9518047e6d945ab877f493d1bd1fa11,ema_pullback:88f17c29ad48fa51589fd15d
w02-lb135-r2_0,lab_3d_w02_lb_ratio,2,135,2.0,6.0,3.0,8420fb347e623ae9d454d2748e32fe1e828c761a21d305a78d217d7556dfa85e,791,791,0.3565107458912768647281921618,1.095761848375616823713340965,54.99999999999999786697192011,54.99999999999999786697192011,0.3764203978295163347665385862,-0.1320256697160411812633686914,440,0.3772727272727272727272727273,57.99999999999999991077143097,57.99999999999999991077143097,351,0.3304843304843304843304843305,-3.000000000000002043799510884,-3.000000000000002043799510884,run_2a0ef4a61bcc472fa93b6c344eb1c6f4,ema_pullback:b410ff5df56c8829d100684a
w02-lb135-r2_25,lab_3d_w02_lb_ratio,2,135,2.25,6.75,3.0,8420fb347e623ae9d454d2748e32fe1e828c761a21d305a78d217d7556dfa85e,790,790,0.3215189873417721518987341772,1.041631249193646764021804480,35.50000000000000244989977269,35.50000000000000244989977269,0.150267763657222430111770971,-0.1469603347397355851061998538,439,0.3348519362186788154897494305,38.75000000000000230931121736,38.75000000000000230931121736,351,0.3048433048433048433048433048,-3.249999999999999859411444710,-3.249999999999999859411444710,run_919deab545844abc9076defdb6d41507,ema_pullback:0d9cfe0f953ac23039225ae8
w02-lb135-r2_5,lab_3d_w02_lb_ratio,2,135,2.5,7.5,3.0,8420fb347e623ae9d454d2748e32fe1e828c761a21d305a78d217d7556dfa85e,789,789,0.3041825095057034220532319392,1.078417597269488299838694255,51.00000000000000062251799461,51.00000000000000062251799461,0.3102886123276070540020224709,-0.1341103850564519025922807362,438,0.3105022831050228310502283105,38.00000000000000396823080095,38.00000000000000396823080095,351,0.2962962962962962962962962963,12.99999999999999665428719372,12.99999999999999665428719372,run_cb27eba7120e4ef79e59ff21369d2a0c,ema_pullback:579040c7b2e093314706ce67
w02-lb135-r2_75,lab_3d_w02_lb_ratio,2,135,2.75,8.25,3.0,8420fb347e623ae9d454d2748e32fe1e828c761a21d305a78d217d7556dfa85e,787,787,0.2909783989834815756035578145,1.107231134742591175038944124,71.75000000000000494348346384,71.75000000000000494348346384,0.4478653571909712475234689599,-0.1631730268922359449745691336,437,0.2951945080091533180778032037,46.75000000000000358279694274,46.75000000000000358279694274,350,0.2857142857142857142857142857,25.00000000000000136068652108,25.00000000000000136068652108,run_589c53fbf6314b5a9c09809ac93fe9b5,ema_pullback:4ae750887830cf6d87d58244
w02-lb135-r3_0,lab_3d_w02_lb_ratio,2,135,3.0,9.0,3.0,8420fb347e623ae9d454d2748e32fe1e828c761a21d305a78d217d7556dfa85e,787,787,0.2719186785260482846251588310,1.103675514653190271078664085,69.00000000000000136547261220,69.00000000000000136547261220,0.4429265749552478247996722992,-0.1721820777221438430004482819,437,0.2768878718535469107551487414,47.00000000000000161213826785,47.00000000000000161213826785,350,0.2657142857142857142857142857,21.99999999999999975333434432,21.99999999999999975333434432,run_4108ad22ad8349a89ac3988eec6c6870,ema_pullback:96f7b97f2a217243b76c6a9a
w02-lb135-r3_25,lab_3d_w02_lb_ratio,2,135,3.25,9.75,3.0,8420fb347e623ae9d454d2748e32fe1e828c761a21d305a78d217d7556dfa85e,785,785,0.2611464968152866242038216561,1.132337532141179034214293404,86.25000000000000112956720189,86.25000000000000112956720189,0.6032233389784005200907822456,-0.1598207107618706812191052268,436,0.2637614678899082568807339450,52.75000000000000243998750989,52.75000000000000243998750989,349,0.2578796561604584527220630372,33.49999999999999868957969199,33.49999999999999868957969199,run_1e515a49e81c423ea33200dc1955cc40,ema_pullback:23b740dc3800e93e49ba66ca
w02-lb135-r3_5,lab_3d_w02_lb_ratio,2,135,3.5,10.5,3.0,8420fb347e623ae9d454d2748e32fe1e828c761a21d305a78d217d7556dfa85e,784,784,0.2487244897959183673469387755,1.157779305071527708358953724,93.50000000000000671644016872,93.50000000000000671644016872,0.7550022660275619288217106606,-0.1514496433767329651569115145,436,0.2477064220183486238532110092,50.00000000000000566901226526,50.00000000000000566901226526,348,0.25,43.50000000000000104742790344,43.50000000000000104742790344,run_7d01eddb398140a8bf989f480e94b21f,ema_pullback:404b9055c1bb1599d4eea749
w02-lb135-r3_75,lab_3d_w02_lb_ratio,2,135,3.75,11.25,3.0,8420fb347e623ae9d454d2748e32fe1e828c761a21d305a78d217d7556dfa85e,781,781,0.2368758002560819462227912932,1.153307265012615889719187192,97.74999999999999860552843434,97.74999999999999860552843434,0.7646104176098435138948874383,-0.1594041783682286573851257972,434,0.2304147465437788018433179724,40.99999999999999910665776570,40.99999999999999910665776570,347,0.2449567723342939481268011527,56.74999999999999949887066875,56.74999999999999949887066875,run_3425db1ffe70434fa3456a467a9a5424,ema_pullback:8b6eb3c6d951c491dbe91be6
w02-lb135-r4_0,lab_3d_w02_lb_ratio,2,135,4.0,12.0,3.0,8420fb347e623ae9d454d2748e32fe1e828c761a21d305a78d217d7556dfa85e,778,778,0.2197943444730077120822622108,1.085704742940323478067712720,76.99999999999999921639143749,76.99999999999999921639143749,0.3495536330488483558656361395,-0.2173889225604163333476077645,432,0.2106481481481481481481481481,23.00000000000000065019687099,23.00000000000000065019687099,346,0.2312138728323699421965317919,53.99999999999999856619456647,53.99999999999999856619456647,run_686f9ce66e3a4e0795987731a710b7e5,ema_pullback:886d757bd41f53269c0f8a64
w02-lb135-r4_25,lab_3d_w02_lb_ratio,2,135,4.25,12.75,3.0,8420fb347e623ae9d454d2748e32fe1e828c761a21d305a78d217d7556dfa85e,777,777,0.2149292149292149292149292149,1.125932837484509462095697073,99.75000000000000380471807795,99.75000000000000380471807795,0.5753079070797397682434759042,-0.1987642031588035152047425458,431,0.2041763341067285382830626450,31.00000000000000276934715092,31.00000000000000276934715092,346,0.2283236994219653179190751445,68.75000000000000103537092711,68.75000000000000103537092711,run_a03e4da830f64a66876dd855617567af,ema_pullback:700829d49b06980ecf87f88a
w02-lb135-r4_5,lab_3d_w02_lb_ratio,2,135,4.5,13.5,3.0,8420fb347e623ae9d454d2748e32fe1e828c761a21d305a78d217d7556dfa85e,772,772,0.2046632124352331606217616580,1.114642923548430302690640303,97.00000000000000375242427314,97.00000000000000375242427314,0.5068703810060182771844588871,-0.1935936590581695549691777829,429,0.1958041958041958041958041958,33.00000000000000361586235038,33.00000000000000361586235038,343,0.2157434402332361516034985423,64.00000000000000013656192279,64.00000000000000013656192279,run_113beb9317094fd8aece16d347c17c77,ema_pullback:49a881e205ac8ecc2d643359
w02-lb135-r4_75,lab_3d_w02_lb_ratio,2,135,4.75,14.25,3.0,8420fb347e623ae9d454d2748e32fe1e828c761a21d305a78d217d7556dfa85e,772,772,0.1943005181347150259067357513,1.122342147593583837689440205,90.50000000000000156548767776,90.50000000000000156548767776,0.5507734105981717963760927615,-0.1860838132080464450843830779,429,0.1911421911421911421911421911,42.50000000000000163738749803,42.50000000000000163738749803,343,0.1982507288629737609329446064,47.99999999999999992810017973,47.99999999999999992810017973,run_5598bed193a14f29af08ab1e8cb8d988,ema_pullback:4b0d2b209bd289d0c3102549
w02-lb135-r5_0,lab_3d_w02_lb_ratio,2,135,5.0,15.0,3.0,8420fb347e623ae9d454d2748e32fe1e828c761a21d305a78d217d7556dfa85e,769,769,0.1846553966189856957087126138,1.065204420494381578380571016,82.99999999999999726877549244,82.99999999999999726877549244,0.2550055613804807091681504605,-0.2236426263892547644669989461,428,0.1845794392523364485981308411,46.00000000000000533851865799,46.00000000000000533851865799,341,0.1847507331378299120234604106,36.99999999999999193025683443,36.99999999999999193025683443,run_a8973d1316e645eca42f419a9eba2cba,ema_pullback:7384d8d53e19e24274967504
w02-lb140-r2_0,lab_3d_w02_lb_ratio,2,140,2.0,6.0,3.0,8420fb347e623ae9d454d2748e32fe1e828c761a21d305a78d217d7556dfa85e,762,762,0.3543307086614173228346456693,1.085712427892969240112252532,47.99999999999999766065285760,47.99999999999999766065285760,0.3143289684402702067681651723,-0.1624440082245893129029469472,421,0.3752969121140142517814726841,52.99999999999999959910606216,52.99999999999999959910606216,341,0.3284457478005865102639296188,-5.000000000000001938453204590,-5.000000000000001938453204590,run_8318f354d1244d6499098b5ef64d7d92,ema_pullback:641e308377975bf809e968c0
w02-lb140-r2_25,lab_3d_w02_lb_ratio,2,140,2.25,6.75,3.0,8420fb347e623ae9d454d2748e32fe1e828c761a21d305a78d217d7556dfa85e,761,761,0.3180026281208935611038107753,1.023693927760533559441797723,25.50000000000000224485176585,25.50000000000000224485176585,0.07921269908916142560729883064,-0.1848067384270487804618369424,420,0.3309523809523809523809523810,31.75000000000000271495100694,31.75000000000000271495100694,341,0.3020527859237536656891495601,-6.250000000000000470099241095,-6.250000000000000470099241095,run_33fdf7c57aa542aea3742b8c4e7a46db,ema_pullback:ce8641c2921104ab3370d518
w02-lb140-r2_5,lab_3d_w02_lb_ratio,2,140,2.5,7.5,3.0,8420fb347e623ae9d454d2748e32fe1e828c761a21d305a78d217d7556dfa85e,761,761,0.3022339027595269382391590013,1.067172668829710621086362535,44.00000000000000011846580552,44.00000000000000011846580552,0.2475732046266818672593661933,-0.1512446715159259795012288382,420,0.3095238095238095238095238095,35.00000000000000345842244469,35.00000000000000345842244469,341,0.2932551319648093841642228739,8.999999999999996660043360867,8.999999999999996660043360867,run_19a0750830424eb68fc628d95596b065,ema_pullback:8a2daaca1c951192b0eb9fac
w02-lb140-r2_75,lab_3d_w02_lb_ratio,2,140,2.75,8.25,3.0,8420fb347e623ae9d454d2748e32fe1e828c761a21d305a78d217d7556dfa85e,760,760,0.2894736842105263157894736842,1.104837868055692683499565952,65.00000000000000325435251308,65.00000000000000325435251308,0.4191626072497748405919142141,-0.1779817362563262558567466754,419,0.2935560859188544152744630072,42.25000000000000202551069559,42.25000000000000202551069559,341,0.2844574780058651026392961877,22.75000000000000122884181752,22.75000000000000122884181752,run_7ceb5077d53049589dba19303c6b6794,ema_pullback:219640f63dd0ef962176f9f8
w02-lb140-r3_0,lab_3d_w02_lb_ratio,2,140,3.0,9.0,3.0,8420fb347e623ae9d454d2748e32fe1e828c761a21d305a78d217d7556dfa85e,760,760,0.2710526315789473684210526316,1.099904760309946475639436923,64.00000000000000114214593903,64.00000000000000114214593903,0.4093490595673088710290475318,-0.1881374453328123104645581431,419,0.2744630071599045346062052506,41.00000000000000145214883503,41.00000000000000145214883503,341,0.2668621700879765395894428152,22.99999999999999968999710404,22.99999999999999968999710404,run_a4c06a76d9264c3ea4a501311bec3c34,ema_pullback:6af8e656cd08df3ea12179c9
w02-lb140-r3_25,lab_3d_w02_lb_ratio,2,140,3.25,9.75,3.0,8420fb347e623ae9d454d2748e32fe1e828c761a21d305a78d217d7556dfa85e,758,758,0.2612137203166226912928759894,1.128284202310372980026684279,83.50000000000000007512638289,83.50000000000000007512638289,0.5589988722099045325380825227,-0.1773356678739040785890770144,418,0.2631578947368421052631578947,49.50000000000000158127086818,49.50000000000000158127086818,340,0.2588235294117647058823529412,33.99999999999999849385551469,33.99999999999999849385551469,run_70427b37b60c401fbb5d6a5e3687bf15,ema_pullback:1f502794193e6cc24abbd6c9
w02-lb140-r3_5,lab_3d_w02_lb_ratio,2,140,3.5,10.5,3.0,8420fb347e623ae9d454d2748e32fe1e828c761a21d305a78d217d7556dfa85e,757,757,0.2496697490092470277410832232,1.155399747569797067171112019,93.50000000000000598702193053,93.50000000000000598702193053,0.7074555370022819632554478806,-0.1664079376218662638418831441,418,0.2488038277511961722488038278,50.00000000000000526770514138,50.00000000000000526770514138,339,0.2507374631268436578171091445,43.50000000000000071931678917,43.50000000000000071931678917,run_ab0df9003db34be28f0b6f623f8ff9bf,ema_pullback:ef8499729a939efc151dce05
w02-lb140-r3_75,lab_3d_w02_lb_ratio,2,140,3.75,11.25,3.0,8420fb347e623ae9d454d2748e32fe1e828c761a21d305a78d217d7556dfa85e,754,754,0.2374005305039787798408488064,1.148316538700192156580761843,96.24999999999999729495852776,96.24999999999999729495852776,0.700364797920857315210810013,-0.1558799182965419229813584078,416,0.2307692307692307692307692308,39.99999999999999796014341614,39.99999999999999796014341614,338,0.2455621301775147928994082840,56.24999999999999933481511158,56.24999999999999933481511158,run_bd61a9f30d714198b804cbd11f02a2c4,ema_pullback:7e7a82a74bdb6336c4748d49
w02-lb140-r4_0,lab_3d_w02_lb_ratio,2,140,4.0,12.0,3.0,8420fb347e623ae9d454d2748e32fe1e828c761a21d305a78d217d7556dfa85e,751,751,0.2223701731025299600532623169,1.095951015077468075233502314,83.99999999999999905688906167,83.99999999999999905688906167,0.3756409484118554219847542576,-0.2141077678117215738456045206,414,0.2125603864734299516908212560,26.00000000000000049069449519,26.00000000000000049069449519,337,0.2344213649851632047477744807,57.99999999999999856619456647,57.99999999999999856619456647,run_75629644e87a4c22838e4e4a5d67af7e,ema_pullback:fc4d96f43b2d62776f26cf99
w02-lb140-r4_25,lab_3d_w02_lb_ratio,2,140,4.25,12.75,3.0,8420fb347e623ae9d454d2748e32fe1e828c761a21d305a78d217d7556dfa85e,751,751,0.2170439414114513981358189081,1.132640905475803979085629626,104.7500000000000022626156367,104.7500000000000022626156367,0.5807763034600879216563691652,-0.1954049628983272962099263552,414,0.2053140096618357487922705314,32.25000000000000175776975194,32.25000000000000175776975194,337,0.2314540059347181008902077151,72.50000000000000050484588487,72.50000000000000050484588487,run_302091b37d8b4b0e8efaf9bcbbb16dba,ema_pullback:28d1d7fc7098ca14aaf198e3
w02-lb140-r4_5,lab_3d_w02_lb_ratio,2,140,4.5,13.5,3.0,8420fb347e623ae9d454d2748e32fe1e828c761a21d305a78d217d7556dfa85e,746,746,0.2077747989276139410187667560,1.125652239859338531708701710,106.5000000000000024141667462,106.5000000000000024141667462,0.5302990965064379404632747025,-0.1882761115810208396755441377,412,0.1990291262135922330097087379,39.00000000000000282935086745,39.00000000000000282935086745,334,0.2185628742514970059880239521,67.49999999999999958481587884,67.49999999999999958481587884,run_d2e400c7ceb143e9bde0c8898d691b84,ema_pullback:1fea8fb5ed2dfaee76771e08
w02-lb140-r4_75,lab_3d_w02_lb_ratio,2,140,4.75,14.25,3.0,8420fb347e623ae9d454d2748e32fe1e828c761a21d305a78d217d7556dfa85e,746,746,0.1970509383378016085790884718,1.132246303533791282299059836,99.2499999999999996429853943,99.2499999999999996429853943,0.5662396077338089408622614011,-0.1807167448382328015764436063,412,0.1941747572815533980582524272,48.00000000000000045762027365,48.00000000000000045762027365,334,0.2005988023952095808383233533,51.24999999999999918536512068,51.24999999999999918536512068,run_4262cb328b414210b9b737f5c863b9ba,ema_pullback:a10da0b0b0eb7ee810cedf7b
w02-lb140-r5_0,lab_3d_w02_lb_ratio,2,140,5.0,15.0,3.0,8420fb347e623ae9d454d2748e32fe1e828c761a21d305a78d217d7556dfa85e,743,743,0.1870794078061911170928667564,1.070262306436846590261653719,90.99999999999999647035007364,90.99999999999999647035007364,0.260577777780080380154023795,-0.2271253461898220480427873664,411,0.1873479318734793187347931873,51.00000000000000496451327296,51.00000000000000496451327296,332,0.1867469879518072289156626506,39.99999999999999150583680067,39.99999999999999150583680067,run_10478b2b5f9d45bda90beb3e187c3f5d,ema_pullback:a717515dae6703c42e2aa5b3
w03-lb070-r2_0,lab_3d_w03_lb_ratio,3,70,2.0,6.0,3.0,033fe0a65189bda99d573130950b277cd6317d2b59b84544247983cfa8973139,1267,1267,0.3409629044988161010260457774,1.023372461630952875757813451,28.99999999999999771653351509,28.99999999999999771653351509,0.1333600014529532454678397911,-0.2971642915003183509666585640,717,0.3500697350069735006973500697,35.99999999999999940934111515,35.99999999999999940934111515,550,0.3290909090909090909090909091,-7.000000000000001692807600020,-7.000000000000001692807600020,run_a6ee220e09cc4f0da2940bd47b0fc296,ema_pullback:3f0adf6018cd1c0e7f14321e
w03-lb070-r2_25,lab_3d_w03_lb_ratio,3,70,2.25,6.75,3.0,033fe0a65189bda99d573130950b277cd6317d2b59b84544247983cfa8973139,1257,1257,0.3134447096260938743038981702,1.009682536775769640006007651,23.50000000000000262960567024,23.50000000000000262960567024,0.05081617489434969867384962391,-0.2871902230088235814902034295,711,0.3150492264416315049226441632,17.00000000000000358014480656,17.00000000000000358014480656,546,0.3113553113553113553113553114,6.499999999999999049460863693,6.499999999999999049460863693,run_b34bf444c5034beb897886c42a985903,ema_pullback:463d1129cce8e14b135d3621
w03-lb070-r2_5,lab_3d_w03_lb_ratio,3,70,2.5,7.5,3.0,033fe0a65189bda99d573130950b277cd6317d2b59b84544247983cfa8973139,1249,1249,0.2978382706164931945556445156,1.059002168015208575761628783,53.00000000000000214700845271,53.00000000000000214700845271,0.3535398365089175522137485548,-0.2242478157439667629246433386,706,0.2960339943342776203966005666,25.50000000000000523710289317,25.50000000000000523710289317,543,0.3001841620626151012891344383,27.49999999999999690990555956,27.49999999999999690990555956,run_f4b59a3db0d74c009ead8f2e8c2f0af4,ema_pullback:086fc96eeb9905f077c00ef0
w03-lb070-r2_75,lab_3d_w03_lb_ratio,3,70,2.75,8.25,3.0,033fe0a65189bda99d573130950b277cd6317d2b59b84544247983cfa8973139,1237,1237,0.2877930476960388035569927243,1.112334148892124276032852972,98.00000000000000679590032777,98.00000000000000679590032777,0.7349993804792439449566408886,-0.2344381758017949891244911924,696,0.2859195402298850574712643678,50.25000000000000729610356011,50.25000000000000729610356011,541,0.2902033271719038817005545287,47.74999999999999949979676762,47.74999999999999949979676762,run_3226d558762e4b1c923ea6264e5b6c48,ema_pullback:0a8e9d34d93ebd5c2ccb469a
w03-lb070-r3_0,lab_3d_w03_lb_ratio,3,70,3.0,9.0,3.0,033fe0a65189bda99d573130950b277cd6317d2b59b84544247983cfa8973139,1230,1230,0.2658536585365853658536585366,1.065474511129132193504972023,78.00000000000000271324169709,78.00000000000000271324169709,0.3634051216495911300252693272,-0.2920050290169310865490367660,691,0.2677279305354558610709117221,49.00000000000000268637912311,49.00000000000000268637912311,539,0.2634508348794063079777365492,29.00000000000000002686257397,29.00000000000000002686257397,run_b5d9d6a788e54116b6a9da95a2be9f14,ema_pullback:7eaf4827dee26f7b3679b714
w03-lb070-r3_25,lab_3d_w03_lb_ratio,3,70,3.25,9.75,3.0,033fe0a65189bda99d573130950b277cd6317d2b59b84544247983cfa8973139,1224,1224,0.2565359477124183006535947712,1.105215013738139883623541249,110.5000000000000008919248480,110.5000000000000008919248480,0.6395599539074893834941888845,-0.2487585104558562070715043712,688,0.2558139534883720930232558140,60.00000000000000395196125474,60.00000000000000395196125474,536,0.2574626865671641791044776119,50.49999999999999693996359327,50.49999999999999693996359327,run_e97b7cb627c44fa4a3d5b9b673e82264,ema_pullback:ea1a05bfcb04c71e91383b66
w03-lb070-r3_5,lab_3d_w03_lb_ratio,3,70,3.5,10.5,3.0,033fe0a65189bda99d573130950b277cd6317d2b59b84544247983cfa8973139,1209,1209,0.2398676592224979321753515302,1.091590851056180460105897856,96.00000000000000743091461398,96.00000000000000743091461398,0.5805527283021390183273673603,-0.2192983105091522422666663429,682,0.2390029325513196480938416422,51.50000000000000681577739113,51.50000000000000681577739113,527,0.2409867172675521821631878558,44.50000000000000061513722294,44.50000000000000061513722294,run_0a8cb163d67045a7b27533bca11fd932,ema_pullback:aaa57a18bf9e989038b86330
w03-lb070-r3_75,lab_3d_w03_lb_ratio,3,70,3.75,11.25,3.0,033fe0a65189bda99d573130950b277cd6317d2b59b84544247983cfa8973139,1194,1194,0.2286432160804020100502512563,1.090085108351814938024872916,102.7499999999999956796923483,102.7499999999999956796923483,0.5871872586971859647620159072,-0.2112475248790945044215936518,674,0.2255192878338278931750741840,47.99999999999999681564488833,47.99999999999999681564488833,520,0.2326923076923076923076923077,54.74999999999999886404746006,54.74999999999999886404746006,run_ee6ee2f54b9549e58aa7d48805ce9742,ema_pullback:2540f0a0b56c2131c406fc14
w03-lb070-r4_0,lab_3d_w03_lb_ratio,3,70,4.0,12.0,3.0,033fe0a65189bda99d573130950b277cd6317d2b59b84544247983cfa8973139,1178,1178,0.2122241086587436332767402377,1.031981609255070291821433404,72.00000000000000005532996520,72.00000000000000005532996520,0.1781049915376474976364369133,-0.2644829150694245349041023343,662,0.2054380664652567975830815710,17.99999999999999969201654822,17.99999999999999969201654822,516,0.2209302325581395348837209302,54.00000000000000036331341695,54.00000000000000036331341695,run_372a0cb86ed44ab0b62e6bbf42cdaecd,ema_pullback:836836a073d2688530b540d8
w03-lb070-r4_25,lab_3d_w03_lb_ratio,3,70,4.25,12.75,3.0,033fe0a65189bda99d573130950b277cd6317d2b59b84544247983cfa8973139,1175,1175,0.2068085106382978723404255319,1.062138235098133151305231136,100.7500000000000047836088940,100.7500000000000047836088940,0.399403614674694337220665698,-0.2278155876766025454062892373,660,0.2015151515151515151515151515,38.25000000000000356578889366,38.25000000000000356578889366,515,0.2135922330097087378640776699,62.50000000000000121782000025,62.50000000000000121782000025,run_e5b71dfdf02f4adbb75ef28ecdcf8878,ema_pullback:c460f9666a6b1a17a5d980b3
w03-lb070-r4_5,lab_3d_w03_lb_ratio,3,70,4.5,13.5,3.0,033fe0a65189bda99d573130950b277cd6317d2b59b84544247983cfa8973139,1165,1165,0.2,1.071131137272381355344092345,116.5000000000000035964230932,116.5000000000000035964230932,0.4593021224531599343173675774,-0.2602622032789840209130756392,655,0.1969465648854961832061068702,54.50000000000000491336962310,54.50000000000000491336962310,510,0.2039215686274509803921568627,61.99999999999999868305347002,61.99999999999999868305347002,run_78e054918a91486790804a5f886d5616,ema_pullback:7ac49402c6ff10f3f5f85548
w03-lb070-r4_75,lab_3d_w03_lb_ratio,3,70,4.75,14.25,3.0,033fe0a65189bda99d573130950b277cd6317d2b59b84544247983cfa8973139,1155,1155,0.1913419913419913419913419913,1.076345659764894062497474552,115.7500000000000027152731333,115.7500000000000027152731333,0.5067136220333073530294955038,-0.2463388711722199219950451002,652,0.1932515337423312883435582822,72.50000000000000488653573476,72.50000000000000488653573476,503,0.1888667992047713717693836978,43.24999999999999782873739864,43.24999999999999782873739864,run_894d4e6d4e544a93983148810c0cb264,ema_pullback:4c85a686a1c9582f0e452853
w03-lb070-r5_0,lab_3d_w03_lb_ratio,3,70,5.0,15.0,3.0,033fe0a65189bda99d573130950b277cd6317d2b59b84544247983cfa8973139,1146,1146,0.1823734729493891797556719023,1.036233776761031316273448957,107.9999999999999990405532838,107.9999999999999990405532838,0.1991712954945192027840828551,-0.2831212574653500509860950684,648,0.1851851851851851851851851852,72.00000000000000760988525678,72.00000000000000760988525678,498,0.1787148594377510040160642570,35.99999999999999143066802701,35.99999999999999143066802701,run_23666dbd73b94bc9824d635ceed0a3f7,ema_pullback:0009475243fa7aa456ff204a
w03-lb075-r2_0,lab_3d_w03_lb_ratio,3,75,2.0,6.0,3.0,033fe0a65189bda99d573130950b277cd6317d2b59b84544247983cfa8973139,1208,1208,0.3410596026490066225165562914,1.016983331737262403460340821,27.99999999999999803384295800,27.99999999999999803384295800,0.09000767785880681302894261376,-0.2933881727734948416354492177,676,0.3520710059171597633136094675,37.99999999999999949505442484,37.99999999999999949505442484,532,0.3270676691729323308270676692,-10.00000000000000146121146682,-10.00000000000000146121146682,run_1b097d8e4d4d448198c458e7c496b1e8,ema_pullback:fc0ce850b710aaa4e6cc9c12
w03-lb075-r2_25,lab_3d_w03_lb_ratio,3,75,2.25,6.75,3.0,033fe0a65189bda99d573130950b277cd6317d2b59b84544247983cfa8973139,1201,1201,0.3155703580349708576186511241,1.011425738377719004785229100,30.75000000000000121624140328,30.75000000000000121624140328,0.05772881984347550627689305181,-0.2778148758626111377409730699,672,0.3199404761904761904761904762,26.75000000000000239476306386,26.75000000000000239476306386,529,0.3100189035916824196597353497,3.999999999999998821478339408,3.999999999999998821478339408,run_9ee95b2d3ea94a339d9dfae674043f9a,ema_pullback:c4b88cf5ec60b7b3681ddbdd
w03-lb075-r2_5,lab_3d_w03_lb_ratio,3,75,2.5,7.5,3.0,033fe0a65189bda99d573130950b277cd6317d2b59b84544247983cfa8973139,1194,1194,0.2998324958123953098827470687,1.062767197485524397520084534,59.00000000000000294879766931,59.00000000000000294879766931,0.3547752398641455599683405707,-0.2275568788122656922794856239,668,0.3008982035928143712574850299,35.50000000000000535902434919,35.50000000000000535902434919,526,0.2984790874524714828897338403,23.49999999999999758977332010,23.49999999999999758977332010,run_f07db13e2fb046daa38591a453b972ad,ema_pullback:fe47c0f485b2e67ceb014416
w03-lb075-r2_75,lab_3d_w03_lb_ratio,3,75,2.75,8.25,3.0,033fe0a65189bda99d573130950b277cd6317d2b59b84544247983cfa8973139,1184,1184,0.2896959459459459459459459459,1.114281468798782849620076375,102.2500000000000049504532838,102.2500000000000049504532838,0.6989882645843843534913687186,-0.2050383015784173238481039888,660,0.2909090909090909090909090909,60.00000000000000570605363487,60.00000000000000570605363487,524,0.2881679389312977099236641221,42.24999999999999924439964887,42.24999999999999924439964887,run_93f900b604974cadbe178a9b8d7c132e,ema_pullback:0f80e55270ad27aae85bb0bf
w03-lb075-r3_0,lab_3d_w03_lb_ratio,3,75,3.0,9.0,3.0,033fe0a65189bda99d573130950b277cd6317d2b59b84544247983cfa8973139,1181,1181,0.2684165961049957662997459780,1.081378529623566241297922969,87.00000000000000286236225536,87.00000000000000286236225536,0.4546137842309411409298492655,-0.2376204751650319608421269620,659,0.2731411229135053110773899848,61.00000000000000320205758476,61.00000000000000320205758476,522,0.2624521072796934865900383142,25.99999999999999966030467062,25.99999999999999966030467062,run_2647604cb9fb41dd86fba12489a4ce13,ema_pullback:c59707f31017225b0a779d0d
w03-lb075-r3_25,lab_3d_w03_lb_ratio,3,75,3.25,9.75,3.0,033fe0a65189bda99d573130950b277cd6317d2b59b84544247983cfa8973139,1174,1174,0.2580919931856899488926746167,1.111845745720755678775095973,113.7499999999999991787236838,113.7499999999999991787236838,0.6550030645641231504869840326,-0.2439794714196730777227360313,655,0.2595419847328244274809160305,67.50000000000000287346091112,67.50000000000000287346091112,519,0.2562620423892100192678227360,46.24999999999999630526277265,46.24999999999999630526277265,run_f6417582df5147eba72dc17d13bcd219,ema_pullback:f70e5bf61e41150f4c0f245e
w03-lb075-r3_5,lab_3d_w03_lb_ratio,3,75,3.5,10.5,3.0,033fe0a65189bda99d573130950b277cd6317d2b59b84544247983cfa8973139,1164,1164,0.2405498281786941580756013746,1.090047960363969102416529045,96.00000000000000739549828476,96.00000000000000739549828476,0.539315499470374283431479288,-0.2381889717406775020773193891,652,0.2423312883435582822085889571,59.00000000000000675807346523,59.00000000000000675807346523,512,0.23828125,37.00000000000000063742481962,37.00000000000000063742481962,run_7812903a30f44bcda6e6ff5584e6f8ce,ema_pullback:dba60e2219caf20ad7b9e6e0
w03-lb075-r3_75,lab_3d_w03_lb_ratio,3,75,3.75,11.25,3.0,033fe0a65189bda99d573130950b277cd6317d2b59b84544247983cfa8973139,1151,1151,0.2293657688966116420503909644,1.086501760051732559445888876,102.9999999999999965898961801,102.9999999999999965898961801,0.5305856122262618052739975262,-0.2259768540442209300164830760,645,0.2279069767441860465116279070,53.24999999999999760660542228,53.24999999999999760660542228,506,0.2312252964426877470355731225,49.74999999999999898329075780,49.74999999999999898329075780,run_5e558ce1089d4dc5830845d0ab6e969d,ema_pullback:75ed5a0ded4498854efc8ce9
w03-lb075-r4_0,lab_3d_w03_lb_ratio,3,75,4.0,12.0,3.0,033fe0a65189bda99d573130950b277cd6317d2b59b84544247983cfa8973139,1139,1139,0.2124670763827919227392449517,1.021228308887915414578479524,71.00000000000000036416838429,71.00000000000000036416838429,0.1098829022792563545060069736,-0.2649951396162287251195339778,636,0.2075471698113207547169811321,23.99999999999999979420247923,23.99999999999999979420247923,503,0.2186878727634194831013916501,47.00000000000000056996590501,47.00000000000000056996590501,run_6a0b96d1a9f04d848901bce1b729d13a,ema_pullback:2c6fffb2218dabfc3a67cde1
w03-lb075-r4_25,lab_3d_w03_lb_ratio,3,75,4.25,12.75,3.0,033fe0a65189bda99d573130950b277cd6317d2b59b84544247983cfa8973139,1136,1136,0.2077464788732394366197183099,1.058198887656246983132917404,103.0000000000000029175935205,103.0000000000000029175935205,0.3529710246550864564315932812,-0.2495755060837100174654987610,634,0.2034700315457413249211356467,43.25000000000000224541852854,43.25000000000000224541852854,502,0.2131474103585657370517928287,59.75000000000000067217499201,59.75000000000000067217499201,run_f315949712164e92a873fdc17d7873d5,ema_pullback:94149ca4fc8544f54471efeb
w03-lb075-r4_5,lab_3d_w03_lb_ratio,3,75,4.5,13.5,3.0,033fe0a65189bda99d573130950b277cd6317d2b59b84544247983cfa8973139,1126,1126,0.2007104795737122557726465364,1.065040900859439596773009314,117.0000000000000035714909705,117.0000000000000035714909705,0.3930941128692840637562883434,-0.2600486131389723822312236474,629,0.1987281399046104928457869634,58.50000000000000505179956342,58.50000000000000505179956342,497,0.2032193158953722334004024145,58.49999999999999851969140697,58.49999999999999851969140697,run_fc23e84e344b49328f67db9541200f17,ema_pullback:0f087c084153be10dc451f53
w03-lb075-r4_75,lab_3d_w03_lb_ratio,3,75,4.75,14.25,3.0,033fe0a65189bda99d573130950b277cd6317d2b59b84544247983cfa8973139,1122,1122,0.1907308377896613190730837790,1.063679748299769672015147806,108.5000000000000029515347551,108.5000000000000029515347551,0.3865411823307333462970117945,-0.2616479055727800887316046821,629,0.1939586645468998410174880763,72.50000000000000453331597224,72.50000000000000453331597224,493,0.1866125760649087221095334686,35.99999999999999841821878277,35.99999999999999841821878277,run_bccdd0547d0c4d75951678ebbcb1ff8d,ema_pullback:0169d433275fc40fe4d6ec2d
w03-lb075-r5_0,lab_3d_w03_lb_ratio,3,75,5.0,15.0,3.0,033fe0a65189bda99d573130950b277cd6317d2b59b84544247983cfa8973139,1112,1112,0.1816546762589928057553956835,1.021467029446239906875278591,99.9999999999999995685643892,99.9999999999999995685643892,0.107067857368757290713776509,-0.2950389528332841066342015082,625,0.1856,71.00000000000000853316658694,71.00000000000000853316658694,487,0.1765913757700205338809034908,28.99999999999999103539780224,28.99999999999999103539780224,run_94441d85df9a4b31afcaa8d6febaa71c,ema_pullback:fcbf779bd56d451c4f03b11f
w03-lb080-r2_0,lab_3d_w03_lb_ratio,3,80,2.0,6.0,3.0,033fe0a65189bda99d573130950b277cd6317d2b59b84544247983cfa8973139,1149,1149,0.3437771975630983463881636205,1.004980229706724666055277049,35.99999999999999837134159535,35.99999999999999837134159535,0.02375479445459004925070583493,-0.2767672526177188709403940844,639,0.3615023474178403755868544601,53.99999999999999987544897653,53.99999999999999987544897653,510,0.3215686274509803921568627451,-18.00000000000000150410738115,-18.00000000000000150410738115,run_66e78bee0baf4e94bc77e9106aa84db4,ema_pullback:17ae091fa9571dc85d8e487c
w03-lb080-r2_25,lab_3d_w03_lb_ratio,3,80,2.25,6.75,3.0,033fe0a65189bda99d573130950b277cd6317d2b59b84544247983cfa8973139,1143,1143,0.3167104111986001749781277340,0.9905879349215934390908016093,33.50000000000000197185321364,33.50000000000000197185321364,-0.04187467784361163086273866965,-0.2664940968223987537105451335,635,0.3275590551181102362204724409,41.00000000000000272723200793,41.00000000000000272723200793,508,0.3031496062992125984251968504,-7.500000000000000755378794245,-7.500000000000000755378794245,run_c56917233f1f4248a39af20ffadea7cb,ema_pullback:727abee5e2a3685b6c274f53
w03-lb080-r2_5,lab_3d_w03_lb_ratio,3,80,2.5,7.5,3.0,033fe0a65189bda99d573130950b277cd6317d2b59b84544247983cfa8973139,1140,1140,0.3,1.035518210355965920625575330,57.00000000000000252763124559,57.00000000000000252763124559,0.1732281439410098349730264596,-0.2329517992066294870428656785,634,0.3075709779179810725552050473,48.50000000000000520997393263,48.50000000000000520997393263,506,0.2905138339920948616600790514,8.499999999999997317657312947,8.499999999999997317657312947,run_8f72a563cc0a4401a308154cd94e8e69,ema_pullback:36a92583164551627e25ec71
w03-lb080-r2_75,lab_3d_w03_lb_ratio,3,80,2.75,8.25,3.0,033fe0a65189bda99d573130950b277cd6317d2b59b84544247983cfa8973139,1131,1131,0.2900088417329796640141467728,1.089643983447978008760336598,99.00000000000000563248468785,99.00000000000000563248468785,0.4784098921468479498532323285,-0.2384662593907646715303807502,627,0.2982456140350877192982456140,74.25000000000000640382297377,74.25000000000000640382297377,504,0.2797619047619047619047619048,24.74999999999999922866171406,24.74999999999999922866171406,run_bec8fb95763b4df1a27bed9208e7fa62,ema_pullback:e5df650a4a8c081560cc442c
w03-lb080-r3_0,lab_3d_w03_lb_ratio,3,80,3.0,9.0,3.0,033fe0a65189bda99d573130950b277cd6317d2b59b84544247983cfa8973139,1129,1129,0.2701505757307351638618246236,1.069203860903410535262488645,91.00000000000000308963195021,91.00000000000000308963195021,0.3544924976362416898450427714,-0.2387533648865600792611859876,626,0.2811501597444089456869009585,78.00000000000000314132998460,78.00000000000000314132998460,503,0.2564612326043737574552683897,12.99999999999999994830196559,12.99999999999999994830196559,run_f95818d040f2474fa3f7037669ec073a,ema_pullback:e4348a367222b335ccf56e0c
w03-lb080-r3_25,lab_3d_w03_lb_ratio,3,80,3.25,9.75,3.0,033fe0a65189bda99d573130950b277cd6317d2b59b84544247983cfa8973139,1124,1124,0.2606761565836298932384341637,1.108658694208891464731562512,121.2500000000000000452590836,121.2500000000000000452590836,0.609465173067162442517823193,-0.2122573509613767448062227263,623,0.2680577849117174959871589085,86.75000000000000317748806010,86.75000000000000317748806010,501,0.2514970059880239520958083832,34.49999999999999686777102340,34.49999999999999686777102340,run_44fcff7028aa4126884f2deb19fa948b,ema_pullback:184a12d455fcb3f3d69b6c13
w03-lb080-r3_5,lab_3d_w03_lb_ratio,3,80,3.5,10.5,3.0,033fe0a65189bda99d573130950b277cd6317d2b59b84544247983cfa8973139,1116,1116,0.2437275985663082437275985663,1.096783202403680451223593434,108.0000000000000082707123262,108.0000000000000082707123262,0.5794083661400969723700234406,-0.2066341310810753108018512259,620,0.25,77.50000000000000722111095750,77.50000000000000722111095750,496,0.2358870967741935483870967742,30.50000000000000104960136880,30.50000000000000104960136880,run_f5dd94e54f3c4c6b9cc02af781400187,ema_pullback:a93823f667afd6852c855391
w03-lb080-r3_75,lab_3d_w03_lb_ratio,3,80,3.75,11.25,3.0,033fe0a65189bda99d573130950b277cd6317d2b59b84544247983cfa8973139,1103,1103,0.2320942883046237533998186763,1.090103482458656677418978881,112.9999999999999967756609189,112.9999999999999967756609189,0.5482094885576954921478784257,-0.2064882953856896370449353272,613,0.2349102773246329526916802610,70.99999999999999740239573264,70.99999999999999740239573264,490,0.2285714285714285714285714286,41.99999999999999937326518626,41.99999999999999937326518626,run_8049e34f5d8a483f90238b79f57971df,ema_pullback:32b78050a9e60ab12ba55130
w03-lb080-r4_0,lab_3d_w03_lb_ratio,3,80,4.0,12.0,3.0,033fe0a65189bda99d573130950b277cd6317d2b59b84544247983cfa8973139,1091,1091,0.2144821264894592117323556370,1.020981395095159098125447504,79.00000000000000024668742226,79.00000000000000024668742226,0.1068020059793119149402746119,-0.2491927690928894416765182374,604,0.2135761589403973509933774834,40.99999999999999972405611250,40.99999999999999972405611250,487,0.2156057494866529774127310062,38.00000000000000052263130975,38.00000000000000052263130975,run_2b2353b35e134769a91c9fe8ad9ce085,ema_pullback:8d5042947f64ec1ba7658275
w03-lb080-r4_25,lab_3d_w03_lb_ratio,3,80,4.25,12.75,3.0,033fe0a65189bda99d573130950b277cd6317d2b59b84544247983cfa8973139,1088,1088,0.2095588235294117647058823529,1.055691821234926969911038588,109.0000000000000034480387914,109.0000000000000034480387914,0.3302008801719048238430881302,-0.2151324403938262365831506245,602,0.2093023255813953488372093023,59.50000000000000310923119651,59.50000000000000310923119651,486,0.2098765432098765432098765432,49.50000000000000033880759505,49.50000000000000033880759505,run_95b46ec9b72443769c8a2973444be812,ema_pullback:2c9c2791ee6fc49380c20261
w03-lb080-r4_5,lab_3d_w03_lb_ratio,3,80,4.5,13.5,3.0,033fe0a65189bda99d573130950b277cd6317d2b59b84544247983cfa8973139,1078,1078,0.2022263450834879406307977737,1.059749747226681375227258561,121.0000000000000050302830574,121.0000000000000050302830574,0.3503935052629908461948744214,-0.2558051601573931974808807423,597,0.2043551088777219430485762144,74.00000000000000556945516867,74.00000000000000556945516867,481,0.1995841995841995841995841996,46.99999999999999946082788871,46.99999999999999946082788871,run_960c74a8182a4a279fd14d3902d17a4e,ema_pullback:428247cef01f5659ad10a013
w03-lb080-r4_75,lab_3d_w03_lb_ratio,3,80,4.75,14.25,3.0,033fe0a65189bda99d573130950b277cd6317d2b59b84544247983cfa8973139,1074,1074,0.1918063314711359404096834264,1.055616596569634023129934507,110.5000000000000039383146064,110.5000000000000039383146064,0.3251923063528728504890288512,-0.2610619270791973626565070700,597,0.1993299832495812395309882747,87.25000000000000486394478133,87.25000000000000486394478133,477,0.1823899371069182389937106918,23.24999999999999907436982508,23.24999999999999907436982508,run_d5952c3f8f4249b6b02e715cc22da446,ema_pullback:813a246609ac3b2599d8b1d5
w03-lb080-r5_0,lab_3d_w03_lb_ratio,3,80,5.0,15.0,3.0,033fe0a65189bda99d573130950b277cd6317d2b59b84544247983cfa8973139,1065,1065,0.1840375586854460093896713615,1.023422382937138392017292435,110.9999999999999995440252809,110.9999999999999995440252809,0.1166887631187151082703884673,-0.2715356145190820983909633647,593,0.1922428330522765598650927487,91.0000000000000081965482142,91.0000000000000081965482142,472,0.1737288135593220338983050847,19.99999999999999134747706673,19.99999999999999134747706673,run_0d291a8b1d26407fb7c37ad7111349c0,ema_pullback:c0cdb20f3e88de5d4cafdb20
w03-lb085-r2_0,lab_3d_w03_lb_ratio,3,85,2.0,6.0,3.0,033fe0a65189bda99d573130950b277cd6317d2b59b84544247983cfa8973139,1107,1107,0.3477868112014453477868112014,1.020995072779158409518802533,47.99999999999999809893239238,47.99999999999999809893239238,0.09938249486319934314421741357,-0.2388281338469866616120440902,612,0.3643790849673202614379084967,56.99999999999999971403597130,56.99999999999999971403597130,495,0.3272727272727272727272727273,-9.000000000000001615103578880,-9.000000000000001615103578880,run_567d7d4c234d4699bba2438695cdf5ff,ema_pullback:1a353883b3c461bb680efb3b
w03-lb085-r2_25,lab_3d_w03_lb_ratio,3,85,2.25,6.75,3.0,033fe0a65189bda99d573130950b277cd6317d2b59b84544247983cfa8973139,1103,1103,0.3191296464188576609247506800,0.9987466670468236841282017291,41.00000000000000199345405064,41.00000000000000199345405064,-0.00545662244978481080360866618,-0.2378379777098420553078155917,608,0.3289473684210526315789473684,42.00000000000000263094401865,42.00000000000000263094401865,495,0.3070707070707070707070707071,-1.000000000000000637489968075,-1.000000000000000637489968075,run_d1191d1a3cd544529a731439d2f6f86f,ema_pullback:a506c0bd521e513074ea8c36
w03-lb085-r2_5,lab_3d_w03_lb_ratio,3,85,2.5,7.5,3.0,033fe0a65189bda99d573130950b277cd6317d2b59b84544247983cfa8973139,1101,1101,0.3015440508628519527702089010,1.042029024097903070528457505,61.00000000000000177039634650,61.00000000000000177039634650,0.1992949108627733201062251275,-0.2216581708299514118118704530,607,0.3080724876441515650741350906,47.50000000000000438345567766,47.50000000000000438345567766,494,0.2935222672064777327935222672,13.49999999999999738694066892,13.49999999999999738694066892,run_c8f4b49e2a0e42b59da6ef5ddfc20d8c,ema_pullback:9623f21d9faf2429a4236113
w03-lb085-r2_75,lab_3d_w03_lb_ratio,3,85,2.75,8.25,3.0,033fe0a65189bda99d573130950b277cd6317d2b59b84544247983cfa8973139,1094,1094,0.2925045703839122486288848263,1.098891568292125534233876488,106.0000000000000046808942934,106.0000000000000046808942934,0.5221451300633773919047413022,-0.2207157034383383853437418503,602,0.2990033222591362126245847176,73.00000000000000547537166520,73.00000000000000547537166520,492,0.2845528455284552845528455285,32.99999999999999920552262825,32.99999999999999920552262825,run_5bd11861a19d4a95ade9e3512643b52a,ema_pullback:99f2b6d1a962c1e0fc057c8e
w03-lb085-r3_0,lab_3d_w03_lb_ratio,3,85,3.0,9.0,3.0,033fe0a65189bda99d573130950b277cd6317d2b59b84544247983cfa8973139,1092,1092,0.2738095238095238095238095238,1.085117605376054147326208318,104.0000000000000032982737774,104.0000000000000032982737774,0.4436253616845735964586789039,-0.2197255083269577395021174109,601,0.2828618968386023294509151414,79.00000000000000334997181182,79.00000000000000334997181182,491,0.2627291242362525458248472505,24.99999999999999994830196560,24.99999999999999994830196560,run_30b833384bf14831a6fe722a968f5c01,ema_pullback:c799d8f14cd3878bb3a2618d
w03-lb085-r3_25,lab_3d_w03_lb_ratio,3,85,3.25,9.75,3.0,033fe0a65189bda99d573130950b277cd6317d2b59b84544247983cfa8973139,1088,1088,0.2647058823529411764705882353,1.128899006862926594954656898,135.9999999999999999600616999,135.9999999999999999600616999,0.7507806035553151621391832528,-0.1954905239828350466328632982,599,0.2704507512520868113522537563,89.50000000000000309229067623,89.50000000000000309229067623,489,0.2576687116564417177914110429,46.49999999999999686777102341,46.49999999999999686777102341,run_a9a52ceb8cd4483b90ba91a4c68ff54d,ema_pullback:87431edc91ebda39ab6e43f2
w03-lb085-r3_5,lab_3d_w03_lb_ratio,3,85,3.5,10.5,3.0,033fe0a65189bda99d573130950b277cd6317d2b59b84544247983cfa8973139,1080,1080,0.2490740740740740740740740741,1.125548124459714613696200758,130.5000000000000072897975849,130.5000000000000072897975849,0.7825976317463796266834967332,-0.1897476158326267139456685143,596,0.2550335570469798657718120805,88.00000000000000624019621612,88.00000000000000624019621612,484,0.2417355371900826446280991736,42.50000000000000104960136880,42.50000000000000104960136880,run_d88197098ee34ca6b3f929d3b24839df,ema_pullback:6c245a1fdf40b774c611b6ae
w03-lb085-r3_75,lab_3d_w03_lb_ratio,3,85,3.75,11.25,3.0,033fe0a65189bda99d573130950b277cd6317d2b59b84544247983cfa8973139,1069,1069,0.2376052385406922357343311506,1.119339828873802704801336111,137.4999999999999963265465108,137.4999999999999963265465108,0.7588229604323702871241334229,-0.2064882953856896370449353272,590,0.2406779661016949152542372881,84.49999999999999695328132438,84.49999999999999695328132438,479,0.2338204592901878914405010438,52.99999999999999937326518626,52.99999999999999937326518626,run_0045ed8225734f4c9fe28340230f3ce0,ema_pullback:f2e3ef6d86a98dccc4111dfb
w03-lb085-r4_0,lab_3d_w03_lb_ratio,3,85,4.0,12.0,3.0,033fe0a65189bda99d573130950b277cd6317d2b59b84544247983cfa8973139,1058,1058,0.2202268431001890359168241966,1.055458896905250258130735226,107.0000000000000004968044712,107.0000000000000004968044712,0.2971506071213128383657799237,-0.2261796759682551162159124691,582,0.2199312714776632302405498282,57.99999999999999997417316134,57.99999999999999997417316134,476,0.2205882352941176470588235294,49.00000000000000052263130977,49.00000000000000052263130977,run_5cc3ddbd17204e2eb124b59b0d90b83a,ema_pullback:d42258c3a5cbcf8cd6172b71
w03-lb085-r4_25,lab_3d_w03_lb_ratio,3,85,4.25,12.75,3.0,033fe0a65189bda99d573130950b277cd6317d2b59b84544247983cfa8973139,1056,1056,0.2149621212121212121212121212,1.088445407318280060098306699,135.7500000000000035730973159,135.7500000000000035730973159,0.5531337955549102545927933781,-0.1910753595664360594292463142,581,0.2151462994836488812392426850,75.25000000000000323428972102,75.25000000000000323428972102,475,0.2147368421052631578947368421,60.50000000000000033880759507,60.50000000000000033880759507,run_2bb58534eea549f1af9cba641b71ef8a,ema_pullback:846a943f6802ae48bf3ce4b0
w03-lb085-r4_5,lab_3d_w03_lb_ratio,3,85,4.5,13.5,3.0,033fe0a65189bda99d573130950b277cd6317d2b59b84544247983cfa8973139,1046,1046,0.2074569789674952198852772467,1.093008060496363488739159325,147.5000000000000047801660079,147.5000000000000047801660079,0.5751624521562879827942599204,-0.2329947443180589538079173237,576,0.2100694444444444444444444444,89.50000000000000531933811977,89.50000000000000531933811977,470,0.2042553191489361702127659574,57.99999999999999946082788867,57.99999999999999946082788867,run_b293c49d9c72494eb603ea66dcb66e0b,ema_pullback:241d8abc12f0b6dca123abe5
w03-lb085-r4_75,lab_3d_w03_lb_ratio,3,85,4.75,14.25,3.0,033fe0a65189bda99d573130950b277cd6317d2b59b84544247983cfa8973139,1042,1042,0.1967370441458733205374280230,1.088345811029090676814887349,136.7500000000000043134901796,136.7500000000000043134901796,0.5442503413302515541864037105,-0.2384126371077637485557775820,576,0.2048611111111111111111111111,102.5000000000000052391203546,102.5000000000000052391203546,466,0.1866952789699570815450643777,34.24999999999999907436982509,34.24999999999999907436982509,run_b9bb9a75778445ea928c3644218a5062,ema_pullback:ad95fcb8a478e08eb5d2ab82
w03-lb085-r5_0,lab_3d_w03_lb_ratio,3,85,5.0,15.0,3.0,033fe0a65189bda99d573130950b277cd6317d2b59b84544247983cfa8973139,1033,1033,0.1887705711519845111326234269,1.057250656177104547571520403,136.9999999999999995440252809,136.9999999999999995440252809,0.3000053929535054088832211739,-0.2492073549459854452143028528,572,0.1975524475524475524475524476,106.0000000000000081965482141,106.0000000000000081965482141,461,0.1778741865509761388286334056,30.99999999999999134747706671,30.99999999999999134747706671,run_9518067004cc41a3993f93a98943d3ab,ema_pullback:a74defb0afead459d1ddbdf9
w03-lb090-r2_0,lab_3d_w03_lb_ratio,3,90,2.0,6.0,3.0,033fe0a65189bda99d573130950b277cd6317d2b59b84544247983cfa8973139,1071,1071,0.3454715219421101774042950514,1.025724201761066085141856821,38.99999999999999791940016833,38.99999999999999791940016833,0.1195222109245547296327878953,-0.2357053646921465228295984275,588,0.3639455782312925170068027211,53.99999999999999961837647471,53.99999999999999961837647471,483,0.3229813664596273291925465839,-15.00000000000000169897630639,-15.00000000000000169897630639,run_ac10f7d8f35147e2bd354c1fd19e2b45,ema_pullback:22915e3628b57b5d7afc8c37
w03-lb090-r2_25,lab_3d_w03_lb_ratio,3,90,2.25,6.75,3.0,033fe0a65189bda99d573130950b277cd6317d2b59b84544247983cfa8973139,1067,1067,0.3158388003748828491096532334,0.9985645557171610926397654233,28.25000000000000266605116961,28.25000000000000266605116961,-0.006085552448863293950080393611,-0.2459755543236534644622740973,584,0.3270547945205479452054794521,36.75000000000000337564439674,36.75000000000000337564439674,483,0.3022774327122153209109730849,-8.500000000000000709593227090,-8.500000000000000709593227090,run_9d0872938e144c5c823e01858a661981,ema_pullback:36c0177df7f1dd6347ff1efd
w03-lb090-r2_5,lab_3d_w03_lb_ratio,3,90,2.5,7.5,3.0,033fe0a65189bda99d573130950b277cd6317d2b59b84544247983cfa8973139,1065,1065,0.2985915492957746478873239437,1.041104678181075602933484610,48.00000000000000269786427890,48.00000000000000269786427890,0.1902110843065724348766895957,-0.2199752231694836791912457013,583,0.3053173241852487135506003431,40.00000000000000516058552539,40.00000000000000516058552539,482,0.2904564315352697095435684647,7.999999999999997537278753500,7.999999999999997537278753500,run_41a000873de54e2b9a5ef94eaf27ad4a,ema_pullback:a2505526a34464379d313e86
w03-lb090-r2_75,lab_3d_w03_lb_ratio,3,90,2.75,8.25,3.0,033fe0a65189bda99d573130950b277cd6317d2b59b84544247983cfa8973139,1059,1059,0.2889518413597733711048158640,1.092581493994377584005944105,88.50000000000000413495404580,88.50000000000000413495404580,0.4720797450659906304634949607,-0.2181934198801700575072857036,579,0.2953367875647668393782383420,62.25000000000000489940004585,62.25000000000000489940004585,480,0.28125,26.24999999999999923555399988,26.24999999999999923555399988,run_fa16b083e7ee48c4bb1e607d38f202d8,ema_pullback:94a70ce69eb77b07ca329045
w03-lb090-r3_0,lab_3d_w03_lb_ratio,3,90,3.0,9.0,3.0,033fe0a65189bda99d573130950b277cd6317d2b59b84544247983cfa8973139,1057,1057,0.2696310312204351939451277200,1.074388314211875178447777279,83.00000000000000358937186959,83.00000000000000358937186959,0.3714230395829390379457329425,-0.2203407216668297551679311295,578,0.2785467128027681660899653979,66.00000000000000354679071481,66.00000000000000354679071481,479,0.2588726513569937369519832985,17.00000000000000004258115480,17.00000000000000004258115480,run_24ccb6a3467a4c7497bf6686f72e579b,ema_pullback:5c51367be0ec64578eb0849f
w03-lb090-r3_25,lab_3d_w03_lb_ratio,3,90,3.25,9.75,3.0,033fe0a65189bda99d573130950b277cd6317d2b59b84544247983cfa8973139,1054,1054,0.2609108159392789373814041746,1.122856077657852525298646221,114.7500000000000013565612047,114.7500000000000013565612047,0.6936319123629511230945538978,-0.2049584721553875615209365557,577,0.2668977469670710571923743501,77.50000000000000374390245620,77.50000000000000374390245620,477,0.2536687631027253668763102725,37.24999999999999761265874836,37.24999999999999761265874836,run_1e0ea4785e8f4d138a7a3e8577a39ecd,ema_pullback:4dcbf651f9c1c977932227cf
w03-lb090-r3_5,lab_3d_w03_lb_ratio,3,90,3.5,10.5,3.0,033fe0a65189bda99d573130950b277cd6317d2b59b84544247983cfa8973139,1047,1047,0.2454632282712511938872970392,1.123701555593490189706203540,109.5000000000000088434364547,109.5000000000000088434364547,0.749508028012765862839490317,-0.2004604428868135956345056291,575,0.2521739130434782608695652174,77.50000000000000698469954330,77.50000000000000698469954330,472,0.2372881355932203389830508475,32.00000000000000185873691134,32.00000000000000185873691134,run_940678e243e541e4a204c1fcf23e76cf,ema_pullback:cf55806e28d55bd7cdc6b04c
w03-lb090-r3_75,lab_3d_w03_lb_ratio,3,90,3.75,11.25,3.0,033fe0a65189bda99d573130950b277cd6317d2b59b84544247983cfa8973139,1037,1037,0.2343297974927675988428158149,1.116996257547024272380725480,117.2499999999999981073769914,117.2499999999999981073769914,0.7119041395300828126570888935,-0.1988522720419255749729116174,569,0.2390158172231985940246045694,76.99999999999999833734651029,76.99999999999999833734651029,468,0.2286324786324786324786324786,40.24999999999999977003048122,40.24999999999999977003048122,run_679e2fe4bcc14df1a1feaceccfadd143,ema_pullback:e2ac702f731ce6e7e8bc891d
w03-lb090-r4_0,lab_3d_w03_lb_ratio,3,90,4.0,12.0,3.0,033fe0a65189bda99d573130950b277cd6317d2b59b84544247983cfa8973139,1029,1029,0.2167152575315840621963070943,1.048950704607435271381261250,86.00000000000000012892763426,86.00000000000000012892763426,0.2515996758625134562923898531,-0.2313253770451208904360743471,563,0.2184724689165186500888099467,52.00000000000000038121542105,52.00000000000000038121542105,466,0.2145922746781115879828326180,33.99999999999999974771221320,33.99999999999999974771221320,run_429b5bdf8bf24de68bcec5f774790777,ema_pullback:79ef233525bee166644f1891
w03-lb090-r4_25,lab_3d_w03_lb_ratio,3,90,4.25,12.75,3.0,033fe0a65189bda99d573130950b277cd6317d2b59b84544247983cfa8973139,1027,1027,0.2122687439143135345666991237,1.084635053094235034325568312,117.5000000000000054623131933,117.5000000000000054623131933,0.5056899048128177394661315397,-0.2052807660503519108200785026,562,0.2135231316725978647686832740,68.00000000000000460858235178,68.00000000000000460858235178,465,0.2107526881720430107526881720,49.50000000000000085373084169,49.50000000000000085373084169,run_42a2c0ac5ab14fc1a3f7ada724bc9393,ema_pullback:906b53b6e8d8ad40f4744a3d
w03-lb090-r4_5,lab_3d_w03_lb_ratio,3,90,4.5,13.5,3.0,033fe0a65189bda99d573130950b277cd6317d2b59b84544247983cfa8973139,1017,1017,0.2045231071779744346116027532,1.087216648049424981255430901,127.0000000000000051559852897,127.0000000000000051559852897,0.5122617924828432005334903193,-0.2403276987809025272572706910,557,0.2082585278276481149012567325,81.00000000000000598746342168,81.00000000000000598746342168,460,0.2,45.99999999999999916852186814,45.99999999999999916852186814,run_3cb9865c667d4d7db4e5401e6af7293d,ema_pullback:19646b269afba68a06d404d0
w03-lb090-r4_75,lab_3d_w03_lb_ratio,3,90,4.75,14.25,3.0,033fe0a65189bda99d573130950b277cd6317d2b59b84544247983cfa8973139,1014,1014,0.1942800788954635108481262327,1.087040535459776593124585328,118.7500000000000040274100183,118.7500000000000040274100183,0.5193516338119527833644437375,-0.2467984378160774607760900834,557,0.2028725314183123877917414722,92.7500000000000049316589268,92.7500000000000049316589268,457,0.1838074398249452954048140044,25.99999999999999909575109153,25.99999999999999909575109153,run_3609db05d899425d912f98fdd8904e09,ema_pullback:b8f9ecfbe64a6655e514d0ac
w03-lb090-r5_0,lab_3d_w03_lb_ratio,3,90,5.0,15.0,3.0,033fe0a65189bda99d573130950b277cd6317d2b59b84544247983cfa8973139,1006,1006,0.1868787276341948310139165010,1.058230600870402484124531998,121.9999999999999990017231457,121.9999999999999990017231457,0.2962542247088215293679072854,-0.258560823525426850409714499,553,0.1952983725135623869801084991,95.0000000000000071352301644,95.0000000000000071352301644,453,0.1766004415011037527593818985,26.99999999999999186649298133,26.99999999999999186649298133,run_09464a1ee41f41e0ad6a5b807f469682,ema_pullback:7de8f0058908ba1eecfcfad5
w03-lb095-r2_0,lab_3d_w03_lb_ratio,3,95,2.0,6.0,3.0,033fe0a65189bda99d573130950b277cd6317d2b59b84544247983cfa8973139,1038,1038,0.3497109826589595375722543353,1.042660365634960035149379802,50.99999999999999765151712426,50.99999999999999765151712426,0.201822976913870928194237537,-0.1961758635710410612730142343,567,0.3721340388007054673721340388,65.99999999999999940587038484,65.99999999999999940587038484,471,0.3227176220806794055201698514,-15.00000000000000175435326059,-15.00000000000000175435326059,run_528cda5acfa14ca9ac63a145c19c3ec5,ema_pullback:9ece64789274fc2e3d0b86cb
w03-lb095-r2_25,lab_3d_w03_lb_ratio,3,95,2.25,6.75,3.0,033fe0a65189bda99d573130950b277cd6317d2b59b84544247983cfa8973139,1037,1037,0.3191899710703953712632594021,1.010430593509378910861005651,38.75000000000000242987346057,38.75000000000000242987346057,0.04464667533251043726200478041,-0.2138598104660196165327622510,566,0.3339222614840989399293286219,48.25000000000000279455845233,48.25000000000000279455845233,471,0.3014861995753715498938428875,-9.500000000000000364684991830,-9.500000000000000364684991830,run_3420996f057a4ab9b55346298eb42f73,ema_pullback:fa23076bc70cf014d5ea3e63
w03-lb095-r2_5,lab_3d_w03_lb_ratio,3,95,2.5,7.5,3.0,033fe0a65189bda99d573130950b277cd6317d2b59b84544247983cfa8973139,1035,1035,0.3024154589371980676328502415,1.054473169557293751472311801,60.50000000000000271036723367,60.50000000000000271036723367,0.2567633917362476454497487141,-0.1976546212787462119645193736,565,0.3115044247787610619469026549,51.00000000000000515494997359,51.00000000000000515494997359,470,0.2914893617021276595744680851,9.499999999999997555417260077,9.499999999999997555417260077,run_5d8a2064373448f28fc0fa51e5eafe2f,ema_pullback:da2f8312edc927a04e75bf90
w03-lb095-r2_75,lab_3d_w03_lb_ratio,3,95,2.75,8.25,3.0,033fe0a65189bda99d573130950b277cd6317d2b59b84544247983cfa8973139,1029,1029,0.2925170068027210884353741497,1.104760658006979031221838386,99.75000000000000458643214805,99.75000000000000458643214805,0.5432086068272086711341846646,-0.2008374918388172032472602075,561,0.3012477718360071301247771836,72.75000000000000485608247964,72.75000000000000485608247964,468,0.2820512820512820512820512821,26.99999999999999973034966845,26.99999999999999973034966845,run_0ed2fc62b1cf4c63afa6e6bacd404598,ema_pullback:3332e7910cdd990391a9e0b4
w03-lb095-r3_0,lab_3d_w03_lb_ratio,3,95,3.0,9.0,3.0,033fe0a65189bda99d573130950b277cd6317d2b59b84544247983cfa8973139,1027,1027,0.2726387536514118792599805258,1.084373532861285466339181444,93.00000000000000311993618005,93.00000000000000311993618005,0.4273627105065345276385498973,-0.1890591012342264777766264028,560,0.2839285714285714285714285714,76.00000000000000304952212701,76.00000000000000304952212701,467,0.2591006423982869379014989293,17.00000000000000007041405301,17.00000000000000007041405301,run_b9aa4d46908c47e0b19c67720cbeaf8f,ema_pullback:db6c36620ccdc2804197c345
w03-lb095-r3_25,lab_3d_w03_lb_ratio,3,95,3.25,9.75,3.0,033fe0a65189bda99d573130950b277cd6317d2b59b84544247983cfa8973139,1024,1024,0.263671875,1.131174666338993988792216811,123.5000000000000011940365415,123.5000000000000011940365415,0.7500777753723172260449307402,-0.1836147339719545254534153511,559,0.2719141323792486583184257603,87.00000000000000328995143470,87.00000000000000328995143470,465,0.2537634408602150537634408602,36.49999999999999790408510675,36.49999999999999790408510675,run_719cfec2799b4f9ea25f98faaea3a71a,ema_pullback:14e1f734b2266abefdf01aac
w03-lb095-r3_5,lab_3d_w03_lb_ratio,3,95,3.5,10.5,3.0,033fe0a65189bda99d573130950b277cd6317d2b59b84544247983cfa8973139,1017,1017,0.2487708947885939036381514258,1.136094686558000775366618585,121.5000000000000088999549038,121.5000000000000088999549038,0.8329675985290053388685180959,-0.1723972367121400087509677663,557,0.2567324955116696588868940754,86.50000000000000680579372659,86.50000000000000680579372659,460,0.2391304347826086956521739130,35.00000000000000209416117722,35.00000000000000209416117722,run_a2928951eefe40ac8fa0c267f6ce6b66,ema_pullback:3865425aabd2fd0626b80b27
w03-lb095-r3_75,lab_3d_w03_lb_ratio,3,95,3.75,11.25,3.0,033fe0a65189bda99d573130950b277cd6317d2b59b84544247983cfa8973139,1008,1008,0.2380952380952380952380952381,1.131086820907400444434425945,131.9999999999999981214654733,131.9999999999999981214654733,0.8069607264837127752168917988,-0.1884942268439859558445806472,551,0.2431941923774954627949183303,85.49999999999999803975909836,85.49999999999999803975909836,457,0.2319474835886214442013129103,46.50000000000000008170637494,46.50000000000000008170637494,run_55784e83705e4c809ffb98b8caebd46f,ema_pullback:bd62b07957ee38de5ad59fa4
w03-lb095-r4_0,lab_3d_w03_lb_ratio,3,95,4.0,12.0,3.0,033fe0a65189bda99d573130950b277cd6317d2b59b84544247983cfa8973139,1002,1002,0.2205588822355289421157684631,1.063907046751388690249967923,102.9999999999999998746577886,102.9999999999999998746577886,0.3285748064786758961134973353,-0.2014210018259875433711792457,547,0.2212065813528336380255941499,58.00000000000000012694557539,58.00000000000000012694557539,455,0.2197802197802197802197802198,44.99999999999999974771221317,44.99999999999999974771221317,run_27492020d7e34073a77367c982d16149,ema_pullback:a269f0879d41182dfbd7e3ab
w03-lb095-r4_25,lab_3d_w03_lb_ratio,3,95,4.25,12.75,3.0,033fe0a65189bda99d573130950b277cd6317d2b59b84544247983cfa8973139,1000,1000,0.216,1.099180244118267517017528437,134.0000000000000048350919067,134.0000000000000048350919067,0.5917289949270957130557306319,-0.1849015700394692955325646107,546,0.2161172161172161172161172161,73.50000000000000398136106524,73.50000000000000398136106524,454,0.2158590308370044052863436123,60.50000000000000085373084171,60.50000000000000085373084171,run_070d34c679f74d97a356efac54279ee3,ema_pullback:588517c7755bfc475e40527b
w03-lb095-r4_5,lab_3d_w03_lb_ratio,3,95,4.5,13.5,3.0,033fe0a65189bda99d573130950b277cd6317d2b59b84544247983cfa8973139,990,990,0.2080808080808080808080808081,1.101273018171785804496386676,143.0000000000000042019479043,143.0000000000000042019479043,0.5921277920864199550747506216,-0.2107735482198895463272659444,541,0.2107208872458410351201478743,86.00000000000000503342603641,86.00000000000000503342603641,449,0.2048997772828507795100222717,56.99999999999999916852186817,56.99999999999999916852186817,run_2df26c8fb147484aa2df7b9b8bc9e040,ema_pullback:e45b67a2e967bd2b3ed99de0
w03-lb095-r4_75,lab_3d_w03_lb_ratio,3,95,4.75,14.25,3.0,033fe0a65189bda99d573130950b277cd6317d2b59b84544247983cfa8973139,987,987,0.1975683890577507598784194529,1.100080585607958452445386604,134.2500000000000032325540186,134.2500000000000032325540186,0.5930555101883375456434209985,-0.2174960236884972805505517921,541,0.2051756007393715341959334566,97.2500000000000041368029272,97.2500000000000041368029272,446,0.1883408071748878923766816143,36.99999999999999909575109151,36.99999999999999909575109151,run_69cecb4a9c284f1aaa20d951d33d3c8a,ema_pullback:bdfcadd8f4a6e2789b06bea6
w03-lb095-r5_0,lab_3d_w03_lb_ratio,3,95,5.0,15.0,3.0,033fe0a65189bda99d573130950b277cd6317d2b59b84544247983cfa8973139,979,979,0.1899897854954034729315628192,1.070221850370416402677881490,136.9999999999999987823175388,136.9999999999999987823175388,0.3535950434506769254722882419,-0.2297160110737968901495710496,537,0.1973929236499068901303538175,99.0000000000000069158245572,99.0000000000000069158245572,442,0.1809954751131221719457013575,37.99999999999999186649298135,37.99999999999999186649298135,run_67e68afbdfb847ada36a8c9d681b43af,ema_pullback:2e2849dd467fc79742dacd1f
w03-lb100-r2_0,lab_3d_w03_lb_ratio,3,100,2.0,6.0,3.0,033fe0a65189bda99d573130950b277cd6317d2b59b84544247983cfa8973139,1003,1003,0.3539381854436689930209371884,1.050007940677381492670694856,61.99999999999999776146413840,61.99999999999999776146413840,0.238467739117943362581008843,-0.1701623256113254812685409177,549,0.3734061930783242258652094718,65.99999999999999959308296985,65.99999999999999959308296985,454,0.3303964757709251101321585903,-4.000000000000001831618831430,-4.000000000000001831618831430,run_de9e8bf7f04e4e1c9e18c341de32a7fc,ema_pullback:e78f77b7fe5b28f3babca069
w03-lb100-r2_25,lab_3d_w03_lb_ratio,3,100,2.25,6.75,3.0,033fe0a65189bda99d573130950b277cd6317d2b59b84544247983cfa8973139,1002,1002,0.3223552894211576846307385230,1.014945077516211541398916020,47.75000000000000265617120281,47.75000000000000265617120281,0.06435474219917006092940520126,-0.2005615653263141485219855028,548,0.3339416058394160583941605839,46.75000000000000290882231839,46.75000000000000290882231839,454,0.3083700440528634361233480176,0.999999999999999747348884359,0.999999999999999747348884359,run_95178111e7f24da4b5021af22fbca56a,ema_pullback:3207392a585a5d7721b20f19
w03-lb100-r2_5,lab_3d_w03_lb_ratio,3,100,2.5,7.5,3.0,033fe0a65189bda99d573130950b277cd6317d2b59b84544247983cfa8973139,1000,1000,0.305,1.056200866807649786773010360,67.50000000000000260621021399,67.50000000000000260621021399,0.2660579278921512541666157307,-0.1785023104594336861034395490,547,0.3107861060329067641681901280,48.00000000000000504306799893,48.00000000000000504306799893,453,0.2980132450331125827814569536,19.49999999999999756314221506,19.49999999999999756314221506,run_01850b2234944dd4a8e48042ffd3c95d,ema_pullback:b9b4a837dad51d9e741d12e3
w03-lb100-r2_75,lab_3d_w03_lb_ratio,3,100,2.75,8.25,3.0,033fe0a65189bda99d573130950b277cd6317d2b59b84544247983cfa8973139,996,996,0.2941767068273092369477911647,1.099951329972416359633976881,102.7500000000000045443072496,102.7500000000000045443072496,0.5183707776151734135416634181,-0.2003259102016496474846758747,545,0.2990825688073394495412844037,66.25000000000000484872588657,66.25000000000000484872588657,451,0.2882483370288248337028824834,36.49999999999999969558136315,36.49999999999999969558136315,run_871febfeba9a4dca83008a1a1158a46f,ema_pullback:cd7ae4ab75b9cd9b7222fd6b
w03-lb100-r3_0,lab_3d_w03_lb_ratio,3,100,3.0,9.0,3.0,033fe0a65189bda99d573130950b277cd6317d2b59b84544247983cfa8973139,994,994,0.2736418511066398390342052314,1.076867838673412916935529579,94.00000000000000355840898456,94.00000000000000355840898456,0.388644521527970901238193061,-0.1852057904505768046042277378,544,0.28125,68.00000000000000344163719110,68.00000000000000344163719110,450,0.2644444444444444444444444444,26.00000000000000011677179341,26.00000000000000011677179341,run_6502abfaa88f40a6801d5454c80dfd21,ema_pullback:0848a82b36eea70df22bb847
w03-lb100-r3_25,lab_3d_w03_lb_ratio,3,100,3.25,9.75,3.0,033fe0a65189bda99d573130950b277cd6317d2b59b84544247983cfa8973139,992,992,0.2651209677419354838709677419,1.123201938166542000689253347,125.7500000000000016191466457,125.7500000000000016191466457,0.7018714248356920085692741065,-0.1764533359470125036716793468,544,0.2702205882352941176470588235,80.75000000000000304671074621,80.75000000000000304671074621,448,0.2589285714285714285714285714,44.99999999999999857243589935,44.99999999999999857243589935,run_2975b337abe0422da9dc3844a72f9fa1,ema_pullback:8375a217f9ed0e0fb2e5ce04
w03-lb100-r3_5,lab_3d_w03_lb_ratio,3,100,3.5,10.5,3.0,033fe0a65189bda99d573130950b277cd6317d2b59b84544247983cfa8973139,986,986,0.2505070993914807302231237323,1.141800855471095936106394805,125.5000000000000086152540644,125.5000000000000086152540644,0.8647392645127594346694659764,-0.1655276025725254581264397242,543,0.2541436464088397790055248619,78.00000000000000642837340125,78.00000000000000642837340125,443,0.2460496613995485327313769752,47.50000000000000218688066326,47.50000000000000218688066326,run_4e7c47acf9634bcf9888a799ca830e65,ema_pullback:f5e5c6376e3dca42676689a0
w03-lb100-r3_75,lab_3d_w03_lb_ratio,3,100,3.75,11.25,3.0,033fe0a65189bda99d573130950b277cd6317d2b59b84544247983cfa8973139,978,978,0.2392638036809815950920245399,1.133739407614367909870532580,133.4999999999999988573637524,133.4999999999999988573637524,0.8171052240687538556028202637,-0.1884942268439859558445806461,537,0.2402234636871508379888268156,75.74999999999999900745609251,75.74999999999999900745609251,441,0.2380952380952380952380952381,57.74999999999999984990765970,57.74999999999999984990765970,run_74fa304f5d1e4e6c95e665896440005d,ema_pullback:24b491b74d01e8b0f874bc59
w03-lb100-r4_0,lab_3d_w03_lb_ratio,3,100,4.0,12.0,3.0,033fe0a65189bda99d573130950b277cd6317d2b59b84544247983cfa8973139,972,972,0.2222222222222222222222222222,1.073768040776189665535328706,108.0000000000000001563634725,108.0000000000000001563634725,0.3758588576785019543717496404,-0.1914042014199892599164652771,533,0.2195121951219512195121951220,52.00000000000000050137074542,52.00000000000000050137074542,439,0.2255125284738041002277904328,55.99999999999999965499272713,55.99999999999999965499272713,run_c240083040134948b390b3892f03ea2d,ema_pullback:40a45b0d7f21d55a8bf2dee4
w03-lb100-r4_25,lab_3d_w03_lb_ratio,3,100,4.25,12.75,3.0,033fe0a65189bda99d573130950b277cd6317d2b59b84544247983cfa8973139,970,970,0.2175257731958762886597938144,1.108427199540965636858557986,137.7500000000000057583321093,137.7500000000000057583321093,0.6393962617427882936698531699,-0.1746775617662413254490094131,532,0.2142857142857142857142857143,66.50000000000000485824152467,66.50000000000000485824152467,438,0.2214611872146118721461187215,71.25000000000000090009058476,71.25000000000000090009058476,run_7db792816a6744c5ad1660261fdef952,ema_pullback:148a74510b9ad2b219f63d2c
w03-lb100-r4_5,lab_3d_w03_lb_ratio,3,100,4.5,13.5,3.0,033fe0a65189bda99d573130950b277cd6317d2b59b84544247983cfa8973139,963,963,0.2076843198338525441329179647,1.101783856860499342531745744,137.0000000000000050872216557,137.0000000000000050872216557,0.5858135928819273405746718956,-0.2008740594270563535015286349,529,0.2060491493383742911153119093,70.50000000000000619685824632,70.50000000000000619685824632,434,0.2096774193548387096774193548,66.49999999999999889036340989,66.49999999999999889036340989,run_adbc28f8acd84babbd275f5fe2077cd8,ema_pullback:2a7235a77354408d34262fd4
w03-lb100-r4_75,lab_3d_w03_lb_ratio,3,100,4.75,14.25,3.0,033fe0a65189bda99d573130950b277cd6317d2b59b84544247983cfa8973139,961,961,0.1977107180020811654526534860,1.109260764843460306816520321,131.5000000000000034174814936,131.5000000000000034174814936,0.6543370640470834241396827199,-0.2076808567913778921000808299,529,0.2003780718336483931947069943,80.50000000000000432173040201,80.50000000000000432173040201,432,0.1944444444444444444444444444,50.99999999999999909575109151,50.99999999999999909575109151,run_ea27a785b81a41398bacff01acae3866,ema_pullback:0b5148f3213b9357e5cd57bc
w03-lb100-r5_0,lab_3d_w03_lb_ratio,3,100,5.0,15.0,3.0,033fe0a65189bda99d573130950b277cd6317d2b59b84544247983cfa8973139,955,955,0.1895287958115183246073298429,1.073146034206890575123692386,130.9999999999999982995425028,130.9999999999999982995425028,0.3725998568119832519242319683,-0.2309213754860540023699159782,525,0.1923809523809523809523809524,81.00000000000000643304952141,81.00000000000000643304952141,430,0.1860465116279069767441860465,49.99999999999999186649298131,49.99999999999999186649298131,run_f6bbfad6621246f3a1672f16287c71a9,ema_pullback:bb1558df0db25a0227b6bf5c
w03-lb105-r2_0,lab_3d_w03_lb_ratio,3,105,2.0,6.0,3.0,033fe0a65189bda99d573130950b277cd6317d2b59b84544247983cfa8973139,971,971,0.3563336766220391349124613800,1.062876856450645846850199579,66.99999999999999787232656083,66.99999999999999787232656083,0.2938373548441307273786411352,-0.1578153088787972918166755033,532,0.3778195488721804511278195489,70.99999999999999974117852647,70.99999999999999974117852647,439,0.3302961275626423690205011390,-4.000000000000001868851965661,-4.000000000000001868851965661,run_9b733d3efc23497289a356af37107352,ema_pullback:680f185f39dd838fb5b0d01f
w03-lb105-r2_25,lab_3d_w03_lb_ratio,3,105,2.25,6.75,3.0,033fe0a65189bda99d573130950b277cd6317d2b59b84544247983cfa8973139,970,970,0.3247422680412371134020618557,1.026748636390849724840173979,53.75000000000000355274268423,53.75000000000000355274268423,0.1129475605941715826160106125,-0.1822007777384107391625970907,531,0.3370998116760828625235404896,50.75000000000000362898565359,50.75000000000000362898565359,439,0.3097949886104783599088838269,2.999999999999999923757030579,2.999999999999999923757030579,run_7a14215f2ae84ca98072033fa76da51b,ema_pullback:afa82c5cd597b29737d94401
w03-lb105-r2_5,lab_3d_w03_lb_ratio,3,105,2.5,7.5,3.0,033fe0a65189bda99d573130950b277cd6317d2b59b84544247983cfa8973139,968,968,0.3078512396694214876033057851,1.068410098627165805878691521,75.00000000000000325066367763,75.00000000000000325066367763,0.3166703979621967741730707895,-0.1632845265027975431157195854,530,0.3132075471698113207547169811,51.00000000000000567373949467,51.00000000000000567373949467,438,0.3013698630136986301369863014,23.99999999999999757692418290,23.99999999999999757692418290,run_975468cecacb4c2a8c5e0ef984923ae4,ema_pullback:ef47df365ba98c28452b7895
w03-lb105-r2_75,lab_3d_w03_lb_ratio,3,105,2.75,8.25,3.0,033fe0a65189bda99d573130950b277cd6317d2b59b84544247983cfa8973139,964,964,0.2977178423236514522821576763,1.114752599519882764495262481,112.2500000000000053025113640,112.2500000000000053025113640,0.5830162122935905560767281756,-0.1765309699752780181368679258,528,0.3011363636363636363636363636,68.25000000000000570479492220,68.25000000000000570479492220,436,0.2935779816513761467889908257,43.99999999999999959771644192,43.99999999999999959771644192,run_ed18c34c95844286bd82bbf15538bcdd,ema_pullback:9fc1a667a57cb72b38c452f7
w03-lb105-r3_0,lab_3d_w03_lb_ratio,3,105,3.0,9.0,3.0,033fe0a65189bda99d573130950b277cd6317d2b59b84544247983cfa8973139,963,963,0.2782969885773624091381100727,1.104175738353094123662421865,109.0000000000000041020743597,109.0000000000000041020743597,0.5337626856216382433605064814,-0.1742648176569042906954262388,528,0.2859848484848484848484848485,76.00000000000000376392771740,76.00000000000000376392771740,435,0.2689655172413793103448275862,33.00000000000000033814664227,33.00000000000000033814664227,run_20c41c42ba114ddbb02f933919d6b27c,ema_pullback:a673d0f8b86754b3e6082d1f
w03-lb105-r3_25,lab_3d_w03_lb_ratio,3,105,3.25,9.75,3.0,033fe0a65189bda99d573130950b277cd6317d2b59b84544247983cfa8973139,961,961,0.2695109261186264308012486993,1.150374633471562649985786662,139.7500000000000019743958303,139.7500000000000019743958303,0.8678618187529413460596275907,-0.1692610297784424100395276032,528,0.2746212121212121212121212121,88.25000000000000354300746522,88.25000000000000354300746522,433,0.2632794457274826789838337182,51.49999999999999843138836485,51.49999999999999843138836485,run_b7cb1c8869d34255a018ab394419e147,ema_pullback:806fb33c0498a93aa5be5ce5
w03-lb105-r3_5,lab_3d_w03_lb_ratio,3,105,3.5,10.5,3.0,033fe0a65189bda99d573130950b277cd6317d2b59b84544247983cfa8973139,958,958,0.2536534446764091858037578288,1.159297462206151692990576355,135.5000000000000089555005896,135.5000000000000089555005896,0.9763090959250140058070753123,-0.1655276025725254581264397256,528,0.2575757575757575757575757576,84.00000000000000645409526041,84.00000000000000645409526041,430,0.2488372093023255813953488372,51.50000000000000250140532960,51.50000000000000250140532960,run_d42549f4fbe140488908777313f253a3,ema_pullback:6777ad6705e11bf1c689e8ff
w03-lb105-r3_75,lab_3d_w03_lb_ratio,3,105,3.75,11.25,3.0,033fe0a65189bda99d573130950b277cd6317d2b59b84544247983cfa8973139,950,950,0.2421052631578947368421052632,1.149298500124054535810369105,142.4999999999999996050585017,142.4999999999999996050585017,0.9137231101171811449656666965,-0.1778959352762556859439440338,522,0.2432950191570881226053639847,81.24999999999999939405126688,81.24999999999999939405126688,428,0.2406542056074766355140186916,61.25000000000000021100723474,61.25000000000000021100723474,run_4f4fc0dc13e34516a3ae46fe67f1c68e,ema_pullback:d5bad10988738e07e1bd39a3
w03-lb105-r4_0,lab_3d_w03_lb_ratio,3,105,4.0,12.0,3.0,033fe0a65189bda99d573130950b277cd6317d2b59b84544247983cfa8973139,946,946,0.2241014799154334038054968288,1.084137495046194100827410449,114.0000000000000001226110670,114.0000000000000001226110670,0.427112549498679303150954512,-0.1825955850153963174998993443,519,0.2215799614643545279383429672,56.00000000000000050137074542,56.00000000000000050137074542,427,0.2271662763466042154566744731,57.99999999999999962124032152,57.99999999999999962124032152,run_979f9b40de6944eeb841fbcaedf419af,ema_pullback:87f987085790045c6c9ab55f
w03-lb105-r4_25,lab_3d_w03_lb_ratio,3,105,4.25,12.75,3.0,033fe0a65189bda99d573130950b277cd6317d2b59b84544247983cfa8973139,944,944,0.2203389830508474576271186441,1.128906456735639928521582068,148.0000000000000056402308895,148.0000000000000056402308895,0.7553792769799798272004297813,-0.1687528704903868778945259759,518,0.2162162162162162162162162162,70.00000000000000476140090958,70.00000000000000476140090958,426,0.2253521126760563380281690141,78.00000000000000087882998017,78.00000000000000087882998017,run_9e54778a639047d7b4a4bb92065c80d9,ema_pullback:531d4e5568998881f2eeafc6
w03-lb105-r4_5,lab_3d_w03_lb_ratio,3,105,4.5,13.5,3.0,033fe0a65189bda99d573130950b277cd6317d2b59b84544247983cfa8973139,937,937,0.2102454642475987193169690502,1.121082747125817867973391238,146.5000000000000057496647909,146.5000000000000057496647909,0.6904015984568987666795290954,-0.1849399415438731652427611008,515,0.2077669902912621359223300971,73.50000000000000673173775425,73.50000000000000673173775425,422,0.2132701421800947867298578199,72.99999999999999901792703713,72.99999999999999901792703713,run_318c1f9412b44f10957a7b42aa4e6960,ema_pullback:e60f7b3181d263cf26ec78db
w03-lb105-r4_75,lab_3d_w03_lb_ratio,3,105,4.75,14.25,3.0,033fe0a65189bda99d573130950b277cd6317d2b59b84544247983cfa8973139,935,935,0.2,1.127676822063039406481992073,140.2500000000000038421536860,140.2500000000000038421536860,0.7555640606017346215778685517,-0.1921935972275276276868662193,515,0.2019417475728155339805825243,83.00000000000000447001473559,83.00000000000000447001473559,420,0.1976190476190476190476190476,57.24999999999999937213895050,57.24999999999999937213895050,run_35e382f517b0424a8a0649e5c6e0445f,ema_pullback:1c03c85e55d0758b622ae897
w03-lb105-r5_0,lab_3d_w03_lb_ratio,3,105,5.0,15.0,3.0,033fe0a65189bda99d573130950b277cd6317d2b59b84544247983cfa8973139,930,930,0.1913978494623655913978494624,1.086782949554852529862665205,137.9999999999999990470451198,137.9999999999999990470451198,0.4313984495197765301319681442,-0.2232732235511070436254989334,512,0.193359375,82.00000000000000675534004770,82.00000000000000675534004770,418,0.1889952153110047846889952153,55.99999999999999229170507207,55.99999999999999229170507207,run_f3e9507c1d714962a9ae8211b3ae1075,ema_pullback:baa66cee8ddaa6c0ba77894c
w03-lb110-r2_0,lab_3d_w03_lb_ratio,3,110,2.0,6.0,3.0,033fe0a65189bda99d573130950b277cd6317d2b59b84544247983cfa8973139,936,936,0.3557692307692307692307692308,1.055528446253742989935483728,62.99999999999999795214565653,62.99999999999999795214565653,0.2422891186935459688163883997,-0.1544357859046515045254738588,515,0.3825242718446601941747572816,75.99999999999999959184437185,75.99999999999999959184437185,421,0.3230403800475059382422802850,-13.00000000000000163969871532,-13.00000000000000163969871532,run_11a72ee0eb634341b76277b44e418204,ema_pullback:93a20efd3d2864901e4cbfe1
w03-lb110-r2_25,lab_3d_w03_lb_ratio,3,110,2.25,6.75,3.0,033fe0a65189bda99d573130950b277cd6317d2b59b84544247983cfa8973139,935,935,0.3240641711229946524064171123,1.016841791861992048588572897,49.75000000000000251213557559,49.75000000000000251213557559,0.0664636502253668978927030297,-0.1726532911369494993545114155,514,0.3424124513618677042801556420,58.00000000000000310271047831,58.00000000000000310271047831,421,0.3016627078384798099762470309,-8.250000000000000590574902730,-8.250000000000000590574902730,run_472c0a1484a54b889ba7a3b34c4bbf0f,ema_pullback:e5228f76737d65d5ec92a2c8
w03-lb110-r2_5,lab_3d_w03_lb_ratio,3,110,2.5,7.5,3.0,033fe0a65189bda99d573130950b277cd6317d2b59b84544247983cfa8973139,933,933,0.3065380493033226152197213290,1.054880612602049904459153197,68.00000000000000255684525981,68.00000000000000255684525981,0.2342821981170344735199904423,-0.1734065303214997390781518005,513,0.3177387914230019493177387914,57.50000000000000574099321787,57.50000000000000574099321787,420,0.2928571428571428571428571429,10.49999999999999681585204193,10.49999999999999681585204193,run_8b7fb641b48d49d29967aff139a8221e,ema_pullback:4ca90f7891c39c4357ccadf9
w03-lb110-r2_75,lab_3d_w03_lb_ratio,3,110,2.75,8.25,3.0,033fe0a65189bda99d573130950b277cd6317d2b59b84544247983cfa8973139,929,929,0.2960172228202368137782561895,1.097817507337569499235810228,102.2500000000000050836430252,102.2500000000000050836430252,0.4518504813111783131212220768,-0.1747538997381614603321560759,511,0.3052837573385518590998043053,74.00000000000000502596939622,74.00000000000000502596939622,418,0.2846889952153110047846889952,28.25000000000000005767362905,28.25000000000000005767362905,run_cdd297fdb56b47f78e5aed140e50a2fd,ema_pullback:5648003d21a6ff090b2b0154
w03-lb110-r3_0,lab_3d_w03_lb_ratio,3,110,3.0,9.0,3.0,033fe0a65189bda99d573130950b277cd6317d2b59b84544247983cfa8973139,928,928,0.2769396551724137931034482759,1.091174665996888071073221079,100.0000000000000033101682869,100.0000000000000033101682869,0.4306805734903908867976086975,-0.1686477668656970374810477182,511,0.2896281800391389432485322896,81.00000000000000362942027108,81.00000000000000362942027108,417,0.2613908872901678657074340528,18.99999999999999968074801590,18.99999999999999968074801590,run_c3182b0f1f88430eb54ab1425238d160,ema_pullback:3c733dfb8e0a244a6fd982d7
w03-lb110-r3_25,lab_3d_w03_lb_ratio,3,110,3.25,9.75,3.0,033fe0a65189bda99d573130950b277cd6317d2b59b84544247983cfa8973139,927,927,0.2675296655879180151024811219,1.133203986491503829309483219,127.0000000000000014927570038,127.0000000000000014927570038,0.6973277052825215343894187039,-0.1595068735246044102242119531,511,0.2778864970645792563600782779,92.50000000000000320045055510,92.50000000000000320045055510,416,0.2548076923076923076923076923,34.49999999999999829230644840,34.49999999999999829230644840,run_51ea149a7043458caa2c3c0cdedba496,ema_pullback:f123eccddcac2dc6516505ee
w03-lb110-r3_5,lab_3d_w03_lb_ratio,3,110,3.5,10.5,3.0,033fe0a65189bda99d573130950b277cd6317d2b59b84544247983cfa8973139,924,924,0.2521645021645021645021645022,1.144327124993586754843655103,124.5000000000000077102264909,124.5000000000000077102264909,0.7955172033378154563384592793,-0.1557854631612218693604053715,511,0.2602739726027397260273972603,87.50000000000000613605235608,87.50000000000000613605235608,413,0.2421307506053268765133171913,37.00000000000000157417413490,37.00000000000000157417413490,run_38b7a1dc69ea4c508d7c8643d229ed3e,ema_pullback:c1480c3da88fb3fc34027543
w03-lb110-r3_75,lab_3d_w03_lb_ratio,3,110,3.75,11.25,3.0,033fe0a65189bda99d573130950b277cd6317d2b59b84544247983cfa8973139,918,918,0.2418300653594771241830065359,1.154179207274235150581347699,136.4999999999999996246311784,136.4999999999999996246311784,0.9107949371502786775866717052,-0.1682981913199205135209071798,506,0.2450592885375494071146245059,82.99999999999999936953726106,82.99999999999999936953726106,412,0.2378640776699029126213592233,53.50000000000000025509391720,53.50000000000000025509391720,run_8a43041dfdf14761a4011cee8960f206,ema_pullback:6503438149869cbfb413df46
w03-lb110-r4_0,lab_3d_w03_lb_ratio,3,110,4.0,12.0,3.0,033fe0a65189bda99d573130950b277cd6317d2b59b84544247983cfa8973139,914,914,0.2242888402625820568927789934,1.088348071970151137454446242,111.0000000000000001272052717,111.0000000000000001272052717,0.4314201504542843026008722292,-0.1723206866306656893668020277,503,0.2226640159045725646123260437,57.00000000000000050137074543,57.00000000000000050137074543,411,0.2262773722627737226277372263,53.99999999999999962583452618,53.99999999999999962583452618,run_f7516dd921ca4b1aa57875724075046b,ema_pullback:972245b5e712c8600deb303d
w03-lb110-r4_25,lab_3d_w03_lb_ratio,3,110,4.25,12.75,3.0,033fe0a65189bda99d573130950b277cd6317d2b59b84544247983cfa8973139,912,912,0.2203947368421052631578947368,1.132688810200966206877217959,143.2500000000000046405291571,143.2500000000000046405291571,0.7437583349399090543424800298,-0.1586796285243541560437831196,502,0.2171314741035856573705179283,70.25000000000000403354737186,70.25000000000000403354737186,410,0.2243902439024390243902439024,73.00000000000000060698178571,73.00000000000000060698178571,run_81f0ae4311624e3fb7e4c51bd8c82c1b,ema_pullback:f081bf32100659baed3e178d
w03-lb110-r4_5,lab_3d_w03_lb_ratio,3,110,4.5,13.5,3.0,033fe0a65189bda99d573130950b277cd6317d2b59b84544247983cfa8973139,906,906,0.2108167770419426048565121413,1.126520959886600778430213106,144.5000000000000036628003464,144.5000000000000036628003464,0.6969368409380085496119189411,-0.1708822085609342038074057716,499,0.2084168336673346693386773547,73.00000000000000499036843700,73.00000000000000499036843700,407,0.2137592137592137592137592138,71.49999999999999867243190989,71.49999999999999867243190989,run_4876b214d370447ba3ffbac5b5b2056c,ema_pullback:b2dcb2b9c1b96d1da2b7eadc
w03-lb110-r4_75,lab_3d_w03_lb_ratio,3,110,4.75,14.25,3.0,033fe0a65189bda99d573130950b277cd6317d2b59b84544247983cfa8973139,904,904,0.2002212389380530973451327434,1.131480541748233023151999182,136.7500000000000026375505759,136.7500000000000026375505759,0.7478110685651007004717283124,-0.1724899760842185088767079110,499,0.2024048096192384769539078156,81.75000000000000280941492108,81.75000000000000280941492108,405,0.1975308641975308641975308642,54.99999999999999982813565492,54.99999999999999982813565492,run_a069bc3ff0bf466f9ba0cad4e800296e,ema_pullback:ebd3c8198fc2f01e0a7230d0
w03-lb110-r5_0,lab_3d_w03_lb_ratio,3,110,5.0,15.0,3.0,033fe0a65189bda99d573130950b277cd6317d2b59b84544247983cfa8973139,899,899,0.1913236929922135706340378198,1.086838180465146007339107319,132.9999999999999990851849606,132.9999999999999990851849606,0.413338477619472208019403816,-0.2232732235511070436254989313,496,0.1935483870967741935483870968,80.00000000000000742787727941,80.00000000000000742787727941,403,0.1885856079404466501240694789,52.99999999999999165730768107,52.99999999999999165730768107,run_a2b21e561f9f4ab69c10d0498e76e457,ema_pullback:d014fe0b161e14df28bb4a23
w03-lb115-r2_0,lab_3d_w03_lb_ratio,3,115,2.0,6.0,3.0,033fe0a65189bda99d573130950b277cd6317d2b59b84544247983cfa8973139,906,906,0.3587196467991169977924944812,1.076124990776699391556250923,68.99999999999999793416287146,68.99999999999999793416287146,0.3408897408418954934580016809,-0.1469276966414467419350037946,497,0.3843058350100603621730382294,75.99999999999999970903203176,75.99999999999999970903203176,409,0.3276283618581907090464547677,-7.000000000000001774869160281,-7.000000000000001774869160281,run_fbd9f8717ec64be4ae48a629ea39ff7d,ema_pullback:7c7e88b743de1b7d2c9f8f94
w03-lb115-r2_25,lab_3d_w03_lb_ratio,3,115,2.25,6.75,3.0,033fe0a65189bda99d573130950b277cd6317d2b59b84544247983cfa8973139,905,905,0.3259668508287292817679558011,1.035063324211186377487555968,53.75000000000000243049685587,53.75000000000000243049685587,0.1415764819953631030608467086,-0.1574711147663258626238404182,496,0.3427419354838709677419354839,56.50000000000000307840862591,56.50000000000000307840862591,409,0.3056234718826405867970660147,-2.750000000000000647911770090,-2.750000000000000647911770090,run_1a3070b29822457c912c1ca8d71954a3,ema_pullback:24156a2f7830e57cf4de4595
w03-lb115-r2_5,lab_3d_w03_lb_ratio,3,115,2.5,7.5,3.0,033fe0a65189bda99d573130950b277cd6317d2b59b84544247983cfa8973139,904,904,0.3075221238938053097345132743,1.068307445334880329724323033,69.00000000000000274004617709,69.00000000000000274004617709,0.2984493693199675293440586224,-0.1699480863113655251794980080,495,0.3171717171717171717171717172,54.50000000000000600747552833,54.50000000000000600747552833,409,0.2958435207823960880195599022,14.49999999999999673257064874,14.49999999999999673257064874,run_a13221461ce746aeabd0e6dc5bb87b4c,ema_pullback:b530832220e9902cd0403faf
w03-lb115-r2_75,lab_3d_w03_lb_ratio,3,115,2.75,8.25,3.0,033fe0a65189bda99d573130950b277cd6317d2b59b84544247983cfa8973139,900,900,0.2966666666666666666666666667,1.109071007092109357606800091,101.2500000000000051763408852,101.2500000000000051763408852,0.5147095668906968138830968029,-0.1837702542133166595099660298,493,0.3042596348884381338742393509,69.50000000000000542584830313,69.50000000000000542584830313,407,0.2874692874692874692874692875,31.74999999999999975049258206,31.74999999999999975049258206,run_fa6c760180754141858a362a4377d5d1,ema_pullback:6bdd3379db34f9a3dfa515ee
w03-lb115-r3_0,lab_3d_w03_lb_ratio,3,115,3.0,9.0,3.0,033fe0a65189bda99d573130950b277cd6317d2b59b84544247983cfa8973139,899,899,0.2769744160177975528364849833,1.099730177298085940913015433,97.00000000000000362174033986,97.00000000000000362174033986,0.4803051061799829657473162274,-0.1739240278560970598984809232,493,0.2880324543610547667342799189,75.00000000000000363925909263,75.00000000000000363925909263,406,0.2635467980295566502463054187,21.99999999999999998248124726,21.99999999999999998248124726,run_0aadf395e7724ca9bbe6b595430081f1,ema_pullback:fe0a2ab1bb63964aaa032d6b
w03-lb115-r3_25,lab_3d_w03_lb_ratio,3,115,3.25,9.75,3.0,033fe0a65189bda99d573130950b277cd6317d2b59b84544247983cfa8973139,898,898,0.2672605790645879732739420935,1.139294267431001324326305619,122.0000000000000023888919529,122.0000000000000023888919529,0.7417246130220360708419362472,-0.1603319363708725944047632301,493,0.2758620689655172413793103448,85.00000000000000385218914027,85.00000000000000385218914027,405,0.2567901234567901234567901235,36.99999999999999853670281242,36.99999999999999853670281242,run_123c2d72aefb434faa2158081683ff95,ema_pullback:1abcae840693f06612dfee5f
w03-lb115-r3_5,lab_3d_w03_lb_ratio,3,115,3.5,10.5,3.0,033fe0a65189bda99d573130950b277cd6317d2b59b84544247983cfa8973139,895,895,0.2513966480446927374301675978,1.147994424800769056107686193,117.5000000000000083148013088,117.5000000000000083148013088,0.8273121049884069442693468995,-0.1557854631612218693604053682,493,0.2576064908722109533468559838,78.50000000000000655356767735,78.50000000000000655356767735,402,0.2437810945273631840796019900,39.00000000000000176123363150,39.00000000000000176123363150,run_dcd7f4824fa246be9e42ce5404ebbb38,ema_pullback:67554b399196ef4f61493e85
w03-lb115-r3_75,lab_3d_w03_lb_ratio,3,115,3.75,11.25,3.0,033fe0a65189bda99d573130950b277cd6317d2b59b84544247983cfa8973139,891,891,0.2401795735129068462401795735,1.151571590762601621259455430,125.5000000000000008564762126,125.5000000000000008564762126,0.9003042416741260527392458817,-0.1520532309724405073182494341,490,0.2408163265306122448979591837,70.50000000000000047165966612,70.50000000000000047165966612,401,0.2394014962593516209476309227,55.00000000000000038481654648,55.00000000000000038481654648,run_ab7737a2fc134b60a700f05b0e7dfa48,ema_pullback:f8ce0e536ccafec53ef946ba
w03-lb115-r4_0,lab_3d_w03_lb_ratio,3,115,4.0,12.0,3.0,033fe0a65189bda99d573130950b277cd6317d2b59b84544247983cfa8973139,888,888,0.2240990990990990990990990991,1.096031998458340029297287318,106.9999999999999999477541273,106.9999999999999999477541273,0.4718443689540533134083111654,-0.1823800686254931445595609428,488,0.2213114754098360655737704918,52.00000000000000059226049083,52.00000000000000059226049083,400,0.2275,54.99999999999999935549363634,54.99999999999999935549363634,run_58cbd28717c54c1cbff83493a2ca6106,ema_pullback:6997a240c55b725cd9410de3
w03-lb115-r4_25,lab_3d_w03_lb_ratio,3,115,4.25,12.75,3.0,033fe0a65189bda99d573130950b277cd6317d2b59b84544247983cfa8973139,887,887,0.2198421645997745208568207441,1.138142062367388856802756675,136.7500000000000045134346524,136.7500000000000045134346524,0.7761424055406533235818785562,-0.1720952066544206159482793420,487,0.2156057494866529774127310062,64.25000000000000423413062424,64.25000000000000423413062424,400,0.225,72.50000000000000027930402847,72.50000000000000027930402847,run_b8ae094af2e84549a2ed1ba0cc423e53,ema_pullback:f7e0c59b892cf2f53bb890ba
w03-lb115-r4_5,lab_3d_w03_lb_ratio,3,115,4.5,13.5,3.0,033fe0a65189bda99d573130950b277cd6317d2b59b84544247983cfa8973139,881,881,0.2099886492622020431328036322,1.130432362440171944191425212,136.5000000000000041100125731,136.5000000000000041100125731,0.7182604403181686801685347059,-0.1880429406271499698035757938,484,0.2066115702479338842975206612,66.00000000000000548466917586,66.00000000000000548466917586,397,0.2141057934508816120906801008,70.49999999999999862534339760,70.49999999999999862534339760,run_96b9763083fb4c78939694a398848b4f,ema_pullback:eb57dd1129a6ff5e2e360fae
w03-lb115-r4_75,lab_3d_w03_lb_ratio,3,115,4.75,14.25,3.0,033fe0a65189bda99d573130950b277cd6317d2b59b84544247983cfa8973139,879,879,0.1990898748577929465301478953,1.133910245629375111687748304,127.2500000000000040999680288,127.2500000000000040999680288,0.7593510603648177180699843283,-0.1864557711504481448284260606,484,0.2004132231404958677685950413,73.75000000000000438105829317,73.75000000000000438105829317,395,0.1974683544303797468354430380,53.49999999999999971890973583,53.49999999999999971890973583,run_7f085a9e70a940f3aa9f19d50983b9bc,ema_pullback:1060f00b782fe01c093bf165
w03-lb115-r5_0,lab_3d_w03_lb_ratio,3,115,5.0,15.0,3.0,033fe0a65189bda99d573130950b277cd6317d2b59b84544247983cfa8973139,875,875,0.1908571428571428571428571429,1.093739874717305655107794301,126.9999999999999999350610678,126.9999999999999999350610678,0.4477655582311778451947778057,-0.2231378850477681160449009416,482,0.1929460580912863070539419087,76.00000000000000844431617327,76.00000000000000844431617327,393,0.1882951653944020356234096692,50.99999999999999149074489462,50.99999999999999149074489462,run_62dd3eeac4784b05a3a004231850ac6f,ema_pullback:bf425fc1c370f041e9c5a3d5
w03-lb120-r2_0,lab_3d_w03_lb_ratio,3,120,2.0,6.0,3.0,033fe0a65189bda99d573130950b277cd6317d2b59b84544247983cfa8973139,874,874,0.3627002288329519450800915332,1.102852728158118585684218184,76.99999999999999792190212857,76.99999999999999792190212857,0.4536773660957173037669679466,-0.1284593880420254597026718067,480,0.3916666666666666666666666667,83.99999999999999970903203173,83.99999999999999970903203173,394,0.3274111675126903553299492386,-7.000000000000001787129903221,-7.000000000000001787129903221,run_cb242bd6e8664948af7b63e931ead612,ema_pullback:036190305bb606876bc86787
w03-lb120-r2_25,lab_3d_w03_lb_ratio,3,120,2.25,6.75,3.0,033fe0a65189bda99d573130950b277cd6317d2b59b84544247983cfa8973139,873,873,0.3287514318442153493699885452,1.056429082763709434294459781,59.75000000000000220321022241,59.75000000000000220321022241,0.2239848997924604866560573934,-0.1587587313988616461566215844,479,0.3486430062630480167014613779,63.75000000000000283217502369,63.75000000000000283217502369,394,0.3045685279187817258883248731,-4.000000000000000628964801311,-4.000000000000000628964801311,run_60ea345790aa4b3db450ed21fa7a0205,ema_pullback:cc25a1c5edd96bc5c78ccc42
w03-lb120-r2_5,lab_3d_w03_lb_ratio,3,120,2.5,7.5,3.0,033fe0a65189bda99d573130950b277cd6317d2b59b84544247983cfa8973139,872,872,0.3096330275229357798165137615,1.088062792460152122451195030,73.00000000000000218265980687,73.00000000000000218265980687,0.3768971525458596989780004213,-0.1580862957490946287522732188,478,0.3221757322175732217573221757,61.00000000000000566761126313,61.00000000000000566761126313,394,0.2944162436548223350253807107,11.99999999999999651504854367,11.99999999999999651504854367,run_3b4af0ffd16d4c97b5727b65378b7f13,ema_pullback:3770929293d3ddfb1f4db3e1
w03-lb120-r2_75,lab_3d_w03_lb_ratio,3,120,2.75,8.25,3.0,033fe0a65189bda99d573130950b277cd6317d2b59b84544247983cfa8973139,868,868,0.2983870967741935483870967742,1.127795305947921933066507613,103.2500000000000049688878467,103.2500000000000049688878467,0.5886220542499106909645422656,-0.1719428021260989207309535284,476,0.3088235294117647058823529412,75.25000000000000463461134264,75.25000000000000463461134264,392,0.2857142857142857142857142857,28.00000000000000033427650414,28.00000000000000033427650414,run_548fe1375cee44f48b38b5bf2beec8e7,ema_pullback:041cbad069fb079f4dd081a3
w03-lb120-r3_0,lab_3d_w03_lb_ratio,3,120,3.0,9.0,3.0,033fe0a65189bda99d573130950b277cd6317d2b59b84544247983cfa8973139,867,867,0.2791234140715109573241061130,1.120617477079032806308830873,101.0000000000000031250783726,101.0000000000000031250783726,0.5661764295094770555384534221,-0.1785271784756848728822419171,476,0.2920168067226890756302521008,80.00000000000000299689326842,80.00000000000000299689326842,391,0.2634271099744245524296675192,21.00000000000000012818510412,21.00000000000000012818510412,run_3501cdb9094b4298a404be9d2281cc29,ema_pullback:441be2c5bc98706a3b714e9e
w03-lb120-r3_25,lab_3d_w03_lb_ratio,3,120,3.25,9.75,3.0,033fe0a65189bda99d573130950b277cd6317d2b59b84544247983cfa8973139,866,866,0.2690531177829099307159353349,1.159541325297591460391023222,124.2500000000000017939652204,124.2500000000000017939652204,0.8248721645007124090628731397,-0.1659418851813901745208383448,476,0.2794117647058823529411764706,89.25000000000000308834851914,89.25000000000000308834851914,390,0.2564102564102564102564102564,34.99999999999999870561670104,34.99999999999999870561670104,run_921714b6391544929574ad8c135ff5cf,ema_pullback:c79bbbe35abe93e73b182d50
w03-lb120-r3_5,lab_3d_w03_lb_ratio,3,120,3.5,10.5,3.0,033fe0a65189bda99d573130950b277cd6317d2b59b84544247983cfa8973139,864,864,0.2534722222222222222222222222,1.170570632912637183535513808,121.5000000000000069785216326,121.5000000000000069785216326,0.9131751164444343451413293133,-0.1531841273544004633534699340,476,0.2626050420168067226890756303,86.50000000000000642360179139,86.50000000000000642360179139,388,0.2422680412371134020618556701,35.00000000000000055491984120,35.00000000000000055491984120,run_5baef300c7404aec9aaf341c461530df,ema_pullback:c98d61bd1b8186d5fc61c01c
w03-lb120-r3_75,lab_3d_w03_lb_ratio,3,120,3.75,11.25,3.0,033fe0a65189bda99d573130950b277cd6317d2b59b84544247983cfa8973139,860,860,0.2418604651162790697674418605,1.171931390529006775095955403,127.9999999999999997931631071,127.9999999999999997931631071,0.9743088040190452743860222373,-0.1458147902445921298506220212,473,0.2452431289640591966173361522,77.99999999999999989032108487,77.99999999999999989032108487,387,0.2377260981912144702842377261,49.99999999999999990284202228,49.99999999999999990284202228,run_fbd14ca55aee4eba951abbdfa4620364,ema_pullback:99b331f0a31bd1af994007d7
w03-lb120-r4_0,lab_3d_w03_lb_ratio,3,120,4.0,12.0,3.0,033fe0a65189bda99d573130950b277cd6317d2b59b84544247983cfa8973139,857,857,0.2252042007001166861143523921,1.110672135107569236457664978,107.9999999999999991004186760,107.9999999999999991004186760,0.5174363336115063698706730779,-0.1905504528476996351326002796,471,0.2250530785562632696390658174,59.00000000000000048969094425,59.00000000000000048969094425,386,0.2253886010362694300518134715,48.99999999999999861072773161,48.99999999999999861072773161,run_1035080c157d412691eed1b2406cf1a3,ema_pullback:d42b22697a7140bbb8a75408
w03-lb120-r4_25,lab_3d_w03_lb_ratio,3,120,4.25,12.75,3.0,033fe0a65189bda99d573130950b277cd6317d2b59b84544247983cfa8973139,856,856,0.2207943925233644859813084112,1.153610098620851335108582116,136.2500000000000039474414779,136.2500000000000039474414779,0.8171453624824909983255674244,-0.1812782424551467319681485331,470,0.2191489361702127659574468085,70.75000000000000419303611506,70.75000000000000419303611506,386,0.2227979274611398963730569948,65.49999999999999975440536319,65.49999999999999975440536319,run_90e78779ce4244a5a712859cc89d48d8,ema_pullback:a74a66988580cb4dfc2f5091
w03-lb120-r4_5,lab_3d_w03_lb_ratio,3,120,4.5,13.5,3.0,033fe0a65189bda99d573130950b277cd6317d2b59b84544247983cfa8973139,851,851,0.2103407755581668625146886016,1.142044035351620080394443966,133.5000000000000027165394622,133.5000000000000027165394622,0.7359153441670909084027474548,-0.1979394561591685328841618717,468,0.2094017094017094017094017094,71.00000000000000520084897014,71.00000000000000520084897014,383,0.2114882506527415143603133159,62.49999999999999751569049242,62.49999999999999751569049242,run_eecd94d1cd3b429bb5742993091cced1,ema_pullback:61e492c9357e88ecd450340d
w03-lb120-r4_75,lab_3d_w03_lb_ratio,3,120,4.75,14.25,3.0,033fe0a65189bda99d573130950b277cd6317d2b59b84544247983cfa8973139,849,849,0.1990577149587750294464075383,1.143821579444396256694212906,122.7500000000000027835146209,122.7500000000000027835146209,0.7638780666834313321425065557,-0.1972617663920064392913277785,468,0.2029914529914529914529914530,78.25000000000000415871312486,78.25000000000000415871312486,381,0.1942257217847769028871391076,44.49999999999999862480149605,44.49999999999999862480149605,run_85493400c76a4d818e932f680476a26c,ema_pullback:9033c8e604639e1e13b8c038
w03-lb120-r5_0,lab_3d_w03_lb_ratio,3,120,5.0,15.0,3.0,033fe0a65189bda99d573130950b277cd6317d2b59b84544247983cfa8973139,845,845,0.1905325443786982248520710059,1.098649675411826646551415128,120.9999999999999986123808149,120.9999999999999986123808149,0.4404472025935428672560419545,-0.2343047639865517061898590256,466,0.1952789699570815450643776824,80.00000000000000797924530825,80.00000000000000797924530825,379,0.1846965699208443271767810026,40.99999999999999063313550674,40.99999999999999063313550674,run_2f054e9962794e73a9407685faae1d4a,ema_pullback:3c51aee57f07d6db05252c7e
w03-lb125-r2_0,lab_3d_w03_lb_ratio,3,125,2.0,6.0,3.0,033fe0a65189bda99d573130950b277cd6317d2b59b84544247983cfa8973139,838,838,0.3639618138424821002386634845,1.122729281815283466091194469,76.99999999999999782429247397,76.99999999999999782429247397,0.5286623119479474202749914345,-0.1237221632146567114577189173,464,0.3900862068965517241379310345,78.99999999999999972508424239,78.99999999999999972508424239,374,0.3315508021390374331550802139,-2.000000000000001900791768430,-2.000000000000001900791768430,run_f712ecd8b7e84a04adedf6505312420f,ema_pullback:de0bbc663a605a6fa3ea885b
w03-lb125-r2_25,lab_3d_w03_lb_ratio,3,125,2.25,6.75,3.0,033fe0a65189bda99d573130950b277cd6317d2b59b84544247983cfa8973139,837,837,0.3309438470728793309438470729,1.083666951502450192978603955,63.25000000000000244040809427,63.25000000000000244040809427,0.332673545781796321346016217,-0.1381421489596271443167733874,463,0.3498920086393088552915766739,63.50000000000000239919899133,63.50000000000000239919899133,374,0.3074866310160427807486631016,-0.249999999999999958790897040,-0.249999999999999958790897040,run_b25fe6751ea547208d4a49297cbae249,ema_pullback:46afd9086127c677fc1f8d84
w03-lb125-r2_5,lab_3d_w03_lb_ratio,3,125,2.5,7.5,3.0,033fe0a65189bda99d573130950b277cd6317d2b59b84544247983cfa8973139,836,836,0.3110047846889952153110047847,1.113595957340123265249836408,74.00000000000000202472276183,74.00000000000000202472276183,0.4849713683402945326275786573,-0.1528572097602050974777281715,462,0.3225108225108225108225108225,59.50000000000000559639726077,59.50000000000000559639726077,374,0.2967914438502673796791443850,14.49999999999999642832550106,14.49999999999999642832550106,run_63dad19981174ac1afd58de7eef7b1f9,ema_pullback:ceedc5dc9562a1d6896a8898
w03-lb125-r2_75,lab_3d_w03_lb_ratio,3,125,2.75,8.25,3.0,033fe0a65189bda99d573130950b277cd6317d2b59b84544247983cfa8973139,833,833,0.2989195678271308523409363745,1.151024124870296667812201788,100.7500000000000062552524574,100.7500000000000062552524574,0.6893639030722701042150328806,-0.1709421204977875584394987911,460,0.3086956521739130434782608696,72.50000000000000480093330150,72.50000000000000480093330150,373,0.2868632707774798927613941019,28.25000000000000145431915592,28.25000000000000145431915592,run_4f5cb25d8f05412eb5ca164975d52665,ema_pullback:b00751c49473e646f01a316a
w03-lb125-r3_0,lab_3d_w03_lb_ratio,3,125,3.0,9.0,3.0,033fe0a65189bda99d573130950b277cd6317d2b59b84544247983cfa8973139,832,832,0.28125,1.150597934201849393095955014,104.0000000000000026888638503,104.0000000000000026888638503,0.7167711220737809106310191582,-0.1785271784756848728822419188,460,0.2913043478260869565217391304,76.00000000000000255152037649,76.00000000000000255152037649,372,0.2688172043010752688172043011,28.00000000000000013734347390,28.00000000000000013734347390,run_ec12b29b4ab84141a0b486549c568182,ema_pullback:2267877c922555dbad6fe222
w03-lb125-r3_25,lab_3d_w03_lb_ratio,3,125,3.25,9.75,3.0,033fe0a65189bda99d573130950b277cd6317d2b59b84544247983cfa8973139,831,831,0.2707581227436823104693140794,1.188544851626200195442473911,125.2500000000000021652794431,125.2500000000000021652794431,0.986349686762956630883500765,-0.1659418851813901745208383415,460,0.2782608695652173913043478261,84.00000000000000288095411767,84.00000000000000288095411767,371,0.2614555256064690026954177898,41.24999999999999928432532531,41.24999999999999928432532531,run_1a130148edf04fc2a72cb13c943f9c8b,ema_pullback:4e87b14b50da55188c08677d
w03-lb125-r3_5,lab_3d_w03_lb_ratio,3,125,3.5,10.5,3.0,033fe0a65189bda99d573130950b277cd6317d2b59b84544247983cfa8973139,830,830,0.2542168674698795180722891566,1.195611975044954058607701295,119.5000000000000071950401331,119.5000000000000071950401331,1.052784147361752265448769554,-0.1531841273544004633534699352,460,0.2608695652173913043478260870,80.00000000000000620152654443,80.00000000000000620152654443,370,0.2459459459459459459459459459,39.50000000000000099351358866,39.50000000000000099351358866,run_df4eb1cc7f2947d68a8b22bb14a00d37,ema_pullback:6053580973f40c16b8422881
w03-lb125-r3_75,lab_3d_w03_lb_ratio,3,125,3.75,11.25,3.0,033fe0a65189bda99d573130950b277cd6317d2b59b84544247983cfa8973139,827,827,0.2430471584038694074969770254,1.195208276296931886135127327,127.7499999999999995918626492,127.7499999999999995918626492,1.105959812533910867716129642,-0.1406400335349546253412272662,458,0.2445414847161572052401746725,73.99999999999999948172167539,73.99999999999999948172167539,369,0.2411924119241192411924119241,53.75000000000000011014097367,53.75000000000000011014097367,run_789fd0f4bde44c61b9edc57e053eb98d,ema_pullback:fba00802b3df5e7cf4fee3c7
w03-lb125-r4_0,lab_3d_w03_lb_ratio,3,125,4.0,12.0,3.0,033fe0a65189bda99d573130950b277cd6317d2b59b84544247983cfa8973139,824,824,0.2257281553398058252427184466,1.130806360924829936132136237,105.9999999999999989627296446,105.9999999999999989627296446,0.6079729162094354632960123712,-0.1905504528476996351326002818,456,0.2236842105263157894736842105,54.00000000000000022259434162,54.00000000000000022259434162,368,0.2282608695652173913043478261,51.99999999999999874013530283,51.99999999999999874013530283,run_5137a8285970463ea18ab9d046c2436e,ema_pullback:f84c941c65570b0649da6d02
w03-lb125-r4_25,lab_3d_w03_lb_ratio,3,125,4.25,12.75,3.0,033fe0a65189bda99d573130950b277cd6317d2b59b84544247983cfa8973139,823,823,0.2211421628189550425273390036,1.173062263265867456319045104,132.5000000000000031615747617,132.5000000000000031615747617,0.9129131437633399685768654471,-0.1812782424551467319681485364,455,0.2175824175824175824175824176,64.75000000000000327542772035,64.75000000000000327542772035,368,0.2255434782608695652173913043,67.74999999999999988614704171,67.74999999999999988614704171,run_a77e45ce436e4d5bba5953108f7ae37f,ema_pullback:585d044a64bf1877d225c6a5
w03-lb125-r4_5,lab_3d_w03_lb_ratio,3,125,4.5,13.5,3.0,033fe0a65189bda99d573130950b277cd6317d2b59b84544247983cfa8973139,818,818,0.2102689486552567237163814181,1.159359904077754659924344461,128.0000000000000031607212033,128.0000000000000031607212033,0.8154133128233184204828278847,-0.1979394561591685328841618716,453,0.2075055187637969094922737307,64.00000000000000427438827944,64.00000000000000427438827944,365,0.2136986301369863013698630137,63.99999999999999888633292377,63.99999999999999888633292377,run_57cb4e7fdd0e4ca0a25aafd789a3e548,ema_pullback:6958d3fcb28e26ba9f635e67
w03-lb125-r4_75,lab_3d_w03_lb_ratio,3,125,4.75,14.25,3.0,033fe0a65189bda99d573130950b277cd6317d2b59b84544247983cfa8973139,816,816,0.1985294117647058823529411765,1.159396157104840226922009267,115.5000000000000036117430698,115.5000000000000036117430698,0.8325716961561788245826027585,-0.1972617663920064392913277822,453,0.2008830022075055187637969095,70.25000000000000435258658899,70.25000000000000435258658899,363,0.1955922865013774104683195592,45.24999999999999925915648079,45.24999999999999925915648079,run_0d05bd611c9943d39015a89099c5d0bb,ema_pullback:d081c85b36c7dd96f6277bea
w03-lb125-r5_0,lab_3d_w03_lb_ratio,3,125,5.0,15.0,3.0,033fe0a65189bda99d573130950b277cd6317d2b59b84544247983cfa8973139,813,813,0.1894218942189421894218942189,1.109423007988162482003910258,110.9999999999999982348465244,110.9999999999999982348465244,0.4750975045903082341536980027,-0.2343047639865517061898590271,451,0.1929046563192904656319290466,71.00000000000000771500168995,71.00000000000000771500168995,362,0.1850828729281767955801104972,39.99999999999999051984483449,39.99999999999999051984483449,run_23e5bfcfc4464362a61cf4f7a6b5e5eb,ema_pullback:aeaf35698fc68bf6b80dfeb9
w03-lb130-r2_0,lab_3d_w03_lb_ratio,3,130,2.0,6.0,3.0,033fe0a65189bda99d573130950b277cd6317d2b59b84544247983cfa8973139,811,811,0.3600493218249075215782983970,1.103977454059124137664909016,64.99999999999999799098122013,64.99999999999999799098122013,0.4161860115200263036259104915,-0.1320256697160411812633686914,451,0.3858093126385809312638580931,70.99999999999999997038817623,70.99999999999999997038817623,360,0.3277777777777777777777777778,-6.000000000000001979406956130,-6.000000000000001979406956130,run_99d6983efbcb484284659ad1131124ca,ema_pullback:e55f4232c3190c093686f01c
w03-lb130-r2_25,lab_3d_w03_lb_ratio,3,130,2.25,6.75,3.0,033fe0a65189bda99d573130950b277cd6317d2b59b84544247983cfa8973139,810,810,0.3259259259259259259259259259,1.058237409248701611312392152,48.00000000000000376467944275,48.00000000000000376467944275,0.213432106059808880993538807,-0.1469603347397355851061998538,450,0.3444444444444444444444444444,53.75000000000000308538670965,53.75000000000000308538670965,360,0.3027777777777777777777777778,-5.749999999999999320707266895,-5.749999999999999320707266895,run_256e9c05d4c74533a8c8d235e1d0ee97,ema_pullback:cb47ce17a14edc47519c71ea
w03-lb130-r2_5,lab_3d_w03_lb_ratio,3,130,2.5,7.5,3.0,033fe0a65189bda99d573130950b277cd6317d2b59b84544247983cfa8973139,809,809,0.3077873918417799752781211372,1.094995431170012277607135015,62.50000000000000197446320379,62.50000000000000197446320379,0.3804906070426213826453911419,-0.1536604175542824097782360345,449,0.3184855233853006681514476615,51.50000000000000509361275562,51.50000000000000509361275562,360,0.2944444444444444444444444444,10.99999999999999688085044820,10.99999999999999688085044820,run_a02bdd96849341358225eeb666f83ca7,ema_pullback:a9923fb243586fce3fe42a88
w03-lb130-r2_75,lab_3d_w03_lb_ratio,3,130,2.75,8.25,3.0,033fe0a65189bda99d573130950b277cd6317d2b59b84544247983cfa8973139,807,807,0.2949194547707558859975216853,1.127548351076840489247428286,85.50000000000000659128792104,85.50000000000000659128792104,0.5399036693367274374851018593,-0.1668983967079939582097842649,448,0.3035714285714285714285714286,62.00000000000000455787081749,62.00000000000000455787081749,359,0.2841225626740947075208913649,23.50000000000000203341710354,23.50000000000000203341710354,run_c0d7cc0f8875489ea56ab7658997223d,ema_pullback:b4d1f8f21919d32e84e2ec41
w03-lb130-r3_0,lab_3d_w03_lb_ratio,3,130,3.0,9.0,3.0,033fe0a65189bda99d573130950b277cd6317d2b59b84544247983cfa8973139,807,807,0.2763320941759603469640644362,1.123459972067865162630189100,85.00000000000000255759640837,85.00000000000000255759640837,0.5403678271122713520331799798,-0.1755152861738829025359938479,448,0.2857142857142857142857142857,64.00000000000000253156477383,64.00000000000000253156477383,359,0.2646239554317548746518105850,21.00000000000000002603163456,21.00000000000000002603163456,run_6cf42bc13fbf4dba83b328e68f96566f,ema_pullback:9f6a8a2bb3b46cd522d1e946
w03-lb130-r3_25,lab_3d_w03_lb_ratio,3,130,3.25,9.75,3.0,033fe0a65189bda99d573130950b277cd6317d2b59b84544247983cfa8973139,806,806,0.2655086848635235732009925558,1.158710827986014785222794000,103.5000000000000023513169268,103.5000000000000023513169268,0.7565611221773114794266468154,-0.1628838494808100570406820164,448,0.2723214285714285714285714286,70.50000000000000330284996469,70.50000000000000330284996469,358,0.2569832402234636871508379888,32.99999999999999904846696211,32.99999999999999904846696211,run_cf29d9126e194ff8b84a9534741058e6,ema_pullback:6a33715b58b00acaebfa9b7a
w03-lb130-r3_5,lab_3d_w03_lb_ratio,3,130,3.5,10.5,3.0,033fe0a65189bda99d573130950b277cd6317d2b59b84544247983cfa8973139,805,805,0.2521739130434782608695652174,1.178422859491656356338040294,108.5000000000000078507569097,108.5000000000000078507569097,0.8974136404565625659322906598,-0.1500793159217686595027472888,448,0.2566964285714285714285714286,69.50000000000000659624627783,69.50000000000000659624627783,357,0.2464985994397759103641456583,39.00000000000000125451063202,39.00000000000000125451063202,run_0a367e356850491cbfae6cbe4439469d,ema_pullback:dfc38c962c45234683c5b68d
w03-lb130-r3_75,lab_3d_w03_lb_ratio,3,130,3.75,11.25,3.0,033fe0a65189bda99d573130950b277cd6317d2b59b84544247983cfa8973139,802,802,0.2406483790523690773067331671,1.175845050505408190077413305,114.7499999999999987217894505,114.7499999999999987217894505,0.9247760546412171135202440376,-0.1594041783682286573851257972,446,0.2399103139013452914798206278,62.24999999999999900104442956,62.24999999999999900104442956,356,0.2415730337078651685393258427,52.49999999999999972074502078,52.49999999999999972074502078,run_d43f0565bd5141a7b5844af3226cff36,ema_pullback:a7a5770336e049f554f83a3c
w03-lb130-r4_0,lab_3d_w03_lb_ratio,3,130,4.0,12.0,3.0,033fe0a65189bda99d573130950b277cd6317d2b59b84544247983cfa8973139,799,799,0.2227784730913642052565707134,1.105455403759660641954792859,90.99999999999999854133037329,90.99999999999999854133037329,0.453210436249075946574656308,-0.2007947569973976487024809151,444,0.2184684684684684684684684685,41.00000000000000003430230071,41.00000000000000003430230071,355,0.2281690140845070422535211268,49.99999999999999850702807255,49.99999999999999850702807255,run_808a9af322b34a9a94f215e9bd1d89fa,ema_pullback:d71c950f1dce9b18eea8c152
w03-lb130-r4_25,lab_3d_w03_lb_ratio,3,130,4.25,12.75,3.0,033fe0a65189bda99d573130950b277cd6317d2b59b84544247983cfa8973139,798,798,0.2180451127819548872180451128,1.146599585198962852125162474,115.5000000000000048101969012,115.5000000000000048101969012,0.7095149620918250706671806234,-0.1849945094841275117503732401,443,0.2121896162528216704288939052,50.50000000000000352336837513,50.50000000000000352336837513,355,0.2253521126760563380281690141,65.00000000000000128682852611,65.00000000000000128682852611,run_cf8aab9fd1e945c08f49af1af7011e0d,ema_pullback:13f4b268c61f6f8a14ceb8e2
w03-lb130-r4_5,lab_3d_w03_lb_ratio,3,130,4.5,13.5,3.0,033fe0a65189bda99d573130950b277cd6317d2b59b84544247983cfa8973139,793,793,0.2068095838587641866330390921,1.129509280472338532167986601,109.0000000000000052605058689,109.0000000000000052605058689,0.6043135144458429917276799138,-0.1949987380802785691418921869,441,0.2018140589569160997732426304,48.50000000000000485769472378,48.50000000000000485769472378,352,0.2130681818181818181818181818,60.50000000000000040281114523,60.50000000000000040281114523,run_da65f9311d154f48ae2799bc3a5cd087,ema_pullback:49ea2aaf8b21c903f6c640cd
w03-lb130-r4_75,lab_3d_w03_lb_ratio,3,130,4.75,14.25,3.0,033fe0a65189bda99d573130950b277cd6317d2b59b84544247983cfa8973139,791,791,0.1946902654867256637168141593,1.127122491080580678715306642,94.50000000000000330009182624,94.50000000000000330009182624,0.601470473743604099769389328,-0.1943185635947676225880523557,441,0.1950113378684807256235827664,53.50000000000000337199164653,53.50000000000000337199164653,350,0.1942857142857142857142857143,40.99999999999999992810017975,40.99999999999999992810017975,run_37944fe2971e470794c10461acf92a4c,ema_pullback:a09cff05c17873f4d35151b6
w03-lb130-r5_0,lab_3d_w03_lb_ratio,3,130,5.0,15.0,3.0,033fe0a65189bda99d573130950b277cd6317d2b59b84544247983cfa8973139,788,788,0.1865482233502538071065989848,1.086413664780807565209341025,93.99999999999999911610631969,93.99999999999999911610631969,0.3568818741813385539061181636,-0.2314973776355388921084122447,439,0.1890660592255125284738041002,59.00000000000000689001701586,59.00000000000000689001701586,349,0.1833810888252148997134670487,34.99999999999999222608930385,34.99999999999999222608930385,run_a365e557e4204028879fdab52cebfcf2,ema_pullback:6b3ab31936d53dfef095fa5e
w03-lb135-r2_0,lab_3d_w03_lb_ratio,3,135,2.0,6.0,3.0,033fe0a65189bda99d573130950b277cd6317d2b59b84544247983cfa8973139,786,786,0.3549618320610687022900763359,1.084298540204079576752974420,50.99999999999999813511168964,50.99999999999999813511168964,0.3252292561242324308669450397,-0.1320256697160411812633686914,437,0.3775743707093821510297482838,58.00000000000000001035620050,58.00000000000000001035620050,349,0.3266475644699140401146131805,-7.000000000000001875244510899,-7.000000000000001875244510899,run_9c1c7fce1b24419496e47512a2a57c2e,ema_pullback:996e8172361db10b7728ad6d
w03-lb135-r2_25,lab_3d_w03_lb_ratio,3,135,2.25,6.75,3.0,033fe0a65189bda99d573130950b277cd6317d2b59b84544247983cfa8973139,785,785,0.3210191082802547770700636943,1.036343729742382080512055435,34.00000000000000294016998561,34.00000000000000294016998561,0.1285119410865811350320923821,-0.1469603347397355851061998538,436,0.3348623853211009174311926606,38.50000000000000275744268025,38.50000000000000275744268025,349,0.3037249283667621776504297994,-4.499999999999999817272694709,-4.499999999999999817272694709,run_2e20f019f02f45048e661c8d6a3b37ef,ema_pullback:aa7a25ce3e090e6ae174c2b8
w03-lb135-r2_5,lab_3d_w03_lb_ratio,3,135,2.5,7.5,3.0,033fe0a65189bda99d573130950b277cd6317d2b59b84544247983cfa8973139,784,784,0.3035714285714285714285714286,1.072552818784560279691076957,49.00000000000000120471934233,49.00000000000000120471934233,0.2804838791365061278421931132,-0.1341103850564519025922807324,435,0.3103448275862068965517241379,37.50000000000000446615464865,37.50000000000000446615464865,349,0.2951289398280802292263610315,11.49999999999999673856469371,11.49999999999999673856469371,run_14c59af8d9e0445a9abf7b9f8b009bfc,ema_pullback:c1c99f56127cf448a6e3cc98
w03-lb135-r2_75,lab_3d_w03_lb_ratio,3,135,2.75,8.25,3.0,033fe0a65189bda99d573130950b277cd6317d2b59b84544247983cfa8973139,782,782,0.2902813299232736572890025575,1.100592799893705508381978200,69.25000000000000511969209862,69.25000000000000511969209862,0.4094146988909701348852224492,-0.1631730268922359449745691364,434,0.2949308755760368663594470046,46.00000000000000363258932752,46.00000000000000363258932752,348,0.2844827586206896551724137931,23.25000000000000148710277106,23.25000000000000148710277106,run_a7e6643c60c74a40983790bad51b6b03,ema_pullback:7e59fb7df19e1ba0e217ec6e
w03-lb135-r3_0,lab_3d_w03_lb_ratio,3,135,3.0,9.0,3.0,033fe0a65189bda99d573130950b277cd6317d2b59b84544247983cfa8973139,782,782,0.2723785166240409207161125320,1.103084094082402539822799897,70.00000000000000146505738173,70.00000000000000146505738173,0.4325435295508358475580444483,-0.1721820777221438430004482853,434,0.2764976958525345622119815668,46.00000000000000171172303738,46.00000000000000171172303738,348,0.2672413793103448275862068966,23.99999999999999975333434431,23.99999999999999975333434431,run_31d71da33de94a71a6ee137a8acf6814,ema_pullback:5374e53d29c2f1db322774eb
w03-lb135-r3_25,lab_3d_w03_lb_ratio,3,135,3.25,9.75,3.0,033fe0a65189bda99d573130950b277cd6317d2b59b84544247983cfa8973139,781,781,0.2624839948783610755441741357,1.142391110379812386753724303,90.25000000000000112956720191,90.25000000000000112956720191,0.6520893648981866257167254797,-0.1598207107618706812191052269,434,0.2649769585253456221198156682,54.75000000000000243998750989,54.75000000000000243998750989,347,0.2593659942363112391930835735,35.49999999999999868957969197,35.49999999999999868957969197,run_e4684cca5d99441a9fcea2f121550efb,ema_pullback:bee0cda05d39b11432944974
w03-lb135-r3_5,lab_3d_w03_lb_ratio,3,135,3.5,10.5,3.0,033fe0a65189bda99d573130950b277cd6317d2b59b84544247983cfa8973139,780,780,0.25,1.168102749041049667812096736,97.50000000000000671644016868,97.50000000000000671644016868,0.8084944926786745694741411618,-0.1514496433767329651569115145,434,0.2488479262672811059907834101,52.00000000000000566901226526,52.00000000000000566901226526,346,0.2514450867052023121387283237,45.50000000000000104742790342,45.50000000000000104742790342,run_9fe68144252f4941b48c9bd60345313d,ema_pullback:bd9b0e04c9796e45749653db
w03-lb135-r3_75,lab_3d_w03_lb_ratio,3,135,3.75,11.25,3.0,033fe0a65189bda99d573130950b277cd6317d2b59b84544247983cfa8973139,777,777,0.2380952380952380952380952381,1.163233504606543776149005737,101.7499999999999986055284345,101.7499999999999986055284345,0.8183954993940158980955740304,-0.1594041783682286573851257972,432,0.2314814814814814814814814815,42.99999999999999910665776574,42.99999999999999910665776574,345,0.2463768115942028985507246377,58.74999999999999949887066872,58.74999999999999949887066872,run_97731e31baa1483d825cb35c955d52b0,ema_pullback:6ed04fcc8e4e5a96d13c7d28
w03-lb135-r4_0,lab_3d_w03_lb_ratio,3,135,4.0,12.0,3.0,033fe0a65189bda99d573130950b277cd6317d2b59b84544247983cfa8973139,774,774,0.2209302325581395348837209302,1.095330678114007785858601506,80.99999999999999921639143745,80.99999999999999921639143745,0.3906878413711456200027830187,-0.2114450904440108976984292170,430,0.2116279069767441860465116279,25.00000000000000065019687095,25.00000000000000065019687095,344,0.2325581395348837209302325581,55.99999999999999856619456647,55.99999999999999856619456647,run_d37a737d20ed4274b4a56dd931c4c7d2,ema_pullback:ea6c5918368fcf7fb400637d
w03-lb135-r4_25,lab_3d_w03_lb_ratio,3,135,4.25,12.75,3.0,033fe0a65189bda99d573130950b277cd6317d2b59b84544247983cfa8973139,773,773,0.2160413971539456662354463131,1.135728248371349417138814641,103.7500000000000038047180780,103.7500000000000038047180780,0.6233230744911965123664795156,-0.1965246018754516732469787049,429,0.2051282051282051282051282051,33.00000000000000276934715094,33.00000000000000276934715094,344,0.2296511627906976744186046512,70.75000000000000103537092709,70.75000000000000103537092709,run_b4d136f2dd014da2be476610c5ca4880,ema_pullback:eddbcface2c0fcc2432daf1e
w03-lb135-r4_5,lab_3d_w03_lb_ratio,3,135,4.5,13.5,3.0,033fe0a65189bda99d573130950b277cd6317d2b59b84544247983cfa8973139,768,768,0.2057291666666666666666666667,1.124381393691935774773721154,101.0000000000000037524242732,101.0000000000000037524242732,0.5527995820759823045530229484,-0.1935936590581695549691777836,427,0.1967213114754098360655737705,35.00000000000000361586235036,35.00000000000000361586235036,341,0.2170087976539589442815249267,66.00000000000000013656192275,66.00000000000000013656192275,run_2ee99eb1e3f54efda8f1211049ea3276,ema_pullback:053f1d0f5da4cc7c2ff6a791
w03-lb135-r4_75,lab_3d_w03_lb_ratio,3,135,4.75,14.25,3.0,033fe0a65189bda99d573130950b277cd6317d2b59b84544247983cfa8973139,768,768,0.1953125,1.132133775810256229000958997,94.50000000000000156548767772,94.50000000000000156548767772,0.598040769945805591256217274,-0.1860838132080464450843830792,427,0.1920374707259953161592505855,44.50000000000000163738749802,44.50000000000000163738749802,341,0.1994134897360703812316715543,49.99999999999999992810017972,49.99999999999999992810017972,run_d500e6e0233c46d2a44135a13ba0ae15,ema_pullback:f5d9277cbec0273c59f88ac3
w03-lb135-r5_0,lab_3d_w03_lb_ratio,3,135,5.0,15.0,3.0,033fe0a65189bda99d573130950b277cd6317d2b59b84544247983cfa8973139,765,765,0.1856209150326797385620915033,1.074601049639085631863091330,86.99999999999999726877549246,86.99999999999999726877549246,0.2932579575381944003294101572,-0.2236426263892547644669989479,426,0.1854460093896713615023474178,48.00000000000000533851865801,48.00000000000000533851865801,339,0.1858407079646017699115044248,38.99999999999999193025683443,38.99999999999999193025683443,run_2cd50ff427ab4441b2e9fab3d32322e9,ema_pullback:715c45f9f57bbfd8204a54a3
w03-lb140-r2_0,lab_3d_w03_lb_ratio,3,140,2.0,6.0,3.0,033fe0a65189bda99d573130950b277cd6317d2b59b84544247983cfa8973139,757,757,0.3527080581241743725231175694,1.073740581853656020051583326,43.99999999999999792879262713,43.99999999999999792879262713,0.2654471002429645111020774066,-0.1624440082245893129029469472,418,0.3755980861244019138755980861,52.99999999999999969869083171,52.99999999999999969869083171,339,0.3244837758112094395280235988,-9.000000000000001769898204580,-9.000000000000001769898204580,run_c421004bac6d4c4c9e5024da477f28f7,ema_pullback:d6ed65ae22bfa3ebcf8bc515
w03-lb140-r2_25,lab_3d_w03_lb_ratio,3,140,2.25,6.75,3.0,033fe0a65189bda99d573130950b277cd6317d2b59b84544247983cfa8973139,756,756,0.3174603174603174603174603175,1.017952323597453472366303346,24.00000000000000273512197875,24.00000000000000273512197875,0.05880079088900827007725888014,-0.1848067384270487804618369424,417,0.3309352517985611510791366906,31.50000000000000316308246983,31.50000000000000316308246983,339,0.3008849557522123893805309735,-7.500000000000000427960491085,-7.500000000000000427960491085,run_e36eb1cfa89e4e7ba5bb573796191cec,ema_pullback:df26a1de4f834ad536624892
w03-lb140-r2_5,lab_3d_w03_lb_ratio,3,140,2.5,7.5,3.0,033fe0a65189bda99d573130950b277cd6317d2b59b84544247983cfa8973139,756,756,0.3015873015873015873015873016,1.060867399265952008872921194,42.00000000000000070066715319,42.00000000000000070066715319,0.2191950395793555416171386627,-0.1512446715159259795012288382,417,0.3093525179856115107913669065,34.50000000000000395634629235,34.50000000000000395634629235,339,0.2920353982300884955752212389,7.499999999999996744320860865,7.499999999999996744320860865,run_60ba239204314eff8fc511699c4ae9bc,ema_pullback:2ee19a02dd85bd0c03a75ee1
w03-lb140-r2_75,lab_3d_w03_lb_ratio,3,140,2.75,8.25,3.0,033fe0a65189bda99d573130950b277cd6317d2b59b84544247983cfa8973139,755,755,0.2887417218543046357615894040,1.097914649629091063140867219,62.50000000000000343056114789,62.50000000000000343056114789,0.3814742018932383816744683775,-0.1779817362563262558567466761,416,0.2932692307692307692307692308,41.50000000000000207530308035,41.50000000000000207530308035,339,0.2831858407079646017699115044,21.00000000000000135525806752,21.00000000000000135525806752,run_cc2f042978754a47b8988f550b106a3e,ema_pullback:6f6d223986a94a2c0834f336
w03-lb140-r3_0,lab_3d_w03_lb_ratio,3,140,3.0,9.0,3.0,033fe0a65189bda99d573130950b277cd6317d2b59b84544247983cfa8973139,755,755,0.2715231788079470198675496689,1.099224239646908666770050633,65.00000000000000124173070857,65.00000000000000124173070857,0.3992076320476122854413984759,-0.1881374453328123104645581425,416,0.2740384615384615384615384615,40.00000000000000155173360456,40.00000000000000155173360456,339,0.2684365781710914454277286136,24.99999999999999968999710402,24.99999999999999968999710402,run_841ea8a371034b78868a748e89859e20,ema_pullback:14574eaf5ae1ad1b242f7dce
w03-lb140-r3_25,lab_3d_w03_lb_ratio,3,140,3.25,9.75,3.0,033fe0a65189bda99d573130950b277cd6317d2b59b84544247983cfa8973139,754,754,0.2625994694960212201591511936,1.138608894018698114447656131,87.50000000000000007512638291,87.50000000000000007512638291,0.6065169424912858760541728731,-0.1773356678739040785890770147,416,0.2644230769230769230769230769,51.50000000000000158127086821,51.50000000000000158127086821,338,0.2603550295857988165680473373,35.99999999999999849385551469,35.99999999999999849385551469,run_f31fbd4888d6472aa212cfb7d21562f2,ema_pullback:16e91972133b954553740186
w03-lb140-r3_5,lab_3d_w03_lb_ratio,3,140,3.5,10.5,3.0,033fe0a65189bda99d573130950b277cd6317d2b59b84544247983cfa8973139,753,753,0.2509960159362549800796812749,1.166073834189918000447138770,97.50000000000000598702193056,97.50000000000000598702193056,0.7594985459203051534778629386,-0.1664079376218662638418831444,416,0.25,52.00000000000000526770514140,52.00000000000000526770514140,337,0.2522255192878338278931750742,45.50000000000000071931678914,45.50000000000000071931678914,run_a5759ed48c2f4be3ad98fc1af0e950be,ema_pullback:6fca67ec2361170842a5e108
w03-lb140-r3_75,lab_3d_w03_lb_ratio,3,140,3.75,11.25,3.0,033fe0a65189bda99d573130950b277cd6317d2b59b84544247983cfa8973139,750,750,0.2386666666666666666666666667,1.158544944240810831366547205,100.2499999999999972949585278,100.2499999999999972949585278,0.752191682091118206699108458,-0.1558799182965419229813584078,414,0.2318840579710144927536231884,41.99999999999999796014341620,41.99999999999999796014341620,336,0.2470238095238095238095238095,58.24999999999999933481511160,58.24999999999999933481511160,run_07b5502619d341bb911acdbdf2d58305,ema_pullback:6a7ddfd2acf8465dfabe6759
w03-lb140-r4_0,lab_3d_w03_lb_ratio,3,140,4.0,12.0,3.0,033fe0a65189bda99d573130950b277cd6317d2b59b84544247983cfa8973139,747,747,0.2235609103078982597054886212,1.106184940890738997971839807,87.99999999999999905688906163,87.99999999999999905688906163,0.4175702945029919608191070639,-0.2081390157401348320769330036,412,0.2135922330097087378640776699,28.00000000000000049069449519,28.00000000000000049069449519,335,0.2358208955223880597014925373,59.99999999999999856619456645,59.99999999999999856619456645,run_3d8e3885f9d74597ac322ceafbc1eb1b,ema_pullback:08539cca61432f8c9ad69371
w03-lb140-r4_25,lab_3d_w03_lb_ratio,3,140,4.25,12.75,3.0,033fe0a65189bda99d573130950b277cd6317d2b59b84544247983cfa8973139,747,747,0.2182061579651941097724230254,1.142933286234712832052275854,108.7500000000000022626156367,108.7500000000000022626156367,0.6289581468378713744864643538,-0.1931559719211698231087194094,412,0.2063106796116504854368932039,34.25000000000000175776975194,34.25000000000000175776975194,335,0.2328358208955223880597014925,74.50000000000000050484588487,74.50000000000000050484588487,run_a798436b6c7f4ffcbed3379ce915f372,ema_pullback:1f2b6dc452df253cfdda223d
w03-lb140-r4_5,lab_3d_w03_lb_ratio,3,140,4.5,13.5,3.0,033fe0a65189bda99d573130950b277cd6317d2b59b84544247983cfa8973139,742,742,0.2088948787061994609164420485,1.136033799471930446706373836,110.5000000000000024141667463,110.5000000000000024141667463,0.5769424015886603784745803102,-0.1882761115810208396755441379,410,0.2,41.00000000000000282935086745,41.00000000000000282935086745,332,0.2198795180722891566265060241,69.49999999999999958481587885,69.49999999999999958481587885,run_501e54168e974b2d9acc5560b34dcbdd,ema_pullback:7b967851c83ffe59bb00822c
w03-lb140-r4_75,lab_3d_w03_lb_ratio,3,140,4.75,14.25,3.0,033fe0a65189bda99d573130950b277cd6317d2b59b84544247983cfa8973139,742,742,0.1981132075471698113207547170,1.142674212846497708398677930,103.2499999999999996429853944,103.2499999999999996429853944,0.613978374633800447822559635,-0.1807167448382328015764436074,410,0.1951219512195121951219512195,50.00000000000000045762027365,50.00000000000000045762027365,332,0.2018072289156626506024096386,53.24999999999999918536512067,53.24999999999999918536512067,run_b167934fa72946a4a402333a5956a675,ema_pullback:a5f783c3d3bb6001cee8a06a
w03-lb140-r5_0,lab_3d_w03_lb_ratio,3,140,5.0,15.0,3.0,033fe0a65189bda99d573130950b277cd6317d2b59b84544247983cfa8973139,739,739,0.1880920162381596752368064953,1.080232844821080650362940602,94.99999999999999647035007364,94.99999999999999647035007364,0.2990000143239669694621268817,-0.2271253461898220480427873664,409,0.1882640586797066014669926650,53.00000000000000496451327297,53.00000000000000496451327297,330,0.1878787878787878787878787879,41.99999999999999150583680067,41.99999999999999150583680067,run_d901678e3c2249669e496ac1897a485f,ema_pullback:38e0e719f162cf3f0aba479f
w04-lb070-r2_0,lab_3d_w04_lb_ratio,4,70,2.0,6.0,3.0,0d36a5e5a5317c634b63543661ce6d871ce52e6114593a0d0c6cf527da5192d0,1180,1180,0.3364406779661016949152542373,0.9882547152636577931506900614,10.99999999999999759627407976,10.99999999999999759627407976,-0.05761273025313316087872088974,-0.3431474228104542385393389365,675,0.3496296296296296296296296296,33.00000000000000010609695062,33.00000000000000010609695062,505,0.3188118811881188118811881188,-22.00000000000000250982287083,-22.00000000000000250982287083,run_d328ac2d132149b5b60cb3329e60ba45,ema_pullback:c7c4ddb826dce43b5be68ebc
w04-lb070-r2_25,lab_3d_w04_lb_ratio,4,70,2.25,6.75,3.0,0d36a5e5a5317c634b63543661ce6d871ce52e6114593a0d0c6cf527da5192d0,1171,1171,0.3082835183603757472245943638,0.9647410698463835869369597035,2.250000000000001939029785196,2.250000000000001939029785196,-0.1570396262349076710688742931,-0.3294641926818110033288910920,669,0.3124065769805680119581464873,10.25000000000000321949854156,10.25000000000000321949854156,502,0.3027888446215139442231075697,-8.000000000000001280468756350,-8.000000000000001280468756350,run_9d093b5a099e4ebfab89bac2fff68ae7,ema_pullback:6b9068004fa42d7f6e3c3fb9
w04-lb070-r2_5,lab_3d_w04_lb_ratio,4,70,2.5,7.5,3.0,0d36a5e5a5317c634b63543661ce6d871ce52e6114593a0d0c6cf527da5192d0,1165,1165,0.2944206008583690987124463519,1.017769451808269266163331433,35.50000000000000299904140366,35.50000000000000299904140366,0.09173407133855991991471508882,-0.2786777799497959963742299526,666,0.2942942942942942942942942943,20.00000000000000546204760963,20.00000000000000546204760963,499,0.2945891783567134268537074148,15.49999999999999753699379405,15.49999999999999753699379405,run_85d80bd2c92d460ab5e50675abe63d8c,ema_pullback:bf72dfd89c38045f9a7c304a
w04-lb070-r2_75,lab_3d_w04_lb_ratio,4,70,2.75,8.25,3.0,0d36a5e5a5317c634b63543661ce6d871ce52e6114593a0d0c6cf527da5192d0,1153,1153,0.2844752818733738074588031223,1.067327458811168673906795644,77.00000000000000710568675789,77.00000000000000710568675789,0.3822498002613296410504089588,-0.2570902612362929114538429652,656,0.2850609756097560975609756098,45.25000000000000792107489840,45.25000000000000792107489840,497,0.2837022132796780684104627767,31.74999999999999918461185948,31.74999999999999918461185948,run_14d9cfa080a140018b3af271a4d078e9,ema_pullback:4dced3d6cb3485baf2f8ede3
w04-lb070-r3_0,lab_3d_w04_lb_ratio,4,70,3.0,9.0,3.0,0d36a5e5a5317c634b63543661ce6d871ce52e6114593a0d0c6cf527da5192d0,1148,1148,0.2648083623693379790940766551,1.038047996651385904750684206,68.00000000000000229802684999,68.00000000000000229802684999,0.1948033860067932232559428798,-0.2477316427001446354556375629,653,0.2695252679938744257274119449,51.00000000000000267188663718,51.00000000000000267188663718,495,0.2585858585858585858585858586,16.99999999999999962614021286,16.99999999999999962614021286,run_54a674d1aaef41ea832db61bb42383e9,ema_pullback:15005e62a079939f4e570f52
w04-lb070-r3_25,lab_3d_w04_lb_ratio,4,70,3.25,9.75,3.0,0d36a5e5a5317c634b63543661ce6d871ce52e6114593a0d0c6cf527da5192d0,1141,1141,0.2541630148992112182296231376,1.061419044158179142114506061,91.50000000000000129199026980,91.50000000000000129199026980,0.3266955988393399082364054953,-0.2379883960195961623035682052,649,0.2557781201848998459167950693,56.50000000000000402604555065,56.50000000000000402604555065,492,0.2520325203252032520325203252,34.99999999999999726594471916,34.99999999999999726594471916,run_6e4a6196e26741739a4d2dd8384d14dd,ema_pullback:9253709aaf669123f19e427e
w04-lb070-r3_5,lab_3d_w04_lb_ratio,4,70,3.5,10.5,3.0,0d36a5e5a5317c634b63543661ce6d871ce52e6114593a0d0c6cf527da5192d0,1127,1127,0.2369121561668145519077196096,1.045543479021256899977085058,74.50000000000000628169237995,74.50000000000000628169237995,0.2479052097002658226492717168,-0.2321520095969613261697662556,644,0.2375776397515527950310559006,44.50000000000000621533161484,44.50000000000000621533161484,483,0.2360248447204968944099378882,30.00000000000000006636076515,30.00000000000000006636076515,run_4142af1b47de44e082407c5064145c11,ema_pullback:4cead15cfaa9418c469430d4
w04-lb070-r3_75,lab_3d_w04_lb_ratio,4,70,3.75,11.25,3.0,0d36a5e5a5317c634b63543661ce6d871ce52e6114593a0d0c6cf527da5192d0,1116,1116,0.2267025089605734767025089606,1.057518533692839144911150632,85.74999999999999588507509894,85.74999999999999588507509894,0.3208754357695063198107621847,-0.2198431171236987942477240544,637,0.2244897959183673469387755102,42.24999999999999769544225846,42.24999999999999769544225846,479,0.2296450939457202505219206681,43.49999999999999818963284050,43.49999999999999818963284050,run_b5f3296ad00c4878ac2ac9a54332e0a6,ema_pullback:8d3fecdf18a987a2b2d50434
w04-lb070-r4_0,lab_3d_w04_lb_ratio,4,70,4.0,12.0,3.0,0d36a5e5a5317c634b63543661ce6d871ce52e6114593a0d0c6cf527da5192d0,1101,1101,0.2116257947320617620345140781,1.006832218521323563824717863,63.99999999999999891082512332,63.99999999999999891082512332,0.03313117552859634247102722976,-0.2555705312550904952251655217,626,0.2060702875399361022364217252,18.99999999999999981973171130,18.99999999999999981973171130,475,0.2189473684210526315789473684,44.99999999999999909109341203,44.99999999999999909109341203,run_16382224b38d4d799476295a7b4dbf2f,ema_pullback:b4e00136d7451f85ac07905b
w04-lb070-r4_25,lab_3d_w04_lb_ratio,4,70,4.25,12.75,3.0,0d36a5e5a5317c634b63543661ce6d871ce52e6114593a0d0c6cf527da5192d0,1099,1099,0.2056414922656960873521383076,1.033950034400900155847156182,87.50000000000000552582049748,87.50000000000000552582049748,0.1862715819074867200382064112,-0.2399531792924645572898639762,624,0.2019230769230769230769230769,37.50000000000000398102685030,37.50000000000000398102685030,475,0.2105263157894736842105263158,50.00000000000000154479364716,50.00000000000000154479364716,run_502bfa91a9644923895340987cdc9b13,ema_pullback:8561cf4d8b07dda3895d08aa
w04-lb070-r4_5,lab_3d_w04_lb_ratio,4,70,4.5,13.5,3.0,0d36a5e5a5317c634b63543661ce6d871ce52e6114593a0d0c6cf527da5192d0,1089,1089,0.2001836547291092745638200184,1.046364559082700881297164106,110.0000000000000008680980875,110.0000000000000008680980875,0.2591790035659547178779901557,-0.2429087097553034145950886274,618,0.1974110032362459546925566343,53.00000000000000336377547904,53.00000000000000336377547904,471,0.2038216560509554140127388535,56.99999999999999750432260848,56.99999999999999750432260848,run_4b039b08c0c348fe8edf62c85028f248,ema_pullback:e4157318fcadeece076d3bde
w04-lb070-r4_75,lab_3d_w04_lb_ratio,4,70,4.75,14.25,3.0,0d36a5e5a5317c634b63543661ce6d871ce52e6114593a0d0c6cf527da5192d0,1083,1083,0.1911357340720221606648199446,1.050441195583655329788077864,107.2500000000000019079150730,107.2500000000000019079150730,0.2901562040603876381090290415,-0.2407739983705143201040137544,616,0.1931818181818181818181818182,68.25000000000000384007634191,68.25000000000000384007634191,467,0.1884368308351177730192719486,38.99999999999999806783873100,38.99999999999999806783873100,run_4b410070c3604d059f4586f934f32985,ema_pullback:19a6baeff2199443684e4780
w04-lb070-r5_0,lab_3d_w04_lb_ratio,4,70,5.0,15.0,3.0,0d36a5e5a5317c634b63543661ce6d871ce52e6114593a0d0c6cf527da5192d0,1074,1074,0.1824953445065176908752327747,1.010228080296658597923383079,102.0000000000000021106871731,102.0000000000000021106871731,0.04884113179793267470515638874,-0.2795078427954681279416615298,612,0.1862745098039215686274509804,72.00000000000000904920777909,72.00000000000000904920777909,462,0.1774891774891774891774891775,29.99999999999999306147939399,29.99999999999999306147939399,run_0ecb85a12b5845d8ab1af80e96bb34cf,ema_pullback:00be296e1ba65954dcd206bd
w04-lb075-r2_0,lab_3d_w04_lb_ratio,4,75,2.0,6.0,3.0,0d36a5e5a5317c634b63543661ce6d871ce52e6114593a0d0c6cf527da5192d0,1127,1127,0.3362910381543921916592724046,0.9851106507428493667922099621,9.999999999999997811108801812,9.999999999999997811108801812,-0.07003592374935586875314160259,-0.3358400408171491459557408058,640,0.3515625,35.00000000000000008933553949,35.00000000000000008933553949,487,0.3162217659137577002053388090,-25.00000000000000227822673765,-25.00000000000000227822673765,run_03f5c814f08d42538f7b9b2d1edea29a,ema_pullback:b408aac268e0b3598a89de08
w04-lb075-r2_25,lab_3d_w04_lb_ratio,4,75,2.25,6.75,3.0,0d36a5e5a5317c634b63543661ce6d871ce52e6114593a0d0c6cf527da5192d0,1121,1121,0.3104371097234611953612845674,0.9720328125926141677482385181,10.00000000000000019239690660,10.00000000000000019239690660,-0.1241959158797304807604594229,-0.3246983234571326327385635593,636,0.3176100628930817610062893082,20.50000000000000170084818717,20.50000000000000170084818717,485,0.3010309278350515463917525773,-10.50000000000000150845128063,-10.50000000000000150845128063,run_58a0bbb2c2a0447b9c3df6b0135c5ecf,ema_pullback:63f9eb43a0dd5ed4521718d8
w04-lb075-r2_5,lab_3d_w04_lb_ratio,4,75,2.5,7.5,3.0,0d36a5e5a5317c634b63543661ce6d871ce52e6114593a0d0c6cf527da5192d0,1115,1115,0.2968609865470852017937219731,1.027743409970925198531205064,43.50000000000000357855120404,43.50000000000000357855120404,0.1414422202040625549354531119,-0.2889907889376320327220730301,633,0.3001579778830963665086887836,32.00000000000000536168964945,32.00000000000000536168964945,482,0.2925311203319502074688796680,11.49999999999999821686155463,11.49999999999999821686155463,run_329ad047d9354652b57005cfb5b290dd,ema_pullback:0d2bb52e5be75c03974ae1b0
w04-lb075-r2_75,lab_3d_w04_lb_ratio,4,75,2.75,8.25,3.0,0d36a5e5a5317c634b63543661ce6d871ce52e6114593a0d0c6cf527da5192d0,1105,1105,0.2868778280542986425339366516,1.075569819516512982677273983,83.75000000000000562756622405,83.75000000000000562756622405,0.422262670933401962235163987,-0.2559736073024778953423431223,625,0.2912,57.50000000000000669835148338,57.50000000000000669835148338,480,0.28125,26.24999999999999892921474068,26.24999999999999892921474068,run_26115008c5364e63963695bf8865e982,ema_pullback:cbe613cd2a8de2c71a3486e6
w04-lb075-r3_0,lab_3d_w04_lb_ratio,4,75,3.0,9.0,3.0,0d36a5e5a5317c634b63543661ce6d871ce52e6114593a0d0c6cf527da5192d0,1102,1102,0.2667876588021778584392014519,1.050653497488814771640061148,74.00000000000000255827369598,74.00000000000000255827369598,0.2616999899645166830182066403,-0.2446271045182103832483180054,624,0.2740384615384615384615384615,60.00000000000000329869138654,60.00000000000000329869138654,478,0.2573221757322175732217573222,13.99999999999999925958230948,13.99999999999999925958230948,run_0a91be261402434caf249cb339af7e2d,ema_pullback:614e1754a38e0ec81bdec2d6
w04-lb075-r3_25,lab_3d_w04_lb_ratio,4,75,3.25,9.75,3.0,0d36a5e5a5317c634b63543661ce6d871ce52e6114593a0d0c6cf527da5192d0,1095,1095,0.2557077625570776255707762557,1.071235926660715789794883165,95.00000000000000033815408066,95.00000000000000033815408066,0.379728539459738766922688276,-0.2225294732237656927539551816,620,0.2596774193548387096774193548,64.25000000000000370691018211,64.25000000000000370691018211,475,0.2505263157894736842105263158,30.74999999999999663124389856,30.74999999999999663124389856,run_1f8aed41a4eb44fab9f3e5556c04ef19,ema_pullback:a8d8b3677aca28657abec34f
w04-lb075-r3_5,lab_3d_w04_lb_ratio,4,75,3.5,10.5,3.0,0d36a5e5a5317c634b63543661ce6d871ce52e6114593a0d0c6cf527da5192d0,1085,1085,0.2377880184331797235023041475,1.048331491857998793840624348,76.00000000000000662913250508,76.00000000000000662913250508,0.2596940564731234677398425513,-0.2165746840804336198988005465,617,0.2414910858995137763371150729,53.50000000000000654048414331,53.50000000000000654048414331,468,0.2329059829059829059829059829,22.50000000000000008864836186,22.50000000000000008864836186,run_024facfcd4214f89b80d52bcd745d246,ema_pullback:cb364bfa571f5a768730954f
w04-lb075-r3_75,lab_3d_w04_lb_ratio,4,75,3.75,11.25,3.0,0d36a5e5a5317c634b63543661ce6d871ce52e6114593a0d0c6cf527da5192d0,1076,1076,0.2276951672862453531598513011,1.058926039517766354899754641,87.74999999999999670378625087,87.74999999999999670378625087,0.3243338510242219397355473394,-0.2040160812124049242733479912,611,0.2274959083469721767594108020,49.24999999999999839491011266,49.24999999999999839491011266,465,0.2279569892473118279569892473,38.49999999999999830887613825,38.49999999999999830887613825,run_4704beac4117436f90bac1d037c5ffdf,ema_pullback:a4163d3080a9b286a2fce4e4
w04-lb075-r4_0,lab_3d_w04_lb_ratio,4,75,4.0,12.0,3.0,0d36a5e5a5317c634b63543661ce6d871ce52e6114593a0d0c6cf527da5192d0,1065,1065,0.2122065727699530516431924883,1.003177483634388431227231219,64.99999999999999919008194000,64.99999999999999919008194000,0.01506008182808928698748297514,-0.2382148775958020298642448573,603,0.2089552238805970149253731343,26.99999999999999989233603997,26.99999999999999989233603997,462,0.2164502164502164502164502165,37.99999999999999929774590003,37.99999999999999929774590003,run_3316e1bb96e14662b7fd998e61fbdc41,ema_pullback:d6b5d925faeb49d75cf29f7f
w04-lb075-r4_25,lab_3d_w04_lb_ratio,4,75,4.25,12.75,3.0,0d36a5e5a5317c634b63543661ce6d871ce52e6114593a0d0c6cf527da5192d0,1063,1063,0.2069614299153339604891815616,1.036613208291453506884055929,92.00000000000000471688180733,92.00000000000000471688180733,0.1997903535732421311479972604,-0.2222334221645217309471940945,601,0.2046589018302828618968386023,44.75000000000000371773316826,44.75000000000000371773316826,462,0.2099567099567099567099567100,47.25000000000000099914863895,47.25000000000000099914863895,run_d299d2a2fc5646fc8ea2cb83bcacfdcc,ema_pullback:b720561deb8231d02f0bfc4f
w04-lb075-r4_5,lab_3d_w04_lb_ratio,4,75,4.5,13.5,3.0,0d36a5e5a5317c634b63543661ce6d871ce52e6114593a0d0c6cf527da5192d0,1054,1054,0.2011385199240986717267552182,1.045299087080377360424728270,112.0000000000000004011463058,112.0000000000000004011463058,0.249429317040902972505726981,-0.2240567683866164698161352659,596,0.1996644295302013422818791946,58.50000000000000306018576032,58.50000000000000306018576032,458,0.2030567685589519650655021834,53.49999999999999734096054546,53.49999999999999734096054546,run_f7b79731d4b648309f5c680ab635bccd,ema_pullback:3bd5786a8fb15f263e40ed02
w04-lb075-r4_75,lab_3d_w04_lb_ratio,4,75,4.75,14.25,3.0,0d36a5e5a5317c634b63543661ce6d871ce52e6114593a0d0c6cf527da5192d0,1051,1051,0.1912464319695528068506184586,1.045323918299745160907926668,104.7500000000000027888153212,104.7500000000000027888153212,0.2546398398378373750286989178,-0.2332636564922501121058660560,596,0.1946308724832214765100671141,71.00000000000000413149520596,71.00000000000000413149520596,455,0.1868131868131868131868131868,33.74999999999999865732011511,33.74999999999999865732011511,run_6b5a1fb6758147e3b56fc3c000250864,ema_pullback:2a32d57165f1a66f2d5db0b4
w04-lb075-r5_0,lab_3d_w04_lb_ratio,4,75,5.0,15.0,3.0,0d36a5e5a5317c634b63543661ce6d871ce52e6114593a0d0c6cf527da5192d0,1041,1041,0.1825168107588856868395773295,1.005688341197387971294888383,99.0000000000000021941394460,99.0000000000000021941394460,0.02635408826400365620286468028,-0.2791961253062242046136525917,592,0.1875,74.00000000000000952793027683,74.00000000000000952793027683,449,0.1759465478841870824053452116,24.99999999999999266620916921,24.99999999999999266620916921,run_e96293f7e506425e8f03c7aa2804eeb7,ema_pullback:e684eea54a9991b4dc7bcb48
w04-lb080-r2_0,lab_3d_w04_lb_ratio,4,80,2.0,6.0,3.0,0d36a5e5a5317c634b63543661ce6d871ce52e6114593a0d0c6cf527da5192d0,1078,1078,0.3395176252319109461966604824,0.9809645152849848693780531073,19.99999999999999824994746296,19.99999999999999824994746296,-0.08237829893534232522123598564,-0.3121304068177646451684895287,609,0.3612479474548440065681444992,51.00000000000000030419106402,51.00000000000000030419106402,469,0.3113006396588486140724946695,-31.00000000000000205424360103,-31.00000000000000205424360103,run_1194f2be952a4958b2ec1e2bc24ffabf,ema_pullback:6eeb0efcc1d95691d6658b5b
w04-lb080-r2_25,lab_3d_w04_lb_ratio,4,80,2.25,6.75,3.0,0d36a5e5a5317c634b63543661ce6d871ce52e6114593a0d0c6cf527da5192d0,1073,1073,0.3122087604846225535880708295,0.9605865165294015455437542841,15.75000000000000109492638972,15.75000000000000109492638972,-0.1582344800714295020056024771,-0.3106031138517841881916085712,605,0.3256198347107438016528925620,35.25000000000000215911364183,35.25000000000000215911364183,468,0.2948717948717948717948717949,-19.50000000000000106418725209,-19.50000000000000106418725209,run_b68ede8a947946be9f8102fe1dd9691e,ema_pullback:bdb746382f66482882284a94
w04-lb080-r2_5,lab_3d_w04_lb_ratio,4,80,2.5,7.5,3.0,0d36a5e5a5317c634b63543661ce6d871ce52e6114593a0d0c6cf527da5192d0,1071,1071,0.2978524743230625583566760037,1.013052206737674579654326991,45.50000000000000360021967795,45.50000000000000360021967795,0.05924877165728470535872848936,-0.2778098266095721920693569436,605,0.3074380165289256198347107438,46.00000000000000558283273907,46.00000000000000558283273907,466,0.2854077253218884120171673820,-0.500000000000001982613061135,-0.500000000000001982613061135,run_e2583421a9b648a895b47b30a5ac2ae2,ema_pullback:c51747bb2e9912fc8c53b230
w04-lb080-r2_75,lab_3d_w04_lb_ratio,4,80,2.75,8.25,3.0,0d36a5e5a5317c634b63543661ce6d871ce52e6114593a0d0c6cf527da5192d0,1062,1062,0.2871939736346516007532956685,1.058420016954311738059909421,81.75000000000000583055912021,81.75000000000000583055912021,0.2855400755764517000044913024,-0.2650997977032777692390870997,598,0.2976588628762541806020066890,69.50000000000000694088849738,69.50000000000000694088849738,464,0.2737068965517241379310344828,12.24999999999999888967062280,12.24999999999999888967062280,run_0035e3eebc6140d2a2bbb66c34154378,ema_pullback:e279fb373c9192df0d8d5d04
w04-lb080-r3_0,lab_3d_w04_lb_ratio,4,80,3.0,9.0,3.0,0d36a5e5a5317c634b63543661ce6d871ce52e6114593a0d0c6cf527da5192d0,1060,1060,0.2669811320754716981132075472,1.036170608266720584872016771,72.00000000000000266663214374,72.00000000000000266663214374,0.1681510557797321230369790695,-0.2499102055314491856722374216,597,0.2797319932998324958123953099,71.00000000000000323796378643,71.00000000000000323796378643,463,0.2505399568034557235421166307,0.999999999999999428668357300,0.999999999999999428668357300,run_bf937711264a40999828d337cf19fd73,ema_pullback:2a519c0d20fc4196cfc6952e
w04-lb080-r3_25,lab_3d_w04_lb_ratio,4,80,3.25,9.75,3.0,0d36a5e5a5317c634b63543661ce6d871ce52e6114593a0d0c6cf527da5192d0,1055,1055,0.2568720379146919431279620853,1.067762838220146595448199225,96.75000000000000132360072754,96.75000000000000132360072754,0.3394465013150397283865565444,-0.2359299589702815190122721978,594,0.2659932659932659932659932660,77.50000000000000401093733106,77.50000000000000401093733106,461,0.2451193058568329718004338395,19.24999999999999731266339650,19.24999999999999731266339650,run_1fdb513c1524408b8c53637239728c0a,ema_pullback:7f1226bc1afdf36883f61b9b
w04-lb080-r3_5,lab_3d_w04_lb_ratio,4,80,3.5,10.5,3.0,0d36a5e5a5317c634b63543661ce6d871ce52e6114593a0d0c6cf527da5192d0,1047,1047,0.2397325692454632282712511939,1.056169308138995403697763801,82.50000000000000696924593418,82.50000000000000696924593418,0.2954147992750356511804968921,-0.2052635267972401113841144669,591,0.2470389170896785109983079526,66.00000000000000700352163553,66.00000000000000700352163553,456,0.2302631578947368421052631579,16.49999999999999996572429871,16.49999999999999996572429871,run_af1303a36c5d41b5806a63f5d1ae99ec,ema_pullback:8456a857cf670501ddfa29cd
w04-lb080-r3_75,lab_3d_w04_lb_ratio,4,80,3.75,11.25,3.0,0d36a5e5a5317c634b63543661ce6d871ce52e6114593a0d0c6cf527da5192d0,1038,1038,0.2292870905587668593448940270,1.065021979199751845698269420,92.49999999999999688955098972,92.49999999999999688955098972,0.3479312778072761105773870031,-0.1991613006456610830405614638,585,0.2324786324786324786324786325,60.99999999999999819070042303,60.99999999999999819070042303,453,0.2251655629139072847682119205,31.49999999999999869885056670,31.49999999999999869885056670,run_497b2a06095c48e7ada95000376b08ce,ema_pullback:1afeb7cf095dcf85326b5bcb
w04-lb080-r4_0,lab_3d_w04_lb_ratio,4,80,4.0,12.0,3.0,0d36a5e5a5317c634b63543661ce6d871ce52e6114593a0d0c6cf527da5192d0,1027,1027,0.2132424537487828627069133398,1.004936023022713154608321785,67.99999999999999931042347237,67.99999999999999931042347237,0.02257952821960254171682704714,-0.2333581691637519565004628366,577,0.2131715771230502599653379549,37.99999999999999982218967325,37.99999999999999982218967325,450,0.2133333333333333333333333333,29.99999999999999948823379915,29.99999999999999948823379915,run_e2eb59af738f478baf5e0454d4c8cd79,ema_pullback:717a4a9f6d74f59026b6935b
w04-lb080-r4_25,lab_3d_w04_lb_ratio,4,80,4.25,12.75,3.0,0d36a5e5a5317c634b63543661ce6d871ce52e6114593a0d0c6cf527da5192d0,1025,1025,0.2078048780487804878048780488,1.037511116955936231469304503,93.25000000000000572297206703,93.25000000000000572297206703,0.1963391749699149887425034968,-0.2206076986518308313822436149,575,0.2086956521739130434782608696,55.00000000000000458154583632,55.00000000000000458154583632,450,0.2066666666666666666666666667,38.25000000000000114142623072,38.25000000000000114142623072,run_9a1beef5c2a446429b9121329def4cc3,ema_pullback:b0cc4470efe27edbd94072eb
w04-lb080-r4_5,lab_3d_w04_lb_ratio,4,80,4.5,13.5,3.0,0d36a5e5a5317c634b63543661ce6d871ce52e6114593a0d0c6cf527da5192d0,1016,1016,0.2017716535433070866141732283,1.044446746574997317528263889,111.5000000000000013842934041,111.5000000000000013842934041,0.2331410798748627788367986609,-0.2292345934529204160224779857,570,0.2035087719298245614035087719,68.00000000000000357784136553,68.00000000000000357784136553,446,0.1995515695067264573991031390,43.49999999999999780645203844,43.49999999999999780645203844,run_b2bcff5ccdb64ca89a97192de855c120,ema_pullback:1cd0b941c09eb75148428420
w04-lb080-r4_75,lab_3d_w04_lb_ratio,4,80,4.75,14.25,3.0,0d36a5e5a5317c634b63543661ce6d871ce52e6114593a0d0c6cf527da5192d0,1013,1013,0.1915103652517275419545903258,1.042438420901933425789153066,102.5000000000000035377726782,102.5000000000000035377726782,0.2256902376591143380375455168,-0.2655580610468565906538730697,570,0.1982456140350877192982456140,79.75000000000000446212401502,79.75000000000000446212401502,443,0.1828442437923250564334085779,22.74999999999999907564866313,22.74999999999999907564866313,run_7796cfa25f25446a89f86a004af552e6,ema_pullback:abf684a267b06690f43bbfc8
w04-lb080-r5_0,lab_3d_w04_lb_ratio,4,80,5.0,15.0,3.0,0d36a5e5a5317c634b63543661ce6d871ce52e6114593a0d0c6cf527da5192d0,1004,1004,0.1842629482071713147410358566,1.013705987310358017210327036,106.0000000000000015750441019,106.0000000000000015750441019,0.06232741070091832251743119021,-0.2903273834093038819805243091,566,0.1925795053003533568904593640,88.00000000000000919131190404,88.00000000000000919131190404,438,0.1735159817351598173515981735,17.99999999999999238373219777,17.99999999999999238373219777,run_cb061a15c5c84438b3f264ca783ce9b7,ema_pullback:cf9292ad4dccccd8b46f6260
w04-lb085-r2_0,lab_3d_w04_lb_ratio,4,85,2.0,6.0,3.0,0d36a5e5a5317c634b63543661ce6d871ce52e6114593a0d0c6cf527da5192d0,1039,1039,0.3426371511068334937439846006,0.9927886944818421887193520331,28.99999999999999797753825997,28.99999999999999797753825997,-0.03079002104636948465750579966,-0.2819031207528291483636384820,583,0.3636363636363636363636363636,53.00000000000000014277805875,53.00000000000000014277805875,456,0.3157894736842105263157894737,-24.00000000000000216523979877,-24.00000000000000216523979877,run_ffb3866bbc084e59ba586eac99662b23,ema_pullback:e37eb568cbf4ec0ca9962212
w04-lb085-r2_25,lab_3d_w04_lb_ratio,4,85,2.25,6.75,3.0,0d36a5e5a5317c634b63543661ce6d871ce52e6114593a0d0c6cf527da5192d0,1035,1035,0.3140096618357487922705314010,0.9647567667796933488838911707,21.25000000000000111652722666,21.25000000000000111652722666,-0.1379153889888962190894712322,-0.2896150974574491273983974633,579,0.3264248704663212435233160622,35.25000000000000206282565255,35.25000000000000206282565255,456,0.2982456140350877192982456140,-14.00000000000000094629842585,-14.00000000000000094629842585,run_b4974e10a89d423197c79fd06e9ca245,ema_pullback:54593c711cbc86aea51803d3
w04-lb085-r2_5,lab_3d_w04_lb_ratio,4,85,2.5,7.5,3.0,0d36a5e5a5317c634b63543661ce6d871ce52e6114593a0d0c6cf527da5192d0,1034,1034,0.2988394584139264990328820116,1.015537711355803439858976610,47.50000000000000284298477890,47.50000000000000284298477890,0.06831379381954511696201286966,-0.2607610014067699315681973318,579,0.3074265975820379965457685665,44.00000000000000475631448409,44.00000000000000475631448409,455,0.2879120879120879120879120879,3.499999999999998086670294818,3.499999999999998086670294818,run_41aa0c829da8411f814a6d40e2b7bf78,ema_pullback:d42d936074e897812841a431
w04-lb085-r2_75,lab_3d_w04_lb_ratio,4,85,2.75,8.25,3.0,0d36a5e5a5317c634b63543661ce6d871ce52e6114593a0d0c6cf527da5192d0,1027,1027,0.2891918208373904576436222006,1.063496849829698401336143504,86.75000000000000487896872588,86.75000000000000487896872588,0.3058827084246248997092262471,-0.2484447151988764029018679437,574,0.2979094076655052264808362369,67.25000000000000601243718888,67.25000000000000601243718888,453,0.2781456953642384105960264901,19.49999999999999886653153699,19.49999999999999886653153699,run_915acfdb9b484c44b617af814d4b0090,ema_pullback:efd4d3926dd68e8f21521a48
w04-lb085-r3_0,lab_3d_w04_lb_ratio,4,85,3.0,9.0,3.0,0d36a5e5a5317c634b63543661ce6d871ce52e6114593a0d0c6cf527da5192d0,1025,1025,0.2702439024390243902439024390,1.048521041765039245141192042,83.00000000000000287527397094,83.00000000000000287527397094,0.228384290494098621191927125,-0.2328081191595931523045397381,573,0.2809773123909249563699825480,71.00000000000000344660561360,71.00000000000000344660561360,452,0.2566371681415929203539823009,11.99999999999999942866835727,11.99999999999999942866835727,run_9b56457c84c847179a75f0caf0d75cd5,ema_pullback:dedc0611f8fb773a66876353
w04-lb085-r3_25,lab_3d_w04_lb_ratio,4,85,3.25,9.75,3.0,0d36a5e5a5317c634b63543661ce6d871ce52e6114593a0d0c6cf527da5192d0,1021,1021,0.2605288932419196865817825661,1.084588805543878605707199662,109.5000000000000012384033436,109.5000000000000012384033436,0.4375827861247798006384724106,-0.2188975734384167297630718800,571,0.2679509632224168126094570928,79.25000000000000392573994721,79.25000000000000392573994721,450,0.2511111111111111111111111111,30.24999999999999731266339648,30.24999999999999731266339648,run_d8eaf2c76a52489fbb90a3cc88719740,ema_pullback:fff9d32ee04ed00670fd1ace
w04-lb085-r3_5,lab_3d_w04_lb_ratio,4,85,3.5,10.5,3.0,0d36a5e5a5317c634b63543661ce6d871ce52e6114593a0d0c6cf527da5192d0,1013,1013,0.2448173741362290227048371175,1.081302419035029317248983466,103.0000000000000059883311929,103.0000000000000059883311929,0.442530797465857339323765009,-0.1864801875305299028373816531,568,0.2517605633802816901408450704,75.50000000000000602260689420,75.50000000000000602260689420,445,0.2359550561797752808988764045,27.49999999999999996572429869,27.49999999999999996572429869,run_3a6f1cc20cf842f7a4b832aa75f6be67,ema_pullback:05ed0566e7b3cf0f19ce9a8b
w04-lb085-r3_75,lab_3d_w04_lb_ratio,4,85,3.75,11.25,3.0,0d36a5e5a5317c634b63543661ce6d871ce52e6114593a0d0c6cf527da5192d0,1006,1006,0.2345924453280318091451292247,1.091953868844254600891680773,114.9999999999999964404365814,114.9999999999999964404365814,0.5108366143237846952462786447,-0.1927045701093025460838768945,563,0.2380106571936056838365896980,73.49999999999999774158601478,73.49999999999999774158601478,443,0.2302483069977426636568848758,41.49999999999999869885056668,41.49999999999999869885056668,run_11d29e700e2f4341ae06922948524b72,ema_pullback:bfe11cce612492743057f435
w04-lb085-r4_0,lab_3d_w04_lb_ratio,4,85,4.0,12.0,3.0,0d36a5e5a5317c634b63543661ce6d871ce52e6114593a0d0c6cf527da5192d0,996,996,0.2188755020080321285140562249,1.038165213997938797271177042,93.99999999999999956054052130,93.99999999999999956054052130,0.1824285526318269750868209023,-0.2236523686121375978127479660,556,0.2194244604316546762589928058,54.00000000000000007230672213,54.00000000000000007230672213,440,0.2181818181818181818181818182,39.99999999999999948823379915,39.99999999999999948823379915,run_4469111c6302419e90e531743e574f92,ema_pullback:1f5bf1ee245aa31ddba6c6be
w04-lb085-r4_25,lab_3d_w04_lb_ratio,4,85,4.25,12.75,3.0,0d36a5e5a5317c634b63543661ce6d871ce52e6114593a0d0c6cf527da5192d0,995,995,0.2130653266331658291457286432,1.069010784385863254711602539,118.0000000000000058480305913,118.0000000000000058480305913,0.3781716498142985070475045186,-0.2071881279817688462134029597,555,0.2144144144144144144144144144,69.75000000000000470660436076,69.75000000000000470660436076,440,0.2113636363636363636363636364,48.25000000000000114142623075,48.25000000000000114142623075,run_0cd9d6413b56461c8ad6a49a15697786,ema_pullback:a0b58aa7e6c5d63a4de94c5a
w04-lb085-r4_5,lab_3d_w04_lb_ratio,4,85,4.5,13.5,3.0,0d36a5e5a5317c634b63543661ce6d871ce52e6114593a0d0c6cf527da5192d0,986,986,0.2068965517241379310344827586,1.076323254388403646892648034,136.0000000000000011341763550,136.0000000000000011341763550,0.4191722959029937194274781332,-0.2205004871532737466793071865,550,0.2090909090909090909090909091,82.50000000000000332772431666,82.50000000000000332772431666,436,0.2041284403669724770642201835,53.49999999999999780645203842,53.49999999999999780645203842,run_4700dc307447412797485d029eef7a56,ema_pullback:878575a7bfd1a01f809dad25
w04-lb085-r4_75,lab_3d_w04_lb_ratio,4,85,4.75,14.25,3.0,0d36a5e5a5317c634b63543661ce6d871ce52e6114593a0d0c6cf527da5192d0,983,983,0.1963377416073245167853509664,1.073535472551851872951175135,126.7500000000000039129482514,126.7500000000000039129482514,0.4092137622752724131240328539,-0.2448800796216856718269067135,550,0.2036363636363636363636363636,94.0000000000000048372995883,94.0000000000000048372995883,433,0.1870669745958429561200923788,32.74999999999999907564866309,32.74999999999999907564866309,run_9eb1b4c38e3f41e78eeba19471a52bbf,ema_pullback:5419a51dd1c90772532cd2f1
w04-lb085-r5_0,lab_3d_w04_lb_ratio,4,85,5.0,15.0,3.0,0d36a5e5a5317c634b63543661ce6d871ce52e6114593a0d0c6cf527da5192d0,974,974,0.1889117043121149897330595483,1.046340409980231947510932271,130.0000000000000015750441019,130.0000000000000015750441019,0.2201936036353688806108470677,-0.2742325715506011314127017627,546,0.1978021978021978021978021978,102.0000000000000091913119040,102.0000000000000091913119040,428,0.1775700934579439252336448598,27.99999999999999238373219777,27.99999999999999238373219777,run_b31490365c8e437f837687703ac03229,ema_pullback:a4dc40df8cc5e567ce7fe1a1
w04-lb090-r2_0,lab_3d_w04_lb_ratio,4,90,2.0,6.0,3.0,0d36a5e5a5317c634b63543661ce6d871ce52e6114593a0d0c6cf527da5192d0,1011,1011,0.3422354104846686449060336301,1.003987693343923259693331390,26.99999999999999788187876345,26.99999999999999788187876345,0.01711109246614719816280338969,-0.2798316253899051180071789265,561,0.3636363636363636363636363636,51.00000000000000004711856219,51.00000000000000004711856219,450,0.3155555555555555555555555556,-24.00000000000000216523979877,-24.00000000000000216523979877,run_bbe951e537054447b28cb8cd1a6160c2,ema_pullback:bf671a2c6b80af07f3846012
w04-lb090-r2_25,lab_3d_w04_lb_ratio,4,90,2.25,6.75,3.0,0d36a5e5a5317c634b63543661ce6d871ce52e6114593a0d0c6cf527da5192d0,1007,1007,0.3128103277060575968222442900,0.9728260178327661982313994708,16.75000000000000185826877143,16.75000000000000185826877143,-0.1064223950347682542375848443,-0.2925728192702904413969118331,557,0.3249551166965888689407540395,31.25000000000000277553678766,31.25000000000000277553678766,450,0.2977777777777777777777777778,-14.50000000000000091726801619,-14.50000000000000091726801619,run_53b1dfca44c243cd8787a98fad31080b,ema_pullback:d03bf202bf016d5f1e1c8546
w04-lb090-r2_5,lab_3d_w04_lb_ratio,4,90,2.5,7.5,3.0,0d36a5e5a5317c634b63543661ce6d871ce52e6114593a0d0c6cf527da5192d0,1006,1006,0.2972166998011928429423459245,1.021383628959857231536770049,40.50000000000000359052629352,40.50000000000000359052629352,0.09375860515151781463377893389,-0.2690033877474263052274562356,557,0.3052064631956912028725314183,38.00000000000000521355190209,38.00000000000000521355190209,449,0.2873051224944320712694877506,2.499999999999998376974391464,2.499999999999998376974391464,run_aaf96dad0c574f519c9a7bdf7788726a,ema_pullback:ed29db770f89276cc9ab47e7
w04-lb090-r2_75,lab_3d_w04_lb_ratio,4,90,2.75,8.25,3.0,0d36a5e5a5317c634b63543661ce6d871ce52e6114593a0d0c6cf527da5192d0,1000,1000,0.287,1.064939964966406134319080701,76.25000000000000393392035739,76.25000000000000393392035739,0.310156349130005444466337539,-0.2503835575849858619426830356,553,0.2947558770343580470162748644,58.25000000000000521254086871,58.25000000000000521254086871,447,0.2774049217002237136465324385,17.99999999999999872137948866,17.99999999999999872137948866,run_27589a731f834268b34511f01ccdb700,ema_pullback:1030491be68c35e5646d873a
w04-lb090-r3_0,lab_3d_w04_lb_ratio,4,90,3.0,9.0,3.0,0d36a5e5a5317c634b63543661ce6d871ce52e6114593a0d0c6cf527da5192d0,998,998,0.2675350701402805611222444890,1.046796438416985584627180399,70.00000000000000270005729144,70.00000000000000270005729144,0.2173351607203582270067445387,-0.2503545595868747826481150908,552,0.2771739130434782608695652174,60.00000000000000338751057283,60.00000000000000338751057283,446,0.2556053811659192825112107623,9.999999999999999312546718675,9.999999999999999312546718675,run_358b8c9b896041648a48f824d646660e,ema_pullback:78cb492bb59003d1b8be39c7
w04-lb090-r3_25,lab_3d_w04_lb_ratio,4,90,3.25,9.75,3.0,0d36a5e5a5317c634b63543661ce6d871ce52e6114593a0d0c6cf527da5192d0,995,995,0.2582914572864321608040201005,1.088548031531240187547093978,97.25000000000000209143659201,97.25000000000000209143659201,0.4587830492607856605839172644,-0.1945448715024506350116916179,551,0.2649727767695099818511796733,69.50000000000000428944854046,69.50000000000000428944854046,444,0.25,27.74999999999999780198805154,27.74999999999999780198805154,run_e620de26e6d94ca88e6217f5cfbca085,ema_pullback:74a3c4c037d90755b5bb466b
w04-lb090-r3_5,lab_3d_w04_lb_ratio,4,90,3.5,10.5,3.0,0d36a5e5a5317c634b63543661ce6d871ce52e6114593a0d0c6cf527da5192d0,988,988,0.2429149797570850202429149798,1.090002387114541865663185152,92.00000000000000705925412685,92.00000000000000705925412685,0.4933654724337125986912652971,-0.1887446520628322167804171030,549,0.2495446265938069216757741348,67.50000000000000657517476349,67.50000000000000657517476349,439,0.2346241457858769931662870159,24.50000000000000048407936343,24.50000000000000048407936343,run_550da634fdc4498c844286d25edfbd97,ema_pullback:636cb6aad8ae6c7bc5c27b03
w04-lb090-r3_75,lab_3d_w04_lb_ratio,4,90,3.75,11.25,3.0,0d36a5e5a5317c634b63543661ce6d871ce52e6114593a0d0c6cf527da5192d0,981,981,0.2334352701325178389398572885,1.104194110830186972657166155,106.7499999999999975478759902,106.7499999999999975478759902,0.5802666565357562370075685512,-0.1849359049313191877056009618,544,0.2371323529411764705882352941,68.74999999999999864581255605,68.74999999999999864581255605,437,0.2288329519450800915331807780,37.99999999999999890206343432,37.99999999999999890206343432,run_ed536f2b713d44beb0a35906ba782a91,ema_pullback:34680f00d64a383e2b4dce5e
w04-lb090-r4_0,lab_3d_w04_lb_ratio,4,90,4.0,12.0,3.0,0d36a5e5a5317c634b63543661ce6d871ce52e6114593a0d0c6cf527da5192d0,973,973,0.2168550873586844809866392600,1.040985167387585261057338599,81.99999999999999962341017423,81.99999999999999962341017423,0.1936430877133922085073532419,-0.2179381810197147789704454653,538,0.2174721189591078066914498141,47.00000000000000047934898183,47.00000000000000047934898183,435,0.2160919540229885057471264368,34.99999999999999914406119239,34.99999999999999914406119239,run_14b32e6dbc9b4bef837060c9a0d42ccd,ema_pullback:abeeff79e0022d5ef658da00
w04-lb090-r4_25,lab_3d_w04_lb_ratio,4,90,4.25,12.75,3.0,0d36a5e5a5317c634b63543661ce6d871ce52e6114593a0d0c6cf527da5192d0,972,972,0.2119341563786008230452674897,1.074419718022547803639662567,109.5000000000000067868670773,109.5000000000000067868670773,0.4029083230365252318466276026,-0.2029572584508726623795526518,537,0.2122905027932960893854748603,61.50000000000000608089699153,61.50000000000000608089699153,435,0.2114942528735632183908045977,48.00000000000000070597008579,48.00000000000000070597008579,run_d6d6d140e6e5407aa0686abc57d3aef7,ema_pullback:fa0f3eccace254b3d16e7eef
w04-lb090-r4_5,lab_3d_w04_lb_ratio,4,90,4.5,13.5,3.0,0d36a5e5a5317c634b63543661ce6d871ce52e6114593a0d0c6cf527da5192d0,963,963,0.2056074766355140186915887850,1.080565917696955702256955319,126.0000000000000018603624763,126.0000000000000018603624763,0.435848847464694723750230825,-0.2163406595136394677542949512,532,0.2067669172932330827067669173,73.00000000000000399584961852,73.00000000000000399584961852,431,0.2041763341067285382830626450,52.99999999999999786451285775,52.99999999999999786451285775,run_b7a16261a3954c9eb03db01db5f082f6,ema_pullback:bb38a0e072cbdca44e738b2e
w04-lb090-r4_75,lab_3d_w04_lb_ratio,4,90,4.75,14.25,3.0,0d36a5e5a5317c634b63543661ce6d871ce52e6114593a0d0c6cf527da5192d0,960,960,0.1947916666666666666666666667,1.076354475363234182611942147,115.2500000000000034603347753,115.2500000000000034603347753,0.4171025828246566702638972185,-0.2346916870650382420498485442,532,0.2011278195488721804511278195,83.25000000000000452983816053,83.25000000000000452983816053,428,0.1869158878504672897196261682,31.99999999999999893049661480,31.99999999999999893049661480,run_d2e00780fbc542af8fca0f4433fbfe70,ema_pullback:0a0e8b13d5bd39585da3802b
w04-lb090-r5_0,lab_3d_w04_lb_ratio,4,90,5.0,15.0,3.0,0d36a5e5a5317c634b63543661ce6d871ce52e6114593a0d0c6cf527da5192d0,952,952,0.1880252100840336134453781513,1.052567472218914757251643206,122.0000000000000005137260522,122.0000000000000005137260522,0.2458275243792424921676748718,-0.2689911779927889216687694269,528,0.1950757575757575757575757576,90.00000000000000812999385421,90.00000000000000812999385421,424,0.1792452830188679245283018868,31.99999999999999238373219778,31.99999999999999238373219778,run_73f8c25c8558488e91aa1b57f59a10b9,ema_pullback:e4eaef366dc9092c20f96a2a
w04-lb095-r2_0,lab_3d_w04_lb_ratio,4,95,2.0,6.0,3.0,0d36a5e5a5317c634b63543661ce6d871ce52e6114593a0d0c6cf527da5192d0,983,983,0.3479145473041709053916581892,1.028102262112324893628658604,42.99999999999999753299613864,42.99999999999999753299613864,0.125090345464197792672468958,-0.2488964143190226870373097568,542,0.3726937269372693726937269373,63.99999999999999975361289160,63.99999999999999975361289160,441,0.3174603174603174603174603175,-21.00000000000000222061675295,-21.00000000000000222061675295,run_eb6202f7033e492d93f61548e864ed82,ema_pullback:b11cc8b2fda4bf5f3a521ab2
w04-lb095-r2_25,lab_3d_w04_lb_ratio,4,95,2.25,6.75,3.0,0d36a5e5a5317c634b63543661ce6d871ce52e6114593a0d0c6cf527da5192d0,982,982,0.3177189409368635437881873727,0.9932366623606419197719593957,32.00000000000000138635124227,32.00000000000000138635124227,-0.02732285977547621072574606853,-0.2685883504578758477635978942,541,0.3327171903881700554528650647,44.00000000000000225520052878,44.00000000000000225520052878,441,0.2993197278911564625850340136,-12.00000000000000086884928659,-12.00000000000000086884928659,run_8d5f8e1c3bef4acfb744c5da51b11972,ema_pullback:e6bbd5aa8e2ac2ad97479460
w04-lb095-r2_5,lab_3d_w04_lb_ratio,4,95,2.5,7.5,3.0,0d36a5e5a5317c634b63543661ce6d871ce52e6114593a0d0c6cf527da5192d0,981,981,0.3017329255861365953109072375,1.041279809176961151329588488,55.00000000000000350706214748,55.00000000000000350706214748,0.1869215776426145805818528906,-0.2457923406729889849693947246,541,0.3123844731977818853974121996,50.50000000000000500541739857,50.50000000000000500541739857,440,0.2886363636363636363636363636,4.499999999999998501644748937,4.499999999999998501644748937,run_cb7e64de7ee245b981f9c64959783a23,ema_pullback:0e6dfa216bddf97d3b3d92ab
w04-lb095-r2_75,lab_3d_w04_lb_ratio,4,95,2.75,8.25,3.0,0d36a5e5a5317c634b63543661ce6d871ce52e6114593a0d0c6cf527da5192d0,975,975,0.2912820512820512820512820513,1.084564818467485135921991462,90.00000000000000405831914699,90.00000000000000405831914699,0.4173893478415011874561237533,-0.2304200506550972732965762570,537,0.3016759776536312849162011173,70.50000000000000510847361697,70.50000000000000510847361697,438,0.2785388127853881278538812785,19.49999999999999894984552995,19.49999999999999894984552995,run_c6398b290eb34d8f872ac722937fc841,ema_pullback:36c36d978a5cd4c163b9c748
w04-lb095-r3_0,lab_3d_w04_lb_ratio,4,95,3.0,9.0,3.0,0d36a5e5a5317c634b63543661ce6d871ce52e6114593a0d0c6cf527da5192d0,973,973,0.2713257965056526207605344296,1.065258970995004314139408731,83.00000000000000231162118260,83.00000000000000231162118260,0.3129345768335519758562927142,-0.2297614674596822040249623273,536,0.2835820895522388059701492537,72.00000000000000297124156571,72.00000000000000297124156571,437,0.2562929061784897025171624714,10.99999999999999934037961689,10.99999999999999934037961689,run_ae4da3178d2640739f7b915c325409e1,ema_pullback:3c592ad974dde10c9e6bb018
w04-lb095-r3_25,lab_3d_w04_lb_ratio,4,95,3.25,9.75,3.0,0d36a5e5a5317c634b63543661ce6d871ce52e6114593a0d0c6cf527da5192d0,970,970,0.2618556701030927835051546392,1.106178472234694551799237545,109.5000000000000019108634187,109.5000000000000019108634187,0.5685266094827865075396666726,-0.1826593146706145331350636654,535,0.2710280373831775700934579439,81.25000000000000397724678513,81.25000000000000397724678513,435,0.2505747126436781609195402299,28.24999999999999793361663359,28.24999999999999793361663359,run_00d306db27404bc7aa7e177d1edc1768,ema_pullback:41877160aa8ea4faad13ef12
w04-lb095-r3_5,lab_3d_w04_lb_ratio,4,95,3.5,10.5,3.0,0d36a5e5a5317c634b63543661ce6d871ce52e6114593a0d0c6cf527da5192d0,963,963,0.2461059190031152647975077882,1.106040048315591117486393443,103.5000000000000066702748823,103.5000000000000066702748823,0.6007994628540267139477338065,-0.1779878881268385223876620692,533,0.2551594746716697936210131332,79.00000000000000595077125287,79.00000000000000595077125287,430,0.2348837209302325581395348837,24.50000000000000071950362922,24.50000000000000071950362922,run_e21e491174f840188cd1f044ffe6963e,ema_pullback:c64a5ef7d02153ccb096f74a
w04-lb095-r3_75,lab_3d_w04_lb_ratio,4,95,3.75,11.25,3.0,0d36a5e5a5317c634b63543661ce6d871ce52e6114593a0d0c6cf527da5192d0,957,957,0.2371995820271682340647857889,1.123214110994802971353594302,121.2499999999999973392156251,121.2499999999999973392156251,0.711648673833886669042460075,-0.1743979349149067328238219583,528,0.2424242424242424242424242424,79.99999999999999812547629716,79.99999999999999812547629716,429,0.2307692307692307692307692308,41.24999999999999921373932803,41.24999999999999921373932803,run_85f1620be99746b7b92eacae98093381,ema_pullback:e971b0fb4df60bbf0ac4a0e6
w04-lb095-r4_0,lab_3d_w04_lb_ratio,4,95,4.0,12.0,3.0,0d36a5e5a5317c634b63543661ce6d871ce52e6114593a0d0c6cf527da5192d0,951,951,0.2208201892744479495268138801,1.062698933066315830578952520,98.99999999999999920714116720,98.99999999999999920714116720,0.3040350460665484309615174059,-0.1986346894040426474150985058,524,0.2213740458015267175572519084,56.00000000000000006307997477,56.00000000000000006307997477,427,0.2201405152224824355971896956,42.99999999999999914406119239,42.99999999999999914406119239,run_083a354ddb474ba69a04a5328b55e440,ema_pullback:6bdae0b82c486d42756768fa
w04-lb095-r4_25,lab_3d_w04_lb_ratio,4,95,4.25,12.75,3.0,0d36a5e5a5317c634b63543661ce6d871ce52e6114593a0d0c6cf527da5192d0,950,950,0.2157894736842105263157894737,1.095409038231165318764904949,126.2500000000000060583963149,126.2500000000000060583963149,0.5308497018736552920243926376,-0.1946039828972633263782869449,523,0.2160611854684512428298279159,70.25000000000000535242622914,70.25000000000000535242622914,427,0.2154566744730679156908665105,56.00000000000000070597008583,56.00000000000000070597008583,run_6d3e965f5fd846879820ae14d8968f31,ema_pullback:fbcd41e4439953a8f5a5f944
w04-lb095-r4_5,lab_3d_w04_lb_ratio,4,95,4.5,13.5,3.0,0d36a5e5a5317c634b63543661ce6d871ce52e6114593a0d0c6cf527da5192d0,941,941,0.2093517534537725823591923486,1.101679274974280377658121682,142.5000000000000010278244622,142.5000000000000010278244622,0.5649521900509027716854675047,-0.2029756033839496919595754495,518,0.2104247104247104247104247104,81.50000000000000316331160440,81.50000000000000316331160440,423,0.2080378250591016548463356974,60.99999999999999786451285775,60.99999999999999786451285775,run_6a8908dcc39c4152a2611628a1055908,ema_pullback:8d3c9d73b0b4440136447a44
w04-lb095-r4_75,lab_3d_w04_lb_ratio,4,95,4.75,14.25,3.0,0d36a5e5a5317c634b63543661ce6d871ce52e6114593a0d0c6cf527da5192d0,938,938,0.1982942430703624733475479744,1.096773071673621136149909987,131.5000000000000025237295094,131.5000000000000025237295094,0.5427065673236751069924634038,-0.2220965855851109931135254964,518,0.2046332046332046332046332046,91.50000000000000359323289462,91.50000000000000359323289462,420,0.1904761904761904761904761905,39.99999999999999893049661481,39.99999999999999893049661481,run_b3a6b18c43d5442ba2745aa3d011f25e,ema_pullback:608c5b29aa30b7f875961675
w04-lb095-r5_0,lab_3d_w04_lb_ratio,4,95,5.0,15.0,3.0,0d36a5e5a5317c634b63543661ce6d871ce52e6114593a0d0c6cf527da5192d0,930,930,0.1913978494623655913978494624,1.074009081936572443369948597,137.9999999999999998893225416,137.9999999999999998893225416,0.3546598142842088009582456878,-0.2565240593958724805791654976,514,0.1984435797665369649805447471,98.0000000000000075055903436,98.0000000000000075055903436,416,0.1826923076923076923076923077,39.99999999999999238373219777,39.99999999999999238373219777,run_007677f204fe4601b999db90a9635b81,ema_pullback:9b64a45d779bb1350ecd7fe8
w04-lb100-r2_0,lab_3d_w04_lb_ratio,4,100,2.0,6.0,3.0,0d36a5e5a5317c634b63543661ce6d871ce52e6114593a0d0c6cf527da5192d0,951,951,0.3512092534174553101997896951,1.031877415337431641740786694,50.99999999999999764294315279,50.99999999999999764294315279,0.1418883988706713939331401029,-0.2372613435694686375271806927,525,0.3733333333333333333333333333,62.99999999999999994082547664,62.99999999999999994082547664,426,0.3239436619718309859154929577,-12.00000000000000229788232381,-12.00000000000000229788232381,run_31639f96b70b408f883cc56d3c26c72d,ema_pullback:84ec7737f15899d2b3b550dd
w04-lb100-r2_25,lab_3d_w04_lb_ratio,4,100,2.25,6.75,3.0,0d36a5e5a5317c634b63543661ce6d871ce52e6114593a0d0c6cf527da5192d0,950,950,0.32,0.9940649144452858123397942434,38.00000000000000161264898447,38.00000000000000161264898447,-0.02393722568556262023096309737,-0.2449065281450621466459272066,524,0.3320610687022900763358778626,41.50000000000000236946439487,41.50000000000000236946439487,426,0.3051643192488262910798122066,-3.500000000000000756815410443,-3.500000000000000756815410443,run_42b47f2b47dd4cc0bb4360b13a7e6270,ema_pullback:056150f4c40e30b06d74447e
w04-lb100-r2_5,lab_3d_w04_lb_ratio,4,100,2.5,7.5,3.0,0d36a5e5a5317c634b63543661ce6d871ce52e6114593a0d0c6cf527da5192d0,949,949,0.3034773445732349841938883035,1.039368190474392251514286113,59.00000000000000340290512775,59.00000000000000340290512775,0.1776443369692480871734419955,-0.2251815103090760392947387419,524,0.3110687022900763358778625954,46.50000000000000489353542386,46.50000000000000489353542386,425,0.2941176470588235294117647059,12.49999999999999850936970387,12.49999999999999850936970387,run_5b84f393579a46e49fabece020c9c99a,ema_pullback:f5f886d16661c270e5cb6e36
w04-lb100-r2_75,lab_3d_w04_lb_ratio,4,100,2.75,8.25,3.0,0d36a5e5a5317c634b63543661ce6d871ce52e6114593a0d0c6cf527da5192d0,945,945,0.2920634920634920634920634921,1.076232046496613195986932711,90.00000000000000401619424858,90.00000000000000401619424858,0.3735182426029638100137696094,-0.2322683265987791770794909385,522,0.2988505747126436781609195402,63.00000000000000510111702384,63.00000000000000510111702384,423,0.2836879432624113475177304965,26.99999999999999891507722470,26.99999999999999891507722470,run_87bd2b77a59b41719f07cb01ab0622b7,ema_pullback:efc4729f75698788945d2c32
w04-lb100-r3_0,lab_3d_w04_lb_ratio,4,100,3.0,9.0,3.0,0d36a5e5a5317c634b63543661ce6d871ce52e6114593a0d0c6cf527da5192d0,943,943,0.2714740190880169671261930011,1.054294930739766773879175218,81.00000000000000275009398704,81.00000000000000275009398704,0.2580325892892793042098917839,-0.2303046362365703370355592202,521,0.2802303262955854126679462572,63.00000000000000336335662980,63.00000000000000336335662980,422,0.2606635071090047393364928910,17.99999999999999938673735725,17.99999999999999938673735725,run_cbb15f99463f4621ad31431b8cf4fc43,ema_pullback:b6e3e1bb6b7af956fa4aef1e
w04-lb100-r3_25,lab_3d_w04_lb_ratio,4,100,3.25,9.75,3.0,0d36a5e5a5317c634b63543661ce6d871ce52e6114593a0d0c6cf527da5192d0,941,941,0.2624867162592986184909670563,1.094854911988624086954777437,108.7500000000000023359735229,108.7500000000000023359735229,0.5022885419123165077084645556,-0.1890883840857029090356809199,521,0.2687140115163147792706333973,74.00000000000000373400609667,74.00000000000000373400609667,420,0.2547619047619047619047619048,34.74999999999999860196742621,34.74999999999999860196742621,run_c38fe0adce8c42219fcbe2aa6ff87b87,ema_pullback:fe31f7e5470e73eeb8f86267
w04-lb100-r3_5,lab_3d_w04_lb_ratio,4,100,3.5,10.5,3.0,0d36a5e5a5317c634b63543661ce6d871ce52e6114593a0d0c6cf527da5192d0,935,935,0.2470588235294117647058823529,1.107836406439786376175271763,104.5000000000000063855740428,104.5000000000000063855740428,0.6039555361348426116012888428,-0.1776776532648364099665397116,520,0.2519230769230769230769230769,69.50000000000000557335092749,69.50000000000000557335092749,415,0.2409638554216867469879518072,35.00000000000000081222311536,35.00000000000000081222311536,run_7c9e32c913f84dd5b4ccdbd6e3c709c8,ema_pullback:019b3c836d94f28966a58cf0
w04-lb100-r3_75,lab_3d_w04_lb_ratio,4,100,3.75,11.25,3.0,0d36a5e5a5317c634b63543661ce6d871ce52e6114593a0d0c6cf527da5192d0,929,929,0.2378902045209903121636167922,1.123342524576702856242277453,120.7499999999999980751139042,120.7499999999999980751139042,0.7025707286174096493312608942,-0.1743979349149067328238219566,515,0.2388349514563106796116504854,69.24999999999999909317329132,69.24999999999999909317329132,414,0.2367149758454106280193236715,51.49999999999999898194061286,51.49999999999999898194061286,run_7ac053543a8a45538eb3c12c960f0a1d,ema_pullback:0babc42caddb58a403749aa8
w04-lb100-r4_0,lab_3d_w04_lb_ratio,4,100,4.0,12.0,3.0,0d36a5e5a5317c634b63543661ce6d871ce52e6114593a0d0c6cf527da5192d0,923,923,0.2221018418201516793066088841,1.070300344344518182923194804,101.9999999999999994888468512,101.9999999999999994888468512,0.3357842108869028457474633004,-0.2141597428269632003555903369,511,0.2191780821917808219178082192,49.00000000000000043750514475,49.00000000000000043750514475,412,0.2257281553398058252427184466,52.99999999999999905134170631,52.99999999999999905134170631,run_6031f7c1022f4ffe9c7589a8e69f36c1,ema_pullback:9b61f3b62a7b78a498bf5727
w04-lb100-r4_25,lab_3d_w04_lb_ratio,4,100,4.25,12.75,3.0,0d36a5e5a5317c634b63543661ce6d871ce52e6114593a0d0c6cf527da5192d0,922,922,0.2169197396963123644251626898,1.102388049322952741452097490,128.0000000000000069816365173,128.0000000000000069816365173,0.5595759811253148145590670828,-0.2017488777934314065486519383,510,0.2137254901960784313725490196,62.25000000000000622930668859,62.25000000000000622930668859,412,0.2208737864077669902912621359,65.75000000000000075232982883,65.75000000000000075232982883,run_77b6e384e21d4e3d87ec1c0df896b256,ema_pullback:68eb7396cc7bbf3e2577f41a
w04-lb100-r4_5,lab_3d_w04_lb_ratio,4,100,4.5,13.5,3.0,0d36a5e5a5317c634b63543661ce6d871ce52e6114593a0d0c6cf527da5192d0,915,915,0.2087431693989071038251366120,1.100423038237449616123472273,135.5000000000000019130982135,135.5000000000000019130982135,0.5464632595977993553729772024,-0.2189235429863175927425875265,507,0.2051282051282051282051282051,65.00000000000000432674381431,65.00000000000000432674381431,408,0.2132352941176470588235294118,70.49999999999999758635439948,70.49999999999999758635439948,run_2773f12ff3d0458192114bcc2fe6fb80,ema_pullback:3fb3326bd399643826af274c
w04-lb100-r4_75,lab_3d_w04_lb_ratio,4,100,4.75,14.25,3.0,0d36a5e5a5317c634b63543661ce6d871ce52e6114593a0d0c6cf527da5192d0,913,913,0.1982475355969331872946330778,1.104635230193516398989537080,127.7500000000000027086569843,127.7500000000000027086569843,0.5894275585365955238517942639,-0.2227677105916084103393090022,507,0.1992110453648915187376725838,73.75000000000000377816036950,73.75000000000000377816036950,406,0.1970443349753694581280788177,53.99999999999999893049661483,53.99999999999999893049661483,run_4bdb9c0b075642eb8a1714368ef12f56,ema_pullback:1e2e7dcc0dd606cf81bbf6ff
w04-lb100-r5_0,lab_3d_w04_lb_ratio,4,100,5.0,15.0,3.0,0d36a5e5a5317c634b63543661ce6d871ce52e6114593a0d0c6cf527da5192d0,907,907,0.1907386990077177508269018743,1.075280801633243036966188073,130.9999999999999994065475055,130.9999999999999994065475055,0.3628553435625547765648368367,-0.2732958251918046260575524982,503,0.1928429423459244532803180915,79.00000000000000702281530776,79.00000000000000702281530776,404,0.1881188118811881188118811881,51.99999999999999238373219779,51.99999999999999238373219779,run_679ccf284f9748a5ab015d48576a790e,ema_pullback:45ea48ab561a6c24a5738b19
w04-lb105-r2_0,lab_3d_w04_lb_ratio,4,105,2.0,6.0,3.0,0d36a5e5a5317c634b63543661ce6d871ce52e6114593a0d0c6cf527da5192d0,921,921,0.3539630836047774158523344191,1.045833094266657619660603764,56.99999999999999797963428499,56.99999999999999797963428499,0.2002914661335817845636524344,-0.1908336453472559353501546297,509,0.3772102161100196463654223969,67.00000000000000008892103325,67.00000000000000008892103325,412,0.3252427184466019417475728155,-10.00000000000000210928674824,-10.00000000000000210928674824,run_7ecc8e29486343bf9fbc50b65e7df3be,ema_pullback:f457e577b087ba1c13eb7efe
w04-lb105-r2_25,lab_3d_w04_lb_ratio,4,105,2.25,6.75,3.0,0d36a5e5a5317c634b63543661ce6d871ce52e6114593a0d0c6cf527da5192d0,920,920,0.3217391304347826086956521739,1.003397230587400938310071505,42.00000000000000250922046597,42.00000000000000250922046597,0.0133919257732409856310644537,-0.1965487665277909616078142177,508,0.3346456692913385826771653543,44.50000000000000308962773013,44.50000000000000308962773013,412,0.3058252427184466019417475728,-2.500000000000000580407264195,-2.500000000000000580407264195,run_9a7f49bf9c824958af89c6947a8eca2d,ema_pullback:244b179a89ab601f5bcba8dc
w04-lb105-r2_5,lab_3d_w04_lb_ratio,4,105,2.5,7.5,3.0,0d36a5e5a5317c634b63543661ce6d871ce52e6114593a0d0c6cf527da5192d0,919,919,0.3057671381936887921653971708,1.049127439870058101365764496,64.50000000000000404735859140,64.50000000000000404735859140,0.2160432745251823032315691229,-0.1950628582686955943022844647,508,0.3129921259842519685039370079,48.50000000000000552420691962,48.50000000000000552420691962,411,0.2968369829683698296836982968,15.99999999999999852315167176,15.99999999999999852315167176,run_f60e8fc6c17e4001917fe049a2e6b8a2,ema_pullback:13d7ca2357f290633fefa207
w04-lb105-r2_75,lab_3d_w04_lb_ratio,4,105,2.75,8.25,3.0,0d36a5e5a5317c634b63543661ce6d871ce52e6114593a0d0c6cf527da5192d0,915,915,0.2950819672131147540983606557,1.088218988487485131349061626,97.50000000000000477439836282,97.50000000000000477439836282,0.4218485696255646965812122885,-0.2080303347215223495698411013,506,0.3003952569169960474308300395,64.00000000000000595718605953,64.00000000000000595718605953,409,0.2885085574572127139364303178,33.49999999999999881721230342,33.49999999999999881721230342,run_88836a05560246fa93c5d09be5156165,ema_pullback:ca9d968fd3ad9b882cac5085
w04-lb105-r3_0,lab_3d_w04_lb_ratio,4,105,3.0,9.0,3.0,0d36a5e5a5317c634b63543661ce6d871ce52e6114593a0d0c6cf527da5192d0,914,914,0.2757111597374179431072210066,1.079271429800016579573331320,94.00000000000000329375936227,94.00000000000000329375936227,0.3796545637296442712546059686,-0.1924044805351035771052536732,506,0.2845849802371541501976284585,70.00000000000000368564715610,70.00000000000000368564715610,408,0.2647058823529411764705882353,23.99999999999999960811220613,23.99999999999999960811220613,run_6f5777233d014b16a06dc9fcdb180266,ema_pullback:23ef7457d3616465c8d27cbb
w04-lb105-r3_25,lab_3d_w04_lb_ratio,4,105,3.25,9.75,3.0,0d36a5e5a5317c634b63543661ce6d871ce52e6114593a0d0c6cf527da5192d0,912,912,0.2664473684210526315789473684,1.119482732122771630698196413,120.7500000000000026912227075,120.7500000000000026912227075,0.6371283937553696915796753813,-0.1810242212723812997771654502,506,0.2727272727272727272727272727,80.50000000000000423030281575,80.50000000000000423030281575,406,0.2586206896551724137931034483,40.24999999999999846091989165,40.24999999999999846091989165,run_9cc5555b32584070ba08936f3942b9b5,ema_pullback:41c65e714f8b4005bef4fd93
w04-lb105-r3_5,lab_3d_w04_lb_ratio,4,105,3.5,10.5,3.0,0d36a5e5a5317c634b63543661ce6d871ce52e6114593a0d0c6cf527da5192d0,909,909,0.2497249724972497249724972497,1.122812318450160312444152218,112.5000000000000067258205684,112.5000000000000067258205684,0.6878757218189534263591658548,-0.1695000157036476058953856311,506,0.2549407114624505928853754941,74.50000000000000559907278667,74.50000000000000559907278667,403,0.2431761786600496277915632754,38.00000000000000112674778167,38.00000000000000112674778167,run_1c9398b237ed45b8a11f51cdd2b05b15,ema_pullback:ec8061b35f0c9ba56d1f3473
w04-lb105-r3_75,lab_3d_w04_lb_ratio,4,105,3.75,11.25,3.0,0d36a5e5a5317c634b63543661ce6d871ce52e6114593a0d0c6cf527da5192d0,903,903,0.2403100775193798449612403101,1.137344741920767220625881455,127.7499999999999988228086537,127.7499999999999988228086537,0.7803917558773268031053298422,-0.1636155453199902746723965747,501,0.2415169660678642714570858283,73.74999999999999947976846567,73.74999999999999947976846567,402,0.2388059701492537313432835821,53.99999999999999934304018789,53.99999999999999934304018789,run_913828b8eb074809875e9d80d21ad6ec,ema_pullback:d0c3a2c0f5df80b87a071d4e
w04-lb105-r4_0,lab_3d_w04_lb_ratio,4,105,4.0,12.0,3.0,0d36a5e5a5317c634b63543661ce6d871ce52e6114593a0d0c6cf527da5192d0,899,899,0.2235817575083426028921023359,1.079210309404883539253938622,105.9999999999999994550944456,105.9999999999999994550944456,0.3757262827363756935025748759,-0.2019885069571143536146222127,498,0.2208835341365461847389558233,52.00000000000000043750514476,52.00000000000000043750514476,401,0.2269326683291770573566084788,53.99999999999999901758930074,53.99999999999999901758930074,run_7216dbb7a9624e14b3701a3e473992bb,ema_pullback:c52d8f588cbff141f82165d5
w04-lb105-r4_25,lab_3d_w04_lb_ratio,4,105,4.25,12.75,3.0,0d36a5e5a5317c634b63543661ce6d871ce52e6114593a0d0c6cf527da5192d0,898,898,0.2193763919821826280623608018,1.121604205551433579574655468,136.2500000000000068635352977,136.2500000000000068635352977,0.6580779818561093197858093126,-0.1938106180755304289682901490,497,0.2152917505030181086519114688,64.75000000000000613246607347,64.75000000000000613246607347,401,0.2244389027431421446384039900,71.50000000000000073106922431,71.50000000000000073106922431,run_7c8c9834ffaa42cc839009689dbac20f,ema_pullback:50f7ef69d11c5a0a18907b93
w04-lb105-r4_5,lab_3d_w04_lb_ratio,4,105,4.5,13.5,3.0,0d36a5e5a5317c634b63543661ce6d871ce52e6114593a0d0c6cf527da5192d0,891,891,0.2109988776655443322109988777,1.118539262940526820269821995,143.0000000000000025755413486,143.0000000000000025755413486,0.6367741324094706914472189466,-0.2111560778330296338234595727,494,0.2064777327935222672064777328,67.00000000000000486162332217,67.00000000000000486162332217,397,0.2166246851385390428211586902,75.99999999999999771391802676,75.99999999999999771391802676,run_ae138ef942f04f0c921b66768cc81a32,ema_pullback:0c3a9b445052dcbf1e691291
w04-lb105-r4_75,lab_3d_w04_lb_ratio,4,105,4.75,14.25,3.0,0d36a5e5a5317c634b63543661ce6d871ce52e6114593a0d0c6cf527da5192d0,889,889,0.2002249718785151856017997750,1.121649770244831637903522468,134.5000000000000031333291767,134.5000000000000031333291767,0.67473003093981788763821283,-0.2114252470995188688297094008,494,0.2004048582995951417004048583,75.25000000000000392644470307,75.25000000000000392644470307,395,0.2,59.24999999999999920688447378,59.24999999999999920688447378,run_8b91a36a38cc4d91a449dbfa5aee3289,ema_pullback:2409ca9ed77dd3d864beab76
w04-lb105-r5_0,lab_3d_w04_lb_ratio,4,105,5.0,15.0,3.0,0d36a5e5a5317c634b63543661ce6d871ce52e6114593a0d0c6cf527da5192d0,884,884,0.1923076923076923076923076923,1.087657912121930203994811661,136.0000000000000001540501227,136.0000000000000001540501227,0.4111648234157525488212510079,-0.2660690687022377416351522147,491,0.1934826883910386965376782077,79.00000000000000734510583401,79.00000000000000734510583401,393,0.1908396946564885496183206107,56.99999999999999280894428854,56.99999999999999280894428854,run_de9c63b9028b444ab6d022d3f36e5cc7,ema_pullback:1be7a2ac0f42a171f85e9aee
w04-lb110-r2_0,lab_3d_w04_lb_ratio,4,110,2.0,6.0,3.0,0d36a5e5a5317c634b63543661ce6d871ce52e6114593a0d0c6cf527da5192d0,887,887,0.3540022547914317925591882751,1.040225834233133400767821178,54.99999999999999805945338069,54.99999999999999805945338069,0.1651471102481569702186858809,-0.1875866185201425485495715109,492,0.3821138211382113821138211382,71.99999999999999993958687861,71.99999999999999993958687861,395,0.3189873417721518987341772152,-17.00000000000000188013349792,-17.00000000000000188013349792,run_75ee06d19f0048a0b79b55df9b17835a,ema_pullback:e5bc05652afc659e59f368bd
w04-lb110-r2_25,lab_3d_w04_lb_ratio,4,110,2.25,6.75,3.0,0d36a5e5a5317c634b63543661ce6d871ce52e6114593a0d0c6cf527da5192d0,886,886,0.3216704288939051918735891648,0.9954398978331016210662362923,40.25000000000000151406893321,40.25000000000000151406893321,-0.01691722478202721444731911376,-0.2060249083367954627016592817,491,0.3401221995926680244399185336,51.75000000000000256335255481,51.75000000000000256335255481,395,0.2987341772151898734177215190,-11.50000000000000104928362165,-11.50000000000000104928362165,run_cf7c102646a6436aa42e497f44d5c133,ema_pullback:d51d1e8669582e7c71fc9fb3
w04-lb110-r2_5,lab_3d_w04_lb_ratio,4,110,2.5,7.5,3.0,0d36a5e5a5317c634b63543661ce6d871ce52e6114593a0d0c6cf527da5192d0,885,885,0.3050847457627118644067796610,1.038058504456320354340897183,60.00000000000000362627362880,60.00000000000000362627362880,0.155625609256052442631481133,-0.2071433834382260704524593924,491,0.3177189409368635437881873727,55.00000000000000559146064281,55.00000000000000559146064281,394,0.2893401015228426395939086294,4.999999999999998034812985967,4.999999999999998034812985967,run_136e202eec114a5eb6895ec50387fa07,ema_pullback:a37a5f69820fbd58b300b036
w04-lb110-r2_75,lab_3d_w04_lb_ratio,4,110,2.75,8.25,3.0,0d36a5e5a5317c634b63543661ce6d871ce52e6114593a0d0c6cf527da5192d0,881,881,0.2939841089670828603859250851,1.073732655400996876750719716,90.25000000000000469189675169,90.25000000000000469189675169,0.3237599956384311861198924126,-0.2112261046371435373059062487,489,0.3047034764826175869120654397,69.75000000000000527836053351,69.75000000000000527836053351,392,0.2806122448979591836734693878,20.49999999999999941353621815,20.49999999999999941353621815,run_8e0bcc94f6484381ac2323a6cc0f5e15,ema_pullback:5b3c1daab1ac23f81ca86134
w04-lb110-r3_0,lab_3d_w04_lb_ratio,4,110,3.0,9.0,3.0,0d36a5e5a5317c634b63543661ce6d871ce52e6114593a0d0c6cf527da5192d0,880,880,0.275,1.069054906693668398689454475,88.00000000000000286549789648,88.00000000000000286549789648,0.3081637108494377700696615908,-0.1924044805351035771052536714,489,0.2883435582822085889570552147,75.00000000000000355113970974,75.00000000000000355113970974,391,0.2583120204603580562659846547,12.99999999999999931435818667,12.99999999999999931435818667,run_b2de5d14264f4a899b19e62084e358eb,ema_pullback:ba4df5860211adad73a875bb
w04-lb110-r3_25,lab_3d_w04_lb_ratio,4,110,3.25,9.75,3.0,0d36a5e5a5317c634b63543661ce6d871ce52e6114593a0d0c6cf527da5192d0,879,879,0.2650739476678043230944254835,1.104974620511154729451891141,111.2500000000000022550394568,111.2500000000000022550394568,0.514251355958796189735567697,-0.1810242212723812997771654521,489,0.2760736196319018404907975460,84.75000000000000388774590556,84.75000000000000388774590556,390,0.2512820512820512820512820513,26.49999999999999836729355114,26.49999999999999836729355114,run_c9143fa086214c2f8064d6f73d4e1db4,ema_pullback:052582d9322224a2215d842c
w04-lb110-r3_5,lab_3d_w04_lb_ratio,4,110,3.5,10.5,3.0,0d36a5e5a5317c634b63543661ce6d871ce52e6114593a0d0c6cf527da5192d0,876,876,0.2488584474885844748858447489,1.110198894841884293076822954,105.0000000000000057532799244,105.0000000000000057532799244,0.5629882086834001887608365429,-0.1695000157036476058953856302,489,0.2576687116564417177914110429,78.00000000000000528102988241,78.00000000000000528102988241,387,0.2377260981912144702842377261,27.00000000000000047225004219,27.00000000000000047225004219,run_91d76f6c24f34cc38c03c8a18af59cf3,ema_pullback:c684b0423a7b9f9319cde5e3
w04-lb110-r3_75,lab_3d_w04_lb_ratio,4,110,3.75,11.25,3.0,0d36a5e5a5317c634b63543661ce6d871ce52e6114593a0d0c6cf527da5192d0,872,872,0.2408256880733944954128440367,1.146701968776231424131803594,125.4999999999999986151034509,125.4999999999999986151034509,0.8143311551456553776977347011,-0.1569449869269832869607436353,485,0.2432989690721649484536082474,75.49999999999999945525445982,75.49999999999999945525445982,387,0.2377260981912144702842377261,49.99999999999999915984899095,49.99999999999999915984899095,run_3295101328fe422995f8cb24f36e42a9,ema_pullback:3f3120da149657bcf103f7d0
w04-lb110-r4_0,lab_3d_w04_lb_ratio,4,110,4.0,12.0,3.0,0d36a5e5a5317c634b63543661ce6d871ce52e6114593a0d0c6cf527da5192d0,868,868,0.2246543778801843317972350230,1.088810081974920539343502982,106.9999999999999994596886502,106.9999999999999994596886502,0.4102354242096443044384645242,-0.2019885069571143536146222147,482,0.2219917012448132780082987552,53.00000000000000043750514474,53.00000000000000043750514474,386,0.2279792746113989637305699482,53.99999999999999902218350542,53.99999999999999902218350542,run_14fe3ed59b654fc2bd8edaf8d25817bc,ema_pullback:793d465a0717af476ab587fd
w04-lb110-r4_25,lab_3d_w04_lb_ratio,4,110,4.25,12.75,3.0,0d36a5e5a5317c634b63543661ce6d871ce52e6114593a0d0c6cf527da5192d0,867,867,0.2202998846597462514417531719,1.130631982504831439396578368,135.7500000000000060911114447,135.7500000000000060911114447,0.6856013103671062074296277104,-0.1938106180755304289682901520,481,0.2162162162162162162162162162,65.00000000000000540461253570,65.00000000000000540461253570,386,0.2253886010362694300518134715,70.75000000000000068649890918,70.75000000000000068649890918,run_f83b70d70ac546528418ac4b8189e359,ema_pullback:1ee42dbffbad17e56da65885
w04-lb110-r4_5,lab_3d_w04_lb_ratio,4,110,4.5,13.5,3.0,0d36a5e5a5317c634b63543661ce6d871ce52e6114593a0d0c6cf527da5192d0,861,861,0.2113821138211382113821138211,1.122915164594135101869869413,140.0000000000000004886769041,140.0000000000000004886769041,0.6340651899537707465072964781,-0.2111560778330296338234595714,478,0.2071129707112970711297071130,66.50000000000000312025400499,66.50000000000000312025400499,383,0.2167101827676240208877284595,73.49999999999999736842289950,73.49999999999999736842289950,run_1262e40b214b4d86803ca7baa43a6ca1,ema_pullback:f23a5e5885015a975449b7eb
w04-lb110-r4_75,lab_3d_w04_lb_ratio,4,110,4.75,14.25,3.0,0d36a5e5a5317c634b63543661ce6d871ce52e6114593a0d0c6cf527da5192d0,859,859,0.2002328288707799767171129220,1.124205097908389248177657205,130.0000000000000019287260666,130.0000000000000019287260666,0.6581638921306558166096146426,-0.2114252470995188688297094029,478,0.2008368200836820083682008368,74.00000000000000226584488854,74.00000000000000226584488854,381,0.1994750656167979002624671916,55.99999999999999966288117821,55.99999999999999966288117821,run_985971d52ad44997b597df8f81b40af4,ema_pullback:f2e6f65203809651f2ae761b
w04-lb110-r5_0,lab_3d_w04_lb_ratio,4,110,5.0,15.0,3.0,0d36a5e5a5317c634b63543661ce6d871ce52e6114593a0d0c6cf527da5192d0,854,854,0.1920374707259953161592505855,1.086364265227579330597656752,130.0000000000000001921899631,130.0000000000000001921899631,0.3856968323791399108810875188,-0.2660690687022377416351522182,475,0.1936842105263157894736842105,77.00000000000000801764306572,77.00000000000000801764306572,379,0.1899736147757255936675461741,52.99999999999999217454689749,52.99999999999999217454689749,run_a4ab514a413c48f1af2813e49cc99a57,ema_pullback:905d2a374b4b19d78f39f2c6
w04-lb115-r2_0,lab_3d_w04_lb_ratio,4,115,2.0,6.0,3.0,0d36a5e5a5317c634b63543661ce6d871ce52e6114593a0d0c6cf527da5192d0,859,859,0.3562281722933643771827706636,1.057723390579008483524601628,58.99999999999999804147059564,58.99999999999999804147059564,0.2414521442092690904499351708,-0.1803728882261060339907440834,475,0.3831578947368421052631578947,71.00000000000000005677453852,71.00000000000000005677453852,384,0.3229166666666666666666666667,-12.00000000000000201530394286,-12.00000000000000201530394286,run_c113c124aed44b48a958f0b7089fd0a0,ema_pullback:a984791ad94a04bb4f50c07d
w04-lb115-r2_25,lab_3d_w04_lb_ratio,4,115,2.25,6.75,3.0,0d36a5e5a5317c634b63543661ce6d871ce52e6114593a0d0c6cf527da5192d0,858,858,0.3228438228438228438228438228,1.010289817834494170956887047,42.25000000000000143243021341,42.25000000000000143243021341,0.03879027781187689782352452664,-0.2234006049906010759467244650,474,0.3396624472573839662447257384,49.25000000000000253905070244,49.25000000000000253905070244,384,0.3020833333333333333333333333,-7.000000000000001106620489015,-7.000000000000001106620489015,run_e26c4f6153f143e6bbb3be75e392b1fb,ema_pullback:42deaf536867c0924049a50d
w04-lb115-r2_5,lab_3d_w04_lb_ratio,4,115,2.5,7.5,3.0,0d36a5e5a5317c634b63543661ce6d871ce52e6114593a0d0c6cf527da5192d0,858,858,0.3053613053613053613053613054,1.048130386202301075594923213,59.00000000000000380947454610,59.00000000000000380947454610,0.2000699076381063857281653182,-0.2142633626017493438339873524,474,0.3164556962025316455696202532,51.00000000000000585794295329,51.00000000000000585794295329,384,0.2916666666666666666666666667,7.999999999999997951531592771,7.999999999999997951531592771,run_99388efef5e744ca818eb12bce770427,ema_pullback:816cd3e4aa33eb311da96777
w04-lb115-r2_75,lab_3d_w04_lb_ratio,4,115,2.75,8.25,3.0,0d36a5e5a5317c634b63543661ce6d871ce52e6114593a0d0c6cf527da5192d0,854,854,0.2939110070257611241217798595,1.081542868566314621384612214,87.25000000000000478459461164,87.25000000000000478459461164,0.3633129553248532531593719268,-0.2198439763715073818927055147,472,0.3029661016949152542372881356,64.25000000000000567823944041,64.25000000000000567823944041,382,0.2827225130890052356020942408,22.99999999999999910635517114,22.99999999999999910635517114,run_0e81912f10ef4b1ba9e0934dd611d602,ema_pullback:65d38cebc8f266cf45a3641b
w04-lb115-r3_0,lab_3d_w04_lb_ratio,4,115,3.0,9.0,3.0,0d36a5e5a5317c634b63543661ce6d871ce52e6114593a0d0c6cf527da5192d0,853,853,0.2743259085580304806565064478,1.074382961513506210062082306,83.00000000000000317706994940,83.00000000000000317706994940,0.336132378077723067334629949,-0.1975299671405940647299450991,472,0.2860169491525423728813559322,68.00000000000000356097853135,68.00000000000000356097853135,381,0.2598425196850393700787401575,14.99999999999999961609141805,14.99999999999999961609141805,run_2fe8d770f6a0442c8603cc7f50d45182,ema_pullback:7ace10cf55098babd7f304cc
w04-lb115-r3_25,lab_3d_w04_lb_ratio,4,115,3.25,9.75,3.0,0d36a5e5a5317c634b63543661ce6d871ce52e6114593a0d0c6cf527da5192d0,852,852,0.2640845070422535211267605634,1.107871100355799738350768934,104.2500000000000031511744060,104.2500000000000031511744060,0.5338772064823462651762785885,-0.1871630801842984412236092895,472,0.2733050847457627118644067797,76.25000000000000453948449076,76.25000000000000453948449076,380,0.2526315789473684210526315789,27.99999999999999861168991511,27.99999999999999861168991511,run_3c919af81e7b4268818a20447177c4ec,ema_pullback:542dc92c7d84982f49925a78
w04-lb115-r3_5,lab_3d_w04_lb_ratio,4,115,3.5,10.5,3.0,0d36a5e5a5317c634b63543661ce6d871ce52e6114593a0d0c6cf527da5192d0,849,849,0.2473498233215547703180212014,1.110781331895722729586207476,96.00000000000000635785474251,96.00000000000000635785474251,0.5702098452424714516771159756,-0.1766774421640523856392591821,472,0.2542372881355932203389830508,68.00000000000000569854520364,68.00000000000000569854520364,377,0.2387267904509283819628647215,28.00000000000000065930953881,28.00000000000000065930953881,run_120d79d2967c41e684efdef9889faa73,ema_pullback:1d978d569b540589e192e447
w04-lb115-r3_75,lab_3d_w04_lb_ratio,4,115,3.75,11.25,3.0,0d36a5e5a5317c634b63543661ce6d871ce52e6114593a0d0c6cf527da5192d0,847,847,0.2384887839433293978748524203,1.140802196770417214106861363,112.4999999999999998469484853,112.4999999999999998469484853,0.7811662106004817654627149016,-0.1660718630677384480931434586,470,0.2382978723404255319148936170,62.00000000000000055737686498,62.00000000000000055737686498,377,0.2387267904509283819628647215,50.49999999999999928957162025,50.49999999999999928957162025,run_d07d203659dd46d3b44a51d383b72652,ema_pullback:ef6ddafdc64cfb1b5de6a7e9
w04-lb115-r4_0,lab_3d_w04_lb_ratio,4,115,4.0,12.0,3.0,0d36a5e5a5317c634b63543661ce6d871ce52e6114593a0d0c6cf527da5192d0,844,844,0.2239336492890995260663507109,1.093384377764514255869614049,100.9999999999999992802375058,100.9999999999999992802375058,0.4314138581674220532933479735,-0.2167040438087049501216537721,468,0.2200854700854700854700854701,47.00000000000000052839489018,47.00000000000000052839489018,376,0.2287234042553191489361702128,53.99999999999999875184261558,53.99999999999999875184261558,run_93a14f1fc68a4f28870f2c24e1d523b7,ema_pullback:7f73dde2ddfd8d9bc417a68e
w04-lb115-r4_25,lab_3d_w04_lb_ratio,4,115,4.25,12.75,3.0,0d36a5e5a5317c634b63543661ce6d871ce52e6114593a0d0c6cf527da5192d0,843,843,0.2194543297746144721233689205,1.133856379112833914312127765,128.2500000000000059640169400,128.2500000000000059640169400,0.7008162430063410462993713481,-0.2095879199059182105032655570,467,0.2141327623126338329764453961,58.00000000000000560519578812,58.00000000000000560519578812,376,0.2260638297872340425531914894,70.25000000000000035882115197,70.25000000000000035882115197,run_99b40a15c20e47b09a77ecc5a7ef660b,ema_pullback:24d6b9e15474cf777886675d
w04-lb115-r4_5,lab_3d_w04_lb_ratio,4,115,4.5,13.5,3.0,0d36a5e5a5317c634b63543661ce6d871ce52e6114593a0d0c6cf527da5192d0,837,837,0.2102747909199522102747909200,1.124502583685664697171003717,131.0000000000000009358891309,131.0000000000000009358891309,0.6390935422851235014061999465,-0.2274832382560067890355684624,464,0.2047413793103448275862068966,58.50000000000000361455474382,58.50000000000000361455474382,373,0.2171581769436997319034852547,72.49999999999999732133438724,72.49999999999999732133438724,run_2fcf77c222b14ed19b1c61dff20df434,ema_pullback:fff882a53b34bca6f6cbe76f
w04-lb115-r4_75,lab_3d_w04_lb_ratio,4,115,4.75,14.25,3.0,0d36a5e5a5317c634b63543661ce6d871ce52e6114593a0d0c6cf527da5192d0,835,835,0.1988023952095808383233532934,1.124229252171975858804329554,119.5000000000000033911435196,119.5000000000000033911435196,0.6534707757785857262606610512,-0.2286338038025590287408366697,464,0.1982758620689655172413793103,65.00000000000000383748826061,65.00000000000000383748826061,371,0.1994609164420485175202156334,54.49999999999999955365525917,54.49999999999999955365525917,run_887cbd0203cf4d7d9cedea8e4c4c406e,ema_pullback:aa280b91b479df96769849b1
w04-lb115-r5_0,lab_3d_w04_lb_ratio,4,115,5.0,15.0,3.0,0d36a5e5a5317c634b63543661ce6d871ce52e6114593a0d0c6cf527da5192d0,831,831,0.1913357400722021660649819495,1.091095424343880107090713738,123.0000000000000010420660707,123.0000000000000010420660707,0.4061489604458713120582221851,-0.2659411870367567266646010924,462,0.1926406926406926406926406926,72.00000000000000903408195962,72.00000000000000903408195962,369,0.1897018970189701897018970190,50.99999999999999200798411107,50.99999999999999200798411107,run_479990248a8c4f3790c0980c3115c0a8,ema_pullback:0f55ef17ddd0ff0f60018df0
w04-lb120-r2_0,lab_3d_w04_lb_ratio,4,120,2.0,6.0,3.0,0d36a5e5a5317c634b63543661ce6d871ce52e6114593a0d0c6cf527da5192d0,831,831,0.3598074608904933814681107100,1.082853935410175114862775250,65.99999999999999802920985271,65.99999999999999802920985271,0.341702286144944329996579075,-0.1423660286516117637476769533,459,0.3899782135076252723311546841,78.00000000000000005677453851,78.00000000000000005677453851,372,0.3225806451612903225806451613,-12.00000000000000202756468581,-12.00000000000000202756468581,run_b7a85249a9e44740894cbc532f78bdc6,ema_pullback:5d7ffd6b9edaf8368afcbd40
w04-lb120-r2_25,lab_3d_w04_lb_ratio,4,120,2.25,6.75,3.0,0d36a5e5a5317c634b63543661ce6d871ce52e6114593a0d0c6cf527da5192d0,830,830,0.3253012048192771084337349398,1.030062446499986742826574026,47.50000000000000148133631299,47.50000000000000148133631299,0.1115700687094381831761485938,-0.1748716860092243651216620319,458,0.3449781659388646288209606987,55.50000000000000229281710021,55.50000000000000229281710021,372,0.3010752688172043010752688172,-8.000000000000000811480787209,-8.000000000000000811480787209,run_7b811c04c90a497ab77ab39e2456be79,ema_pullback:1a13ab5e3e49ffe53a654d1f
w04-lb120-r2_5,lab_3d_w04_lb_ratio,4,120,2.5,7.5,3.0,0d36a5e5a5317c634b63543661ce6d871ce52e6114593a0d0c6cf527da5192d0,830,830,0.3072289156626506024096385542,1.066548962429577882905376014,62.50000000000000336256526906,62.50000000000000336256526906,0.2714729002226433136484613929,-0.1652886382776220511012312506,458,0.3209606986899563318777292576,56.50000000000000551807868805,56.50000000000000551807868805,372,0.2903225806451612903225806452,5.999999999999997844486580917,5.999999999999997844486580917,run_cd96453ac0ac4aa99a06f9cb6778c3b9,ema_pullback:95671e4a0cd1d758cd039abb
w04-lb120-r2_75,lab_3d_w04_lb_ratio,4,120,2.75,8.25,3.0,0d36a5e5a5317c634b63543661ce6d871ce52e6114593a0d0c6cf527da5192d0,826,826,0.2953995157384987893462469734,1.098690300797968143874549628,89.00000000000000496381139936,89.00000000000000496381139936,0.4301990234737432400074968049,-0.1866753956301362985964905408,456,0.3070175438596491228070175439,69.00000000000000488700247991,69.00000000000000488700247991,370,0.2810810810810810810810810811,20.00000000000000007680891946,20.00000000000000007680891946,run_a626a2949b984eca87d06dde337c4e29,ema_pullback:3256a11d50002ba4305a88f2
w04-lb120-r3_0,lab_3d_w04_lb_ratio,4,120,3.0,9.0,3.0,0d36a5e5a5317c634b63543661ce6d871ce52e6114593a0d0c6cf527da5192d0,825,825,0.2763636363636363636363636364,1.094112529929373511818407218,87.00000000000000290136216852,87.00000000000000290136216852,0.4155776749495252248925448333,-0.1911667743397124875085478359,456,0.2894736842105263157894736842,72.00000000000000291861270721,72.00000000000000291861270721,369,0.2601626016260162601626016260,14.99999999999999998274946133,14.99999999999999998274946133,run_3ea5f61104804ca69a77841dd712e337,ema_pullback:ba8de125d2dad7a2885acd11
w04-lb120-r3_25,lab_3d_w04_lb_ratio,4,120,3.25,9.75,3.0,0d36a5e5a5317c634b63543661ce6d871ce52e6114593a0d0c6cf527da5192d0,824,824,0.2657766990291262135922330097,1.126755178155300998842119645,106.7500000000000030533945929,106.7500000000000030533945929,0.6111013219989057074621265966,-0.1807176830670602794111717113,456,0.2763157894736842105263157895,79.50000000000000377564386963,79.50000000000000377564386963,368,0.2527173913043478260869565217,27.24999999999999927775072318,27.24999999999999927775072318,run_ebdfd6c8aac4493f83a05ba25f005905,ema_pullback:4e046b0583720e776c4f5a23
w04-lb120-r3_5,lab_3d_w04_lb_ratio,4,120,3.5,10.5,3.0,0d36a5e5a5317c634b63543661ce6d871ce52e6114593a0d0c6cf527da5192d0,822,822,0.2493917274939172749391727494,1.131160767743790112896670956,100.5000000000000057949147187,100.5000000000000057949147187,0.6499203662358619830743817548,-0.1701488990929082171181839264,456,0.2587719298245614035087719298,75.00000000000000556857931765,75.00000000000000556857931765,366,0.2377049180327868852459016393,25.50000000000000022633540094,25.50000000000000022633540094,run_5987cdc5ed2a4e918df842ec18b8032d,ema_pullback:1cf8d6678d13b655a892663e
w04-lb120-r3_75,lab_3d_w04_lb_ratio,4,120,3.75,11.25,3.0,0d36a5e5a5317c634b63543661ce6d871ce52e6114593a0d0c6cf527da5192d0,820,820,0.2402439024390243902439024390,1.161437080198339008821494650,115.7499999999999993912593924,115.7499999999999993912593924,0.8592729067609662288262017407,-0.1594592229689278663468462959,454,0.2422907488986784140969162996,68.49999999999999997603828368,68.49999999999999997603828368,366,0.2377049180327868852459016393,47.24999999999999941522110870,47.24999999999999941522110870,run_262b364d96264925b2fdcf25b6f0d439,ema_pullback:6380d39e72cdfe6efb42e6f7
w04-lb120-r4_0,lab_3d_w04_lb_ratio,4,120,4.0,12.0,3.0,0d36a5e5a5317c634b63543661ce6d871ce52e6114593a0d0c6cf527da5192d0,817,817,0.2252141982864137086903304774,1.109589413392820007897328549,102.9999999999999986538562410,102.9999999999999986538562410,0.4843744492145518543158695584,-0.2104928920082621402716673410,452,0.2234513274336283185840707965,53.00000000000000042582534362,53.00000000000000042582534362,365,0.2273972602739726027397260274,49.99999999999999822803089723,49.99999999999999822803089723,run_8eaa9a7f194b443db7b4e48d6a593890,ema_pullback:7d2885d59911e04c7d7e7500
w04-lb120-r4_25,lab_3d_w04_lb_ratio,4,120,4.25,12.75,3.0,0d36a5e5a5317c634b63543661ce6d871ce52e6114593a0d0c6cf527da5192d0,816,816,0.2205882352941176470588235294,1.150778035100703953172985801,129.0000000000000056742164984,129.0000000000000056742164984,0.7521905187849614896981735194,-0.2033203407417929897904243267,451,0.2172949002217294900221729490,63.50000000000000556410127894,63.50000000000000556410127894,365,0.2246575342465753424657534247,65.50000000000000011011521969,65.50000000000000011011521969,run_675c08156b30414e8ec96bc38f6b2f87,ema_pullback:ac6d87d6efaf0ac870874e40
w04-lb120-r4_5,lab_3d_w04_lb_ratio,4,120,4.5,13.5,3.0,0d36a5e5a5317c634b63543661ce6d871ce52e6114593a0d0c6cf527da5192d0,811,811,0.2108508014796547472256473490,1.137616150401960011680471136,129.5000000000000005367098589,129.5000000000000005367098589,0.669310706180356969229878599,-0.2213575601676002650685419405,449,0.2071269487750556792873051225,62.50000000000000333073453812,62.50000000000000333073453812,362,0.2154696132596685082872928177,66.99999999999999720597532092,66.99999999999999720597532092,run_413f6fef520047a3b9a4e1a7cafbcbde,ema_pullback:93b2ae6b80fb5d11940e3c5a
w04-lb120-r4_75,lab_3d_w04_lb_ratio,4,120,4.75,14.25,3.0,0d36a5e5a5317c634b63543661ce6d871ce52e6114593a0d0c6cf527da5192d0,809,809,0.1990111248454882571075401731,1.135551538264064825119798590,116.7500000000000029032683108,116.7500000000000029032683108,0.6729685456222572166882794457,-0.2225172491332248357744440551,449,0.2004454342984409799554565702,68.50000000000000361514309225,68.50000000000000361514309225,360,0.1972222222222222222222222222,48.24999999999999928812521839,48.24999999999999928812521839,run_a7334cd10ed94ae9a1f68eb8abecd1dc,ema_pullback:5fda6f49bf9dd60fcb2a88de
w04-lb120-r5_0,lab_3d_w04_lb_ratio,4,120,5.0,15.0,3.0,0d36a5e5a5317c634b63543661ce6d871ce52e6114593a0d0c6cf527da5192d0,805,805,0.1913043478260869565217391304,1.098469845663235555982396852,119.0000000000000001612941906,119.0000000000000001612941906,0.41346940010794639643269151,-0.2601204615731184536540741693,447,0.1946308724832214765100671141,75.00000000000000856901109459,75.00000000000000856901109459,358,0.1871508379888268156424581006,43.99999999999999159228309600,43.99999999999999159228309600,run_4cb54d1a97c74081ad843f0b9fed131d,ema_pullback:b2342ec0e08255a86f6dde94
w04-lb125-r2_0,lab_3d_w04_lb_ratio,4,125,2.0,6.0,3.0,0d36a5e5a5317c634b63543661ce6d871ce52e6114593a0d0c6cf527da5192d0,798,798,0.3596491228070175438596491228,1.092518043116885683665901030,62.99999999999999793160019812,62.99999999999999793160019812,0.3685907941593856272391441252,-0.1182158190966982042426910782,444,0.3873873873873873873873873874,72.00000000000000007282674914,72.00000000000000007282674914,354,0.3248587570621468926553672316,-9.000000000000002141226551040,-9.000000000000002141226551040,run_8ea84b1943ea446eb59eed4e8d92fd13,ema_pullback:1eb7b593eee2a9a837e38439
w04-lb125-r2_25,lab_3d_w04_lb_ratio,4,125,2.25,6.75,3.0,0d36a5e5a5317c634b63543661ce6d871ce52e6114593a0d0c6cf527da5192d0,797,797,0.3262233375156838143036386449,1.047335582868961606665081321,48.00000000000000171853418483,48.00000000000000171853418483,0.1739740182629504387951349887,-0.1715845086330081876322747748,443,0.3453724604966139954853273138,54.25000000000000185984106779,54.25000000000000185984106779,354,0.3022598870056497175141242938,-6.250000000000000141306882935,-6.250000000000000141306882935,run_1d6f9b4876eb4dfc8c04e9de6930f57d,ema_pullback:391cc1d41f18942d50fcfc32
w04-lb125-r2_5,lab_3d_w04_lb_ratio,4,125,2.5,7.5,3.0,0d36a5e5a5317c634b63543661ce6d871ce52e6114593a0d0c6cf527da5192d0,797,797,0.3074027603513174404015056462,1.082108182290989395130461580,60.50000000000000320462822406,60.50000000000000320462822406,0.3301407881582532723172091509,-0.1596022599786146831282094171,443,0.3205417607223476297968397291,54.00000000000000544686468571,54.00000000000000544686468571,354,0.2909604519774011299435028249,6.499999999999997757763538278,6.499999999999997757763538278,run_f9690899e40c4c4a8f59dd144f71511a,ema_pullback:96841b579ce864d59a71cc80
w04-lb125-r2_75,lab_3d_w04_lb_ratio,4,125,2.75,8.25,3.0,0d36a5e5a5317c634b63543661ce6d871ce52e6114593a0d0c6cf527da5192d0,794,794,0.2947103274559193954659949622,1.111383989794443208257913951,83.50000000000000625017601012,83.50000000000000625017601012,0.4752751417819569381794060792,-0.1817583329872238303221904758,441,0.3061224489795918367346938776,65.25000000000000505332443887,65.25000000000000505332443887,353,0.2804532577903682719546742210,18.25000000000000119685157128,18.25000000000000119685157128,run_fca883fe00ff42b69a49dbfb610ab6de,ema_pullback:b2a9a419c70bf2a5eee84f54
w04-lb125-r3_0,lab_3d_w04_lb_ratio,4,125,3.0,9.0,3.0,0d36a5e5a5317c634b63543661ce6d871ce52e6114593a0d0c6cf527da5192d0,793,793,0.2774274905422446406052963430,1.114284704032724087451472325,87.00000000000000246514764629,87.00000000000000246514764629,0.5051484824683633546556907328,-0.1911667743397124875085478360,441,0.2879818594104308390022675737,67.00000000000000247323981520,67.00000000000000247323981520,352,0.2642045454545454545454545455,19.99999999999999999190783109,19.99999999999999999190783109,run_192e328162814a96a925add6b45ab9bf,ema_pullback:0af35adcfe9637275dbd8d06
w04-lb125-r3_25,lab_3d_w04_lb_ratio,4,125,3.25,9.75,3.0,0d36a5e5a5317c634b63543661ce6d871ce52e6114593a0d0c6cf527da5192d0,792,792,0.2664141414141414141414141414,1.145671129408220931657457917,104.7500000000000034247088156,104.7500000000000034247088156,0.7010615890356423268333995104,-0.1807176830670602794111717096,441,0.2743764172335600907029478458,73.25000000000000356824946813,73.25000000000000356824946813,351,0.2564102564102564102564102564,31.49999999999999985645934745,31.49999999999999985645934745,run_71b54a8deb0745c6affbca098418d249,ema_pullback:3485ff21d3ae1718bb0a3b12
w04-lb125-r3_5,lab_3d_w04_lb_ratio,4,125,3.5,10.5,3.0,0d36a5e5a5317c634b63543661ce6d871ce52e6114593a0d0c6cf527da5192d0,791,791,0.2490518331226295828065739570,1.145911118962725892954479007,95.50000000000000601143321911,95.50000000000000601143321911,0.7172181480381257253487104941,-0.1701488990929082171181839304,441,0.2562358276643990929705215420,67.50000000000000534650407069,67.50000000000000534650407069,350,0.24,28.00000000000000066492914839,28.00000000000000066492914839,run_7342b188e4d045abb1118ce186265a85,ema_pullback:c4f6ac357e9d8fa6d4ccd0c2
w04-lb125-r3_75,lab_3d_w04_lb_ratio,4,125,3.75,11.25,3.0,0d36a5e5a5317c634b63543661ce6d871ce52e6114593a0d0c6cf527da5192d0,790,790,0.2405063291139240506329113924,1.175819760932179352887296874,112.4999999999999991899589344,112.4999999999999991899589344,0.9237651927341035587581286212,-0.1594592229689278663468462968,440,0.2409090909090909090909090909,63.49999999999999956743887422,63.49999999999999956743887422,350,0.24,48.99999999999999962252006004,48.99999999999999962252006004,run_24f1b7abfb51456883db18b78e15c810,ema_pullback:22d4f2ebae0f7428c2a609ed
w04-lb125-r4_0,lab_3d_w04_lb_ratio,4,125,4.0,12.0,3.0,0d36a5e5a5317c634b63543661ce6d871ce52e6114593a0d0c6cf527da5192d0,787,787,0.2249047013977128335451080051,1.121112538021359932492941259,97.9999999999999985161672095,97.9999999999999985161672095,0.525757964204491957622660116,-0.2104928920082621402716673395,438,0.2214611872146118721461187215,47.00000000000000015872874098,47.00000000000000015872874098,349,0.2292263610315186246418338109,50.99999999999999835743846849,50.99999999999999835743846849,run_b4b5844c392240899e1d9badf3ab51c7,ema_pullback:7acab6e073d7b09ab5265bcb
w04-lb125-r4_25,lab_3d_w04_lb_ratio,4,125,4.25,12.75,3.0,0d36a5e5a5317c634b63543661ce6d871ce52e6114593a0d0c6cf527da5192d0,786,786,0.2201017811704834605597964377,1.161573176550125788360995125,122.2500000000000048883497824,122.2500000000000048883497824,0.7892080017576876595619197794,-0.2033203407417929897904243272,437,0.2151029748283752860411899314,56.50000000000000464649288426,56.50000000000000464649288426,349,0.2263610315186246418338108883,65.75000000000000024185689816,65.75000000000000024185689816,run_38c918664bf54630984a9ea0875d6119,ema_pullback:91c2e538345cc9ceb0b01b8c
w04-lb125-r4_5,lab_3d_w04_lb_ratio,4,125,4.5,13.5,3.0,0d36a5e5a5317c634b63543661ce6d871ce52e6114593a0d0c6cf527da5192d0,781,781,0.2099871959026888604353393086,1.146175557100351737861408306,121.0000000000000009808915995,121.0000000000000009808915995,0.6933942362249363933163488141,-0.2213575601676002650685419423,435,0.2045977011494252873563218391,54.50000000000000240427384740,54.50000000000000240427384740,346,0.2167630057803468208092485549,66.49999999999999857661775221,66.49999999999999857661775221,run_e7c88f19afbf4ad59bd1441377e57c40,ema_pullback:8d508a8e36f13265d7067ffc
w04-lb125-r4_75,lab_3d_w04_lb_ratio,4,125,4.75,14.25,3.0,0d36a5e5a5317c634b63543661ce6d871ce52e6114593a0d0c6cf527da5192d0,779,779,0.1976893453145057766367137356,1.142282494044615376805776376,106.5000000000000037314967595,106.5000000000000037314967595,0.6859865858772461068270790165,-0.2225172491332248357744440550,435,0.1977011494252873563218390805,59.50000000000000380901655644,59.50000000000000380901655644,344,0.1976744186046511627906976744,46.99999999999999992248020312,46.99999999999999992248020312,run_b19d4764e38f4593b6faf0393c1646ce,ema_pullback:3d7c52669cf015b07a5a135e
w04-lb125-r5_0,lab_3d_w04_lb_ratio,4,125,5.0,15.0,3.0,0d36a5e5a5317c634b63543661ce6d871ce52e6114593a0d0c6cf527da5192d0,776,776,0.1894329896907216494845360825,1.100142788998387318303562304,105.9999999999999997837599001,105.9999999999999997837599001,0.4040537034803685007719426236,-0.2601204615731184536540741688,433,0.1916859122401847575057736721,65.00000000000000830476747627,65.00000000000000830476747627,343,0.1865889212827988338192419825,40.99999999999999147899242376,40.99999999999999147899242376,run_988b6b2b618f46eca0c4794f14e1e5aa,ema_pullback:9d88e7483d4b1c4b666eeff9
w04-lb130-r2_0,lab_3d_w04_lb_ratio,4,130,2.0,6.0,3.0,0d36a5e5a5317c634b63543661ce6d871ce52e6114593a0d0c6cf527da5192d0,774,774,0.3565891472868217054263565891,1.080010256688794901292876472,53.99999999999999785298501045,53.99999999999999785298501045,0.3019089201656856961813537254,-0.1249953687786201309900017734,432,0.3842592592592592592592592593,66.00000000000000007282674915,66.00000000000000007282674915,342,0.3216374269005847953216374269,-12.00000000000000221984173873,-12.00000000000000221984173873,run_f40fae1e1f234282b007202ade4697ce,ema_pullback:7817782ff5065091fcd1a1b3
w04-lb130-r2_25,lab_3d_w04_lb_ratio,4,130,2.25,6.75,3.0,0d36a5e5a5317c634b63543661ce6d871ce52e6114593a0d0c6cf527da5192d0,773,773,0.3221216041397153945666235446,1.029387725960202578295497738,36.25000000000000301704506281,36.25000000000000301704506281,0.1017182435863397464582289035,-0.1604160345829807636892225790,431,0.3410672853828306264501160093,46.75000000000000248470280263,46.75000000000000248470280263,342,0.2982456140350877192982456140,-10.49999999999999946765773983,-10.49999999999999946765773983,run_2d7e7d1752064dbab9473ef725573045,ema_pullback:8af7e68a6f8ae545bc3c3357
w04-lb130-r2_5,lab_3d_w04_lb_ratio,4,130,2.5,7.5,3.0,0d36a5e5a5317c634b63543661ce6d871ce52e6114593a0d0c6cf527da5192d0,773,773,0.3040103492884864165588615783,1.064597849061266528571156832,49.50000000000000294097558836,49.50000000000000294097558836,0.2434658374398039231379878088,-0.1603990725380641519784247760,431,0.3155452436194895591647331787,45.00000000000000494408018057,45.00000000000000494408018057,342,0.2894736842105263157894736842,4.499999999999997996895407766,4.499999999999997996895407766,run_9d0af6005f1147c0a958d400c8d98754,ema_pullback:06ecf2d17b9f1cd3a9e691ff
w04-lb130-r2_75,lab_3d_w04_lb_ratio,4,130,2.75,8.25,3.0,0d36a5e5a5317c634b63543661ce6d871ce52e6114593a0d0c6cf527da5192d0,771,771,0.2905317769130998702983138781,1.089618620338458367219044308,69.00000000000000683517006433,69.00000000000000683517006433,0.354607908567397287354184276,-0.1807710305168800706909201997,430,0.3,53.75000000000000481026195480,53.75000000000000481026195480,341,0.2785923753665689149560117302,15.25000000000000202490810951,15.25000000000000202490810951,run_0dec13b5463946a3a6ca9c975cbb3e5c,ema_pullback:c38ea483540f5f7aed457965
w04-lb130-r3_0,lab_3d_w04_lb_ratio,4,130,3.0,9.0,3.0,0d36a5e5a5317c634b63543661ce6d871ce52e6114593a0d0c6cf527da5192d0,771,771,0.2723735408560311284046692607,1.089160292920315392527523723,69.00000000000000247614225610,69.00000000000000247614225610,0.3627296338087633199062497986,-0.1911667743397124875085478358,430,0.2813953488372093023255813953,54.00000000000000245328421256,54.00000000000000245328421256,341,0.2609970674486803519061583578,15.00000000000000002285804348,15.00000000000000002285804348,run_328ded983ffb411e81e87b80755ace86,ema_pullback:3cf6e10b091c0ef24283eff8
w04-lb130-r3_25,lab_3d_w04_lb_ratio,4,130,3.25,9.75,3.0,0d36a5e5a5317c634b63543661ce6d871ce52e6114593a0d0c6cf527da5192d0,770,770,0.2610389610389610389610389610,1.118468034840638487554601798,84.25000000000000350404976054,84.25000000000000350404976054,0.5205219846453707586980456902,-0.1807176830670602794111717103,430,0.2674418604651162790697674419,58.75000000000000399014531517,58.75000000000000399014531517,340,0.2529411764705882352941176471,25.49999999999999951390444540,25.49999999999999951390444540,run_32fae392ae0e4b978b35b416b5b3563b,ema_pullback:215028c5f311a061821a7bd4
w04-lb130-r3_5,lab_3d_w04_lb_ratio,4,130,3.5,10.5,3.0,0d36a5e5a5317c634b63543661ce6d871ce52e6114593a0d0c6cf527da5192d0,769,769,0.2470741222366710013003901170,1.132072589631014921366939229,86.00000000000000645375691825,86.00000000000000645375691825,0.6071440946372387981026878064,-0.1701488990929082171181839291,430,0.2511627906976744186046511628,56.00000000000000574122380412,56.00000000000000574122380412,339,0.2418879056047197640117994100,30.00000000000000071253311412,30.00000000000000071253311412,run_fcc915746a9e40e9a8a573ed577e69b9,ema_pullback:7d017f9d7bdac38e155f589d
w04-lb130-r3_75,lab_3d_w04_lb_ratio,4,130,3.75,11.25,3.0,0d36a5e5a5317c634b63543661ce6d871ce52e6114593a0d0c6cf527da5192d0,768,768,0.23828125,1.160381242654176511700394791,101.2499999999999985688443261,101.2499999999999985688443261,0.7833518446672128141272896068,-0.1594592229689278663468462977,429,0.2354312354312354312354312354,50.74999999999999908676162832,50.74999999999999908676162832,339,0.2418879056047197640117994100,50.49999999999999948208269779,50.49999999999999948208269779,run_0bae9004aa4243178edb19fcd6be65b8,ema_pullback:81a1d0189c4b570e21ef7bf7
w04-lb130-r4_0,lab_3d_w04_lb_ratio,4,130,4.0,12.0,3.0,0d36a5e5a5317c634b63543661ce6d871ce52e6114593a0d0c6cf527da5192d0,765,765,0.2222222222222222222222222222,1.099693081848306010782448938,84.99999999999999823702999001,84.99999999999999823702999001,0.4009841658545660366429356476,-0.2104928920082621402716673378,427,0.2154566744730679156908665105,32.99999999999999997043670005,32.99999999999999997043670005,338,0.2307692307692307692307692308,51.99999999999999826659328997,51.99999999999999826659328997,run_419115abe6be4c94a48bfec0320a01c7,ema_pullback:d2b9683f8ab395b50e131bc6
w04-lb130-r4_25,lab_3d_w04_lb_ratio,4,130,4.25,12.75,3.0,0d36a5e5a5317c634b63543661ce6d871ce52e6114593a0d0c6cf527da5192d0,764,764,0.2172774869109947643979057592,1.139562467902613610153685754,107.5000000000000060034892274,107.5000000000000060034892274,0.6273387961164398769124961934,-0.2033203407417929897904243285,426,0.2089201877934272300469483568,41.25000000000000489443353902,41.25000000000000489443353902,338,0.2278106508875739644970414201,66.25000000000000110905568846,66.25000000000000110905568846,run_fcae596bbc214cb19eb2d623dd01a9d1,ema_pullback:83de1f50f9d03d4ffcc6a5f5
w04-lb130-r4_5,lab_3d_w04_lb_ratio,4,130,4.5,13.5,3.0,0d36a5e5a5317c634b63543661ce6d871ce52e6114593a0d0c6cf527da5192d0,759,759,0.2068511198945981554677206851,1.121057224934409054589277418,104.5000000000000031518072912,104.5000000000000031518072912,0.5256387789534831487862543183,-0.2213575601676002650685419400,424,0.1981132075471698113207547170,38.00000000000000298758029175,38.00000000000000298758029175,335,0.2179104477611940298507462687,66.50000000000000016422699958,66.50000000000000016422699958,run_ba4e9d5b7cc743ce84737e9c2cd97f9c,ema_pullback:a337525f12720656f2cb1ca8
w04-lb130-r4_75,lab_3d_w04_lb_ratio,4,130,4.75,14.25,3.0,0d36a5e5a5317c634b63543661ce6d871ce52e6114593a0d0c6cf527da5192d0,757,757,0.1941875825627476882430647292,1.115027830831488385495525784,88.25000000000000324201795138,88.25000000000000324201795138,0.5046349876164290182706544814,-0.2225172491332248357744440541,424,0.1910377358490566037735849057,41.75000000000000282842161397,41.75000000000000282842161397,333,0.1981981981981981981981981982,46.50000000000000041359633739,46.50000000000000041359633739,run_f27140ae17704608a3f96eb7f9f16f0d,ema_pullback:34956ff532d002bbfc8624c8
w04-lb130-r5_0,lab_3d_w04_lb_ratio,4,130,5.0,15.0,3.0,0d36a5e5a5317c634b63543661ce6d871ce52e6114593a0d0c6cf527da5192d0,754,754,0.1870026525198938992042440318,1.083307720763471010807564808,91.9999999999999999537094365,91.9999999999999999537094365,0.321180090266798773780208788,-0.2601204615731184536540741693,422,0.1872037914691943127962085308,52.00000000000000747978280219,52.00000000000000747978280219,332,0.1867469879518072289156626506,39.99999999999999247392663434,39.99999999999999247392663434,run_699b100f97194ad5b8a183a27d67f389,ema_pullback:58dca9da0e794d3e2211a950
w04-lb135-r2_0,lab_3d_w04_lb_ratio,4,135,2.0,6.0,3.0,0d36a5e5a5317c634b63543661ce6d871ce52e6114593a0d0c6cf527da5192d0,751,751,0.3528628495339547270306258322,1.067792045825258607134948718,43.99999999999999799711547995,43.99999999999999799711547995,0.2470824072190045815084269269,-0.1241264522034069516502852292,419,0.3770883054892601431980906921,55.00000000000000011279477343,55.00000000000000011279477343,332,0.3222891566265060240963855422,-11.00000000000000211567929351,-11.00000000000000211567929351,run_5584ab5b6fb04a0882ab3203dff7a4ed,ema_pullback:1975e93bad174a563c852d2c
w04-lb135-r2_25,lab_3d_w04_lb_ratio,4,135,2.25,6.75,3.0,0d36a5e5a5317c634b63543661ce6d871ce52e6114593a0d0c6cf527da5192d0,750,750,0.3186666666666666666666666667,1.015498412746925204925974765,26.75000000000000235135198277,26.75000000000000235135198277,0.05187519204201272628527236963,-0.1881512084206273506464942173,418,0.3325358851674641148325358852,33.75000000000000221392830741,33.75000000000000221392830741,332,0.3012048192771084337349397590,-6.999999999999999862576324625,-6.999999999999999862576324625,run_a5c424546ba94c1aa5a94edb65fb3ca1,ema_pullback:fa65c05e8aa1bc6379545879
w04-lb135-r2_5,lab_3d_w04_lb_ratio,4,135,2.5,7.5,3.0,0d36a5e5a5317c634b63543661ce6d871ce52e6114593a0d0c6cf527da5192d0,750,750,0.3013333333333333333333333333,1.051416724048019409035656535,41.00000000000000171806984852,41.00000000000000171806984852,0.1875030450470905389086237092,-0.1709531849386939044250023274,418,0.3086124401913875598086124402,33.50000000000000420228300538,33.50000000000000420228300538,332,0.2921686746987951807228915663,7.499999999999997515786843108,7.499999999999997515786843108,run_ebc407e4cb7041299f2b0eab01d244d3,ema_pullback:1ff5950aa4ef62b65657b51b
w04-lb135-r2_75,lab_3d_w04_lb_ratio,4,135,2.75,8.25,3.0,0d36a5e5a5317c634b63543661ce6d871ce52e6114593a0d0c6cf527da5192d0,748,748,0.2874331550802139037433155080,1.073411728899651527290922145,58.25000000000000547581611288,58.25000000000000547581611288,0.280189767785384859027145357,-0.1787191116743056150121878202,417,0.2925659472422062350119904077,40.50000000000000382781093074,40.50000000000000382781093074,331,0.2809667673716012084592145015,17.75000000000000164800518208,17.75000000000000164800518208,run_33c539fe35af4809bec134b1752d3ae4,ema_pullback:79e880961d1e4584365ed0f1
w04-lb135-r3_0,lab_3d_w04_lb_ratio,4,135,3.0,9.0,3.0,0d36a5e5a5317c634b63543661ce6d871ce52e6114593a0d0c6cf527da5192d0,748,748,0.2687165775401069518716577540,1.070128781334051178308650765,56.00000000000000115492509304,56.00000000000000115492509304,0.274492189172089257368051416,-0.2149673563559260427769282792,417,0.2733812949640287769784172662,39.00000000000000140476433971,39.00000000000000140476433971,331,0.2628398791540785498489425982,16.99999999999999975016075329,16.99999999999999975016075329,run_1cc2178de1e04350b4ceb1793dc30649,ema_pullback:c8ec2fc3baf210aeb40ac7ea
w04-lb135-r3_25,lab_3d_w04_lb_ratio,4,135,3.25,9.75,3.0,0d36a5e5a5317c634b63543661ce6d871ce52e6114593a0d0c6cf527da5192d0,747,747,0.2583668005354752342704149933,1.103815379842691880609556517,73.25000000000000211079143330,73.25000000000000211079143330,0.4397114216456262712772548312,-0.1777198011301472494625280097,417,0.2613908872901678657074340528,46.25000000000000295577425807,46.25000000000000295577425807,330,0.2545454545454545454545454545,26.99999999999999915501717530,26.99999999999999915501717530,run_1a5a6c46ae324df5bdc34293ec9c8bdc,ema_pullback:cb913424d9ab6a19e083a7fc
w04-lb135-r3_5,lab_3d_w04_lb_ratio,4,135,3.5,10.5,3.0,0d36a5e5a5317c634b63543661ce6d871ce52e6114593a0d0c6cf527da5192d0,746,746,0.2453083109919571045576407507,1.123203995797102580285349410,77.50000000000000497642297247,77.50000000000000497642297247,0.5437975546787907471343610051,-0.1674304499445619197440717686,417,0.2446043165467625899280575540,42.00000000000000447097258697,42.00000000000000447097258697,329,0.2462006079027355623100303951,35.50000000000000050545038553,35.50000000000000050545038553,run_ca0955ed1e27426d9bc682cfe7631091,ema_pullback:6549e25e132d6c63e39c71d2
w04-lb135-r3_75,lab_3d_w04_lb_ratio,4,135,3.75,11.25,3.0,0d36a5e5a5317c634b63543661ce6d871ce52e6114593a0d0c6cf527da5192d0,745,745,0.2362416107382550335570469799,1.149766940159771434738660304,90.99999999999999816673563972,90.99999999999999816673563972,0.6997807822181709035124041831,-0.1570277135371201931171137486,416,0.2283653846153846153846153846,35.24999999999999890652729399,35.24999999999999890652729399,329,0.2462006079027355623100303951,55.74999999999999926020834570,55.74999999999999926020834570,run_8ad73cae90524974b46877ad014bd103,ema_pullback:b695cfe60ae0bafbcfb2bce0
w04-lb135-r4_0,lab_3d_w04_lb_ratio,4,135,4.0,12.0,3.0,0d36a5e5a5317c634b63543661ce6d871ce52e6114593a0d0c6cf527da5192d0,742,742,0.2196765498652291105121293801,1.084435909381562307401118991,72.99999999999999891209105419,72.99999999999999891209105419,0.3249965366546236178601399956,-0.2085111910586041987761777355,414,0.2077294685990338164251207729,16.00000000000000058633127031,16.00000000000000058633127031,328,0.2347560975609756097560975610,56.99999999999999832575978385,56.99999999999999832575978385,run_be29b6c68a774faebdc802384b282ecf,ema_pullback:6011f1c2dca0b3a8ef9803b5
w04-lb135-r4_25,lab_3d_w04_lb_ratio,4,135,4.25,12.75,3.0,0d36a5e5a5317c634b63543661ce6d871ce52e6114593a0d0c6cf527da5192d0,741,741,0.2145748987854251012145748988,1.123106943853913691239394155,93.75000000000000499801040428,93.75000000000000499801040428,0.5271806073593389797768613168,-0.2016253276412778611607228550,413,0.2009685230024213075060532688,22.75000000000000414041231480,22.75000000000000414041231480,328,0.2317073170731707317073170732,71.00000000000000085759808946,71.00000000000000085759808946,run_c0b815596f6c464eb6cdc28bcadda1ec,ema_pullback:678b7513526e9d32c0a7e128
w04-lb135-r4_5,lab_3d_w04_lb_ratio,4,135,4.5,13.5,3.0,0d36a5e5a5317c634b63543661ce6d871ce52e6114593a0d0c6cf527da5192d0,736,736,0.2051630434782608695652173913,1.110690235154947828162188926,94.50000000000000164372569540,94.50000000000000164372569540,0.4593459237153127054402685428,-0.2199984888099687916549740625,411,0.1922141119221411192214111922,23.50000000000000174574791834,23.50000000000000174574791834,325,0.2215384615384615384615384615,70.99999999999999989797777707,70.99999999999999989797777707,run_5556470b34d8421daba1cc27e64f94ac,ema_pullback:303cf347664d30c999e297fc
w04-lb135-r4_75,lab_3d_w04_lb_ratio,4,135,4.75,14.25,3.0,0d36a5e5a5317c634b63543661ce6d871ce52e6114593a0d0c6cf527da5192d0,736,736,0.1942934782608695652173913043,1.114916378562597898638965948,86.25000000000000150741380292,86.25000000000000150741380292,0.4838173402359104783564729293,-0.2145707133262994940189364752,411,0.1873479318734793187347931873,31.75000000000000109381746551,31.75000000000000109381746551,325,0.2030769230769230769230769231,54.50000000000000041359633741,54.50000000000000041359633741,run_23e52d8cca464ce2981ac667fad4352a,ema_pullback:d9cdd4e5b79c38e57a9dd347
w04-lb135-r5_0,lab_3d_w04_lb_ratio,4,135,5.0,15.0,3.0,0d36a5e5a5317c634b63543661ce6d871ce52e6114593a0d0c6cf527da5192d0,733,733,0.1855388813096862210095497954,1.066400987111436366413046496,82.99999999999999810637860923,82.99999999999999810637860923,0.2444730766975404857993195194,-0.2525582626196807313224361887,410,0.1829268292682926829268292683,40.00000000000000592828444433,40.00000000000000592828444433,323,0.1888544891640866873065015480,42.99999999999999217809416491,42.99999999999999217809416491,run_f6459c22e41a471eb5ecc6b4257cd4d4,ema_pullback:338d3308f1085054d119ab67
w04-lb140-r2_0,lab_3d_w04_lb_ratio,4,140,2.0,6.0,3.0,0d36a5e5a5317c634b63543661ce6d871ce52e6114593a0d0c6cf527da5192d0,730,730,0.3493150684931506849315068493,1.052890389877174423685209805,34.99999999999999779079641744,34.99999999999999779079641744,0.1806028833796429065679783106,-0.1548216204105630494263703318,404,0.3737623762376237623762376238,48.99999999999999980112940460,48.99999999999999980112940460,326,0.3190184049079754601226993865,-14.00000000000000201033298721,-14.00000000000000201033298721,run_94aa8d8b83474c88b9cf91f7415e1660,ema_pullback:705b6a9ac76f747eccf23816
w04-lb140-r2_25,lab_3d_w04_lb_ratio,4,140,2.25,6.75,3.0,0d36a5e5a5317c634b63543661ce6d871ce52e6114593a0d0c6cf527da5192d0,729,729,0.3141289437585733882030178326,0.9940426841417113232705362254,15.25000000000000180412343853,15.25000000000000180412343853,-0.01855631498511296898875767642,-0.2003939806621967073429580829,403,0.3275434243176178660049627792,26.00000000000000231444287127,26.00000000000000231444287127,326,0.2975460122699386503067484663,-10.75000000000000051031943277,-10.75000000000000051031943277,run_cc41c77d5cfc4d4db9a4dbff7cf7dd57,ema_pullback:76c01a002f45a4aa1d49ef02
w04-lb140-r2_5,lab_3d_w04_lb_ratio,4,140,2.5,7.5,3.0,0d36a5e5a5317c634b63543661ce6d871ce52e6114593a0d0c6cf527da5192d0,729,729,0.2976680384087791495198902606,1.031914284391259018525767274,30.50000000000000084346454174,30.50000000000000084346454174,0.108667368584341338570293544,-0.1874535313362429553518864729,403,0.3052109181141439205955334988,27.50000000000000369247464914,27.50000000000000369247464914,326,0.2883435582822085889570552147,2.999999999999997150989892616,2.999999999999997150989892616,run_41df852f2c784d78bbd898205578c7a3,ema_pullback:738e3dc7af1dff72cf0ab537
w04-lb140-r2_75,lab_3d_w04_lb_ratio,4,140,2.75,8.25,3.0,0d36a5e5a5317c634b63543661ce6d871ce52e6114593a0d0c6cf527da5192d0,728,728,0.2843406593406593406593406593,1.063463198285898487810813625,48.25000000000000397196172104,48.25000000000000397196172104,0.2324393589040267520429927453,-0.2039812700700100336207375013,402,0.2885572139303482587064676617,33.00000000000000227052468358,33.00000000000000227052468358,326,0.2791411042944785276073619632,15.25000000000000170143703740,15.25000000000000170143703740,run_4bff7770424c41b0bd8dd1d1442cfd95,ema_pullback:b42b6ffcecade31ede7dbc0b
w04-lb140-r3_0,lab_3d_w04_lb_ratio,4,140,3.0,9.0,3.0,0d36a5e5a5317c634b63543661ce6d871ce52e6114593a0d0c6cf527da5192d0,728,728,0.2664835164835164835164835165,1.059687131559874837560152996,48.00000000000000107981966690,48.00000000000000107981966690,0.2246650217894679920776216513,-0.2347543808609373961659963842,402,0.2686567164179104477611940299,30.00000000000000124477490692,30.00000000000000124477490692,326,0.2638036809815950920245398773,17.99999999999999983504476002,17.99999999999999983504476002,run_4d5bfc727c664162b8d2cea2ab4d0cad,ema_pullback:f3f3eeccd5c566bfe6c6d010
w04-lb140-r3_25,lab_3d_w04_lb_ratio,4,140,3.25,9.75,3.0,0d36a5e5a5317c634b63543661ce6d871ce52e6114593a0d0c6cf527da5192d0,727,727,0.2572214580467675378266850069,1.093460929140243442212624153,67.75000000000000131573779674,67.75000000000000131573779674,0.3795911766811725845243858868,-0.1948616214555918508405543252,402,0.2587064676616915422885572139,40.00000000000000209705761637,40.00000000000000209705761637,325,0.2553846153846153846153846154,27.74999999999999921868018037,27.74999999999999921868018037,run_c1f3ca2f011c4e609b4a255058d7b93e,ema_pullback:03cb51a9d88407844a76b87d
w04-lb140-r3_5,lab_3d_w04_lb_ratio,4,140,3.5,10.5,3.0,0d36a5e5a5317c634b63543661ce6d871ce52e6114593a0d0c6cf527da5192d0,726,726,0.2451790633608815426997245179,1.114479552430262986274939959,75.00000000000000461755785199,75.00000000000000461755785199,0.482523057653447036073880737,-0.1860919452476411448390565022,402,0.2437810945273631840796019900,39.00000000000000406966546310,39.00000000000000406966546310,324,0.2469135802469135802469135802,36.00000000000000054789238893,36.00000000000000054789238893,run_4ccb8f2477ec4da6ab8d62f48cfb8826,ema_pullback:d826d9a39879cf32d2bf704d
w04-lb140-r3_75,lab_3d_w04_lb_ratio,4,140,3.75,11.25,3.0,0d36a5e5a5317c634b63543661ce6d871ce52e6114593a0d0c6cf527da5192d0,725,725,0.2358620689655172413793103448,1.139483002185063129329693112,87.24999999999999704144229194,87.24999999999999704144229194,0.6193494986090395332819364736,-0.1772396384926889530650450758,401,0.2269326683291770573566084788,31.24999999999999776001294446,31.24999999999999776001294446,324,0.2469135802469135802469135802,55.99999999999999928142934742,55.99999999999999928142934742,run_04c4c31208f24f92bb60c56956356f78,ema_pullback:0052563ed150a623c36a5b7c
w04-lb140-r4_0,lab_3d_w04_lb_ratio,4,140,4.0,12.0,3.0,0d36a5e5a5317c634b63543661ce6d871ce52e6114593a0d0c6cf527da5192d0,722,722,0.2202216066481994459833795014,1.079781105209698139313368745,72.99999999999999875258867837,72.99999999999999875258867837,0.2935796179329519407719322471,-0.2032920117125412960860928694,399,0.2080200501253132832080200501,16.00000000000000042682889451,16.00000000000000042682889451,323,0.2352941176470588235294117647,56.99999999999999832575978385,56.99999999999999832575978385,run_d2760f6738914a5b969c8702e29027bb,ema_pullback:33c8479b5a6c96be4ef48c64
w04-lb140-r4_25,lab_3d_w04_lb_ratio,4,140,4.25,12.75,3.0,0d36a5e5a5317c634b63543661ce6d871ce52e6114593a0d0c6cf527da5192d0,722,722,0.2146814404432132963988919668,1.114443098091119008808033183,91.75000000000000345590796300,91.75000000000000345590796300,0.4677728140597579644697069349,-0.1963607420232354632591703992,399,0.2005012531328320802005012531,21.00000000000000312883491580,21.00000000000000312883491580,323,0.2321981424148606811145510836,70.75000000000000032707304721,70.75000000000000032707304721,run_64634d6ff9b34080bdd4758464d79732,ema_pullback:fc05e76e9a1d712b9d593a6c
w04-lb140-r4_5,lab_3d_w04_lb_ratio,4,140,4.5,13.5,3.0,0d36a5e5a5317c634b63543661ce6d871ce52e6114593a0d0c6cf527da5192d0,717,717,0.2064156206415620641562064156,1.106320179645556758783909452,97.00000000000000030546816866,97.00000000000000030546816866,0.4194567013197402629231154611,-0.2148550581876890904297941891,397,0.1939546599496221662468513854,26.50000000000000095923643542,26.50000000000000095923643542,320,0.221875,70.49999999999999934623173321,70.49999999999999934623173321,run_4fb1e25b7d9642ddb3853a68b6a95d42,ema_pullback:4f07a9c7d405230a1cfda9c7
w04-lb140-r4_75,lab_3d_w04_lb_ratio,4,140,4.75,14.25,3.0,0d36a5e5a5317c634b63543661ce6d871ce52e6114593a0d0c6cf527da5192d0,717,717,0.1952580195258019525801952580,1.109167913691455034575869581,87.99999999999999958491151939,87.99999999999999958491151939,0.435336646210433024963502236,-0.2093914912520378976087270609,397,0.1889168765743073047858942065,34.24999999999999991405024109,34.24999999999999991405024109,320,0.203125,53.74999999999999967086127830,53.74999999999999967086127830,run_249c25b30154470eb9dd00ff031a617f,ema_pullback:ea0b444a15c00b375697a8b5
w04-lb140-r5_0,lab_3d_w04_lb_ratio,4,140,5.0,15.0,3.0,0d36a5e5a5317c634b63543661ce6d871ce52e6114593a0d0c6cf527da5192d0,714,714,0.1862745098039215686274509804,1.056702093540879245747741835,83.99999999999999730795319048,83.99999999999999730795319048,0.1972172801915059688346981135,-0.2476295353476700177980038082,396,0.1843434343434343434343434343,42.00000000000000555427905933,42.00000000000000555427905933,318,0.1886792452830188679245283019,41.99999999999999175367413114,41.99999999999999175367413114,run_ecde9931fe2549758c8bdb96abeb44e5,ema_pullback:0acde342d8d3f1184c7604fc
w05-lb070-r2_0,lab_3d_w05_lb_ratio,5,70,2.0,6.0,3.0,0127774bdd10aad29a807b0bd07dacea3b919c5ae88f005d482043a40de5ed12,990,990,0.3383838383838383838383838384,0.9792885904227921342500739728,14.99999999999999803093510713,14.99999999999999803093510713,-0.08035274360871802926508379038,-0.2773096246035127833729091739,564,0.3492907801418439716312056738,27.00000000000000013737153641,27.00000000000000013737153641,426,0.3239436619718309859154929577,-12.00000000000000210643642927,-12.00000000000000210643642927,run_d0a248d62e484dc1adf3c56f33313045,ema_pullback:322d5a024e824314637e6387
w05-lb070-r2_25,lab_3d_w05_lb_ratio,5,70,2.25,6.75,3.0,0127774bdd10aad29a807b0bd07dacea3b919c5ae88f005d482043a40de5ed12,983,983,0.3112919633774160732451678535,0.9492544534898187680091881342,11.50000000000000047662216893,11.50000000000000047662216893,-0.1812010418828241563103310756,-0.3000131468060732725666548906,559,0.3130590339892665474060822898,9.750000000000002032647356378,9.750000000000002032647356378,424,0.3089622641509433962264150943,1.749999999999998443974812624,1.749999999999998443974812624,run_1003b0c9ab6a4de5877d3ca1356093a7,ema_pullback:dcad5bbf0fec42488898adad
w05-lb070-r2_5,lab_3d_w05_lb_ratio,5,70,2.5,7.5,3.0,0127774bdd10aad29a807b0bd07dacea3b919c5ae88f005d482043a40de5ed12,979,979,0.2962206332992849846782431052,0.9985937033901453689121183884,36.00000000000000276376997580,36.00000000000000276376997580,-0.005568379855046119247477190818,-0.2618973037296737282286805847,557,0.2926391382405745062836624776,13.50000000000000528802783277,13.50000000000000528802783277,422,0.3009478672985781990521327014,22.49999999999999747574214303,22.49999999999999747574214303,run_c8c10c2914924dec83da18c815cc4ee5,ema_pullback:dcf4f9d9d161d958f2f17d71
w05-lb070-r2_75,lab_3d_w05_lb_ratio,5,70,2.75,8.25,3.0,0127774bdd10aad29a807b0bd07dacea3b919c5ae88f005d482043a40de5ed12,972,972,0.2870370370370370370370370370,1.054304321726106207601827337,74.25000000000000672099166031,74.25000000000000672099166031,0.2379879970904979678638737516,-0.2296685696624593916155519311,551,0.2831215970961887477313974592,34.00000000000000713915944072,34.00000000000000713915944072,421,0.2921615201900237529691211401,40.24999999999999958183221959,40.24999999999999958183221959,run_8942541709b44f57a9d689745198e316,ema_pullback:57981193db7b0fc8821bf701
w05-lb070-r3_0,lab_3d_w05_lb_ratio,5,70,3.0,9.0,3.0,0127774bdd10aad29a807b0bd07dacea3b919c5ae88f005d482043a40de5ed12,968,968,0.2685950413223140495867768595,1.045140570218953064420130432,72.00000000000000259993434450,72.00000000000000259993434450,0.1998987714324864137619820412,-0.2516934379644290517821947662,548,0.2664233576642335766423357664,36.00000000000000271319886418,36.00000000000000271319886418,420,0.2714285714285714285714285714,35.99999999999999988673548040,35.99999999999999988673548040,run_f3821537e3ba46b09171c53acbeac90e,ema_pullback:2915267045d4ad27e2313675
w05-lb070-r3_25,lab_3d_w05_lb_ratio,5,70,3.25,9.75,3.0,0127774bdd10aad29a807b0bd07dacea3b919c5ae88f005d482043a40de5ed12,964,964,0.2614107883817427385892116183,1.088499822248202590355945385,107.0000000000000019539161286,107.0000000000000019539161286,0.420048667497347791627837956,-0.2046858008461174517295581381,547,0.2595978062157221206581352834,56.50000000000000327278939657,56.50000000000000327278939657,417,0.2637889688249400479616306954,50.49999999999999868112673200,50.49999999999999868112673200,run_aa6850ff864643659041d3766a227b8a,ema_pullback:d1defc687168324e29a4f006
w05-lb070-r3_5,lab_3d_w05_lb_ratio,5,70,3.5,10.5,3.0,0127774bdd10aad29a807b0bd07dacea3b919c5ae88f005d482043a40de5ed12,953,953,0.2423924449108079748163693599,1.060657223724645454668435831,86.50000000000000670057730245,86.50000000000000670057730245,0.2851460566928827039363846734,-0.1990085322340572563268376581,543,0.2412523020257826887661141805,46.50000000000000578561930898,46.50000000000000578561930898,410,0.2439024390243902439024390244,40.00000000000000091495799349,40.00000000000000091495799349,run_e1b9eb4f287b424f95a19041c38865cd,ema_pullback:16315d2ee0b65dd4024aaf4e
w05-lb070-r3_75,lab_3d_w05_lb_ratio,5,70,3.75,11.25,3.0,0127774bdd10aad29a807b0bd07dacea3b919c5ae88f005d482043a40de5ed12,949,949,0.2328767123287671232876712329,1.090601538152155337168811490,100.7500000000000010236840327,100.7500000000000010236840327,0.4571924586045869019499030655,-0.2058508101633993257050854465,541,0.2273567467652495378927911275,43.25000000000000169303112912,43.25000000000000169303112912,408,0.2401960784313725490196078431,57.49999999999999933065290371,57.49999999999999933065290371,run_843bc677365d45bf995d2b4ea09986cf,ema_pullback:103f152f764343eac90d3eae
w05-lb070-r4_0,lab_3d_w05_lb_ratio,5,70,4.0,12.0,3.0,0127774bdd10aad29a807b0bd07dacea3b919c5ae88f005d482043a40de5ed12,941,941,0.2189160467587672688629117960,1.043126969477038709603584282,88.99999999999999953934301934,88.99999999999999953934301934,0.1879992611133744078504005369,-0.2210512391021181740829463780,535,0.2112149532710280373831775701,30.00000000000000018461172288,30.00000000000000018461172288,406,0.2290640394088669950738916256,58.99999999999999935473129646,58.99999999999999935473129646,run_987ab7a132594ef58227b209feba56d7,ema_pullback:52448e8e1ba7f3bdbf81ef71
w05-lb070-r4_25,lab_3d_w05_lb_ratio,5,70,4.25,12.75,3.0,0127774bdd10aad29a807b0bd07dacea3b919c5ae88f005d482043a40de5ed12,940,940,0.2117021276595744680851063830,1.062936584385203524537928634,104.7500000000000081567288184,104.7500000000000081567288184,0.3045879943314432943090608086,-0.2166275575381339169500170360,534,0.2059925093632958801498127341,43.50000000000000476243067783,43.50000000000000476243067783,406,0.2192118226600985221674876847,61.25000000000000339429814060,61.25000000000000339429814060,run_fe686d965ec744398d30e3331efd3a2d,ema_pullback:509da72a007a26348e66cc8b
w05-lb070-r4_5,lab_3d_w05_lb_ratio,5,70,4.5,13.5,3.0,0127774bdd10aad29a807b0bd07dacea3b919c5ae88f005d482043a40de5ed12,932,932,0.2060085836909871244635193133,1.077066422481896371106978766,124.0000000000000016695562053,124.0000000000000016695562053,0.3785705825233194706636087764,-0.2294600774275974859414462100,529,0.2003780718336483931947069943,54.00000000000000259395564149,54.00000000000000259395564149,403,0.2133995037220843672456575682,69.99999999999999907560056380,69.99999999999999907560056380,run_937cd7ae60d849a4b88ff7229841f0b3,ema_pullback:97b91a9ef19369d49aa94781
w05-lb070-r4_75,lab_3d_w05_lb_ratio,5,70,4.75,14.25,3.0,0127774bdd10aad29a807b0bd07dacea3b919c5ae88f005d482043a40de5ed12,929,929,0.1969860064585575888051668461,1.084194854657741881207959493,123.2500000000000040641210018,123.2500000000000040641210018,0.4282154823077301884475585163,-0.2368370326979380088495579406,528,0.1969696969696969696969696970,70.00000000000000360715210908,70.00000000000000360715210908,401,0.1970074812967581047381546135,53.25000000000000045696889275,53.25000000000000045696889275,run_44fbc171911e4fc59aa0760f4f21b278,ema_pullback:ea8950b6c0eceae0e103c4b1
w05-lb070-r5_0,lab_3d_w05_lb_ratio,5,70,5.0,15.0,3.0,0127774bdd10aad29a807b0bd07dacea3b919c5ae88f005d482043a40de5ed12,922,922,0.1887201735357917570498915401,1.048429347915515739377823709,122.0000000000000031749040057,122.0000000000000031749040057,0.2107487848601871270295010669,-0.2857593557564639803508217985,526,0.1901140684410646387832699620,74.00000000000000927298852942,74.00000000000000927298852942,396,0.1868686868686868686868686869,47.99999999999999390191547617,47.99999999999999390191547617,run_051cfd5b88ab4b13a669bee241f1d389,ema_pullback:b42617ef64a02943130093d8
w05-lb075-r2_0,lab_3d_w05_lb_ratio,5,75,2.0,6.0,3.0,0127774bdd10aad29a807b0bd07dacea3b919c5ae88f005d482043a40de5ed12,954,954,0.3396226415094339622641509434,0.9854966209564627351233580074,17.99999999999999801417369599,17.99999999999999801417369599,-0.05569418376451299233580880484,-0.2705919368239698621286375465,540,0.3518518518518518518518518519,30.00000000000000012061012529,30.00000000000000012061012529,414,0.3236714975845410628019323671,-12.00000000000000210643642927,-12.00000000000000210643642927,run_e25a5e363ebd4ea8bd24348b370b875a,ema_pullback:1bf8bc46d4b7b10c02f9dd2b
w05-lb075-r2_25,lab_3d_w05_lb_ratio,5,75,2.25,6.75,3.0,0127774bdd10aad29a807b0bd07dacea3b919c5ae88f005d482043a40de5ed12,949,949,0.3140147523709167544783983140,0.9646673044447783558312760312,19.49999999999999987568540450,19.49999999999999987568540450,-0.1279619400462256172483853682,-0.2669263720594662226605629890,537,0.3184357541899441340782122905,18.75000000000000145477029588,18.75000000000000145477029588,412,0.3082524271844660194174757282,0.749999999999998420915108581,0.749999999999998420915108581,run_18cde2b8d0e9465da4af5141e039a2a2,ema_pullback:0387e4e30500c0eb335eb8c5
w05-lb075-r2_5,lab_3d_w05_lb_ratio,5,75,2.5,7.5,3.0,0127774bdd10aad29a807b0bd07dacea3b919c5ae88f005d482043a40de5ed12,945,945,0.2984126984126984126984126984,1.011692023965906588775957989,42.00000000000000308313015166,42.00000000000000308313015166,0.04678300753357801830251654948,-0.2571444503680032733603765637,535,0.2971962616822429906542056075,21.50000000000000521853288380,21.50000000000000521853288380,410,0.3,20.49999999999999786459726791,20.49999999999999786459726791,run_8f1329b28a4948778c42aab6c55aeed9,ema_pullback:91fdb04da109fc0557f8353f
w05-lb075-r2_75,lab_3d_w05_lb_ratio,5,75,2.75,8.25,3.0,0127774bdd10aad29a807b0bd07dacea3b919c5ae88f005d482043a40de5ed12,938,938,0.2889125799573560767590618337,1.065307040992722869720902891,78.25000000000000501912796573,78.25000000000000501912796573,0.2880460690579295253387105658,-0.2267524238065387595927814419,529,0.2873345935727788279773156900,41.00000000000000577878268026,41.00000000000000577878268026,409,0.2909535452322738386308068460,37.24999999999999924034528552,37.24999999999999924034528552,run_851c4ab0a43a475fa0fbe089d1c9dd30,ema_pullback:92e860525e8b15c2254d3d93
w05-lb075-r3_0,lab_3d_w05_lb_ratio,5,75,3.0,9.0,3.0,0127774bdd10aad29a807b0bd07dacea3b919c5ae88f005d482043a40de5ed12,936,936,0.2692307692307692307692307692,1.049959674770136512584726940,72.00000000000000250840596033,72.00000000000000250840596033,0.2197266702400556453206986438,-0.2450672954399694715691577126,528,0.2689393939393939393939393939,40.00000000000000310402644995,40.00000000000000310402644995,408,0.2696078431372549019607843137,31.99999999999999940437951038,31.99999999999999940437951038,run_d55158b93bb94b25a8ed7e03f26cc127,ema_pullback:fbed33faa4820825bdc375c0
w05-lb075-r3_25,lab_3d_w05_lb_ratio,5,75,3.25,9.75,3.0,0127774bdd10aad29a807b0bd07dacea3b919c5ae88f005d482043a40de5ed12,932,932,0.2618025751072961373390557940,1.091029183792707871180048227,105.0000000000000001446876578,105.0000000000000001446876578,0.4268342627482248970298393349,-0.1968668507934046947706450929,527,0.2618595825426944971537001898,59.50000000000000261935304619,59.50000000000000261935304619,405,0.2617283950617283950617283951,45.49999999999999752533461172,45.49999999999999752533461172,run_8cba6b8f73f24aaa96a9064fd51a9466,ema_pullback:8a79ea1fbeb5da5242d5bcff
w05-lb075-r3_5,lab_3d_w05_lb_ratio,5,75,3.5,10.5,3.0,0127774bdd10aad29a807b0bd07dacea3b919c5ae88f005d482043a40de5ed12,922,922,0.2418655097613882863340563991,1.058799603672703101292168644,81.50000000000000564044833297,81.50000000000000564044833297,0.2712600070632063102530046353,-0.1890673908992113051100122735,524,0.2423664122137404580152671756,47.50000000000000528219307583,47.50000000000000528219307583,398,0.2412060301507537688442211055,34.00000000000000035825525719,34.00000000000000035825525719,run_c53a70999f2e480392b4073ca21abf87,ema_pullback:7e814c02e515ce7a4d456985
w05-lb075-r3_75,lab_3d_w05_lb_ratio,5,75,3.75,11.25,3.0,0127774bdd10aad29a807b0bd07dacea3b919c5ae88f005d482043a40de5ed12,920,920,0.2326086956521739130434782609,1.087710128471601502687605427,96.50000000000000003206649592,96.50000000000000003206649592,0.4349282666756643338944431692,-0.1742092119513366569824762347,523,0.2275334608030592734225621415,42.25000000000000087166546101,42.25000000000000087166546101,397,0.2392947103274559193954659950,54.24999999999999916040103497,54.24999999999999916040103497,run_3ecb4999c6b8476788f89f6d75c61884,ema_pullback:4d796a5ea40298c6cb540d66
w05-lb075-r4_0,lab_3d_w05_lb_ratio,5,75,4.0,12.0,3.0,0127774bdd10aad29a807b0bd07dacea3b919c5ae88f005d482043a40de5ed12,914,914,0.2177242888402625820568927790,1.033548112035383814768946577,80.99999999999999935540756968,80.99999999999999935540756968,0.1430709048696253047507157811,-0.2192055723633511102894750708,518,0.2104247104247104247104247104,27.00000000000000025721605153,27.00000000000000025721605153,396,0.2272727272727272727272727273,53.99999999999999909819151810,53.99999999999999909819151810,run_7fd2044e24fd4c04bb1323ec09c8d648,ema_pullback:0e0b760ade71d5244ebeac7a
w05-lb075-r4_25,lab_3d_w05_lb_ratio,5,75,4.25,12.75,3.0,0127774bdd10aad29a807b0bd07dacea3b919c5ae88f005d482043a40de5ed12,913,913,0.2113910186199342825848849945,1.060915654191259555487517958,100.2500000000000057665662344,100.2500000000000057665662344,0.2939435709872174034323556237,-0.2036741500651751652151287001,517,0.2050290135396518375241779497,39.50000000000000355480246836,39.50000000000000355480246836,396,0.2196969696969696969696969697,60.75000000000000221176376616,60.75000000000000221176376616,run_c4b0bc52ea2a4aa08b94611184e58c53,ema_pullback:020bf9d2355a35079bbc56e7
w05-lb075-r4_5,lab_3d_w05_lb_ratio,5,75,4.5,13.5,3.0,0127774bdd10aad29a807b0bd07dacea3b919c5ae88f005d482043a40de5ed12,906,906,0.2052980132450331125827814570,1.070651884556340013818368372,117.0000000000000003570031298,117.0000000000000003570031298,0.3432974318235648303693812216,-0.2050156009999735027163729986,513,0.1988304093567251461988304094,48.00000000000000167636076226,48.00000000000000167636076226,393,0.2137404580152671755725190840,68.99999999999999868064236758,68.99999999999999868064236758,run_8b8d6b3841d84a8baff56d5f56a93878,ema_pullback:5928018f8c76bed4a0d6b3fc
w05-lb075-r4_75,lab_3d_w05_lb_ratio,5,75,4.75,14.25,3.0,0127774bdd10aad29a807b0bd07dacea3b919c5ae88f005d482043a40de5ed12,904,904,0.1957964601769911504424778761,1.074656599552135016529298644,113.7500000000000027971641979,113.7500000000000027971641979,0.3742059951773579770341053274,-0.2126265815348473261730044188,513,0.1949317738791423001949317739,62.00000000000000273499748704,62.00000000000000273499748704,391,0.1969309462915601023017902813,51.75000000000000006216671081,51.75000000000000006216671081,run_cec11244204e4f69bcc4772851a320fc,ema_pullback:3036e6b4395b184507749426
w05-lb075-r5_0,lab_3d_w05_lb_ratio,5,75,5.0,15.0,3.0,0127774bdd10aad29a807b0bd07dacea3b919c5ae88f005d482043a40de5ed12,897,897,0.1872909698996655518394648829,1.036380354632132648681351271,111.0000000000000027770712366,111.0000000000000027770712366,0.1554264959292265663312327492,-0.2368095038083068790690824841,511,0.1878669275929549902152641879,65.00000000000000927042598517,65.00000000000000927042598517,386,0.1865284974093264248704663212,45.99999999999999350664525140,45.99999999999999350664525140,run_b5b567d896cd41f5a198489c8a959f2b,ema_pullback:837638bab177131ee75abdeb
w05-lb080-r2_0,lab_3d_w05_lb_ratio,5,80,2.0,6.0,3.0,0127774bdd10aad29a807b0bd07dacea3b919c5ae88f005d482043a40de5ed12,921,921,0.3441910966340933767643865364,0.9909390372831929611410488256,29.99999999999999838742001571,29.99999999999999838742001571,-0.03376047598508719346697583803,-0.2490542791981578421899789463,520,0.3615384615384615384615384615,44.00000000000000033546564983,44.00000000000000033546564983,401,0.3216957605985037406483790524,-14.00000000000000194804563413,-14.00000000000000194804563413,run_42077dc7b179420e8258b50220f985b9,ema_pullback:d4f99c86a96f67551c8531f4
w05-lb080-r2_25,lab_3d_w05_lb_ratio,5,80,2.25,6.75,3.0,0127774bdd10aad29a807b0bd07dacea3b919c5ae88f005d482043a40de5ed12,917,917,0.3173391494002181025081788441,0.9655810825942842104362333796,28.75000000000000063006970014,28.75000000000000063006970014,-0.1200363735293465447719081807,-0.2570444418793777186052373960,517,0.3268858800773694390715667311,32.25000000000000179182436670,32.25000000000000179182436670,400,0.305,-3.500000000000001161754666600,-3.500000000000001161754666600,run_c681ca05c447421f96689034c689efc0,ema_pullback:938a35fd920c092570b0252b
w05-lb080-r2_5,lab_3d_w05_lb_ratio,5,80,2.5,7.5,3.0,0127774bdd10aad29a807b0bd07dacea3b919c5ae88f005d482043a40de5ed12,916,916,0.3013100436681222707423580786,1.009856149751666316158004542,50.00000000000000353064410878,50.00000000000000353064410878,0.03782243684350201695734619387,-0.2451863271127012009509309821,517,0.3056092843326885880077369439,36.00000000000000570016806237,36.00000000000000570016806237,399,0.2957393483709273182957393484,13.99999999999999783047604635,13.99999999999999783047604635,run_acc606d020584658b1b4912350e6c16b,ema_pullback:db48e0bd382905d0f9a47c93
w05-lb080-r2_75,lab_3d_w05_lb_ratio,5,80,2.75,8.25,3.0,0127774bdd10aad29a807b0bd07dacea3b919c5ae88f005d482043a40de5ed12,910,910,0.2912087912087912087912087912,1.061748837648333800645842927,83.75000000000000557558932005,83.75000000000000557558932005,0.2592160653148793317177732499,-0.2177922975399586615407755725,512,0.294921875,54.25000000000000593932773980,54.25000000000000593932773980,398,0.2864321608040201005025125628,29.49999999999999963626158028,29.49999999999999963626158028,run_c20a6d28e85842329474a03474dc18dd,ema_pullback:45aae87ddf26b33124ccd366
w05-lb080-r3_0,lab_3d_w05_lb_ratio,5,80,3.0,9.0,3.0,0127774bdd10aad29a807b0bd07dacea3b919c5ae88f005d482043a40de5ed12,908,908,0.2709251101321585903083700441,1.043125920845645420197133162,76.00000000000000293830086570,76.00000000000000293830086570,0.1792364831065796065835801055,-0.2348502655519606560083364321,511,0.2759295499021526418786692759,53.00000000000000326457150951,53.00000000000000326457150951,397,0.2644836272040302267002518892,22.99999999999999967372935620,22.99999999999999967372935620,run_567aeda597da4bc2a2ae58fd3f6e29c0,ema_pullback:6030ad2a641021e5f7cd625d
w05-lb080-r3_25,lab_3d_w05_lb_ratio,5,80,3.25,9.75,3.0,0127774bdd10aad29a807b0bd07dacea3b919c5ae88f005d482043a40de5ed12,905,905,0.2640883977900552486187845304,1.089563290740857723042734749,110.7500000000000005965302302,110.7500000000000005965302302,0.4022614239446849580447976963,-0.1802265301404190550439462623,510,0.2686274509803921568627450980,72.25000000000000294044316525,72.25000000000000294044316525,395,0.2582278481012658227848101266,38.49999999999999765608706498,38.49999999999999765608706498,run_564677e78e8c4ed0b4af108f36366046,ema_pullback:c3d08d0bae6c72a3f65cc046
w05-lb080-r3_5,lab_3d_w05_lb_ratio,5,80,3.5,10.5,3.0,0127774bdd10aad29a807b0bd07dacea3b919c5ae88f005d482043a40de5ed12,897,897,0.2452619843924191750278706800,1.071759357611342510694183786,93.00000000000000551646650692,93.00000000000000551646650692,0.3313372724135905420281949302,-0.1722654712464985431005089436,507,0.2485207100591715976331360947,60.00000000000000544273813535,60.00000000000000544273813535,390,0.2410256410256410256410256410,33.00000000000000007372837160,33.00000000000000007372837160,run_07d0ce5a164146efa6580d3096c08e65,ema_pullback:cbcee8f2c6df05a42cc65bb9
w05-lb080-r3_75,lab_3d_w05_lb_ratio,5,80,3.75,11.25,3.0,0127774bdd10aad29a807b0bd07dacea3b919c5ae88f005d482043a40de5ed12,895,895,0.2357541899441340782122905028,1.100175155771207053835972463,107.2500000000000006495023242,107.2500000000000006495023242,0.4962037859451214269853745126,-0.1795024588841374673762122620,506,0.2332015810276679841897233202,54.50000000000000087166546098,54.50000000000000087166546098,389,0.2390745501285347043701799486,52.74999999999999977783686319,52.74999999999999977783686319,run_d4f312bf390b4b69a5c46a4c83fd4231,ema_pullback:8fa232f055864532e1ed5b32
w05-lb080-r4_0,lab_3d_w05_lb_ratio,5,80,4.0,12.0,3.0,0127774bdd10aad29a807b0bd07dacea3b919c5ae88f005d482043a40de5ed12,889,889,0.2204724409448818897637795276,1.043992083934952820179564548,90.99999999999999983273421948,90.99999999999999983273421948,0.1867065648023936157411441606,-0.2031538971658502820733725913,501,0.2155688622754491017964071856,39.00000000000000041776111104,39.00000000000000041776111104,388,0.2268041237113402061855670103,51.99999999999999941497310840,51.99999999999999941497310840,run_6a07f34eebe8443591a341688c9ecb93,ema_pullback:7f8e0edfd07f4c63bbac879c
w05-lb080-r4_25,lab_3d_w05_lb_ratio,5,80,4.25,12.75,3.0,0127774bdd10aad29a807b0bd07dacea3b919c5ae88f005d482043a40de5ed12,888,888,0.2139639639639639639639639640,1.070429185667333750121306164,109.5000000000000056264570561,109.5000000000000056264570561,0.3375126018804903398982473091,-0.1970994586915425911963660604,500,0.21,51.25000000000000371534752788,51.25000000000000371534752788,388,0.2190721649484536082474226804,58.25000000000000191110952822,58.25000000000000191110952822,run_4842f5e251ad41369c6edb78b1ad961d,ema_pullback:3088cb2597dc386e61594ac8
w05-lb080-r4_5,lab_3d_w05_lb_ratio,5,80,4.5,13.5,3.0,0127774bdd10aad29a807b0bd07dacea3b919c5ae88f005d482043a40de5ed12,881,881,0.2077185017026106696935300795,1.079496427289421285092959894,125.5000000000000010897171343,125.5000000000000010897171343,0.3825149885575950665622223187,-0.1908843849775220035495663776,496,0.2036290322580645161290322581,59.50000000000000199745088129,59.50000000000000199745088129,385,0.2129870129870129870129870130,65.99999999999999909226625309,65.99999999999999909226625309,run_29571d0494aa47b09859a13f0f33b74e,ema_pullback:88fe5041a9d7c2a535fe7f89
w05-lb080-r4_75,lab_3d_w05_lb_ratio,5,80,4.75,14.25,3.0,0127774bdd10aad29a807b0bd07dacea3b919c5ae88f005d482043a40de5ed12,879,879,0.1979522184300341296928327645,1.082453823001239786971599182,121.5000000000000030686789049,121.5000000000000030686789049,0.4082097945185772547326550695,-0.1986306542177040828357133022,496,0.1995967741935483870967741935,73.25000000000000289554254656,73.25000000000000289554254656,383,0.1958224543080939947780678851,48.25000000000000017313635836,48.25000000000000017313635836,run_fc8f8fa3d1a5438f8754f387e0b7df09,ema_pullback:e3d879cb7f26f7ebde5e9352
w05-lb080-r5_0,lab_3d_w05_lb_ratio,5,80,5.0,15.0,3.0,0127774bdd10aad29a807b0bd07dacea3b919c5ae88f005d482043a40de5ed12,873,873,0.1912943871706758304696449026,1.059587389721668900509580476,129.0000000000000025873866462,129.0000000000000025873866462,0.2618535227897285723323588912,-0.2217917642059222778411089237,494,0.1943319838056680161943319838,82.00000000000000927042598517,82.00000000000000927042598517,379,0.1873350923482849604221635884,46.99999999999999331696066101,46.99999999999999331696066101,run_15228354869c40e69d6785db1b625098,ema_pullback:83eac1efb77e134a6abffb35
w05-lb085-r2_0,lab_3d_w05_lb_ratio,5,85,2.0,6.0,3.0,0127774bdd10aad29a807b0bd07dacea3b919c5ae88f005d482043a40de5ed12,897,897,0.3478260869565217391304347826,1.004294527233559639223373466,38.99999999999999827642381796,38.99999999999999827642381796,0.01579622353796180109279133874,-0.2258426689929330262369691677,505,0.3643564356435643564356435644,47.00000000000000033546564982,47.00000000000000033546564982,392,0.3265306122448979591836734694,-8.000000000000002059041831850,-8.000000000000002059041831850,run_af8b082e7aa44fecad71822a16b5beae,ema_pullback:a26d6a6797912da6bb1f0537
w05-lb085-r2_25,lab_3d_w05_lb_ratio,5,85,2.25,6.75,3.0,0127774bdd10aad29a807b0bd07dacea3b919c5ae88f005d482043a40de5ed12,894,894,0.3199105145413870246085011186,0.9715938665778081190555440259,35.50000000000000112292840700,35.50000000000000112292840700,-0.09693736059829530651134112538,-0.2462833538727388303269867755,502,0.3286852589641434262948207171,34.25000000000000209737699000,34.25000000000000209737699000,392,0.3086734693877551020408163265,1.249999999999999025551416990,1.249999999999999025551416990,run_cd1f1312b7814213a36da4a08e8cb62f,ema_pullback:5e93f3e6756b005adf2a62d8
w05-lb085-r2_5,lab_3d_w05_lb_ratio,5,85,2.5,7.5,3.0,0127774bdd10aad29a807b0bd07dacea3b919c5ae88f005d482043a40de5ed12,893,893,0.3034714445688689809630459127,1.015529265595740719723693097,55.50000000000000363969145093,55.50000000000000363969145093,0.05810851241758540645740998083,-0.2259425117349582974046429686,502,0.3067729083665338645418326693,37.00000000000000560109753385,37.00000000000000560109753385,391,0.2992327365728900255754475703,18.49999999999999803859391706,18.49999999999999803859391706,run_22fe7d6196ed4ddeaf0788180f8c4aaf,ema_pullback:3a0adaaedfb8af1d1f591883
w05-lb085-r2_75,lab_3d_w05_lb_ratio,5,85,2.75,8.25,3.0,0127774bdd10aad29a807b0bd07dacea3b919c5ae88f005d482043a40de5ed12,889,889,0.2947131608548931383577052868,1.072275881508647279114937997,93.50000000000000563313444061,93.50000000000000563313444061,0.3017977548743311023363349709,-0.2108603923043007157639765222,499,0.2965931863727454909819639279,56.00000000000000599687286028,56.00000000000000599687286028,390,0.2923076923076923076923076923,37.49999999999999963626158030,37.49999999999999963626158030,run_f83c88994e6a4383b14e028153224207,ema_pullback:05919295b4208d21d75916f6
w05-lb085-r3_0,lab_3d_w05_lb_ratio,5,85,3.0,9.0,3.0,0127774bdd10aad29a807b0bd07dacea3b919c5ae88f005d482043a40de5ed12,887,887,0.2739571589627959413754227734,1.051690989732121698704615658,85.00000000000000351825880854,85.00000000000000351825880854,0.2132328452230710813298414032,-0.2272528488846717576324186388,498,0.2771084337349397590361445783,54.00000000000000384452945238,54.00000000000000384452945238,389,0.2699228791773778920308483290,30.99999999999999967372935624,30.99999999999999967372935624,run_551990d9cd7e45debf76858a2e1fb63c,ema_pullback:baef64ccc6f992c51fc3add2
w05-lb085-r3_25,lab_3d_w05_lb_ratio,5,85,3.25,9.75,3.0,0127774bdd10aad29a807b0bd07dacea3b919c5ae88f005d482043a40de5ed12,885,885,0.2677966101694915254237288136,1.105178994941877756465527727,122.2500000000000009612163532,122.2500000000000009612163532,0.4781480131254776119910857502,-0.1796554571107392945824687679,498,0.2710843373493975903614457831,75.75000000000000330512928821,75.75000000000000330512928821,387,0.2635658914728682170542635659,46.49999999999999765608706496,46.49999999999999765608706496,run_f602fb4d77564833aa90902d4226b126,ema_pullback:cc7aa7e988dd4d8ab35d796a
w05-lb085-r3_5,lab_3d_w05_lb_ratio,5,85,3.5,10.5,3.0,0127774bdd10aad29a807b0bd07dacea3b919c5ae88f005d482043a40de5ed12,877,877,0.2497149372862029646522234892,1.087978413000333647819243005,108.5000000000000052867973339,108.5000000000000052867973339,0.4123553038195261653447289597,-0.1734387869565324985806337536,495,0.2525252525252525252525252525,67.50000000000000521306896230,67.50000000000000521306896230,382,0.2460732984293193717277486911,41.00000000000000007372837160,41.00000000000000007372837160,run_cb645596e28f4e269445d59d55da4832,ema_pullback:6734e2959bc81f0eaaaaae37
w05-lb085-r3_75,lab_3d_w05_lb_ratio,5,85,3.75,11.25,3.0,0127774bdd10aad29a807b0bd07dacea3b919c5ae88f005d482043a40de5ed12,876,876,0.2397260273972602739726027397,1.114735810829969133560100936,121.5000000000000000753293916,121.5000000000000000753293916,0.5771883934621798683748647938,-0.1795024588841374673762122631,494,0.2368421052631578947368421053,61.75000000000000029749252830,61.75000000000000029749252830,382,0.2434554973821989528795811518,59.74999999999999977783686319,59.74999999999999977783686319,run_268e635f638440fdb5886bdb228287b0,ema_pullback:35c98127fa5f4667ac386ec2
w05-lb085-r4_0,lab_3d_w05_lb_ratio,5,85,4.0,12.0,3.0,0127774bdd10aad29a807b0bd07dacea3b919c5ae88f005d482043a40de5ed12,871,871,0.2250287026406429391504018370,1.067175855490808037540247507,108.9999999999999998327342195,108.9999999999999998327342195,0.2917893525918135235178387618,-0.1968024612396066430920110621,490,0.2204081632653061224489795918,50.00000000000000041776111108,50.00000000000000041776111108,381,0.2309711286089238845144356955,58.99999999999999941497310844,58.99999999999999941497310844,run_e339c54483024658be53251757b37b9f,ema_pullback:efd888c022852c97d1e602cd
w05-lb085-r4_25,lab_3d_w05_lb_ratio,5,85,4.25,12.75,3.0,0127774bdd10aad29a807b0bd07dacea3b919c5ae88f005d482043a40de5ed12,870,870,0.2183908045977011494252873563,1.092827341308163305682089990,127.5000000000000056264570559,127.5000000000000056264570559,0.4559492542744090331120443376,-0.1833535086740422366714048435,489,0.2147239263803680981595092025,62.25000000000000371534752790,62.25000000000000371534752790,381,0.2230971128608923884514435696,65.25000000000000191110952818,65.25000000000000191110952818,run_b1e6d572add04151b77d06176115d08e,ema_pullback:899b442fc067c2cee41f42cb
w05-lb085-r4_5,lab_3d_w05_lb_ratio,5,85,4.5,13.5,3.0,0127774bdd10aad29a807b0bd07dacea3b919c5ae88f005d482043a40de5ed12,863,863,0.2120509849362688296639629200,1.102329025820347268403332831,143.5000000000000010897171342,143.5000000000000010897171342,0.5049365993139839858698007581,-0.1784283945929577082991548172,485,0.2082474226804123711340206186,70.50000000000000199745088135,70.50000000000000199745088135,378,0.2169312169312169312169312169,72.99999999999999909226625306,72.99999999999999909226625306,run_36b85693e27b483cbe9cc4f98e09dae7,ema_pullback:10dab8e7ed8c71a38a5a9a5b
w05-lb085-r4_75,lab_3d_w05_lb_ratio,5,85,4.75,14.25,3.0,0127774bdd10aad29a807b0bd07dacea3b919c5ae88f005d482043a40de5ed12,861,861,0.2020905923344947735191637631,1.104933520090275108712825490,139.5000000000000030686789046,139.5000000000000030686789046,0.5329066786425975576971902183,-0.1862202897847636196676529002,485,0.2041237113402061855670103093,84.25000000000000289554254655,84.25000000000000289554254655,376,0.1994680851063829787234042553,55.25000000000000017313635837,55.25000000000000017313635837,run_5530f1e432374762a03eed16c1fa2582,ema_pullback:9f084ed1102379e1d47fbf0f
w05-lb085-r5_0,lab_3d_w05_lb_ratio,5,85,5.0,15.0,3.0,0127774bdd10aad29a807b0bd07dacea3b919c5ae88f005d482043a40de5ed12,855,855,0.1953216374269005847953216374,1.082939593174212633183911244,147.0000000000000025873866461,147.0000000000000025873866461,0.373590568736487060670109584,-0.2217917642059222778411089230,483,0.1987577639751552795031055901,93.00000000000000927042598519,93.00000000000000927042598519,372,0.1908602150537634408602150538,53.99999999999999331696066100,53.99999999999999331696066100,run_f01b53e4af30414694a3021b08c48566,ema_pullback:da9ee47024a9e601eb376d4b
w05-lb090-r2_0,lab_3d_w05_lb_ratio,5,90,2.0,6.0,3.0,0127774bdd10aad29a807b0bd07dacea3b919c5ae88f005d482043a40de5ed12,877,877,0.3466362599771949828962371722,1.012284672838276043415550220,34.99999999999999818076432137,34.99999999999999818076432137,0.04505472290314976246358026092,-0.2140030368050016549674328957,489,0.3640081799591002044989775051,45.00000000000000023980615325,45.00000000000000023980615325,388,0.3247422680412371134020618557,-10.00000000000000205904183185,-10.00000000000000205904183185,run_c88fd2f222d94326ae45e61e12ff8402,ema_pullback:0c9a462f10dd474a34d00c7c
w05-lb090-r2_25,lab_3d_w05_lb_ratio,5,90,2.25,6.75,3.0,0127774bdd10aad29a807b0bd07dacea3b919c5ae88f005d482043a40de5ed12,874,874,0.3180778032036613272311212815,0.9766779483561383179609885158,29.50000000000000190756479903,29.50000000000000190756479903,-0.07912528613537921294637900796,-0.2281657093518167831432082000,486,0.3271604938271604938271604938,30.75000000000000285298297233,30.75000000000000285298297233,388,0.3067010309278350515463917526,-1.250000000000000945418173357,-1.250000000000000945418173357,run_6ab454697ece4095ac9d97e0e9c6e025,ema_pullback:7a244fe7906e4ca7434f4d29
w05-lb090-r2_5,lab_3d_w05_lb_ratio,5,90,2.5,7.5,3.0,0127774bdd10aad29a807b0bd07dacea3b919c5ae88f005d482043a40de5ed12,873,873,0.3012600229095074455899198167,1.018722820018882089880736795,47.50000000000000401561703594,47.50000000000000401561703594,0.06946919652831137938408059197,-0.2206042998758598399713754585,486,0.3045267489711934156378600823,32.00000000000000568671902227,32.00000000000000568671902227,387,0.2971576227390180878552971576,15.49999999999999832889801369,15.49999999999999832889801369,run_19614472029b4c78ba8ed4ce3262839f,ema_pullback:5e652cf882e2c0d7a33e921c
w05-lb090-r2_75,lab_3d_w05_lb_ratio,5,90,2.75,8.25,3.0,0127774bdd10aad29a807b0bd07dacea3b919c5ae88f005d482043a40de5ed12,870,870,0.2919540229885057471264367816,1.071280947062727284188592942,82.50000000000000445464040152,82.50000000000000445464040152,0.2938675480629438811791985409,-0.2109016490446368677668902717,484,0.2933884297520661157024793388,48.50000000000000496353086953,48.50000000000000496353086953,386,0.2901554404145077720207253886,33.99999999999999949110953200,33.99999999999999949110953200,run_3cce89e847d3448c9ee1226eec1143b2,ema_pullback:75008ff89be07d647bb57401
w05-lb090-r3_0,lab_3d_w05_lb_ratio,5,90,3.0,9.0,3.0,0127774bdd10aad29a807b0bd07dacea3b919c5ae88f005d482043a40de5ed12,868,868,0.2707373271889400921658986175,1.048098739660591628804363626,72.00000000000000298091191664,72.00000000000000298091191664,0.1952428197683854768388086798,-0.2430693079128690108685018255,483,0.2732919254658385093167701863,45.00000000000000342330419906,45.00000000000000342330419906,385,0.2675324675324675324675324675,26.99999999999999955760771754,26.99999999999999955760771754,run_27244e29f30e44e694837e34b463b6c8,ema_pullback:e48ba82b788c0310c47678ad
w05-lb090-r3_25,lab_3d_w05_lb_ratio,5,90,3.25,9.75,3.0,0127774bdd10aad29a807b0bd07dacea3b919c5ae88f005d482043a40de5ed12,866,866,0.2644341801385681293302540416,1.099490699921280109490097109,107.2500000000000013472537001,107.2500000000000013472537001,0.4434465520700297324269394337,-0.1988493479040805933452445027,483,0.2670807453416149068322981366,65.25000000000000320184198019,65.25000000000000320184198019,383,0.2610966057441253263707571802,41.99999999999999814541171998,41.99999999999999814541171998,run_30af120d862648aba6828f586ff90d99,ema_pullback:9470c0f1e43e69e5fc84ce88
w05-lb090-r3_5,lab_3d_w05_lb_ratio,5,90,3.5,10.5,3.0,0127774bdd10aad29a807b0bd07dacea3b919c5ae88f005d482043a40de5ed12,859,859,0.2467986030267753201396973225,1.088424216693716986045145542,95.00000000000000622429286751,95.00000000000000622429286751,0.408353569429911948610143922,-0.1746155559067048627060195533,481,0.2494802494802494802494802495,59.00000000000000563220943119,59.00000000000000563220943119,378,0.2433862433862433862433862434,36.00000000000000059208343629,36.00000000000000059208343629,run_b90f11c57e1647d18c931ad98db1a913,ema_pullback:672025b5446b17d2a4aee780
w05-lb090-r3_75,lab_3d_w05_lb_ratio,5,90,3.75,11.25,3.0,0127774bdd10aad29a807b0bd07dacea3b919c5ae88f005d482043a40de5ed12,858,858,0.2377622377622377622377622378,1.119608873058468624376319953,111.0000000000000011160551001,111.0000000000000011160551001,0.5904667005487925839694525288,-0.1716067487880815646101534820,480,0.2354166666666666666666666667,56.75000000000000113500536941,56.75000000000000113500536941,378,0.2407407407407407407407407407,54.24999999999999998104973083,54.24999999999999998104973083,run_6b60cdc20c6d4511800515a76cdfa4cc,ema_pullback:1691104c38c0866039a91ca9
w05-lb090-r4_0,lab_3d_w05_lb_ratio,5,90,4.0,12.0,3.0,0127774bdd10aad29a807b0bd07dacea3b919c5ae88f005d482043a40de5ed12,853,853,0.2227432590855803048065650645,1.069427633260885729004728498,96.99999999999999962874907180,96.99999999999999962874907180,0.2949798212832480705885786119,-0.1983922658024472018325474484,476,0.2184873949579831932773109244,44.00000000000000055794857001,44.00000000000000055794857001,377,0.2281167108753315649867374005,52.99999999999999907080050167,52.99999999999999907080050167,run_7d10532662ca45e2a690fd86c11e829e,ema_pullback:c023ef6dfb187bef6ed891b7
w05-lb090-r4_25,lab_3d_w05_lb_ratio,5,90,4.25,12.75,3.0,0127774bdd10aad29a807b0bd07dacea3b919c5ae88f005d482043a40de5ed12,852,852,0.2171361502347417840375586854,1.098599904244399800657675572,119.2500000000000071657168436,119.2500000000000071657168436,0.4731419951998617720936198473,-0.1853489592554919267789055463,475,0.2126315789473684210526315789,55.25000000000000569006346036,55.25000000000000569006346036,377,0.2228116710875331564986737401,64.00000000000000147565338326,64.00000000000000147565338326,run_05ba93a0b21f428c9a1e7a2cfb9a74e4,ema_pullback:bd3b2aae82925250ac491bda
w05-lb090-r4_5,lab_3d_w05_lb_ratio,5,90,4.5,13.5,3.0,0127774bdd10aad29a807b0bd07dacea3b919c5ae88f005d482043a40de5ed12,845,845,0.2106508875739644970414201183,1.107112683190437372114195646,134.0000000000000019493306559,134.0000000000000019493306559,0.5148320905079157120638900753,-0.1889568505473231791011808262,471,0.2059447983014861995753715499,62.50000000000000279900358356,62.50000000000000279900358356,374,0.2165775401069518716577540107,71.49999999999999915032707236,71.49999999999999915032707236,run_41d201041c534fe4a437131e16ed6ebf,ema_pullback:8019b92c3075ee254385c329
w05-lb090-r4_75,lab_3d_w05_lb_ratio,5,90,4.75,14.25,3.0,0127774bdd10aad29a807b0bd07dacea3b919c5ae88f005d482043a40de5ed12,843,843,0.2004744958481613285883748517,1.108501736412069897904723181,128.7500000000000028162065294,128.7500000000000028162065294,0.5350154675955855512352329727,-0.1978979349183942764754055308,471,0.2016985138004246284501061571,75.25000000000000278822221939,75.25000000000000278822221939,372,0.1989247311827956989247311828,53.50000000000000002798431004,53.50000000000000002798431004,run_31714838c3394db1b6257efee081cb3d,ema_pullback:03cf3023a24d40387c72a37d
w05-lb090-r5_0,lab_3d_w05_lb_ratio,5,90,5.0,15.0,3.0,0127774bdd10aad29a807b0bd07dacea3b919c5ae88f005d482043a40de5ed12,837,837,0.1935483870967741935483870968,1.084501638299331068622397312,135.0000000000000021066767896,135.0000000000000021066767896,0.3683837399356483182352309301,-0.2176388275134733489205343828,469,0.1961620469083155650319829424,83.00000000000000820910793535,83.00000000000000820910793535,368,0.1902173913043478260869565217,51.99999999999999389756885422,51.99999999999999389756885422,run_0751af967ee64d05aed1e6e5f80a93c5,ema_pullback:32122667102ae805cedecc8c
w05-lb095-r2_0,lab_3d_w05_lb_ratio,5,95,2.0,6.0,3.0,0127774bdd10aad29a807b0bd07dacea3b919c5ae88f005d482043a40de5ed12,855,855,0.3520467836257309941520467836,1.033547089779913573892533340,47.99999999999999783188169664,47.99999999999999783188169664,0.1261548249917890789797166766,-0.1963524679240701667669467105,473,0.3720930232558139534883720930,54.99999999999999994630048268,54.99999999999999994630048268,382,0.3272251308900523560209424084,-7.00000000000000211441878603,-7.00000000000000211441878603,run_eb0eaa854afa47dd8c3278ccb7c2e20a,ema_pullback:68ca5190d37e61fa2fc538bf
w05-lb095-r2_25,lab_3d_w05_lb_ratio,5,95,2.25,6.75,3.0,0127774bdd10aad29a807b0bd07dacea3b919c5ae88f005d482043a40de5ed12,855,855,0.3228070175438596491228070175,0.9934967740849301819188256269,42.00000000000000149798244859,42.00000000000000149798244859,-0.02251791442869564198004460586,-0.2176822965390228582369737975,473,0.3340380549682875264270613108,40.50000000000000233264671351,40.50000000000000233264671351,382,0.3089005235602094240837696335,1.499999999999999165335735041,1.499999999999999165335735041,run_945c9ef5f33b4002a2f755275e1cdff2,ema_pullback:b79a163ccdd8bd9c3c0b2d46
w05-lb095-r2_5,lab_3d_w05_lb_ratio,5,95,2.5,7.5,3.0,0127774bdd10aad29a807b0bd07dacea3b919c5ae88f005d482043a40de5ed12,854,854,0.3056206088992974238875878220,1.035063082642216380085719890,59.50000000000000380748253248,59.50000000000000380748253248,0.1328488872476073589506689692,-0.2116618611696407453885638657,473,0.3107822410147991543340380550,41.50000000000000547858451873,41.50000000000000547858451873,381,0.2992125984251968503937007874,17.99999999999999832889801371,17.99999999999999832889801371,run_949332abe3a541048faec65ad8528f6f,ema_pullback:853df329b8cf90571fdac2fb
w05-lb095-r2_75,lab_3d_w05_lb_ratio,5,95,2.75,8.25,3.0,0127774bdd10aad29a807b0bd07dacea3b919c5ae88f005d482043a40de5ed12,851,851,0.2961222091656874265569917744,1.087295851728215493288347450,94.00000000000000451670401236,94.00000000000000451670401236,0.3676970973698118970643054837,-0.2035068028979588129663395508,471,0.2993630573248407643312101911,57.75000000000000485946361774,57.75000000000000485946361774,380,0.2921052631578947368421052632,36.24999999999999965724039458,36.24999999999999965724039458,run_a4892051a6a649fea4e28d1b03363d95,ema_pullback:ae4fc140ddeccc3e51917084
w05-lb095-r3_0,lab_3d_w05_lb_ratio,5,95,3.0,9.0,3.0,0127774bdd10aad29a807b0bd07dacea3b919c5ae88f005d482043a40de5ed12,849,849,0.2744405182567726737338044759,1.062938844128206222586202836,83.00000000000000234313509280,83.00000000000000234313509280,0.2608215076733492283895822341,-0.2376790662973462792505261776,470,0.2787234042553191489361702128,54.00000000000000300703519201,54.00000000000000300703519201,379,0.2691292875989445910290237467,28.99999999999999933609990084,28.99999999999999933609990084,run_1ed1a7a461024e89a7e1c874843e7f5c,ema_pullback:6812837f094169773657c0b3
w05-lb095-r3_25,lab_3d_w05_lb_ratio,5,95,3.25,9.75,3.0,0127774bdd10aad29a807b0bd07dacea3b919c5ae88f005d482043a40de5ed12,847,847,0.2680047225501770956316410862,1.114130282761767812877677228,117.7500000000000009796749908,117.7500000000000009796749908,0.5194852488632911893717876069,-0.1938642682565646360321424427,470,0.2723404255319148936170212766,74.00000000000000288964022486,74.00000000000000288964022486,377,0.2625994694960212201591511936,43.74999999999999809003476582,43.74999999999999809003476582,run_02c9da319ac54bd89ce2475214661c16,ema_pullback:894c5ba79e0b2d390b38c942
w05-lb095-r3_5,lab_3d_w05_lb_ratio,5,95,3.5,10.5,3.0,0127774bdd10aad29a807b0bd07dacea3b919c5ae88f005d482043a40de5ed12,840,840,0.25,1.101716710117076151543578040,105.0000000000000057106432653,105.0000000000000057106432653,0.4794719946467911232234927222,-0.1664918524192944636362197186,468,0.2542735042735042735042735043,67.50000000000000500780592061,67.50000000000000500780592061,372,0.2446236559139784946236559140,37.50000000000000070283734468,37.50000000000000070283734468,run_1d5ef8a3bf0a4b82b351257460c0dfd0,ema_pullback:74a179929133d9158e17553a
w05-lb095-r3_75,lab_3d_w05_lb_ratio,5,95,3.75,11.25,3.0,0127774bdd10aad29a807b0bd07dacea3b919c5ae88f005d482043a40de5ed12,839,839,0.2407628128724672228843861740,1.132448365182393197846393436,120.5000000000000003188340705,120.5000000000000003188340705,0.6673234215848105558841085198,-0.1688358993422046445662558482,467,0.2398286937901498929336188437,65.00000000000000061466911048,65.00000000000000061466911048,372,0.2419354838709677419354838710,55.49999999999999970416495994,55.49999999999999970416495994,run_e71aa0164e224805819476c5a38867af,ema_pullback:7b2803d23f78b487995cfde8
w05-lb095-r4_0,lab_3d_w05_lb_ratio,5,95,4.0,12.0,3.0,0127774bdd10aad29a807b0bd07dacea3b919c5ae88f005d482043a40de5ed12,836,836,0.2248803827751196172248803828,1.079653659873950972594841706,103.9999999999999991017261564,103.9999999999999991017261564,0.3423748186014185802628553117,-0.1843079915544957151765551289,465,0.2215053763440860215053763441,50.00000000000000014167956294,50.00000000000000014167956294,371,0.2291105121293800539083557951,53.99999999999999896004659334,53.99999999999999896004659334,run_01514f84ff4c4283abbe507d362b6551,ema_pullback:bc700cc991e58fc876d1f31d
w05-lb095-r4_25,lab_3d_w05_lb_ratio,5,95,4.25,12.75,3.0,0127774bdd10aad29a807b0bd07dacea3b919c5ae88f005d482043a40de5ed12,835,835,0.2191616766467065868263473054,1.107925821473561055041602387,125.7500000000000064926230353,125.7500000000000064926230353,0.5239036964932366886354083554,-0.1752315404457754854887935813,464,0.2155172413793103448275862069,61.00000000000000496159269796,61.00000000000000496159269796,371,0.2237196765498652291105121294,64.75000000000000153103033744,64.75000000000000153103033744,run_44d12d6c295445d88b38a171b1c28f8e,ema_pullback:2ca8fbde27fca68ed6bbb93f
w05-lb095-r4_5,lab_3d_w05_lb_ratio,5,95,4.5,13.5,3.0,0127774bdd10aad29a807b0bd07dacea3b919c5ae88f005d482043a40de5ed12,828,828,0.2125603864734299516908212560,1.116060367514243237108194148,140.0000000000000013383004584,140.0000000000000013383004584,0.5637973432588159267079559894,-0.1706682686168169736698126098,460,0.2086956521739130434782608696,68.00000000000000196646556940,68.00000000000000196646556940,368,0.2173913043478260869565217391,71.99999999999999937183488914,71.99999999999999937183488914,run_f637f93ff8b847859acebc71d6f5c36f,ema_pullback:08c13aa72f1f1d41bae596b4
w05-lb095-r4_75,lab_3d_w05_lb_ratio,5,95,4.75,14.25,3.0,0127774bdd10aad29a807b0bd07dacea3b919c5ae88f005d482043a40de5ed12,826,826,0.2021791767554479418886198547,1.116719804827698055466020909,134.2500000000000019903551717,134.2500000000000019903551717,0.5813672318331334025503270668,-0.1798109695778047132653632584,460,0.2043478260869565217391304348,80.50000000000000185161695342,80.50000000000000185161695342,366,0.1994535519125683060109289617,53.75000000000000013873821843,53.75000000000000013873821843,run_fd91e88b7f1042c6b04295976db9e6f1,ema_pullback:bbd7cc1bafac5bc4656715cc
w05-lb095-r5_0,lab_3d_w05_lb_ratio,5,95,5.0,15.0,3.0,0127774bdd10aad29a807b0bd07dacea3b919c5ae88f005d482043a40de5ed12,820,820,0.1951219512195121951219512195,1.092498040866614882679093104,140.0000000000000012053885079,140.0000000000000012053885079,0.406801525434153607299789769,-0.2140520841445623977366669771,458,0.1986899563318777292576419214,88.00000000000000758470442473,88.00000000000000758470442473,362,0.1906077348066298342541436464,51.99999999999999362068408330,51.99999999999999362068408330,run_76ef99c4208e41419fa16a8a3d5e8a52,ema_pullback:529e4772cfe376aae528c779
w05-lb100-r2_0,lab_3d_w05_lb_ratio,5,100,2.0,6.0,3.0,0127774bdd10aad29a807b0bd07dacea3b919c5ae88f005d482043a40de5ed12,835,835,0.3544910179640718562874251497,1.037112919714402717038330065,52.99999999999999794182871078,52.99999999999999794182871078,0.1401806609470628031544304575,-0.1787265074656999491341371699,461,0.3731019522776572668112798265,55.00000000000000013351306768,55.00000000000000013351306768,374,0.3315508021390374331550802139,-2.000000000000002191684356878,-2.000000000000002191684356878,run_f36602b9c55f401d9e0354488ab90b25,ema_pullback:79fc1a70528cb2686b060981
w05-lb100-r2_25,lab_3d_w05_lb_ratio,5,100,2.25,6.75,3.0,0127774bdd10aad29a807b0bd07dacea3b919c5ae88f005d482043a40de5ed12,835,835,0.3245508982035928143712574850,0.9951974642308556959689885528,45.75000000000000213669649627,45.75000000000000213669649627,-0.0166924530087018178648419312,-0.1962413916428028978579345230,461,0.3340563991323210412147505423,39.50000000000000272024765600,39.50000000000000272024765600,374,0.3128342245989304812834224599,6.249999999999999416448840293,6.249999999999999416448840293,run_6cdeac7c27274937806fa9660cee9642,ema_pullback:cb342932825111987d71ea37
w05-lb100-r2_5,lab_3d_w05_lb_ratio,5,100,2.5,7.5,3.0,0127774bdd10aad29a807b0bd07dacea3b919c5ae88f005d482043a40de5ed12,834,834,0.3069544364508393285371702638,1.034797546898601551913125076,62.00000000000000388876448484,62.00000000000000388876448484,0.1323047011408907909033666815,-0.1918965571151519513834266707,461,0.3101952277657266811279826464,39.50000000000000536670254401,39.50000000000000536670254401,373,0.3029490616621983914209115282,22.49999999999999852206194081,22.49999999999999852206194081,run_05c550de5d0a4ecc8ee1d2f31fce3b8d,ema_pullback:e6c06de8e1ebd88e4ff6f68a
w05-lb100-r2_75,lab_3d_w05_lb_ratio,5,100,2.75,8.25,3.0,0127774bdd10aad29a807b0bd07dacea3b919c5ae88f005d482043a40de5ed12,832,832,0.296875,1.082104336937607697125956775,94.25000000000000428358163530,94.25000000000000428358163530,0.3467357727415304842012562166,-0.1975390920896943014920310903,460,0.2978260869565217391304347826,53.75000000000000480018877514,53.75000000000000480018877514,372,0.2956989247311827956989247312,40.49999999999999948339286016,40.49999999999999948339286016,run_74af0c0087174927820f93a25823edbc,ema_pullback:d6d18591ed79d16363916b31
w05-lb100-r3_0,lab_3d_w05_lb_ratio,5,100,3.0,9.0,3.0,0127774bdd10aad29a807b0bd07dacea3b919c5ae88f005d482043a40de5ed12,830,830,0.2746987951807228915662650602,1.056248708924327149813989602,82.00000000000000323694748870,82.00000000000000323694748870,0.2335827350755216844804378119,-0.2438862519699766784630070782,459,0.2766884531590413943355119826,49.00000000000000366905087528,49.00000000000000366905087528,371,0.2722371967654986522911051213,32.99999999999999956789661341,32.99999999999999956789661341,run_675dbbbc47374239861ad1ff5e003c46,ema_pullback:f9d53f8406f42efa0171807b
w05-lb100-r3_25,lab_3d_w05_lb_ratio,5,100,3.25,9.75,3.0,0127774bdd10aad29a807b0bd07dacea3b919c5ae88f005d482043a40de5ed12,828,828,0.2681159420289855072463768116,1.104709553654125301688319146,115.5000000000000017692771892,115.5000000000000017692771892,0.4771991215449966117400803672,-0.2022389183313538716823156125,459,0.2701525054466230936819172113,68.00000000000000342812931804,68.00000000000000342812931804,369,0.2655826558265582655826558266,47.49999999999999834114787108,47.49999999999999834114787108,run_720fd633bbf14c039ce7d30cbc839665,ema_pullback:9e3a0ee95505c8e7742277e1
w05-lb100-r3_5,lab_3d_w05_lb_ratio,5,100,3.5,10.5,3.0,0127774bdd10aad29a807b0bd07dacea3b919c5ae88f005d482043a40de5ed12,822,822,0.2506082725060827250608272506,1.108139688727970320252446102,105.0000000000000058943237415,105.0000000000000058943237415,0.5107534758275159362406494615,-0.1770166447805294587187734304,458,0.2510917030567685589519650655,59.50000000000000519148639675,59.50000000000000519148639675,364,0.25,45.50000000000000070283734467,45.50000000000000070283734467,run_bd45d081c68d4a8cbeba6f07234c4758,ema_pullback:7a2c8d78e2a3ba54f5dbe04f
w05-lb100-r3_75,lab_3d_w05_lb_ratio,5,100,3.75,11.25,3.0,0127774bdd10aad29a807b0bd07dacea3b919c5ae88f005d482043a40de5ed12,821,821,0.2411693057247259439707673569,1.138155728383856209481585288,119.5000000000000013722097352,119.5000000000000013722097352,0.6970243577983795686607692098,-0.1688358993422046445662558500,457,0.2363238512035010940919037199,56.00000000000000166804477516,56.00000000000000166804477516,364,0.2472527472527472527472527473,63.49999999999999970416495992,63.49999999999999970416495992,run_83a805fad06b4b4b976249c22386a531,ema_pullback:0d5188c5012257e6c8e1e87a
w05-lb100-r4_0,lab_3d_w05_lb_ratio,5,100,4.0,12.0,3.0,0127774bdd10aad29a807b0bd07dacea3b919c5ae88f005d482043a40de5ed12,818,818,0.2249388753056234718826405868,1.084113767427615368797665099,101.9999999999999994761513263,101.9999999999999994761513263,0.3618361114297892992275648211,-0.1974808390588632455916496329,455,0.2175824175824175824175824176,40.00000000000000051610473293,40.00000000000000051610473293,363,0.2341597796143250688705234160,61.99999999999999896004659334,61.99999999999999896004659334,run_856f20f0375241d5ac56aeb6e053a884,ema_pullback:234867bfdfb7bb8ad8a2b2ed
w05-lb100-r4_25,lab_3d_w05_lb_ratio,5,100,4.25,12.75,3.0,0127774bdd10aad29a807b0bd07dacea3b919c5ae88f005d482043a40de5ed12,817,817,0.2190942472460220318237454100,1.111424474600406819145115381,122.7500000000000075825787407,122.7500000000000075825787407,0.540965252780362057521346094,-0.1909483937543122733765649417,454,0.2114537444933920704845814978,50.00000000000000605154840337,50.00000000000000605154840337,363,0.2286501377410468319559228650,72.75000000000000153103033742,72.75000000000000153103033742,run_a4bc0c4623eb4fe5ad32404eba19ddc3,ema_pullback:d716b94099527bfcee54abeb
w05-lb100-r4_5,lab_3d_w05_lb_ratio,5,100,4.5,13.5,3.0,0127774bdd10aad29a807b0bd07dacea3b919c5ae88f005d482043a40de5ed12,811,811,0.2120838471023427866831072750,1.117593481226957827222936936,135.0000000000000022249591344,135.0000000000000022249591344,0.570639540469141626384317907,-0.1843722487892479715832518731,451,0.2039911308203991130820399113,55.00000000000000285312424559,55.00000000000000285312424559,360,0.2222222222222222222222222222,79.99999999999999937183488912,79.99999999999999937183488912,run_b0f4851bd20d4175a9ce86fab6bb47e0,ema_pullback:c99c8bc30fb9924fb48f85b9
w05-lb100-r4_75,lab_3d_w05_lb_ratio,5,100,4.75,14.25,3.0,0127774bdd10aad29a807b0bd07dacea3b919c5ae88f005d482043a40de5ed12,809,809,0.2014833127317676143386897404,1.117264464646300298016077611,128.2500000000000025904429471,128.2500000000000025904429471,0.5831277250641350283765411508,-0.1777521734020378072141110542,451,0.1995565410199556541019955654,66.50000000000000245170472884,66.50000000000000245170472884,358,0.2039106145251396648044692737,61.75000000000000013873821842,61.75000000000000013873821842,run_f7eb496ef3ab4fddb2fbf6b6137cb3de,ema_pullback:7dfbc3443bfaa6b9de1f6222
w05-lb100-r5_0,lab_3d_w05_lb_ratio,5,100,5.0,15.0,3.0,0127774bdd10aad29a807b0bd07dacea3b919c5ae88f005d482043a40de5ed12,805,805,0.1937888198757763975155279503,1.085386821812501076353490227,131.0000000000000007226134722,131.0000000000000007226134722,0.3758547334117454860345421924,-0.2347293507521636392038182413,449,0.1937639198218262806236080178,73.00000000000000710192938885,73.00000000000000710192938885,356,0.1938202247191011235955056180,57.99999999999999362068408331,57.99999999999999362068408331,run_c28da482d4c246f380cb2c43948ec017,ema_pullback:16ff9d3cbd7154901dbf77a6
w05-lb105-r2_0,lab_3d_w05_lb_ratio,5,105,2.0,6.0,3.0,0127774bdd10aad29a807b0bd07dacea3b919c5ae88f005d482043a40de5ed12,811,811,0.3563501849568434032059186190,1.049275059734071294809163580,55.99999999999999822625669813,55.99999999999999822625669813,0.182205900661697727204711254,-0.1388301003355980603912172665,448,0.375,56.00000000000000028160862429,56.00000000000000028160862429,363,0.3333333333333333333333333333,-2.055351926169E-15,-2.055351926169E-15,run_832a89e8db0d4a679ff43009bb07c50a,ema_pullback:05326eb6b16add6386e9bad8
w05-lb105-r2_25,lab_3d_w05_lb_ratio,5,105,2.25,6.75,3.0,0127774bdd10aad29a807b0bd07dacea3b919c5ae88f005d482043a40de5ed12,811,811,0.3255240443896424167694204686,1.002357722611312029922383565,47.00000000000000307246533651,47.00000000000000307246533651,0.007993180316597577928307598075,-0.1761140611457883959929280694,448,0.3348214285714285714285714286,39.50000000000000344041099131,39.50000000000000344041099131,363,0.3140495867768595041322314050,7.499999999999999632054345192,7.499999999999999632054345192,run_33fc220aef8840c69a4db29ba879295f,ema_pullback:50624e92743adb72bbfe9278
w05-lb105-r2_5,lab_3d_w05_lb_ratio,5,105,2.5,7.5,3.0,0127774bdd10aad29a807b0bd07dacea3b919c5ae88f005d482043a40de5ed12,810,810,0.3086419753086419753086419753,1.042036287194284945569931494,65.00000000000000466387581064,65.00000000000000466387581064,0.1555226696420223303834134876,-0.1549598192324362343869482526,448,0.3102678571428571428571428571,38.50000000000000599737403979,38.50000000000000599737403979,362,0.3066298342541436464088397790,26.49999999999999866650177083,26.49999999999999866650177083,run_81b33f6d651b438994ef34501c5ab731,ema_pullback:4aac66d0afc19b543c48a440
w05-lb105-r2_75,lab_3d_w05_lb_ratio,5,105,2.75,8.25,3.0,0127774bdd10aad29a807b0bd07dacea3b919c5ae88f005d482043a40de5ed12,808,808,0.2982673267326732673267326733,1.087905493869079832478191092,95.75000000000000504178574970,95.75000000000000504178574970,0.3595065746052104779600716948,-0.1831077896545817816069815391,447,0.2975391498881431767337807606,51.75000000000000565625781083,51.75000000000000565625781083,361,0.2991689750692520775623268698,43.99999999999999938552793884,43.99999999999999938552793884,run_0bc5a50795a34b469b61ec101b281923,ema_pullback:992bec7e8ea2a6f7ba5d0f82
w05-lb105-r3_0,lab_3d_w05_lb_ratio,5,105,3.0,9.0,3.0,0127774bdd10aad29a807b0bd07dacea3b919c5ae88f005d482043a40de5ed12,807,807,0.2775712515489467162329615861,1.076994965712651822554087440,89.00000000000000378061286378,89.00000000000000378061286378,0.3192489438618126863560073284,-0.2132343049908745348377257333,447,0.2796420581655480984340044743,53.00000000000000399134140156,53.00000000000000399134140156,360,0.275,35.99999999999999978927146222,35.99999999999999978927146222,run_d5a8fa5b58f34c2b91495513209ca400,ema_pullback:4bbd34996ce9c5d59dfb9958
w05-lb105-r3_25,lab_3d_w05_lb_ratio,5,105,3.25,9.75,3.0,0127774bdd10aad29a807b0bd07dacea3b919c5ae88f005d482043a40de5ed12,805,805,0.2708074534161490683229813665,1.125400115023307454595574408,121.5000000000000021245263738,121.5000000000000021245263738,0.5698148357831542384707571726,-0.1709902040158631813243254589,447,0.2729306487695749440715883669,71.50000000000000392442603710,71.50000000000000392442603710,358,0.2681564245810055865921787709,49.99999999999999820010033653,49.99999999999999820010033653,run_ad5500d83f8c4be5a109f86d79b7f1ae,ema_pullback:df6ffd58e6d10ceff27d5c5d
w05-lb105-r3_5,lab_3d_w05_lb_ratio,5,105,3.5,10.5,3.0,0127774bdd10aad29a807b0bd07dacea3b919c5ae88f005d482043a40de5ed12,802,802,0.2518703241895261845386533666,1.117559611131241298189931555,107.0000000000000062345702669,107.0000000000000062345702669,0.5503214149943496710796635404,-0.1529644186707207711422930499,447,0.2527964205816554809843400447,61.50000000000000521720825599,61.50000000000000521720825599,355,0.2507042253521126760563380282,45.50000000000000101736201095,45.50000000000000101736201095,run_2a6fb12acbcc4500a0eb91baab85aa62,ema_pullback:a078eb5ba48d4103cfadd54d
w05-lb105-r3_75,lab_3d_w05_lb_ratio,5,105,3.75,11.25,3.0,0127774bdd10aad29a807b0bd07dacea3b919c5ae88f005d482043a40de5ed12,801,801,0.2421972534332084893882646692,1.146403641976294770048229718,120.5000000000000021199044846,120.5000000000000021199044846,0.7305274415619216461491057229,-0.1579808693833381798292338103,446,0.2376681614349775784753363229,57.50000000000000205463994950,57.50000000000000205463994950,355,0.2478873239436619718309859155,63.00000000000000006526453497,63.00000000000000006526453497,run_312e38ee2a864ed3a28d08f6dd834ca5,ema_pullback:01a5f092cc694ef490ff3759
w05-lb105-r4_0,lab_3d_w05_lb_ratio,5,105,4.0,12.0,3.0,0127774bdd10aad29a807b0bd07dacea3b919c5ae88f005d482043a40de5ed12,799,799,0.2252816020025031289111389237,1.087909274353153177012932948,100.9999999999999994423989208,100.9999999999999994423989208,0.3729847655369341228927682548,-0.1895001355547670060877943020,445,0.2179775280898876404494382022,40.00000000000000051610473294,40.00000000000000051610473294,354,0.2344632768361581920903954802,60.99999999999999892629418774,60.99999999999999892629418774,run_4f24a0abb78b4ebcbc2c08bc3bda193a,ema_pullback:a975cb2d9b5ea65f1d5464af
w05-lb105-r4_25,lab_3d_w05_lb_ratio,5,105,4.25,12.75,3.0,0127774bdd10aad29a807b0bd07dacea3b919c5ae88f005d482043a40de5ed12,798,798,0.2205513784461152882205513784,1.126549575051039050082687783,126.0000000000000074644775211,126.0000000000000074644775211,0.6037490191678200702436613997,-0.1829027279269847623098550843,444,0.2117117117117117117117117117,49.50000000000000595470778825,49.50000000000000595470778825,354,0.2316384180790960451977401130,76.50000000000000150976973291,76.50000000000000150976973291,run_2cb3a0a0012a4db7bdb3de1076338701,ema_pullback:07c7b2cbfe8506798454a4a3
w05-lb105-r4_5,lab_3d_w05_lb_ratio,5,105,4.5,13.5,3.0,0127774bdd10aad29a807b0bd07dacea3b919c5ae88f005d482043a40de5ed12,792,792,0.2133838383838383838383838384,1.131938417150774234194909243,137.5000000000000028874022695,137.5000000000000028874022695,0.6273119603146920961636410038,-0.1762611860645995465932620495,441,0.2040816326530612244897959184,54.00000000000000338800375346,54.00000000000000338800375346,351,0.2250712250712250712250712251,83.49999999999999949939851637,83.49999999999999949939851637,run_7873dbad082f44bc8b975cf07e0bc5ec,ema_pullback:9427f32277773d7e3c7bd8c7
w05-lb105-r4_75,lab_3d_w05_lb_ratio,5,105,4.75,14.25,3.0,0127774bdd10aad29a807b0bd07dacea3b919c5ae88f005d482043a40de5ed12,790,790,0.2025316455696202531645569620,1.130251685830400340294361250,130.0000000000000030151151397,130.0000000000000030151151397,0.6329209750258348362595056027,-0.1695752769111549027242777949,441,0.1995464852607709750566893424,65.00000000000000259998906242,65.00000000000000259998906242,349,0.2063037249283667621776504298,65.00000000000000041512607742,65.00000000000000041512607742,run_67eb7a8e4a78499b90573cd1365cb651,ema_pullback:10809f714132fbf67776a0cb
w05-lb105-r5_0,lab_3d_w05_lb_ratio,5,105,5.0,15.0,3.0,0127774bdd10aad29a807b0bd07dacea3b919c5ae88f005d482043a40de5ed12,786,786,0.1946564885496183206106870229,1.096208574907576435786455440,132.0000000000000014701160892,132.0000000000000014701160892,0.4128006578930198296728479678,-0.2271190674726069310863781297,439,0.1936218678815489749430523918,71.00000000000000742421991514,71.00000000000000742421991514,347,0.1959654178674351585014409222,60.99999999999999404589617404,60.99999999999999404589617404,run_ae933c7c41eb4603825d2249fccc9a47,ema_pullback:67e625a1aae341028b6e2e5d
w05-lb110-r2_0,lab_3d_w05_lb_ratio,5,110,2.0,6.0,3.0,0127774bdd10aad29a807b0bd07dacea3b919c5ae88f005d482043a40de5ed12,788,788,0.3553299492385786802030456853,1.047816555764236764514817362,51.99999999999999825624519127,51.99999999999999825624519127,0.1722514886793517802402388587,-0.1478794327787094018801029080,436,0.3784403669724770642201834862,59.00000000000000028160862429,59.00000000000000028160862429,352,0.3267045454545454545454545455,-7.000000000000002025363433020,-7.000000000000002025363433020,run_a5ca0cef44fe45969dfbbb9381b34896,ema_pullback:3263d6022daeeb75b9d42aaa
w05-lb110-r2_25,lab_3d_w05_lb_ratio,5,110,2.25,6.75,3.0,0127774bdd10aad29a807b0bd07dacea3b919c5ae88f005d482043a40de5ed12,788,788,0.3236040609137055837563451777,0.9961968118912961532077641270,40.75000000000000215829640409,40.75000000000000215829640409,-0.01250841602385758997214818193,-0.1883515668942583877294268783,436,0.3371559633027522935779816514,41.75000000000000291413581593,41.75000000000000291413581593,352,0.3068181818181818181818181818,-1.000000000000000755839411912,-1.000000000000000755839411912,run_a6e1e44c8315448cb87505c626d9bbdd,ema_pullback:aab3c53fff939764242c2825
w05-lb110-r2_5,lab_3d_w05_lb_ratio,5,110,2.5,7.5,3.0,0127774bdd10aad29a807b0bd07dacea3b919c5ae88f005d482043a40de5ed12,787,787,0.3062261753494282083862770013,1.033197334770764714954219607,56.50000000000000416400274348,56.50000000000000416400274348,0.118436208976267458690351237,-0.1670318721825483692025252656,436,0.3119266055045871559633027523,40.00000000000000606462776296,40.00000000000000606462776296,351,0.2991452991452991452991452991,16.49999999999999809937498053,16.49999999999999809937498053,run_a1c7dd64238b4562b828fec8ac98189e,ema_pullback:bf795c1ff99e0be97c4ae15f
w05-lb110-r2_75,lab_3d_w05_lb_ratio,5,110,2.75,8.25,3.0,0127774bdd10aad29a807b0bd07dacea3b919c5ae88f005d482043a40de5ed12,785,785,0.2955414012738853503184713376,1.076586344564741162295105598,85.00000000000000491989008620,85.00000000000000491989008620,0.3001090047850579742644761037,-0.1795104090424258451602609434,435,0.2988505747126436781609195402,52.50000000000000497743228478,52.50000000000000497743228478,350,0.2914285714285714285714285714,32.49999999999999994245780138,32.49999999999999994245780138,run_e6a823dd8799460d97709d1c5afffe2a,ema_pullback:c2733d2bb752f9b6d9ab93a1
w05-lb110-r3_0,lab_3d_w05_lb_ratio,5,110,3.0,9.0,3.0,0127774bdd10aad29a807b0bd07dacea3b919c5ae88f005d482043a40de5ed12,784,784,0.2755102040816326530612244898,1.073047445821395097585858289,80.00000000000000347272805070,80.00000000000000347272805070,0.2957337167930966022421763486,-0.2205031263743938428979813877,435,0.2804597701149425287356321839,53.00000000000000385683395524,53.00000000000000385683395524,349,0.2693409742120343839541547278,26.99999999999999961589409546,26.99999999999999961589409546,run_3726811cd7eb480997f9f0bc5663a989,ema_pullback:2ed42369524d8ec7d95c3078
w05-lb110-r3_25,lab_3d_w05_lb_ratio,5,110,3.25,9.75,3.0,0127774bdd10aad29a807b0bd07dacea3b919c5ae88f005d482043a40de5ed12,783,783,0.2681992337164750957854406130,1.117410378690030972915570768,109.5000000000000023668199948,109.5000000000000023668199948,0.5166758446845302842176147439,-0.1801234826205751118347997954,435,0.2735632183908045977011494253,70.75000000000000358186912694,70.75000000000000358186912694,348,0.2614942528735632183908045977,38.74999999999999878495086779,38.74999999999999878495086779,run_a9e0ae5c0fa543448f5f29203b302084,ema_pullback:842fc5cbe2d53bb05f5150ed
w05-lb110-r3_5,lab_3d_w05_lb_ratio,5,110,3.5,10.5,3.0,0127774bdd10aad29a807b0bd07dacea3b919c5ae88f005d482043a40de5ed12,780,780,0.25,1.113201728393368044449982388,97.50000000000000538240627581,97.50000000000000538240627581,0.5120820869061750007534926668,-0.1529644186707207711422930528,435,0.2528735632183908045977011494,60.00000000000000489916535163,60.00000000000000489916535163,345,0.2463768115942028985507246377,37.50000000000000048324092409,37.50000000000000048324092409,run_a1ed494f5ad342478a313687b7efda91,ema_pullback:dec11db53feeebb3fad2646a
w05-lb110-r3_75,lab_3d_w05_lb_ratio,5,110,3.75,11.25,3.0,0127774bdd10aad29a807b0bd07dacea3b919c5ae88f005d482043a40de5ed12,779,779,0.2413350449293966623876765083,1.144162519598776587779292383,114.0000000000000021113640389,114.0000000000000021113640389,0.6964469326984096131138248849,-0.1481506248087534244459348002,434,0.2373271889400921658986175115,55.25000000000000203012594365,55.25000000000000203012594365,345,0.2463768115942028985507246377,58.75000000000000008123809519,58.75000000000000008123809519,run_8e05ce5f51b94b76bde76668fdd34731,ema_pullback:595937d64e19486997930d47
w05-lb110-r4_0,lab_3d_w05_lb_ratio,5,110,4.0,12.0,3.0,0127774bdd10aad29a807b0bd07dacea3b919c5ae88f005d482043a40de5ed12,777,777,0.2252252252252252252252252252,1.086697838439761296058321561,97.99999999999999924782836820,97.99999999999999924782836820,0.3555665674756713480491580008,-0.1895001355547670060877943009,433,0.2170900692840646651270207852,37.00000000000000051610473294,37.00000000000000051610473294,344,0.2354651162790697674418604651,60.99999999999999873172363529,60.99999999999999873172363529,run_7e7a0aae8a5b4d43b9c568805b035579,ema_pullback:cc8e36fda1535d4bb1670f2d
w05-lb110-r4_25,lab_3d_w05_lb_ratio,5,110,4.25,12.75,3.0,0127774bdd10aad29a807b0bd07dacea3b919c5ae88f005d482043a40de5ed12,776,776,0.2203608247422680412371134021,1.124590099160991306949903762,121.7500000000000060945593967,121.7500000000000060945593967,0.5722294990653691433086086651,-0.1829027279269847623098550864,432,0.2106481481481481481481481481,45.75000000000000522685425056,45.75000000000000522685425056,344,0.2325581395348837209302325581,76.00000000000000086770514635,76.00000000000000086770514635,run_54284f7dd9ae4ee18627d1bd8bd6f302,ema_pullback:fe634ef195ebcca8df1378f5
w05-lb110-r4_5,lab_3d_w05_lb_ratio,5,110,4.5,13.5,3.0,0127774bdd10aad29a807b0bd07dacea3b919c5ae88f005d482043a40de5ed12,771,771,0.2127107652399481193255512322,1.125339724369532109901994743,130.9999999999999998047140395,130.9999999999999998047140395,0.5686082610171218035527505843,-0.1762611860645995465932620509,429,0.2027972027972027972027972028,49.50000000000000164663443630,49.50000000000000164663443630,342,0.2251461988304093567251461988,81.49999999999999815807960345,81.49999999999999815807960345,run_be03ba065c37402386a982ff90794e22,ema_pullback:1cd0a2fb4741c713df9795a0
w05-lb110-r4_75,lab_3d_w05_lb_ratio,5,110,4.75,14.25,3.0,0127774bdd10aad29a807b0bd07dacea3b919c5ae88f005d482043a40de5ed12,769,769,0.2015604681404421326397919376,1.121942317696774896623019279,122.2500000000000012130177582,122.2500000000000012130177582,0.5629448075177114098333455833,-0.1695752769111549027242777990,429,0.1981351981351981351981351981,59.75000000000000093938924792,59.75000000000000093938924792,340,0.2058823529411764705882352941,62.50000000000000027362851042,62.50000000000000027362851042,run_7c0b53ee1e26455eb63bd0ed308a0723,ema_pullback:948a0edc4693612057ce145b
w05-lb110-r5_0,lab_3d_w05_lb_ratio,5,110,5.0,15.0,3.0,0127774bdd10aad29a807b0bd07dacea3b919c5ae88f005d482043a40de5ed12,765,765,0.1934640522875816993464052288,1.084309845057120466754833605,123.0000000000000005124321442,123.0000000000000005124321442,0.342762856173256958024981159,-0.2271190674726069310863781326,427,0.1920374707259953161592505855,65.00000000000000809675714685,65.00000000000000809675714685,338,0.1952662721893491124260355030,57.99999999999999241567499732,57.99999999999999241567499732,run_73d9a50dd0034b4aa4df3b574fa65ff4,ema_pullback:a650e589cdc1185aa70b7fd3
w05-lb115-r2_0,lab_3d_w05_lb_ratio,5,115,2.0,6.0,3.0,0127774bdd10aad29a807b0bd07dacea3b919c5ae88f005d482043a40de5ed12,767,767,0.3572359843546284224250325945,1.062252859017506163203838766,54.99999999999999837343285117,54.99999999999999837343285117,0.2244411346803156250108443574,-0.1599451871229732077503235759,422,0.3791469194312796208530805687,58.00000000000000039879628417,58.00000000000000039879628417,345,0.3304347826086956521739130435,-3.000000000000002025363433010,-3.000000000000002025363433010,run_78278f355e464954acdf7b4c528dd3de,ema_pullback:14f106cdcb20f9d6cfd25284
w05-lb115-r2_25,lab_3d_w05_lb_ratio,5,115,2.25,6.75,3.0,0127774bdd10aad29a807b0bd07dacea3b919c5ae88f005d482043a40de5ed12,767,767,0.3246414602346805736636245111,1.007526770666270444581688327,42.25000000000000200907246187,42.25000000000000200907246187,0.02472345569768881630620608498,-0.1938239033706782644264352356,422,0.3364928909952606635071090047,39.50000000000000288983396354,39.50000000000000288983396354,345,0.3101449275362318840579710145,2.749999999999999119238498280,2.749999999999999119238498280,run_ea83ecffd0d647dd946ff61b3d41bcf3,ema_pullback:f76ee46f3721c8e334e285f8
w05-lb115-r2_5,lab_3d_w05_lb_ratio,5,115,2.5,7.5,3.0,0127774bdd10aad29a807b0bd07dacea3b919c5ae88f005d482043a40de5ed12,767,767,0.3063885267275097783572359844,1.040017370732373797086494791,55.50000000000000434720366079,55.50000000000000434720366079,0.1426224988168802265360508022,-0.1935865255432187131230481189,422,0.3104265402843601895734597156,36.50000000000000633111007347,36.50000000000000633111007347,345,0.3014492753623188405797101449,18.99999999999999801609358731,18.99999999999999801609358731,run_af0f10d6bb88461486ed7d9e428cd7e0,ema_pullback:3f405ed2133f616044bc8b32
w05-lb115-r2_75,lab_3d_w05_lb_ratio,5,115,2.75,8.25,3.0,0127774bdd10aad29a807b0bd07dacea3b919c5ae88f005d482043a40de5ed12,765,765,0.2954248366013071895424836601,1.081792439236565430363374613,82.50000000000000494500272366,82.50000000000000494500272366,0.319574803528747040183419552,-0.1987680793861102261745790691,421,0.2969121140142517814726840855,47.75000000000000537731119173,47.75000000000000537731119173,344,0.2936046511627906976744186047,34.74999999999999956769153192,34.74999999999999956769153192,run_e2985b96743541e0a85359af5a97de8f,ema_pullback:5ed18eaffa00b85d43018df7
w05-lb115-r3_0,lab_3d_w05_lb_ratio,5,115,3.0,9.0,3.0,0127774bdd10aad29a807b0bd07dacea3b919c5ae88f005d482043a40de5ed12,764,764,0.2748691099476439790575916230,1.076098853865007537354733893,76.00000000000000382574330018,76.00000000000000382574330018,0.3065798652743667298106690308,-0.2396831985646653260850673583,421,0.2779097387173396674584323040,47.00000000000000404328641834,47.00000000000000404328641834,343,0.2711370262390670553935860058,28.99999999999999978245688189,28.99999999999999978245688189,run_5fc8cddff5664bcf82430417c6c1b979,ema_pullback:fab0eb0a163b166dca55824a
w05-lb115-r3_25,lab_3d_w05_lb_ratio,5,115,3.25,9.75,3.0,0127774bdd10aad29a807b0bd07dacea3b919c5ae88f005d482043a40de5ed12,763,763,0.2673656618610747051114023591,1.118937372224871315998782962,104.0000000000000028835856351,104.0000000000000028835856351,0.5194351705471518591001887073,-0.1954842440304724550986402272,421,0.2707838479809976247030878860,63.50000000000000405699407060,63.50000000000000405699407060,342,0.2631578947368421052631578947,40.49999999999999882659156439,40.49999999999999882659156439,run_14d47044eda14d3a84174ddf0424b3da,ema_pullback:c34ff829cd95f9b98da0f326
w05-lb115-r3_5,lab_3d_w05_lb_ratio,5,115,3.5,10.5,3.0,0127774bdd10aad29a807b0bd07dacea3b919c5ae88f005d482043a40de5ed12,760,760,0.2486842105263157894736842105,1.112790672718921097816729384,90.50000000000000606986748690,90.50000000000000606986748690,0.5050024910663073911988605415,-0.1667133308331043459621085400,421,0.2494061757719714964370546318,51.50000000000000566990795604,51.50000000000000566990795604,339,0.2477876106194690265486725664,39.00000000000000039995953089,39.00000000000000039995953089,run_38fd856451964efba5ee63e22b39fba0,ema_pullback:23cc50dd79ced74cf37d225c
w05-lb115-r3_75,lab_3d_w05_lb_ratio,5,115,3.75,11.25,3.0,0127774bdd10aad29a807b0bd07dacea3b919c5ae88f005d482043a40de5ed12,760,760,0.2394736842105263157894736842,1.139576768909806305434054203,104.5000000000000028286693195,104.5000000000000028286693195,0.6648165301470714049233763598,-0.1527359333165643414741518076,421,0.2327790973871733966745843230,44.50000000000000295563470724,44.50000000000000295563470724,339,0.2477876106194690265486725664,59.99999999999999987303461215,59.99999999999999987303461215,run_d15e1ff262b64cc7bcf30c55f4784424,ema_pullback:ad34410bbf5c079581feb80c
w05-lb115-r4_0,lab_3d_w05_lb_ratio,5,115,4.0,12.0,3.0,0127774bdd10aad29a807b0bd07dacea3b919c5ae88f005d482043a40de5ed12,758,758,0.2242744063324538258575197889,1.085777140528556779966970470,91.99999999999999933871811366,91.99999999999999933871811366,0.3469034752088866974659554092,-0.2125158123083757761037054215,420,0.2142857142857142857142857143,30.00000000000000060699447838,30.00000000000000060699447838,338,0.2366863905325443786982248521,61.99999999999999873172363527,61.99999999999999873172363527,run_a1b05057cbad4da586decd663ccbfdcd,ema_pullback:d81f5756f4641b8a7b3a0abc
w05-lb115-r4_25,lab_3d_w05_lb_ratio,5,115,4.25,12.75,3.0,0127774bdd10aad29a807b0bd07dacea3b919c5ae88f005d482043a40de5ed12,757,757,0.2192866578599735799207397622,1.122571675566146658399587089,114.5000000000000061702205594,114.5000000000000061702205594,0.5535318945167148383768622902,-0.2029184884675572709222970137,419,0.2076372315035799522673031026,37.75000000000000542743750290,37.75000000000000542743750290,338,0.2337278106508875739644970414,76.75000000000000074278305650,76.75000000000000074278305650,run_d9d65ee3ac814060b6d8112ba4326bb1,ema_pullback:78fff17b29cb9de3d65f52e5
w05-lb115-r4_5,lab_3d_w05_lb_ratio,5,115,4.5,13.5,3.0,0127774bdd10aad29a807b0bd07dacea3b919c5ae88f005d482043a40de5ed12,752,752,0.2114361702127659574468085106,1.121706804585927900247470643,122.5000000000000000491705988,122.5000000000000000491705988,0.5413816033292273952376551546,-0.1971020655629571051432386606,416,0.1995192307692307692307692308,40.50000000000000214093517516,40.50000000000000214093517516,336,0.2261904761904761904761904762,81.99999999999999790823542378,81.99999999999999790823542378,run_2c0830cf09fd49f893cb5c533ad8b4f1,ema_pullback:1d8cf50af6639165f786cf78
w05-lb115-r4_75,lab_3d_w05_lb_ratio,5,115,4.75,14.25,3.0,0127774bdd10aad29a807b0bd07dacea3b919c5ae88f005d482043a40de5ed12,750,750,0.2,1.116754254807745509937339468,112.5000000000000027430204338,112.5000000000000027430204338,0.527332451198475659835213386,-0.1876970984408435118726592387,416,0.1947115384615384615384615385,49.75000000000000251103262002,49.75000000000000251103262002,334,0.2065868263473053892215568862,62.75000000000000023198781379,62.75000000000000023198781379,run_70f1ec20e5bc43b78814995255823a0d,ema_pullback:1157f873fc83931ab7d4e640
w05-lb115-r5_0,lab_3d_w05_lb_ratio,5,115,5.0,15.0,3.0,0127774bdd10aad29a807b0bd07dacea3b919c5ae88f005d482043a40de5ed12,747,747,0.1927710843373493975903614458,1.083895950662972540098492432,117.0000000000000013623082517,117.0000000000000013623082517,0.3358041529891097024216994893,-0.2269843990771826431063292055,415,0.1903614457831325301204819277,59.00000000000000911319604071,59.00000000000000911319604071,332,0.1957831325301204819277108434,57.99999999999999224911221087,57.99999999999999224911221087,run_8d8da638a9504602ba52414561f35422,ema_pullback:a58f3a490d8803fe72d51666
w05-lb120-r2_0,lab_3d_w05_lb_ratio,5,120,2.0,6.0,3.0,0127774bdd10aad29a807b0bd07dacea3b919c5ae88f005d482043a40de5ed12,751,751,0.3595206391478029294274300932,1.074859468303830435776897777,58.99999999999999837343285115,58.99999999999999837343285115,0.2665519972610930972520697543,-0.1394220497634392674098033726,413,0.3825665859564164648910411622,61.00000000000000039879628417,61.00000000000000039879628417,338,0.3313609467455621301775147929,-2.000000000000002025363433022,-2.000000000000002025363433022,run_947e5143b91d429f87a43b76e845eb5f,ema_pullback:09dff609274ce3a43a7be6a6
w05-lb120-r2_25,lab_3d_w05_lb_ratio,5,120,2.25,6.75,3.0,0127774bdd10aad29a807b0bd07dacea3b919c5ae88f005d482043a40de5ed12,751,751,0.3262316910785619174434087883,1.016702666554290872840652280,45.25000000000000208058388977,45.25000000000000208058388977,0.05422300448324576122720975365,-0.1894573608272008865557194884,413,0.3389830508474576271186440678,42.00000000000000273334871454,42.00000000000000273334871454,338,0.3106508875739644970414201183,3.249999999999999347235175176,3.249999999999999347235175176,run_a91e2f6bf3b14305bac97088f0801c87,ema_pullback:0c7d42b3167494fdfeb1f963
w05-lb120-r2_5,lab_3d_w05_lb_ratio,5,120,2.5,7.5,3.0,0127774bdd10aad29a807b0bd07dacea3b919c5ae88f005d482043a40de5ed12,751,751,0.3075898801597869507323568575,1.048070730558656161724498631,57.50000000000000397993295811,57.50000000000000397993295811,0.1691567795981784785286112827,-0.1875614605263865925535218406,413,0.3123486682808716707021791768,38.50000000000000586303387507,38.50000000000000586303387507,338,0.3017751479289940828402366864,18.99999999999999811689908301,18.99999999999999811689908301,run_f88ef7f40ea842dbb394e01282542d11,ema_pullback:a8f81a4847212496a3927e18
w05-lb120-r2_75,lab_3d_w05_lb_ratio,5,120,2.75,8.25,3.0,0127774bdd10aad29a807b0bd07dacea3b919c5ae88f005d482043a40de5ed12,749,749,0.2963951935914552736982643525,1.088985174009570906164563164,83.50000000000000464924344885,83.50000000000000464924344885,0.3429245851340444215259123974,-0.1980114909139371355798737089,412,0.2985436893203883495145631068,49.25000000000000475274974434,49.25000000000000475274974434,337,0.2937685459940652818991097923,34.24999999999999989649370448,34.24999999999999989649370448,run_704c112ace3840d7bd1e0556192cbfce,ema_pullback:fdb9f3aae489249bb92264b9
w05-lb120-r3_0,lab_3d_w05_lb_ratio,5,120,3.0,9.0,3.0,0127774bdd10aad29a807b0bd07dacea3b919c5ae88f005d482043a40de5ed12,748,748,0.2767379679144385026737967914,1.087757655739851159928011080,80.00000000000000313209270278,80.00000000000000313209270278,0.3488972985770382889340715246,-0.2398641889580539325859823578,412,0.2791262135922330097087378641,48.00000000000000334963582093,48.00000000000000334963582093,336,0.2738095238095238095238095238,31.99999999999999978245688187,31.99999999999999978245688187,run_ad0c7faef50e492c98f6eb3ef702a6d9,ema_pullback:d146048d3786dd36b7696db4
w05-lb120-r3_25,lab_3d_w05_lb_ratio,5,120,3.25,9.75,3.0,0127774bdd10aad29a807b0bd07dacea3b919c5ae88f005d482043a40de5ed12,747,747,0.2690763052208835341365461847,1.130587893380791524225894879,107.2500000000000022385251289,107.2500000000000022385251289,0.5621039281573377307316128519,-0.1966247124360069979802849462,412,0.2718446601941747572815533981,64.00000000000000353675612252,64.00000000000000353675612252,335,0.2656716417910447761194029851,43.24999999999999870176900627,43.24999999999999870176900627,run_a951cafa77084fa18c4742d8c6eadf36,ema_pullback:0b2f5d1cb18d15fbcc9740b4
w05-lb120-r3_5,lab_3d_w05_lb_ratio,5,120,3.5,10.5,3.0,0127774bdd10aad29a807b0bd07dacea3b919c5ae88f005d482043a40de5ed12,745,745,0.2510067114093959731543624161,1.126721721613315064399458072,96.50000000000000571589887131,96.50000000000000571589887131,0.5547822786881025651634964135,-0.1688751608800989871665163477,412,0.2524271844660194174757281553,56.00000000000000556558445671,56.00000000000000556558445671,333,0.2492492492492492492492492492,40.50000000000000015031441465,40.50000000000000015031441465,run_7b4e836fa9e54a13b4562e89bfa6e3e2,ema_pullback:bbb992794cd57fe2b243f89c
w05-lb120-r3_75,lab_3d_w05_lb_ratio,5,120,3.75,11.25,3.0,0127774bdd10aad29a807b0bd07dacea3b919c5ae88f005d482043a40de5ed12,745,745,0.2416107382550335570469798658,1.153980733952128600493076003,110.0000000000000024430380131,110.0000000000000024430380131,0.7161631479525134850839509356,-0.1527359333165643414741518062,412,0.2354368932038834951456310680,48.75000000000000269482595890,48.75000000000000269482595890,333,0.2492492492492492492492492492,61.24999999999999974821205404,61.24999999999999974821205404,run_a4d610d604644470875d2b6d184c1960,ema_pullback:bcff744bdd1701e52d2cb1a0
w05-lb120-r4_0,lab_3d_w05_lb_ratio,5,120,4.0,12.0,3.0,0127774bdd10aad29a807b0bd07dacea3b919c5ae88f005d482043a40de5ed12,743,743,0.2261103633916554508748317631,1.097559712773222529468704402,96.99999999999999883942788130,96.99999999999999883942788130,0.3854457341307701481261643248,-0.2125158123083757761037054220,411,0.2165450121654501216545012165,34.00000000000000060699447836,34.00000000000000060699447836,332,0.2379518072289156626506024096,62.99999999999999823243340283,62.99999999999999823243340283,run_378b4dec833b423ab7a8926ccdd91679,ema_pullback:208e42030e6580f17a52e360
w05-lb120-r4_25,lab_3d_w05_lb_ratio,5,120,4.25,12.75,3.0,0127774bdd10aad29a807b0bd07dacea3b919c5ae88f005d482043a40de5ed12,742,742,0.2210242587601078167115902965,1.135018247012963873393263713,119.0000000000000056392676360,119.0000000000000056392676360,0.5945388174231337808610425183,-0.2029184884675572709222970203,410,0.2097560975609756097560975610,41.50000000000000527095225392,41.50000000000000527095225392,332,0.2349397590361445783132530120,77.50000000000000036831538216,77.50000000000000036831538216,run_64615dabfaaf47399898fa9a935ffc05,ema_pullback:f0c364a3c5b9fc0c2d00f055
w05-lb120-r4_5,lab_3d_w05_lb_ratio,5,120,4.5,13.5,3.0,0127774bdd10aad29a807b0bd07dacea3b919c5ae88f005d482043a40de5ed12,738,738,0.2127371273712737127371273713,1.132071954998830399214250156,125.4999999999999996952019833,125.4999999999999996952019833,0.5708898545974211762194658472,-0.1971020655629571051432386632,408,0.2009803921568627450980392157,43.00000000000000203661167581,43.00000000000000203661167581,330,0.2272727272727272727272727273,82.49999999999999765859030756,82.49999999999999765859030756,run_48e9ff91d13542f2b89c4fb70a1b09e9,ema_pullback:77ba447ad3afa0304b4d69ac
w05-lb120-r4_75,lab_3d_w05_lb_ratio,5,120,4.75,14.25,3.0,0127774bdd10aad29a807b0bd07dacea3b919c5ae88f005d482043a40de5ed12,736,736,0.2010869565217391304347826087,1.126122212245875489127216344,115.0000000000000023573891273,115.0000000000000023573891273,0.5532202945969266264377611199,-0.1876970984408435118726592361,408,0.1960784313725490196078431373,52.00000000000000225022387166,52.00000000000000225022387166,328,0.2073170731707317073170731707,63.00000000000000010716525569,63.00000000000000010716525569,run_c1cc9bba2d74408ba2edf462d755a1bd,ema_pullback:c435d8c89197b0174b1d3666
w05-lb120-r5_0,lab_3d_w05_lb_ratio,5,120,5.0,15.0,3.0,0127774bdd10aad29a807b0bd07dacea3b919c5ae88f005d482043a40de5ed12,733,733,0.1937244201909959072305593452,1.091459993876629116150004537,119.0000000000000011536612529,119.0000000000000011536612529,0.3555239508822678687593107345,-0.2269843990771826431063292061,407,0.1916461916461916461916461916,61.00000000000000890454904205,61.00000000000000890454904205,326,0.1963190184049079754601226994,57.99999999999999224911221090,57.99999999999999224911221090,run_e6bb3df92f66406da23af6b2eca4253e,ema_pullback:ad2fd407574d6a313fd84c8d
w05-lb125-r2_0,lab_3d_w05_lb_ratio,5,125,2.0,6.0,3.0,0127774bdd10aad29a807b0bd07dacea3b919c5ae88f005d482043a40de5ed12,724,724,0.3577348066298342541436464088,1.078783638027345116066245027,52.99999999999999827582319659,52.99999999999999827582319659,0.269089781982336402401929186,-0.1500592034347466013388907468,401,0.3790523690773067331670822943,55.00000000000000041484849481,55.00000000000000041484849481,323,0.3312693498452012383900928793,-2.000000000000002139025298257,-2.000000000000002139025298257,run_b1bace4fd00946238e53b14a930afbb7,ema_pullback:c4ea52ec58433f526fc7e508
w05-lb125-r2_25,lab_3d_w05_lb_ratio,5,125,2.25,6.75,3.0,0127774bdd10aad29a807b0bd07dacea3b919c5ae88f005d482043a40de5ed12,724,724,0.3259668508287292817679558011,1.029707457503217226703251422,43.00000000000000251596447537,43.00000000000000251596447537,0.09474660159392205203200157314,-0.1862282904138237450732358986,401,0.3391521197007481296758104738,41.00000000000000249855539588,41.00000000000000249855539588,323,0.3095975232198142414860681115,2.000000000000000017409079410,2.000000000000000017409079410,run_abb11281c120464b9dbd190505a3a87d,ema_pullback:18b78dfa12f38968e21e8ca3
w05-lb125-r2_5,lab_3d_w05_lb_ratio,5,125,2.5,7.5,3.0,0127774bdd10aad29a807b0bd07dacea3b919c5ae88f005d482043a40de5ed12,724,724,0.3066298342541436464088397790,1.059209898446320259692835643,53.00000000000000395411772224,53.00000000000000395411772224,0.2037324134788579604242293384,-0.1890691307038823710303657884,401,0.3117206982543640897755610973,36.50000000000000592394168189,36.50000000000000592394168189,323,0.3003095975232198142414860681,16.49999999999999803017604041,16.49999999999999803017604041,run_a2c0e81be8514093bc9aad9ae193af68,ema_pullback:3220b331d9ae2d786bdaa9e6
w05-lb125-r2_75,lab_3d_w05_lb_ratio,5,125,2.75,8.25,3.0,0127774bdd10aad29a807b0bd07dacea3b919c5ae88f005d482043a40de5ed12,723,723,0.2946058091286307053941908714,1.097360268608628295774824205,75.75000000000000600166896414,75.75000000000000600166896414,0.3645885251265081514064222198,-0.1948164987674398819159212885,400,0.2975,46.25000000000000498513260786,46.25000000000000498513260786,323,0.2910216718266253869969040248,29.50000000000000101653635628,29.50000000000000101653635628,run_f9d273e6c8a74c9ea95f0956d7009737,ema_pullback:b65df10a7d4a54ce2030ea21
w05-lb125-r3_0,lab_3d_w05_lb_ratio,5,125,3.0,9.0,3.0,0127774bdd10aad29a807b0bd07dacea3b919c5ae88f005d482043a40de5ed12,722,722,0.2770083102493074792243767313,1.104876586423102810688370275,78.00000000000000296012179894,78.00000000000000296012179894,0.41417947691670028044729286,-0.2368359311725178588517143686,400,0.2775,44.00000000000000316850654727,44.00000000000000316850654727,322,0.2763975155279503105590062112,33.99999999999999979161525166,33.99999999999999979161525166,run_8c17e83600fe4c50bf7838abf53a367e,ema_pullback:a184307ba1ad960dd6778708
w05-lb125-r3_25,lab_3d_w05_lb_ratio,5,125,3.25,9.75,3.0,0127774bdd10aad29a807b0bd07dacea3b919c5ae88f005d482043a40de5ed12,721,721,0.2690707350901525658807212205,1.147283942928821064614249846,103.5000000000000030722656836,103.5000000000000030722656836,0.6277705835800908904679617344,-0.1934241955889738632802945835,400,0.27,59.00000000000000379178805304,59.00000000000000379178805304,321,0.2679127725856697819314641745,44.49999999999999928047763051,44.49999999999999928047763051,run_ceed4ce22a2d41dc9a270d2e611934f2,ema_pullback:2971efad533576d46c6812c3
w05-lb125-r3_5,lab_3d_w05_lb_ratio,5,125,3.5,10.5,3.0,0127774bdd10aad29a807b0bd07dacea3b919c5ae88f005d482043a40de5ed12,720,720,0.25,1.138913391056364702349558508,90.00000000000000580029556267,90.00000000000000580029556267,0.5985412888904462737344335834,-0.1655640943203386935345087108,400,0.25,50.00000000000000521138740055,50.00000000000000521138740055,320,0.25,40.00000000000000058890816213,40.00000000000000058890816213,run_8158a5c45d674fd7bcc779873735e8c7,ema_pullback:9e2157d568f035c6eb775e66
w05-lb125-r3_75,lab_3d_w05_lb_ratio,5,125,3.75,11.25,3.0,0127774bdd10aad29a807b0bd07dacea3b919c5ae88f005d482043a40de5ed12,720,720,0.2416666666666666666666666667,1.168215973271492858935218052,106.5000000000000023077984594,106.5000000000000023077984594,0.7668731031596147384403382581,-0.1601109257048393913897362464,400,0.235,46.50000000000000235228745401,46.50000000000000235228745401,320,0.25,59.99999999999999995551100540,59.99999999999999995551100540,run_9a74c450650e40b39adf77ad6d5a2acc,ema_pullback:98c2255baeb0d9812b97e48c
w05-lb125-r4_0,lab_3d_w05_lb_ratio,5,125,4.0,12.0,3.0,0127774bdd10aad29a807b0bd07dacea3b919c5ae88f005d482043a40de5ed12,718,718,0.2256267409470752089136490251,1.108490282045879972911540192,91.99999999999999870173884973,91.99999999999999870173884973,0.4183209153942124749931235745,-0.2198240562888032515581280609,399,0.2155388471177944862155388471,31.00000000000000033989787568,31.00000000000000033989787568,319,0.2382445141065830721003134796,60.99999999999999836184097408,60.99999999999999836184097408,run_9683a6f5067a4f54847fed6bf6326da4,ema_pullback:3b5169db2a4ea4ae48c59aab
w05-lb125-r4_25,lab_3d_w05_lb_ratio,5,125,4.25,12.75,3.0,0127774bdd10aad29a807b0bd07dacea3b919c5ae88f005d482043a40de5ed12,717,717,0.2203626220362622036262203626,1.145484251645573202374929606,112.5000000000000055800708701,112.5000000000000055800708701,0.6231624343518459558647966596,-0.2107745094209601944836414823,398,0.2085427135678391959798994975,37.75000000000000508001380962,37.75000000000000508001380962,319,0.2351097178683385579937304075,74.75000000000000050005706068,74.75000000000000050005706068,run_f1458a1c29944f8b9f4d1aa30a74b0c1,ema_pullback:bbf216310947ae642d38737c
w05-lb125-r4_5,lab_3d_w05_lb_ratio,5,125,4.5,13.5,3.0,0127774bdd10aad29a807b0bd07dacea3b919c5ae88f005d482043a40de5ed12,713,713,0.2117812061711079943899018233,1.140833480311203690246010776,117.5000000000000000072619148,117.5000000000000000072619148,0.5900771877740953828516600377,-0.2054770433722162268585632080,396,0.1994949494949494949494949495,38.50000000000000097802917596,38.50000000000000097802917596,317,0.2271293375394321766561514196,78.99999999999999902923273893,78.99999999999999902923273893,run_f778a3389f1541f59aed9865860dbe31,ema_pullback:06497a9c6138d51f8265d00e
w05-lb125-r4_75,lab_3d_w05_lb_ratio,5,125,4.75,14.25,3.0,0127774bdd10aad29a807b0bd07dacea3b919c5ae88f005d482043a40de5ed12,711,711,0.1997187060478199718706047820,1.133043342805827756169848976,105.5000000000000029874348625,105.5000000000000029874348625,0.5633448454555916591587261439,-0.1951642762221346549592915691,396,0.1944444444444444444444444444,46.75000000000000224591462214,46.75000000000000224591462214,315,0.2063492063492063492063492063,58.75000000000000074152024036,58.75000000000000074152024036,run_1333d59f660f4de9a9f7349e162df453,ema_pullback:bc2c038c5199c9140230c121
w05-lb125-r5_0,lab_3d_w05_lb_ratio,5,125,5.0,15.0,3.0,0127774bdd10aad29a807b0bd07dacea3b919c5ae88f005d482043a40de5ed12,709,709,0.1918194640338504936530324401,1.093155075506593848759751982,107.0000000000000010403705807,107.0000000000000010403705807,0.3460566433357150028104198392,-0.2269843990771826431063292059,395,0.1898734177215189873417721519,55.00000000000000890454904205,55.00000000000000890454904205,314,0.1942675159235668789808917197,51.99999999999999213582153868,51.99999999999999213582153868,run_731bd45837e84078a49f7b38589ee174,ema_pullback:869e972842e48b5648e9eaa4
w05-lb130-r2_0,lab_3d_w05_lb_ratio,5,130,2.0,6.0,3.0,0127774bdd10aad29a807b0bd07dacea3b919c5ae88f005d482043a40de5ed12,707,707,0.3564356435643564356435643564,1.071656190706949598885061708,48.99999999999999819720800889,48.99999999999999819720800889,0.2373195948644768549175319346,-0.1604235528008098353808618188,393,0.3791348600508905852417302799,54.00000000000000041484849481,54.00000000000000041484849481,314,0.3280254777070063694267515924,-5.000000000000002217640485928,-5.000000000000002217640485928,run_6b01d9436ac3433289fa65c3a1f00754,ema_pullback:0c50f8273e8426e8ef4b4a46
w05-lb130-r2_25,lab_3d_w05_lb_ratio,5,130,2.25,6.75,3.0,0127774bdd10aad29a807b0bd07dacea3b919c5ae88f005d482043a40de5ed12,707,707,0.3239038189533239038189533239,1.019162329618006683644865970,37.25000000000000353307000879,37.25000000000000353307000879,0.05905580355506650420216831076,-0.1836516154487336382860094671,393,0.3384223918575063613231552163,39.25000000000000284201178628,39.25000000000000284201178628,314,0.3057324840764331210191082803,-1.999999999999999308941777510,-1.999999999999999308941777510,run_94d6c8fdba72424184e5d454d4110684,ema_pullback:5dd34dc5f6df475ab6c490fb
w05-lb130-r2_5,lab_3d_w05_lb_ratio,5,130,2.5,7.5,3.0,0127774bdd10aad29a807b0bd07dacea3b919c5ae88f005d482043a40de5ed12,707,707,0.3041018387553041018387553041,1.046994840890833671736257844,45.50000000000000364339207638,45.50000000000000364339207638,0.1554628285332860458846591421,-0.1874236793819062155896647872,393,0.3104325699745547073791348601,34.00000000000000537408416651,34.00000000000000537408416651,314,0.2961783439490445859872611465,11.49999999999999826930790989,11.49999999999999826930790989,run_239a4d72bc2e47ee997db349c89eecaa,ema_pullback:0f6ba08d061ddb52fbc42820
w05-lb130-r2_75,lab_3d_w05_lb_ratio,5,130,2.75,8.25,3.0,0127774bdd10aad29a807b0bd07dacea3b919c5ae88f005d482043a40de5ed12,707,707,0.2913719943422913719943422914,1.082064346619338675123248456,65.50000000000000656165910877,65.50000000000000656165910877,0.2931068202120146391104660823,-0.1914207494116216914251920078,393,0.2951653944020356234096692112,42.00000000000000471706621425,42.00000000000000471706621425,314,0.2866242038216560509554140127,23.50000000000000184459289447,23.50000000000000184459289447,run_b1fa7a47f07a4696ae6419d8934264e1,ema_pullback:13da342dc0c0223ab8f98c7a
w05-lb130-r3_0,lab_3d_w05_lb_ratio,5,130,3.0,9.0,3.0,0127774bdd10aad29a807b0bd07dacea3b919c5ae88f005d482043a40de5ed12,707,707,0.2729844413012729844413012730,1.087562248586272424798535853,65.00000000000000287697038822,65.00000000000000287697038822,0.3280822242897874786630738158,-0.2333910053408590565313237478,393,0.2748091603053435114503816794,39.00000000000000305440492418,39.00000000000000305440492418,314,0.2707006369426751592356687898,25.99999999999999982256546404,25.99999999999999982256546404,run_92773d4c94c24793bd1ce6cfc9399688,ema_pullback:928834668ffaefd777748ee2
w05-lb130-r3_25,lab_3d_w05_lb_ratio,5,130,3.25,9.75,3.0,0127774bdd10aad29a807b0bd07dacea3b919c5ae88f005d482043a40de5ed12,706,706,0.2648725212464589235127478754,1.128481478073103638216873256,88.75000000000000253017202071,88.75000000000000253017202071,0.5168742439204159717498846618,-0.1897833089994420392265251955,393,0.2671755725190839694656488550,53.25000000000000359224929218,53.25000000000000359224929218,313,0.2619808306709265175718849840,35.49999999999999893792272853,35.49999999999999893792272853,run_37e9abc31b5644d3ad44b34fc41efc71,ema_pullback:0e4a906a0b2ab2e8afbe6260
w05-lb130-r3_5,lab_3d_w05_lb_ratio,5,130,3.5,10.5,3.0,0127774bdd10aad29a807b0bd07dacea3b919c5ae88f005d482043a40de5ed12,705,705,0.2496453900709219858156028369,1.136070608755484207099439346,87.00000000000000598621782688,87.00000000000000598621782688,0.5675674644344498604364343559,-0.1617974471159492962821018423,393,0.2493638676844783715012722646,48.00000000000000534970569902,48.00000000000000534970569902,312,0.25,39.00000000000000063651212787,39.00000000000000063651212787,run_de74b10d6e904461a48395d7e551ea0c,ema_pullback:6889c6e4db76a710c1351582
w05-lb130-r3_75,lab_3d_w05_lb_ratio,5,130,3.75,11.25,3.0,0127774bdd10aad29a807b0bd07dacea3b919c5ae88f005d482043a40de5ed12,705,705,0.2411347517730496453900709220,1.164750459448336700968298665,102.5000000000000015099427192,102.5000000000000015099427192,0.7248383081820763305936100353,-0.1639596394050628473847019425,393,0.2340966921119592875318066158,44.00000000000000169486907604,44.00000000000000169486907604,312,0.25,58.49999999999999981507364312,58.49999999999999981507364312,run_aa7bc94718554208b6bc51561cdbee56,ema_pullback:7915cd5bf6ecf0212042067b
w05-lb130-r4_0,lab_3d_w05_lb_ratio,5,130,4.0,12.0,3.0,0127774bdd10aad29a807b0bd07dacea3b919c5ae88f005d482043a40de5ed12,703,703,0.2247510668563300142247510669,1.101893414324347710263489766,86.99999999999999861089367125,86.99999999999999861089367125,0.3783543689689763483814662255,-0.2186569011711613316512793065,392,0.2142857142857142857142857143,28.00000000000000033989787566,28.00000000000000033989787566,311,0.2379421221864951768488745981,58.99999999999999827099579559,58.99999999999999827099579559,run_b523ad392a614948a5c9111cc9b72b91,ema_pullback:5c0b7f3f070e9f8f42fcc76b
w05-lb130-r4_25,lab_3d_w05_lb_ratio,5,130,4.25,12.75,3.0,0127774bdd10aad29a807b0bd07dacea3b919c5ae88f005d482043a40de5ed12,702,702,0.2193732193732193732193732194,1.138771126574990472475543373,106.5000000000000062469009822,106.5000000000000062469009822,0.5703425867967204830000599058,-0.2095938160431036615962747555,391,0.2071611253196930946291560102,34.25000000000000487964513122,34.25000000000000487964513122,311,0.2347266881028938906752411576,72.25000000000000136725585101,72.25000000000000136725585101,run_dc846be42f0f410a9ab75fa9d177544e,ema_pullback:b6ec83aae3fcbc17f0c9f609
w05-lb130-r4_5,lab_3d_w05_lb_ratio,5,130,4.5,13.5,3.0,0127774bdd10aad29a807b0bd07dacea3b919c5ae88f005d482043a40de5ed12,698,698,0.2106017191977077363896848138,1.132571223830163688261627983,110.5000000000000023378498806,110.5000000000000023378498806,0.5314378121278987443365339009,-0.2042884249043089622430152005,389,0.1979434447300771208226221080,34.50000000000000172100789436,34.50000000000000172100789436,309,0.2265372168284789644012944984,76.00000000000000061684198624,76.00000000000000061684198624,run_5ed233ec59c6460a981ace08609f0dcc,ema_pullback:96cb37c6459ff3803dce16a6
w05-lb130-r4_75,lab_3d_w05_lb_ratio,5,130,4.75,14.25,3.0,0127774bdd10aad29a807b0bd07dacea3b919c5ae88f005d482043a40de5ed12,696,696,0.1982758620689655172413793103,1.123558680528203290683506488,97.5000000000000022820769635,97.5000000000000022820769635,0.4989507298360816920551676651,-0.1922816486999710587330320683,389,0.1928020565552699228791773779,42.25000000000000104944058886,42.25000000000000104944058886,307,0.2052117263843648208469055375,55.25000000000000123263637467,55.25000000000000123263637467,run_420ecba9a221410aa5a0a7c3884e1227,ema_pullback:868c371f34834c5c69fd664f
w05-lb130-r5_0,lab_3d_w05_lb_ratio,5,130,5.0,15.0,3.0,0127774bdd10aad29a807b0bd07dacea3b919c5ae88f005d482043a40de5ed12,694,694,0.1902017291066282420749279539,1.080529199783195983754624454,98.0000000000000012103201172,98.0000000000000012103201172,0.2848427918766717690787766936,-0.2269843990771826431063292065,388,0.1881443298969072164948453608,50.00000000000000807956436797,50.00000000000000807956436797,306,0.1928104575163398692810457516,47.99999999999999313075574923,47.99999999999999313075574923,run_44e912555a1e46799716884755c10691,ema_pullback:8cbe75483bdd07676ede16ad
w05-lb135-r2_0,lab_3d_w05_lb_ratio,5,135,2.0,6.0,3.0,0127774bdd10aad29a807b0bd07dacea3b919c5ae88f005d482043a40de5ed12,692,692,0.3540462427745664739884393064,1.066735454696828111634401936,42.99999999999999807307745369,42.99999999999999807307745369,0.2163807662043115145495714767,-0.1604235528008098353808618188,385,0.3766233766233766233766233766,50.00000000000000018655549441,50.00000000000000018655549441,307,0.3257328990228013029315960912,-7.00000000000000211347804070,-7.00000000000000211347804070,run_ca9206ecf7c74deba66addb18eca166f,ema_pullback:54da83736441fecc07609e93
w05-lb135-r2_25,lab_3d_w05_lb_ratio,5,135,2.25,6.75,3.0,0127774bdd10aad29a807b0bd07dacea3b919c5ae88f005d482043a40de5ed12,692,692,0.3222543352601156069364161850,1.014359718997016493627365177,32.75000000000000280128244641,32.75000000000000280128244641,0.04339394939656282549645569178,-0.1733162723083776257537854815,385,0.3350649350649350649350649351,34.25000000000000250514280868,34.25000000000000250514280868,307,0.3061889250814332247557003257,-1.499999999999999703860362285,-1.499999999999999703860362285,run_6b646fe262b94b46b13dba64d278d1a0,ema_pullback:da26ab92124522e78a73ba61
w05-lb135-r2_5,lab_3d_w05_lb_ratio,5,135,2.5,7.5,3.0,0127774bdd10aad29a807b0bd07dacea3b919c5ae88f005d482043a40de5ed12,692,692,0.3034682080924855491329479769,1.044565321626746988317061758,43.00000000000000264444349173,43.00000000000000264444349173,0.1448567346675833231775937952,-0.1670282952543250749348570100,385,0.3090909090909090909090909091,31.50000000000000485624414653,31.50000000000000485624414653,307,0.2964169381107491856677524430,11.49999999999999778819934522,11.49999999999999778819934522,run_074b3031abb04cb29f8119cfae620293,ema_pullback:8e2d4776eb41edc878e5ef80
w05-lb135-r2_75,lab_3d_w05_lb_ratio,5,135,2.75,8.25,3.0,0127774bdd10aad29a807b0bd07dacea3b919c5ae88f005d482043a40de5ed12,692,692,0.2904624277456647398843930636,1.078437374823932387966262624,61.75000000000000544118706634,61.75000000000000544118706634,0.2748049655139621275786378392,-0.1788808216812394756078401300,385,0.2935064935064935064935064935,38.75000000000000397349709922,38.75000000000000397349709922,307,0.2866449511400651465798045603,23.00000000000000146768996707,23.00000000000000146768996707,run_5440bacada6e4f9c8fb4aceeb079b30a,ema_pullback:ccb4357a49a0c35b8ca317f4
w05-lb135-r3_0,lab_3d_w05_lb_ratio,5,135,3.0,9.0,3.0,0127774bdd10aad29a807b0bd07dacea3b919c5ae88f005d482043a40de5ed12,692,692,0.2716763005780346820809248555,1.082475539535637761631019238,60.00000000000000158289208368,60.00000000000000158289208368,0.302720305912713855937523612,-0.2227046338197715457198557190,385,0.2727272727272727272727272727,35.00000000000000203302390983,35.00000000000000203302390983,307,0.2703583061889250814332247557,24.99999999999999954986817382,24.99999999999999954986817382,run_454c84f1f2b044348089f58205fda3c5,ema_pullback:9ea6ae57226bd10a95ab1731
w05-lb135-r3_25,lab_3d_w05_lb_ratio,5,135,3.25,9.75,3.0,0127774bdd10aad29a807b0bd07dacea3b919c5ae88f005d482043a40de5ed12,691,691,0.2633863965267727930535455861,1.122112985089527260464653157,82.50000000000000143999295911,82.50000000000000143999295911,0.4804555021148338948365514645,-0.1784890551712986960724311991,385,0.2649350649350649350649350649,48.50000000000000286095750068,48.50000000000000286095750068,306,0.2614379084967320261437908497,33.99999999999999857903545840,33.99999999999999857903545840,run_755fe9fa67c44f7586380bbc11fa5c5c,ema_pullback:5d5d3a5981044b4b43a62f42
w05-lb135-r3_5,lab_3d_w05_lb_ratio,5,135,3.5,10.5,3.0,0127774bdd10aad29a807b0bd07dacea3b919c5ae88f005d482043a40de5ed12,690,690,0.2492753623188405797101449275,1.137246489520832297745848739,84.00000000000000484653626037,84.00000000000000484653626037,0.5584480602114904852259128021,-0.1578792116127320617847567160,385,0.2467532467532467532467532468,42.50000000000000441710686108,42.50000000000000441710686108,305,0.2524590163934426229508196721,41.50000000000000042942939925,41.50000000000000042942939925,run_21ac53c3946847b0bf664d6efd1a83d7,ema_pullback:d26c6cf3df14949c662be261
w05-lb135-r3_75,lab_3d_w05_lb_ratio,5,135,3.75,11.25,3.0,0127774bdd10aad29a807b0bd07dacea3b919c5ae88f005d482043a40de5ed12,690,690,0.2405797101449275362318840580,1.165379858997479067761799210,98.50000000000000056905389922,98.50000000000000056905389922,0.7084371074182277791148730101,-0.1639596394050628473847019425,385,0.2311688311688311688311688312,37.75000000000000097585460806,37.75000000000000097585460806,305,0.2524590163934426229508196721,60.74999999999999959319929105,60.74999999999999959319929105,run_647f4555ec9746508ca9f1f0e626fa6c,ema_pullback:cd0e4b7a1db13edaacdafedb
w05-lb135-r4_0,lab_3d_w05_lb_ratio,5,135,4.0,12.0,3.0,0127774bdd10aad29a807b0bd07dacea3b919c5ae88f005d482043a40de5ed12,688,688,0.2238372093023255813953488372,1.099633494772967890230322426,81.99999999999999861946411595,81.99999999999999861946411595,0.3601849168619196913859448288,-0.2032089155917107009232071067,384,0.2109375,21.00000000000000028930182651,21.00000000000000028930182651,304,0.2401315789473684210526315789,60.99999999999999833016228947,60.99999999999999833016228947,run_3546f4b1c93d4dc2b0044e2428b769e7,ema_pullback:3c83632d5ade42927c8b5e40
w05-lb135-r4_25,lab_3d_w05_lb_ratio,5,135,4.25,12.75,3.0,0127774bdd10aad29a807b0bd07dacea3b919c5ae88f005d482043a40de5ed12,687,687,0.2183406113537117903930131004,1.136233322313732304201834366,100.5000000000000052032999211,100.5000000000000052032999211,0.5439025260645224001218452888,-0.1939666436140175441410869293,383,0.2036553524804177545691906005,26.50000000000000408750166911,26.50000000000000408750166911,304,0.2368421052631578947368421053,74.00000000000000111579825199,74.00000000000000111579825199,run_854556c341ae4997bf68bd755b46f5e4,ema_pullback:949ec22b9babf7a458167de4
w05-lb135-r4_5,lab_3d_w05_lb_ratio,5,135,4.5,13.5,3.0,0127774bdd10aad29a807b0bd07dacea3b919c5ae88f005d482043a40de5ed12,683,683,0.2093704245973645680819912152,1.128595556436578937523590929,103.5000000000000011879785158,103.5000000000000011879785158,0.50008259527692118591562766,-0.1885563592395517387437704696,381,0.1942257217847769028871391076,26.00000000000000083738575211,26.00000000000000083738575211,302,0.2284768211920529801324503311,77.50000000000000035059276376,77.50000000000000035059276376,run_b85cb0cda39b41f3966079afeb271a20,ema_pullback:60b0ddffe41e00f23f743ee6
w05-lb135-r4_75,lab_3d_w05_lb_ratio,5,135,4.75,14.25,3.0,0127774bdd10aad29a807b0bd07dacea3b919c5ae88f005d482043a40de5ed12,683,683,0.1976573938506588579795021962,1.128552480294617997499269773,93.2500000000000009863925070,93.2500000000000009863925070,0.5046992923073757292692157937,-0.1878317980419432791753022531,381,0.1889763779527559055118110236,32.99999999999999975375613243,32.99999999999999975375613243,302,0.2086092715231788079470198675,60.25000000000000123263637465,60.25000000000000123263637465,run_693d3a81e1e04d35a04b8896f54f7d9a,ema_pullback:053c69ebb450c09f344711a3
w05-lb135-r5_0,lab_3d_w05_lb_ratio,5,135,5.0,15.0,3.0,0127774bdd10aad29a807b0bd07dacea3b919c5ae88f005d482043a40de5ed12,680,680,0.1882352941176470588235294118,1.071569080814113748287358426,87.99999999999999936298928992,87.99999999999999936298928992,0.2450287848306599023702907092,-0.2202829596469827655654846990,380,0.1842105263157894736842105263,40.00000000000000652806601012,40.00000000000000652806601012,300,0.1933333333333333333333333333,47.99999999999999283492327981,47.99999999999999283492327981,run_a404ac4c663a48e387ab3d8fa3a4ec6f,ema_pullback:2c6f516343c30c35c804cfc0
w05-lb140-r2_0,lab_3d_w05_lb_ratio,5,140,2.0,6.0,3.0,0127774bdd10aad29a807b0bd07dacea3b919c5ae88f005d482043a40de5ed12,674,674,0.3516320474777448071216617211,1.065736693970766814101525317,36.99999999999999786675839118,36.99999999999999786675839118,0.2074963251950311157898894925,-0.1531361062184395544657892924,372,0.3736559139784946236559139785,44.99999999999999987489012554,44.99999999999999987489012554,302,0.3245033112582781456953642384,-8.00000000000000200813173442,-8.00000000000000200813173442,run_c270d9cbb3aa4b96a2b9aaffbc81087a,ema_pullback:c9297d3dd089bea582f19da6
w05-lb140-r2_25,lab_3d_w05_lb_ratio,5,140,2.25,6.75,3.0,0127774bdd10aad29a807b0bd07dacea3b919c5ae88f005d482043a40de5ed12,674,674,0.3189910979228486646884272997,1.009401033313337959996015389,24.75000000000000256410073465,24.75000000000000256410073465,0.02757020044354877572409800766,-0.1872327272949091699813708891,372,0.3306451612903225806451612903,27.75000000000000283941073824,27.75000000000000283941073824,302,0.3046357615894039735099337748,-3.000000000000000275310003592,-3.000000000000000275310003592,run_c659f3fd93d24112806bb57589cecdbf,ema_pullback:60f6da39b2d4bbb0232cea1c
w05-lb140-r2_5,lab_3d_w05_lb_ratio,5,140,2.5,7.5,3.0,0127774bdd10aad29a807b0bd07dacea3b919c5ae88f005d482043a40de5ed12,674,674,0.3011869436201780415430267062,1.042594118671469134040481179,36.50000000000000210942781110,36.50000000000000210942781110,0.1355973798655203181050363871,-0.1865711501580475861265823315,372,0.3064516129032258064516129032,27.00000000000000453343848275,27.00000000000000453343848275,302,0.2947019867549668874172185430,9.499999999999997575989328348,9.499999999999997575989328348,run_fa50c6c4dd384defac623f82f4152293,ema_pullback:fbfa3f8f8f0f3d6041b8a670
w05-lb140-r2_75,lab_3d_w05_lb_ratio,5,140,2.75,8.25,3.0,0127774bdd10aad29a807b0bd07dacea3b919c5ae88f005d482043a40de5ed12,674,674,0.2878338278931750741839762611,1.074746757248070173170023423,53.50000000000000445159007889,53.50000000000000445159007889,0.2558477738654266319650723888,-0.2008506751422082221570656072,372,0.2903225806451612903225806452,33.00000000000000293046825647,33.00000000000000293046825647,302,0.2847682119205298013245033113,20.50000000000000152112182233,20.50000000000000152112182233,run_7231d08172ff47849273ffc4255d9db1,ema_pullback:0650079a8c25fb2f6417cdff
w05-lb140-r3_0,lab_3d_w05_lb_ratio,5,140,3.0,9.0,3.0,0127774bdd10aad29a807b0bd07dacea3b919c5ae88f005d482043a40de5ed12,674,674,0.2700296735905044510385756677,1.078935114462957579015237080,54.00000000000000150778665764,54.00000000000000150778665764,0.2842806044650472562093420906,-0.2422966375189365169471761659,372,0.2688172043010752688172043011,28.00000000000000187303447704,28.00000000000000187303447704,302,0.2715231788079470198675496689,25.99999999999999963475218058,25.99999999999999963475218058,run_c471a95fca9c454eb60fc24185fc3f4f,ema_pullback:8016322462dec7a2de3d916c
w05-lb140-r3_25,lab_3d_w05_lb_ratio,5,140,3.25,9.75,3.0,0127774bdd10aad29a807b0bd07dacea3b919c5ae88f005d482043a40de5ed12,673,673,0.2630014858841010401188707281,1.119027031590852534908355140,79.25000000000000115919672681,79.25000000000000115919672681,0.4592260246788117332770444636,-0.2031009159591810019184666694,372,0.2634408602150537634408602151,44.50000000000000251649826334,44.50000000000000251649826334,301,0.2624584717607973421926910299,34.74999999999999864269846346,34.74999999999999864269846346,run_7aa695c01c574f2badf1c2b877baebdd,ema_pullback:e79e44965ebd29dad351df17
w05-lb140-r3_5,lab_3d_w05_lb_ratio,5,140,3.5,10.5,3.0,0127774bdd10aad29a807b0bd07dacea3b919c5ae88f005d482043a40de5ed12,672,672,0.25,1.136466102890135765844664117,84.00000000000000495517787115,84.00000000000000495517787115,0.5433926786278506632390508782,-0.1722308349678046234030356615,372,0.2473118279569892473118279570,42.00000000000000448330646852,42.00000000000000448330646852,300,0.2533333333333333333333333333,42.00000000000000047187140263,42.00000000000000047187140263,run_7ffc85f1e86147fb8393294ae4078b17,ema_pullback:3c72c9a75d9ff5564aa8ce95
w05-lb140-r3_75,lab_3d_w05_lb_ratio,5,140,3.75,11.25,3.0,0127774bdd10aad29a807b0bd07dacea3b919c5ae88f005d482043a40de5ed12,672,672,0.2410714285714285714285714286,1.163316894571961954060860973,97.50000000000000014502064822,97.50000000000000014502064822,0.6828194673812424036685099109,-0.1644167943203991083194653295,372,0.2311827956989247311827956989,36.50000000000000053060035547,36.50000000000000053060035547,300,0.2533333333333333333333333333,60.99999999999999961442029274,60.99999999999999961442029274,run_e4308126b8924447b530e66224ea1a45,ema_pullback:14068e6a537447520c5a899b
w05-lb140-r4_0,lab_3d_w05_lb_ratio,5,140,4.0,12.0,3.0,0127774bdd10aad29a807b0bd07dacea3b919c5ae88f005d482043a40de5ed12,670,670,0.2253731343283582089552238806,1.106013856327843420733822797,84.99999999999999845996174019,84.99999999999999845996174019,0.3765190344468939361330818293,-0.1967839028614518942485289310,371,0.2129380053908355795148247978,24.00000000000000012979945068,24.00000000000000012979945068,299,0.2408026755852842809364548495,60.99999999999999833016228947,60.99999999999999833016228947,run_5f1cff5a991e42ee85e5173d8990b252,ema_pullback:13304f7b55f2c615a43a3e3e
w05-lb140-r4_25,lab_3d_w05_lb_ratio,5,140,4.25,12.75,3.0,0127774bdd10aad29a807b0bd07dacea3b919c5ae88f005d482043a40de5ed12,670,670,0.2194029850746268656716417910,1.138030466242348840688969929,101.7500000000000042689562306,101.7500000000000042689562306,0.5420778434058470176033193973,-0.1874671048049970873554048933,371,0.2048517520215633423180592992,28.00000000000000368368302077,28.00000000000000368368302077,299,0.2374581939799331103678929766,73.75000000000000058527320979,73.75000000000000058527320979,run_44a99b39260844e7afcf0e8a49ab8a47,ema_pullback:3af014b8fb0b038b84306041
w05-lb140-r4_5,lab_3d_w05_lb_ratio,5,140,4.5,13.5,3.0,0127774bdd10aad29a807b0bd07dacea3b919c5ae88f005d482043a40de5ed12,666,666,0.2117117117117117117117117117,1.136309383350808308099583748,109.5000000000000003172277203,109.5000000000000003172277203,0.5202196690449168356734205359,-0.1820131940061642506345935569,369,0.1978319783197831978319783198,32.50000000000000051838100052,32.50000000000000051838100052,297,0.2289562289562289562289562290,76.99999999999999979884671988,76.99999999999999979884671988,run_6bec832bfcfc471bafc11769c942c90d,ema_pullback:08c269812b35f219235949c2
w05-lb140-r4_75,lab_3d_w05_lb_ratio,5,140,4.75,14.25,3.0,0127774bdd10aad29a807b0bd07dacea3b919c5ae88f005d482043a40de5ed12,666,666,0.1996996996996996996996996997,1.135288367614438959405951543,98.7499999999999997651503206,98.7499999999999997651503206,0.5203962542554717065160995365,-0.1812827902294788137727384678,369,0.1924119241192411924119241192,39.24999999999999927524900498,39.24999999999999927524900498,297,0.2087542087542087542087542088,59.50000000000000048990131555,59.50000000000000048990131555,run_d6a014728f2f4148b38778642dca4f7b,ema_pullback:91752b936effd44c5f61e14d
w05-lb140-r5_0,lab_3d_w05_lb_ratio,5,140,5.0,15.0,3.0,0127774bdd10aad29a807b0bd07dacea3b919c5ae88f005d482043a40de5ed12,663,663,0.1900452488687782805429864253,1.075937783932397063191133719,92.9999999999999989385692562,92.9999999999999989385692562,0.2543082047726904355584834629,-0.2151414048621126751322578461,368,0.1875,46.00000000000000652806601013,46.00000000000000652806601013,295,0.1932203389830508474576271186,46.99999999999999241050324604,46.99999999999999241050324604,run_0e304844c11f43eba7e6539fa31624c7,ema_pullback:0f629f65b3c81bc0d370a5bd
w06-lb070-r2_0,lab_3d_w06_lb_ratio,6,70,2.0,6.0,3.0,e8a515bdc6c58cd92307bf0688b0e00af3c024bc442ee91f8912b8b301ad1c0c,785,785,0.3464968152866242038216560510,1.007060510632473220935463648,30.99999999999999848785611416,30.99999999999999848785611416,0.02300421749628987245167091703,-0.2464191601676191177251817509,460,0.3586956521739130434782608696,35.00000000000000044111809554,35.00000000000000044111809554,325,0.3292307692307692307692307692,-4.000000000000001953261981412,-4.000000000000001953261981412,run_bf1329eac9a1460cb33835a020c0627b,ema_pullback:887f584090bbee6c9d4a892b
w06-lb070-r2_25,lab_3d_w06_lb_ratio,6,70,2.25,6.75,3.0,e8a515bdc6c58cd92307bf0688b0e00af3c024bc442ee91f8912b8b301ad1c0c,779,779,0.3183568677792041078305519897,0.9644794718635287708957466816,27.00000000000000302992929401,27.00000000000000302992929401,-0.1053623630489137009825821542,-0.2786276725764654268507370254,456,0.3223684210526315789473684211,21.75000000000000325778071476,21.75000000000000325778071476,323,0.3126934984520123839009287926,5.249999999999999772148579271,5.249999999999999772148579271,run_c9e5516e71c1474492e70b1b85eb8a5e,ema_pullback:c1b33035864a8003c3101ee3
w06-lb070-r2_5,lab_3d_w06_lb_ratio,6,70,2.5,7.5,3.0,e8a515bdc6c58cd92307bf0688b0e00af3c024bc442ee91f8912b8b301ad1c0c,777,777,0.2998712998712998712998712999,1.000848367010960650068567115,38.50000000000000528748039373,38.50000000000000528748039373,0.002696273483488008947542515031,-0.2417501573368650056177762027,455,0.2989010989010989010989010989,21.00000000000000515634097053,21.00000000000000515634097053,322,0.3012422360248447204968944099,17.50000000000000013113942317,17.50000000000000013113942317,run_48819f4546c64292b8d172292e5bf786,ema_pullback:0a1a9f360c9b3e626ece96f9
w06-lb070-r2_75,lab_3d_w06_lb_ratio,6,70,2.75,8.25,3.0,e8a515bdc6c58cd92307bf0688b0e00af3c024bc442ee91f8912b8b301ad1c0c,771,771,0.2905317769130998702983138781,1.058983704886346747210197963,69.00000000000000618116216661,69.00000000000000618116216661,0.2012902965866322111246577271,-0.2512867917296341543108625780,450,0.2866666666666666666666666667,33.75000000000000536419418369,33.75000000000000536419418369,321,0.2959501557632398753894080997,35.25000000000000081696798298,35.25000000000000081696798298,run_2d1094bb5c91475d9ccfcf3dbb73899d,ema_pullback:b4e7fb48c4c8c9abafae6520
w06-lb070-r3_0,lab_3d_w06_lb_ratio,6,70,3.0,9.0,3.0,e8a515bdc6c58cd92307bf0688b0e00af3c024bc442ee91f8912b8b301ad1c0c,768,768,0.2721354166666666666666666667,1.050634206850129106006387308,68.00000000000000266961131495,68.00000000000000266961131495,0.1758745261035988913706252153,-0.2530768102968631160105933516,448,0.2700892857142857142857142857,36.00000000000000294849423254,36.00000000000000294849423254,320,0.275,31.99999999999999972111708242,31.99999999999999972111708242,run_91a6e15336c14426948838b5dc3aa06a,ema_pullback:3a800b7588b5b9c6ddab07ad
w06-lb070-r3_25,lab_3d_w06_lb_ratio,6,70,3.25,9.75,3.0,e8a515bdc6c58cd92307bf0688b0e00af3c024bc442ee91f8912b8b301ad1c0c,766,766,0.2650130548302872062663185379,1.096045851236383928486244031,96.75000000000000298162690291,96.75000000000000298162690291,0.3596495346905138118440144998,-0.2442407475594762283979373660,448,0.2633928571428571428571428571,53.50000000000000266584561945,53.50000000000000266584561945,318,0.2672955974842767295597484277,43.25000000000000031578128346,43.25000000000000031578128346,run_7ba59c6f03e44044af82df6c6dbc6359,ema_pullback:3c4c5e31cb120a7327b81c6b
w06-lb070-r3_5,lab_3d_w06_lb_ratio,6,70,3.5,10.5,3.0,e8a515bdc6c58cd92307bf0688b0e00af3c024bc442ee91f8912b8b301ad1c0c,758,758,0.2480211081794195250659630607,1.086101593276112926146976939,88.00000000000000671070686184,88.00000000000000671070686184,0.3120197949311842008905480506,-0.2380689806749248279254327809,445,0.2449438202247191011235955056,45.50000000000000603792821936,45.50000000000000603792821936,313,0.2523961661341853035143769968,42.50000000000000067277864251,42.50000000000000067277864251,run_db8e797cf2344859bde95de3356185b2,ema_pullback:87e06de6ddc8cf2cbf6740cd
w06-lb070-r3_75,lab_3d_w06_lb_ratio,6,70,3.75,11.25,3.0,e8a515bdc6c58cd92307bf0688b0e00af3c024bc442ee91f8912b8b301ad1c0c,756,756,0.2367724867724867724867724868,1.108086486449138425791987733,94.2499999999999997695865913,94.2499999999999997695865913,0.408076177901583458028788338,-0.2841294070236620806421390900,444,0.2297297297297297297297297297,40.50000000000000087567338644,40.50000000000000087567338644,312,0.2467948717948717948717948718,53.74999999999999889391320486,53.74999999999999889391320486,run_51cd386f0fa548bdb915fb34c19ba315,ema_pullback:d42a037fb61ccdede2e4bb3b
w06-lb070-r4_0,lab_3d_w06_lb_ratio,6,70,4.0,12.0,3.0,e8a515bdc6c58cd92307bf0688b0e00af3c024bc442ee91f8912b8b301ad1c0c,752,752,0.2220744680851063829787234043,1.044931130490266402875718252,83.00000000000000017099820287,83.00000000000000017099820287,0.1499902289167984990162252239,-0.2705405446527630757603151877,440,0.2136363636363636363636363636,30.00000000000000034066946807,30.00000000000000034066946807,312,0.2339743589743589743589743590,52.99999999999999983032873480,52.99999999999999983032873480,run_3429366e003c45fa8fef8102cd1d1ebe,ema_pullback:54c7b06ea8fda8a77b819e16
w06-lb070-r4_25,lab_3d_w06_lb_ratio,6,70,4.25,12.75,3.0,e8a515bdc6c58cd92307bf0688b0e00af3c024bc442ee91f8912b8b301ad1c0c,752,752,0.2140957446808510638297872340,1.064191857851899071682449097,93.2500000000000081131017023,93.2500000000000081131017023,0.2317801795032126883325458578,-0.2673253671129963308358957404,440,0.2090909090909090909090909091,43.00000000000000554658709766,43.00000000000000554658709766,312,0.2211538461538461538461538462,50.25000000000000256651460468,50.25000000000000256651460468,run_df2925f3a1a44e7d93a1cda2f3dc1fa3,ema_pullback:df8eb853d6d7241391bd28b9
w06-lb070-r4_5,lab_3d_w06_lb_ratio,6,70,4.5,13.5,3.0,e8a515bdc6c58cd92307bf0688b0e00af3c024bc442ee91f8912b8b301ad1c0c,748,748,0.2085561497326203208556149733,1.085454271002959381526629259,110.0000000000000033813704728,110.0000000000000033813704728,0.3133354827992092667022121008,-0.2867537211975231135687241097,437,0.2013729977116704805491990847,47.00000000000000385023509379,47.00000000000000385023509379,311,0.2186495176848874598070739550,62.99999999999999953113537908,62.99999999999999953113537908,run_443d108dfec049a4a10656002652a35f,ema_pullback:69825ed2ce566ccfb10711ee
w06-lb070-r4_75,lab_3d_w06_lb_ratio,6,70,4.75,14.25,3.0,e8a515bdc6c58cd92307bf0688b0e00af3c024bc442ee91f8912b8b301ad1c0c,747,747,0.2021419009370816599732262383,1.108091823174842210450531011,121.2500000000000061390722308,121.2500000000000061390722308,0.4127139560481085965197095019,-0.2815638939441383124766151006,437,0.1967963386727688787185354691,57.50000000000000433808425250,57.50000000000000433808425250,310,0.2096774193548387096774193548,63.75000000000000180098797830,63.75000000000000180098797830,run_f6eef3b5f50a458da206ca7c92e0aa4f,ema_pullback:40d0dabbd45ef9f12965aadc
w06-lb070-r5_0,lab_3d_w06_lb_ratio,6,70,5.0,15.0,3.0,e8a515bdc6c58cd92307bf0688b0e00af3c024bc442ee91f8912b8b301ad1c0c,743,743,0.1938088829071332436069986541,1.081162703559553402127943984,121.0000000000000048733892261,121.0000000000000048733892261,0.2918338539513871363284683388,-0.2962317896832853997938835094,436,0.1903669724770642201834862385,62.00000000000000735521214266,62.00000000000000735521214266,307,0.1986970684039087947882736156,58.99999999999999751817708341,58.99999999999999751817708341,run_27462c76c13449dfb6943caa8e247cab,ema_pullback:9d51173e7baa4ebd99007f2e
w06-lb075-r2_0,lab_3d_w06_lb_ratio,6,75,2.0,6.0,3.0,e8a515bdc6c58cd92307bf0688b0e00af3c024bc442ee91f8912b8b301ad1c0c,765,765,0.3464052287581699346405228758,1.000827909052524980516747076,29.99999999999999847109470301,29.99999999999999847109470301,0.002609182091331344468961124929,-0.2426977832064497120011582767,446,0.3609865470852017937219730942,37.00000000000000042435668443,37.00000000000000042435668443,319,0.3260188087774294670846394984,-7.000000000000001953261981403,-7.000000000000001953261981403,run_0d9c7d2285054d6aaecb604c7c8588f3,ema_pullback:b273dd7700b476eee8ce581d
w06-lb075-r2_25,lab_3d_w06_lb_ratio,6,75,2.25,6.75,3.0,e8a515bdc6c58cd92307bf0688b0e00af3c024bc442ee91f8912b8b301ad1c0c,760,760,0.3197368421052631578947368421,0.9682184913204697823397734238,29.75000000000000287573357813,29.75000000000000287573357813,-0.09332270358770523917374340853,-0.2631413792341815969637172976,443,0.3273137697516930022573363431,28.25000000000000342169324292,28.25000000000000342169324292,317,0.3091482649842271293375394322,1.499999999999999454040335177,1.499999999999999454040335177,run_262378480a224f52b935f7960bcad7c7,ema_pullback:8f920b510b9a9ab13f3629e5
w06-lb075-r2_5,lab_3d_w06_lb_ratio,6,75,2.5,7.5,3.0,e8a515bdc6c58cd92307bf0688b0e00af3c024bc442ee91f8912b8b301ad1c0c,758,758,0.3007915567282321899736147757,1.003264214309158282697188655,40.00000000000000545044271497,40.00000000000000545044271497,0.01023899513995176666836295458,-0.2367837551863344846397186153,442,0.3031674208144796380090497738,27.00000000000000532384622033,27.00000000000000532384622033,316,0.2974683544303797468354430380,13.00000000000000012659649462,13.00000000000000012659649462,run_80c476ef9d834a72a1171c308622f8b8,ema_pullback:8c5bfc77c80875631a2041c6
w06-lb075-r2_75,lab_3d_w06_lb_ratio,6,75,2.75,8.25,3.0,e8a515bdc6c58cd92307bf0688b0e00af3c024bc442ee91f8912b8b301ad1c0c,752,752,0.2912234042553191489361702128,1.060554774130768837826932217,69.25000000000000579200419099,69.25000000000000579200419099,0.2032496129953784915086381649,-0.2428854660229851862206942197,437,0.2906178489702517162471395881,39.25000000000000502147460200,39.25000000000000502147460200,315,0.2920634920634920634920634921,30.00000000000000077052958898,30.00000000000000077052958898,run_11c52c211bef43e4b093e44138e50a4f,ema_pullback:9071092597c48f2541069d94
w06-lb075-r3_0,lab_3d_w06_lb_ratio,6,75,3.0,9.0,3.0,e8a515bdc6c58cd92307bf0688b0e00af3c024bc442ee91f8912b8b301ad1c0c,751,751,0.2716378162450066577896138482,1.046582045289225788752743157,65.00000000000000242773505481,65.00000000000000242773505481,0.1574061100074077608994447433,-0.2446955704239327499657449632,437,0.2723112128146453089244851259,39.00000000000000318897394239,39.00000000000000318897394239,314,0.2707006369426751592356687898,25.99999999999999923876111241,25.99999999999999923876111241,run_57aa6cc3a52d4bdcb3c0654fb84c2ec0,ema_pullback:328c8d646cbae1d2c7bf66b6
w06-lb075-r3_25,lab_3d_w06_lb_ratio,6,75,3.25,9.75,3.0,e8a515bdc6c58cd92307bf0688b0e00af3c024bc442ee91f8912b8b301ad1c0c,749,749,0.2643524699599465954606141522,1.091049292896835815629458530,92.50000000000000190105704983,92.50000000000000190105704983,0.330492804335170014071513852,-0.2357603580519445654114727433,437,0.2654462242562929061784897025,56.00000000000000264271837329,56.00000000000000264271837329,312,0.2628205128205128205128205128,36.49999999999999925833867656,36.49999999999999925833867656,run_96cddd8b61d041378123df342308e4cb,ema_pullback:02281a3f0dad9791b25d9679
w06-lb075-r3_5,lab_3d_w06_lb_ratio,6,75,3.5,10.5,3.0,e8a515bdc6c58cd92307bf0688b0e00af3c024bc442ee91f8912b8b301ad1c0c,741,741,0.2469635627530364372469635628,1.078918469626620725834731675,82.50000000000000659836830529,82.50000000000000659836830529,0.2764110286671331547032724279,-0.2334111614514923594820730744,434,0.2465437788018433179723502304,47.50000000000000628559337241,47.50000000000000628559337241,307,0.2475570032573289902280130293,35.00000000000000031277493291,35.00000000000000031277493291,run_4422b8a4a19440eaae0b7075b9b496a0,ema_pullback:cffd79eb7a7384ffd0b2a932
w06-lb075-r3_75,lab_3d_w06_lb_ratio,6,75,3.75,11.25,3.0,e8a515bdc6c58cd92307bf0688b0e00af3c024bc442ee91f8912b8b301ad1c0c,740,740,0.2364864864864864864864864865,1.105819059929696539894796182,91.25000000000000001944276150,91.25000000000000001944276150,0.3906337457521928421954878945,-0.2693050129569792842825907948,433,0.2309468822170900692840646651,42.00000000000000139413093878,42.00000000000000139413093878,307,0.2442996742671009771986970684,49.24999999999999862531182276,49.24999999999999862531182276,run_86a10f0b6fda48228cdfbe6132a11409,ema_pullback:71fccb151e09cd93814ffca5
w06-lb075-r4_0,lab_3d_w06_lb_ratio,6,75,4.0,12.0,3.0,e8a515bdc6c58cd92307bf0688b0e00af3c024bc442ee91f8912b8b301ad1c0c,736,736,0.2214673913043478260869565217,1.040107617901296406207224108,78.99999999999999941829686045,78.99999999999999941829686045,0.1307090847053048313511446904,-0.2623552656881720346899992185,429,0.2144522144522144522144522145,31.00000000000000023790595747,31.00000000000000023790595747,307,0.2312703583061889250814332248,47.99999999999999918039090302,47.99999999999999918039090302,run_5e68178e4e114a90a4c0473c32d68752,ema_pullback:a781113e2aeb803fcbf1b909
w06-lb075-r4_25,lab_3d_w06_lb_ratio,6,75,4.25,12.75,3.0,e8a515bdc6c58cd92307bf0688b0e00af3c024bc442ee91f8912b8b301ad1c0c,736,736,0.2146739130434782608695652174,1.071137347501830006012993742,93.5000000000000062691483211,93.5000000000000062691483211,0.2556272445982088047393587536,-0.2591040105776907517684240456,429,0.2097902097902097902097902098,43.50000000000000518021663106,43.50000000000000518021663106,307,0.2214983713355048859934853420,50.00000000000000108893169008,50.00000000000000108893169008,run_30aa24dd169346d09f62b11787d94d3c,ema_pullback:2baffc1304b9e2f2bd5ba37b
w06-lb075-r4_5,lab_3d_w06_lb_ratio,6,75,4.5,13.5,3.0,e8a515bdc6c58cd92307bf0688b0e00af3c024bc442ee91f8912b8b301ad1c0c,732,732,0.2090163934426229508196721311,1.092032019543469566949341647,109.5000000000000028351364843,109.5000000000000028351364843,0.3353642288657562243057605637,-0.2721765709069488166463789519,426,0.2018779342723004694835680751,47.00000000000000428905638162,47.00000000000000428905638162,306,0.2189542483660130718954248366,62.49999999999999854608010272,62.49999999999999854608010272,run_554fba2d6ee84154a61b082fc066dda6,ema_pullback:5568052dc1dd79b84a778547
w06-lb075-r4_75,lab_3d_w06_lb_ratio,6,75,4.75,14.25,3.0,e8a515bdc6c58cd92307bf0688b0e00af3c024bc442ee91f8912b8b301ad1c0c,731,731,0.2024623803009575923392612859,1.114196858615715360304140383,120.0000000000000053167405823,120.0000000000000053167405823,0.4327692696711555836568205219,-0.2720168574092298974332054159,426,0.1971830985915492957746478873,57.00000000000000440230235281,57.00000000000000440230235281,305,0.2098360655737704918032786885,63.00000000000000091443822959,63.00000000000000091443822959,run_292d1abf943e4f1ab6bf2d79d7b4167b,ema_pullback:74424595e7eac1b91794736c
w06-lb075-r5_0,lab_3d_w06_lb_ratio,6,75,5.0,15.0,3.0,e8a515bdc6c58cd92307bf0688b0e00af3c024bc442ee91f8912b8b301ad1c0c,727,727,0.1939477303988995873452544704,1.086114395697100188031611186,119.0000000000000043387402861,119.0000000000000043387402861,0.306856982786285929316323113,-0.2816580142220493211635305755,425,0.1905882352941176470588235294,61.00000000000000800262953450,61.00000000000000800262953450,302,0.1986754966887417218543046358,57.99999999999999633611075176,57.99999999999999633611075176,run_bcf7e878fb5d4d86afd39103b2f1cd9a,ema_pullback:427def09b452d66b21fa4a3c
w06-lb080-r2_0,lab_3d_w06_lb_ratio,6,80,2.0,6.0,3.0,e8a515bdc6c58cd92307bf0688b0e00af3c024bc442ee91f8912b8b301ad1c0c,744,744,0.3494623655913978494623655914,1.000534172000864280185245375,35.99999999999999868379596318,35.99999999999999868379596318,0.00164543936233508318985737036,-0.2355372016109313741251277420,432,0.3703703703703703703703703704,48.00000000000000047866714944,48.00000000000000047866714944,312,0.3205128205128205128205128205,-12.00000000000000179487118625,-12.00000000000000179487118625,run_85cc4bcf1aad49b6976b8f5cb52f36f2,ema_pullback:cce7c87d22b2d4162729b21c
w06-lb080-r2_25,lab_3d_w06_lb_ratio,6,80,2.25,6.75,3.0,e8a515bdc6c58cd92307bf0688b0e00af3c024bc442ee91f8912b8b301ad1c0c,740,740,0.3216216216216216216216216216,0.9637733084158973765493273230,33.50000000000000341126586253,33.50000000000000341126586253,-0.1034509281227630687071870597,-0.2586146094640177832703741136,429,0.3356643356643356643356643357,39.00000000000000359820225424,39.00000000000000359820225424,311,0.3022508038585209003215434084,-5.500000000000000186936391711,-5.500000000000000186936391711,run_e239826f92c24f6c8e4b2ff0d0cc3a0f,ema_pullback:b61ad8a4443a513da5c61b8b
w06-lb080-r2_5,lab_3d_w06_lb_ratio,6,80,2.5,7.5,3.0,e8a515bdc6c58cd92307bf0688b0e00af3c024bc442ee91f8912b8b301ad1c0c,739,739,0.3031123139377537212449255751,0.9985424709504987275264069637,45.00000000000000541632149345,45.00000000000000541632149345,-0.004433362180646811375518431985,-0.2348580687682969780188610268,429,0.3123543123543123543123543124,40.00000000000000532384622035,40.00000000000000532384622035,310,0.2903225806451612903225806452,5.000000000000000092475273041,5.000000000000000092475273041,run_f1691d35e7ed4cb6b1c0cd2ace711772,ema_pullback:7cd5741388b967acd8e91866
w06-lb080-r2_75,lab_3d_w06_lb_ratio,6,80,2.75,8.25,3.0,e8a515bdc6c58cd92307bf0688b0e00af3c024bc442ee91f8912b8b301ad1c0c,734,734,0.2929155313351498637602179837,1.053534687638061886257811516,72.25000000000000589638572749,72.25000000000000589638572749,0.1734926191369705474155291884,-0.2428854660229851862206942183,425,0.2988235294117647058823529412,51.25000000000000502147460204,51.25000000000000502147460204,309,0.2847896440129449838187702265,21.00000000000000087491112544,21.00000000000000087491112544,run_4a6105fc59eb4cf580c2f2a08aa0d117,ema_pullback:9e701555a769e4d98cda5a59
w06-lb080-r3_0,lab_3d_w06_lb_ratio,6,80,3.0,9.0,3.0,e8a515bdc6c58cd92307bf0688b0e00af3c024bc442ee91f8912b8b301ad1c0c,733,733,0.2728512960436562073669849932,1.037051779144821162962642903,67.00000000000000258047099737,67.00000000000000258047099737,0.1203480543193422583116394255,-0.2446955704239327499657449645,425,0.28,51.00000000000000318897394244,51.00000000000000318897394244,308,0.2629870129870129870129870130,15.99999999999999939149705494,15.99999999999999939149705494,run_b015dbcbe2c34c96b0ef93a7cd408688,ema_pullback:3c9d6ebf6d562d6207fb12ef
w06-lb080-r3_25,lab_3d_w06_lb_ratio,6,80,3.25,9.75,3.0,e8a515bdc6c58cd92307bf0688b0e00af3c024bc442ee91f8912b8b301ad1c0c,731,731,0.2653898768809849521203830369,1.080154127085075439069422071,93.50000000000000203180950311,93.50000000000000203180950311,0.2782883553439910062462020668,-0.2357603580519445654114727431,425,0.2729411764705882352941176471,68.00000000000000264271837331,68.00000000000000264271837331,306,0.2549019607843137254901960784,25.49999999999999938909112979,25.49999999999999938909112979,run_5215816fe60e4feda3149c73fed8c412,ema_pullback:d6466140aa31cf45bd4f9e59
w06-lb080-r3_5,lab_3d_w06_lb_ratio,6,80,3.5,10.5,3.0,e8a515bdc6c58cd92307bf0688b0e00af3c024bc442ee91f8912b8b301ad1c0c,724,724,0.25,1.088888747750675065007119411,90.50000000000000631384141972,90.50000000000000631384141972,0.3108277250144388282041133937,-0.2295193376492104020821580307,422,0.2535545023696682464454976303,59.50000000000000628559337239,59.50000000000000628559337239,302,0.2450331125827814569536423841,31.00000000000000002824804735,31.00000000000000002824804735,run_93301ecc39f841a7b4f802c0d9298ceb,ema_pullback:fbfa2b2a1fdd874255a124b2
w06-lb080-r3_75,lab_3d_w06_lb_ratio,6,80,3.75,11.25,3.0,e8a515bdc6c58cd92307bf0688b0e00af3c024bc442ee91f8912b8b301ad1c0c,723,723,0.2392807745504840940525587828,1.115181636970755054247447346,98.7500000000000006368785897,98.7500000000000006368785897,0.424085404485293307975455439,-0.2655971212990860129221895985,421,0.2375296912114014251781472684,54.00000000000000139413093870,54.00000000000000139413093870,302,0.2417218543046357615894039735,44.74999999999999924274765099,44.74999999999999924274765099,run_fdd1caabb6614e76bcda5b110b24d062,ema_pullback:569da0def14626d243aca55e
w06-lb080-r4_0,lab_3d_w06_lb_ratio,6,80,4.0,12.0,3.0,e8a515bdc6c58cd92307bf0688b0e00af3c024bc442ee91f8912b8b301ad1c0c,719,719,0.2239221140472878998609179416,1.047669236955044120701470314,85.99999999999999973507845076,85.99999999999999973507845076,0.154633388320906693970890522,-0.2623552656881720346899992193,417,0.2206235011990407673860911271,43.00000000000000023790595745,43.00000000000000023790595745,302,0.2284768211920529801324503311,42.99999999999999949717249332,42.99999999999999949717249332,run_261c1f8be66c4a4a887c0d86c64e6f47,ema_pullback:1fe3d71f3fd4d46b976fd0c3
w06-lb080-r4_25,lab_3d_w06_lb_ratio,6,80,4.25,12.75,3.0,e8a515bdc6c58cd92307bf0688b0e00af3c024bc442ee91f8912b8b301ad1c0c,719,719,0.2169680111265646731571627260,1.077974350709236155762530065,100.0000000000000059684940833,100.0000000000000059684940833,0.2785734218822940278302977036,-0.2591040105776907517684240454,417,0.2158273381294964028776978417,55.50000000000000518021663112,55.50000000000000518021663112,302,0.2185430463576158940397350993,44.50000000000000078827745218,44.50000000000000078827745218,run_6604189e17714347b779b8d3be038860,ema_pullback:a201e58cdfcce86cd557e705
w06-lb080-r4_5,lab_3d_w06_lb_ratio,6,80,4.5,13.5,3.0,e8a515bdc6c58cd92307bf0688b0e00af3c024bc442ee91f8912b8b301ad1c0c,715,715,0.2111888111888111888111888112,1.098402586540983853392547269,115.5000000000000032467603699,115.5000000000000032467603699,0.355932716884977881505902102,-0.2590885368703573557923122354,414,0.2077294685990338164251207729,59.00000000000000428905638165,59.00000000000000428905638165,301,0.2159468438538205980066445183,56.49999999999999895770398824,56.49999999999999895770398824,run_252c642bd41f419999b4843057e959db,ema_pullback:d55e0a347ac0bf30e14c998f
w06-lb080-r4_75,lab_3d_w06_lb_ratio,6,80,4.75,14.25,3.0,e8a515bdc6c58cd92307bf0688b0e00af3c024bc442ee91f8912b8b301ad1c0c,714,714,0.2044817927170868347338935574,1.119984383459493141240205418,125.5000000000000054277102299,125.5000000000000054277102299,0.4507409228706432475009538728,-0.2720168574092298974332054173,414,0.2028985507246376811594202899,69.00000000000000440230235287,69.00000000000000440230235287,300,0.2066666666666666666666666667,56.50000000000000102540787711,56.50000000000000102540787711,run_1dd87486f8bf4d0a946184117c6f80f8,ema_pullback:68310fcf914bc0984ec3d866
w06-lb080-r5_0,lab_3d_w06_lb_ratio,6,80,5.0,15.0,3.0,e8a515bdc6c58cd92307bf0688b0e00af3c024bc442ee91f8912b8b301ad1c0c,711,711,0.1969057665260196905766526020,1.100881001214685294192041730,129.0000000000000041490556959,129.0000000000000041490556959,0.3611821772334778861082479015,-0.2816580142220493211635305748,413,0.1961259079903147699757869249,73.00000000000000800262953450,73.00000000000000800262953450,298,0.1979865771812080536912751678,55.99999999999999614642616136,55.99999999999999614642616136,run_5a13323bc00841e096104bf61af0f40f,ema_pullback:306094e75012b7fd6b200856
w06-lb085-r2_0,lab_3d_w06_lb_ratio,6,85,2.0,6.0,3.0,e8a515bdc6c58cd92307bf0688b0e00af3c024bc442ee91f8912b8b301ad1c0c,733,733,0.3506139154160982264665757162,1.009080481393164513662733060,37.99999999999999857279976545,37.99999999999999857279976545,0.02767463992339443551617275594,-0.2301873547519867041835162651,425,0.3717647058823529411764705882,49.00000000000000047866714945,49.00000000000000047866714945,308,0.3214285714285714285714285714,-11.00000000000000190586738398,-11.00000000000000190586738398,run_f7df326cb3e1429790a85b7ce66c2208,ema_pullback:52db49e38c930209a77bf3c6
w06-lb085-r2_25,lab_3d_w06_lb_ratio,6,85,2.25,6.75,3.0,e8a515bdc6c58cd92307bf0688b0e00af3c024bc442ee91f8912b8b301ad1c0c,730,730,0.3219178082191780821917808219,0.9645397786646460414594106454,33.75000000000000340669322821,33.75000000000000340669322821,-0.09960842447807622684382849815,-0.2543063378258450012681375833,422,0.3364928909952606635071090047,39.50000000000000340632353626,39.50000000000000340632353626,308,0.3019480519480519480519480519,-5.749999999999999999630308083,-5.749999999999999999630308083,run_c52bd30195f4451a83dec9bb47cfabda,ema_pullback:628f286ff47297172f7db3f9
w06-lb085-r2_5,lab_3d_w06_lb_ratio,6,85,2.5,7.5,3.0,e8a515bdc6c58cd92307bf0688b0e00af3c024bc442ee91f8912b8b301ad1c0c,729,729,0.3031550068587105624142661180,0.9986643138692804448488354349,44.50000000000000547035110123,44.50000000000000547035110123,-0.003989752379112608184232052707,-0.2318281567620903345551512894,422,0.3127962085308056872037914692,40.00000000000000516975795743,40.00000000000000516975795743,307,0.2899022801302931596091205212,4.500000000000000300593143774,4.500000000000000300593143774,run_1b9084e003d946e9b03e3625bc9de3a7,ema_pullback:ce5df403edf3aed28dc43df1
w06-lb085-r2_75,lab_3d_w06_lb_ratio,6,85,2.75,8.25,3.0,e8a515bdc6c58cd92307bf0688b0e00af3c024bc442ee91f8912b8b301ad1c0c,725,725,0.2951724137931034482758620690,1.060118069054668405748311730,77.50000000000000601122031405,77.50000000000000601122031405,0.1953992385373219790591733683,-0.2428854660229851862206942183,419,0.3007159904534606205250596659,53.50000000000000513630918854,53.50000000000000513630918854,306,0.2875816993464052287581699346,24.00000000000000087491112546,24.00000000000000087491112546,run_70258e6edaeb46428eda4788421f783f,ema_pullback:1602023d2ac402f3b1823161
w06-lb085-r3_0,lab_3d_w06_lb_ratio,6,85,3.0,9.0,3.0,e8a515bdc6c58cd92307bf0688b0e00af3c024bc442ee91f8912b8b301ad1c0c,724,724,0.2748618784530386740331491713,1.042641098726253869571471653,72.00000000000000258047099733,72.00000000000000258047099733,0.1388412539384805918764159259,-0.2446955704239327499657449608,419,0.2816229116945107398568019093,53.00000000000000318897394239,53.00000000000000318897394239,305,0.2655737704918032786885245902,18.99999999999999939149705490,18.99999999999999939149705490,run_83755e79b5034c28bda5b848c79132a8,ema_pullback:7b654efe08553d77aac4707f
w06-lb085-r3_25,lab_3d_w06_lb_ratio,6,85,3.25,9.75,3.0,e8a515bdc6c58cd92307bf0688b0e00af3c024bc442ee91f8912b8b301ad1c0c,722,722,0.2673130193905817174515235457,1.085260881858830663002829141,98.25000000000000214664408971,98.25000000000000214664408971,0.296637651134266954559522439,-0.2357603580519445654114727424,419,0.2744630071599045346062052506,69.75000000000000275755295985,69.75000000000000275755295985,303,0.2574257425742574257425742574,28.49999999999999938909112980,28.49999999999999938909112980,run_8d67ed6523b1448aa6f82a14f699faf5,ema_pullback:2f0d17f0c415040b53b21f90
w06-lb085-r3_5,lab_3d_w06_lb_ratio,6,85,3.5,10.5,3.0,e8a515bdc6c58cd92307bf0688b0e00af3c024bc442ee91f8912b8b301ad1c0c,715,715,0.2517482517482517482517482517,1.093321849309616168008491071,95.00000000000000608417224665,95.00000000000000608417224665,0.3268350323496090485535289741,-0.2295193376492104020821580302,416,0.2548076923076923076923076923,61.00000000000000605592419933,61.00000000000000605592419933,299,0.2474916387959866220735785953,34.00000000000000002824804736,34.00000000000000002824804736,run_e253d215d5f345dbae554834870042d0,ema_pullback:2adf526af127efa82a3091bf
w06-lb085-r3_75,lab_3d_w06_lb_ratio,6,85,3.75,11.25,3.0,e8a515bdc6c58cd92307bf0688b0e00af3c024bc442ee91f8912b8b301ad1c0c,714,714,0.2408963585434173669467787115,1.118947173261243105837904578,103.0000000000000000627056570,103.0000000000000000627056570,0.4384368506910239876606304974,-0.2655971212990860129221895987,415,0.2385542168674698795180722892,55.25000000000000081995800603,55.25000000000000081995800603,299,0.2441471571906354515050167224,47.74999999999999924274765099,47.74999999999999924274765099,run_d9825d66524d440da4a0d512f7ea6378,ema_pullback:b2e5f149ab09c5ba2929aa90
w06-lb085-r4_0,lab_3d_w06_lb_ratio,6,85,4.0,12.0,3.0,e8a515bdc6c58cd92307bf0688b0e00af3c024bc442ee91f8912b8b301ad1c0c,711,711,0.2264416315049226441631504923,1.062448576529907564769332371,93.9999999999999997350784508,93.9999999999999997350784508,0.2043546937801504776300876927,-0.2623552656881720346899992189,412,0.2233009708737864077669902913,48.00000000000000023790595747,48.00000000000000023790595747,299,0.2307692307692307692307692308,45.99999999999999949717249332,45.99999999999999949717249332,run_7045584996d84475a1c7c9c4c4421cc5,ema_pullback:7cf178ba1c01dd9dfa6dcff4
w06-lb085-r4_25,lab_3d_w06_lb_ratio,6,85,4.25,12.75,3.0,e8a515bdc6c58cd92307bf0688b0e00af3c024bc442ee91f8912b8b301ad1c0c,711,711,0.2194092827004219409282700422,1.092513012153771310579532156,108.0000000000000059684940832,108.0000000000000059684940832,0.3336318848580862037621271104,-0.2591040105776907517684240471,412,0.2184466019417475728155339806,60.50000000000000518021663108,60.50000000000000518021663108,299,0.2207357859531772575250836120,47.50000000000000078827745217,47.50000000000000078827745217,run_d0e13f01d5a44f1e97f4bf6e6aa0db46,ema_pullback:82866c94e23d2041aa70e154
w06-lb085-r4_5,lab_3d_w06_lb_ratio,6,85,4.5,13.5,3.0,e8a515bdc6c58cd92307bf0688b0e00af3c024bc442ee91f8912b8b301ad1c0c,707,707,0.2135785007072135785007072136,1.113432050856231818350515331,123.5000000000000032467603698,123.5000000000000032467603698,0.4143224581486201274232096047,-0.2558433425849843777698881031,409,0.2102689486552567237163814181,64.00000000000000428905638164,64.00000000000000428905638164,298,0.2181208053691275167785234899,59.49999999999999895770398822,59.49999999999999895770398822,run_406f07f4edb64f158dd240d82394c49d,ema_pullback:b6483aabf04cf4f9bed615ed
w06-lb085-r4_75,lab_3d_w06_lb_ratio,6,85,4.75,14.25,3.0,e8a515bdc6c58cd92307bf0688b0e00af3c024bc442ee91f8912b8b301ad1c0c,706,706,0.2067988668555240793201133144,1.135257573273277585703698743,133.5000000000000054277102298,133.5000000000000054277102298,0.5132133347183323980186637742,-0.2720168574092298974332054166,409,0.2053789731051344743276283619,74.00000000000000440230235284,74.00000000000000440230235284,297,0.2087542087542087542087542088,59.50000000000000102540787713,59.50000000000000102540787713,run_65ba41a72e0049bba721dc59deb6a6a4,ema_pullback:12d63f8d0576af9933a7ddb8
w06-lb085-r5_0,lab_3d_w06_lb_ratio,6,85,5.0,15.0,3.0,e8a515bdc6c58cd92307bf0688b0e00af3c024bc442ee91f8912b8b301ad1c0c,703,703,0.1991465149359886201991465149,1.116084735167345759873522228,137.0000000000000041490556961,137.0000000000000041490556961,0.4197979729522606711159529547,-0.2816580142220493211635305750,408,0.1985294117647058823529411765,78.00000000000000800262953452,78.00000000000000800262953452,295,0.2,58.99999999999999614642616137,58.99999999999999614642616137,run_e208e1b9997e43769dfcab915af26458,ema_pullback:3940cd662edf845d63cfd147
w06-lb090-r2_0,lab_3d_w06_lb_ratio,6,90,2.0,6.0,3.0,e8a515bdc6c58cd92307bf0688b0e00af3c024bc442ee91f8912b8b301ad1c0c,717,717,0.3486750348675034867503486750,1.008014211099653385510556473,32.99999999999999847714026889,32.99999999999999847714026889,0.02395453625114143821681247598,-0.2231591802069392989821222122,411,0.3698296836982968369829683698,45.00000000000000038300765289,45.00000000000000038300765289,306,0.3202614379084967320261437908,-12.00000000000000190586738398,-12.00000000000000190586738398,run_f4d83cfe69a14e4bb21c63ebc9fe1f87,ema_pullback:3aeb171be1e68984a6fd7563
w06-lb090-r2_25,lab_3d_w06_lb_ratio,6,90,2.25,6.75,3.0,e8a515bdc6c58cd92307bf0688b0e00af3c024bc442ee91f8912b8b301ad1c0c,714,714,0.3193277310924369747899159664,0.9600311510297013505780261970,27.00000000000000416229921052,27.00000000000000416229921052,-0.1098361517224080462638884522,-0.2471304711328307912678656129,408,0.3333333333333333333333333333,34.00000000000000416192951861,34.00000000000000416192951861,306,0.3006535947712418300653594771,-6.999999999999999999630308078,-6.999999999999999999630308078,run_98b5d949cf254af998d9cfd408b69d3e,ema_pullback:74c7aeb81c9c402a50490ecf
w06-lb090-r2_5,lab_3d_w06_lb_ratio,6,90,2.5,7.5,3.0,e8a515bdc6c58cd92307bf0688b0e00af3c024bc442ee91f8912b8b301ad1c0c,713,713,0.3001402524544179523141654979,0.9921258636452554564472882610,36.00000000000000555597258959,36.00000000000000555597258959,-0.02294164432635785802569707411,-0.2323221571688345297216278947,408,0.3088235294117647058823529412,33.00000000000000525537944580,33.00000000000000525537944580,305,0.2885245901639344262295081967,3.000000000000000300593143759,3.000000000000000300593143759,run_ccbcb16cf10b49d58940d2ba04d108af,ema_pullback:8fe3e57bffc31472f6127f87
w06-lb090-r2_75,lab_3d_w06_lb_ratio,6,90,2.75,8.25,3.0,e8a515bdc6c58cd92307bf0688b0e00af3c024bc442ee91f8912b8b301ad1c0c,710,710,0.2915492957746478873239436620,1.048883876008572323191256027,66.25000000000000497787832322,66.25000000000000497787832322,0.1543570931017489118721102842,-0.2355996954140165630485494709,406,0.2955665024630541871921182266,44.00000000000000410296719777,44.00000000000000410296719777,304,0.2861842105263157894736842105,22.25000000000000087491112544,22.25000000000000087491112544,run_6b2443e3248e45c2b9e46208e2a09d6d,ema_pullback:d4ef74678460f25fefae0e2f
w06-lb090-r3_0,lab_3d_w06_lb_ratio,6,90,3.0,9.0,3.0,e8a515bdc6c58cd92307bf0688b0e00af3c024bc442ee91f8912b8b301ad1c0c,709,709,0.2708039492242595204513399154,1.028928486112849914976098753,59.00000000000000215924574405,59.00000000000000215924574405,0.09123391954978234022294034701,-0.2374272185869619562396636081,406,0.2758620689655172413793103448,42.00000000000000276774868911,42.00000000000000276774868911,303,0.2640264026402640264026402640,16.99999999999999939149705492,16.99999999999999939149705492,run_a2a9619aeb5448029b96bfb0c50bcd05,ema_pullback:d2eea0f308d0882094dabea2
w06-lb090-r3_25,lab_3d_w06_lb_ratio,6,90,3.25,9.75,3.0,e8a515bdc6c58cd92307bf0688b0e00af3c024bc442ee91f8912b8b301ad1c0c,707,707,0.2630834512022630834512022631,1.069324069924646168029974911,83.50000000000000238752938826,83.50000000000000238752938826,0.2328362229971489394191023571,-0.2284060219883300645725626862,406,0.2684729064039408866995073892,57.25000000000000265426565172,57.25000000000000265426565172,301,0.2558139534883720930232558140,26.24999999999999973326373651,26.24999999999999973326373651,run_6b8c4c9fabb843f38a1761db28e2987f,ema_pullback:b85d4903d005311864d980a0
w06-lb090-r3_5,lab_3d_w06_lb_ratio,6,90,3.5,10.5,3.0,e8a515bdc6c58cd92307bf0688b0e00af3c024bc442ee91f8912b8b301ad1c0c,701,701,0.2482168330955777460770328103,1.085272855549345627249635969,82.00000000000000684748532232,82.00000000000000684748532232,0.2895834200901863093979580271,-0.2221049437727028330367202368,404,0.25,50.50000000000000647506466823,50.50000000000000647506466823,297,0.2457912457912457912457912458,31.50000000000000037242065407,31.50000000000000037242065407,run_53978d2185484813a2ec012bb34eef35,ema_pullback:023121246b8b90f7fbeef747
w06-lb090-r3_75,lab_3d_w06_lb_ratio,6,90,3.75,11.25,3.0,e8a515bdc6c58cd92307bf0688b0e00af3c024bc442ee91f8912b8b301ad1c0c,700,700,0.2385714285714285714285714286,1.116700395778847154807446748,93.2500000000000009002184981,93.2500000000000009002184981,0.4153273564570098884832968865,-0.2585299066721594226580425392,403,0.2357320099255583126550868486,48.25000000000000165747084710,48.25000000000000165747084710,297,0.2424242424242424242424242424,44.99999999999999924274765097,44.99999999999999924274765097,run_ce820d1e1db34228b18a3c2346c56ff7,ema_pullback:d2f00e1230c5dd0020a9a17e
w06-lb090-r4_0,lab_3d_w06_lb_ratio,6,90,4.0,12.0,3.0,e8a515bdc6c58cd92307bf0688b0e00af3c024bc442ee91f8912b8b301ad1c0c,697,697,0.2238163558106169296987087518,1.056856184051725188912086356,82.99999999999999953109330295,82.99999999999999953109330295,0.179262883679047808280800477,-0.2552568544387153661124113639,400,0.22,40.00000000000000037809341640,40.00000000000000037809341640,297,0.2289562289562289562289562290,42.99999999999999915299988660,42.99999999999999915299988660,run_5e57b71c840049d0abf4013f2ecf8981,ema_pullback:677002e2802329443af14d4d
w06-lb090-r4_25,lab_3d_w06_lb_ratio,6,90,4.25,12.75,3.0,e8a515bdc6c58cd92307bf0688b0e00af3c024bc442ee91f8912b8b301ad1c0c,697,697,0.2180774748923959827833572453,1.092118578386057090296040634,101.0000000000000079432100156,101.0000000000000079432100156,0.3194064493075792073568147429,-0.2519743122536064513507646482,400,0.215,51.50000000000000715493256356,51.50000000000000715493256356,297,0.2222222222222222222222222222,49.50000000000000078827745214,49.50000000000000078827745214,run_ab52c0b8113c4533b18d874a5a3a8de2,ema_pullback:3fc72182ff54e28a91d03740
w06-lb090-r4_5,lab_3d_w06_lb_ratio,6,90,4.5,13.5,3.0,e8a515bdc6c58cd92307bf0688b0e00af3c024bc442ee91f8912b8b301ad1c0c,693,693,0.2121212121212121212121212121,1.112387531577209585735143430,115.5000000000000040483130720,115.5000000000000040483130720,0.3934707159196142722207088856,-0.2617832014779900415084634141,397,0.2065491183879093198992443325,54.00000000000000509060908388,54.00000000000000509060908388,296,0.2195945945945945945945945946,61.49999999999999895770398818,61.49999999999999895770398818,run_0de75e14fb8147f38a99307b8113001c,ema_pullback:6e91f578ac0ca5d0786633e6
w06-lb090-r4_75,lab_3d_w06_lb_ratio,6,90,4.75,14.25,3.0,e8a515bdc6c58cd92307bf0688b0e00af3c024bc442ee91f8912b8b301ad1c0c,692,692,0.2052023121387283236994219653,1.133698267625873416725208748,124.5000000000000053203899027,124.5000000000000053203899027,0.4847683003918102813765409484,-0.2650114203900094099809666536,397,0.2015113350125944584382871537,63.00000000000000429498202562,63.00000000000000429498202562,295,0.2101694915254237288135593220,61.50000000000000102540787713,61.50000000000000102540787713,run_830c460824c4402cb8cb60cbb889f616,ema_pullback:f1626f1a06cc30cdb499340d
w06-lb090-r5_0,lab_3d_w06_lb_ratio,6,90,5.0,15.0,3.0,e8a515bdc6c58cd92307bf0688b0e00af3c024bc442ee91f8912b8b301ad1c0c,689,689,0.1973875181422351233671988389,1.112435969176746681899688610,127.0000000000000030877376461,127.0000000000000030877376461,0.3873835220646429730563639149,-0.2747453547863924717499143727,396,0.1944444444444444444444444444,66.00000000000000694131148470,66.00000000000000694131148470,293,0.2013651877133105802047781570,60.99999999999999614642616136,60.99999999999999614642616136,run_646da135d432496a91bc016ccaca26f2,ema_pullback:6220971f93b39318caaedfb3
w06-lb095-r2_0,lab_3d_w06_lb_ratio,6,95,2.0,6.0,3.0,e8a515bdc6c58cd92307bf0688b0e00af3c024bc442ee91f8912b8b301ad1c0c,700,700,0.3542857142857142857142857143,1.029119748805704226006127921,43.99999999999999818363459831,43.99999999999999818363459831,0.08839359468117618095275075885,-0.2084503950806070317012425095,398,0.3768844221105527638190954774,52.00000000000000008950198231,52.00000000000000008950198231,302,0.3245033112582781456953642384,-8.000000000000001905867383960,-8.000000000000001905867383960,run_27b7860035f3445f823c80bdbe914e82,ema_pullback:a5708d9b3c8a5d8039b6e285
w06-lb095-r2_25,lab_3d_w06_lb_ratio,6,95,2.25,6.75,3.0,e8a515bdc6c58cd92307bf0688b0e00af3c024bc442ee91f8912b8b301ad1c0c,700,700,0.3242857142857142857142857143,0.9758631559279639484917475829,37.75000000000000364196295170,37.75000000000000364196295170,-0.067146202357050972798318589,-0.2446122370527881070055189683,398,0.3391959798994974874371859296,40.75000000000000364159325975,40.75000000000000364159325975,302,0.3046357615894039735099337748,-2.999999999999999999630308074,-2.999999999999999999630308074,run_e0dfd9feec924c42a6985907f9bbab34,ema_pullback:e7e25e473053e1697357edaf
w06-lb095-r2_5,lab_3d_w06_lb_ratio,6,95,2.5,7.5,3.0,e8a515bdc6c58cd92307bf0688b0e00af3c024bc442ee91f8912b8b301ad1c0c,699,699,0.3047210300429184549356223176,1.007694506073090973024926869,46.50000000000000534783808602,46.50000000000000534783808602,0.02270026505332785503246876303,-0.2218418371282860821084980265,398,0.3140703517587939698492462312,39.50000000000000504724494227,39.50000000000000504724494227,301,0.2923588039867109634551495017,7.000000000000000300593143740,7.000000000000000300593143740,run_306a7143f88544bb8f06329238c8fad2,ema_pullback:653037f97d0d1a5b62c119d7
w06-lb095-r2_75,lab_3d_w06_lb_ratio,6,95,2.75,8.25,3.0,e8a515bdc6c58cd92307bf0688b0e00af3c024bc442ee91f8912b8b301ad1c0c,696,696,0.2959770114942528735632183908,1.064666509837361098226783162,76.50000000000000487381107148,76.50000000000000487381107148,0.2068488671555909056070545903,-0.2330428926427583656941343284,396,0.3005050505050505050505050505,50.25000000000000399889994601,50.25000000000000399889994601,300,0.29,26.25000000000000087491112544,26.25000000000000087491112544,run_e4a46d518fdd40528311f9da25b33781,ema_pullback:7f462ceeed936cb97ec1be0a
w06-lb095-r3_0,lab_3d_w06_lb_ratio,6,95,3.0,9.0,3.0,e8a515bdc6c58cd92307bf0688b0e00af3c024bc442ee91f8912b8b301ad1c0c,695,695,0.2748201438848920863309352518,1.043675850152983704579146814,69.00000000000000174297673693,69.00000000000000174297673693,0.1395044470844470499658120316,-0.2348765286027933142070409860,396,0.2803030303030303030303030303,48.00000000000000235147968203,48.00000000000000235147968203,299,0.2675585284280936454849498328,20.99999999999999939149705490,20.99999999999999939149705490,run_ca6b209230a845f3a34335bfcc91bf51,ema_pullback:35821ebc6f425dcb903ecd9f
w06-lb095-r3_25,lab_3d_w06_lb_ratio,6,95,3.25,9.75,3.0,e8a515bdc6c58cd92307bf0688b0e00af3c024bc442ee91f8912b8b301ad1c0c,693,693,0.2669552669552669552669552670,1.084016825570780786183679217,93.2500000000000020753276329,93.2500000000000020753276329,0.2858479558597551786105277597,-0.2258251574734540599885686234,396,0.2727272727272727272727272727,63.00000000000000234206389642,63.00000000000000234206389642,297,0.2592592592592592592592592593,30.24999999999999973326373655,30.24999999999999973326373655,run_f2e789be8dc24b5c92814e63a24f8f58,ema_pullback:8d4db701008d2183f7c61567
w06-lb095-r3_5,lab_3d_w06_lb_ratio,6,95,3.5,10.5,3.0,e8a515bdc6c58cd92307bf0688b0e00af3c024bc442ee91f8912b8b301ad1c0c,687,687,0.2518195050946142649199417758,1.099880620735962830549526182,91.50000000000000622308181170,91.50000000000000622308181170,0.3434464063156192534243458858,-0.2195030031094436115761511988,394,0.2538071065989847715736040609,56.00000000000000585066115763,56.00000000000000585066115763,293,0.2491467576791808873720136519,35.50000000000000037242065406,35.50000000000000037242065406,run_e0291d03107d44318b832292487188ef,ema_pullback:dbc5043cf6781392649f314c
w06-lb095-r3_75,lab_3d_w06_lb_ratio,6,95,3.75,11.25,3.0,e8a515bdc6c58cd92307bf0688b0e00af3c024bc442ee91f8912b8b301ad1c0c,686,686,0.2419825072886297376093294461,1.131173139220190823951328494,102.5000000000000003798822393,102.5000000000000003798822393,0.4727027058511090615163250142,-0.2560498019704056714730662431,393,0.2391857506361323155216284987,53.50000000000000113713458826,53.50000000000000113713458826,293,0.2457337883959044368600682594,48.99999999999999924274765099,48.99999999999999924274765099,run_c0af6b5c668f461c92ce221de5658f86,ema_pullback:b892eba328614f51f8582491
w06-lb095-r4_0,lab_3d_w06_lb_ratio,6,95,4.0,12.0,3.0,e8a515bdc6c58cd92307bf0688b0e00af3c024bc442ee91f8912b8b301ad1c0c,685,685,0.2262773722627737226277372263,1.067671203397736901330272133,89.99999999999999911482429593,89.99999999999999911482429593,0.2144259880804816915978234248,-0.2527658018749961815250235583,392,0.2219387755102040816326530612,42.99999999999999996182440933,42.99999999999999996182440933,293,0.2320819112627986348122866894,46.99999999999999915299988660,46.99999999999999915299988660,run_ae07d11708a14b27869a107875e39ab3,ema_pullback:5b5d933d7a1ac88e60824c4c
w06-lb095-r4_25,lab_3d_w06_lb_ratio,6,95,4.25,12.75,3.0,e8a515bdc6c58cd92307bf0688b0e00af3c024bc442ee91f8912b8b301ad1c0c,685,685,0.2204379562043795620437956204,1.102487468613124180974735487,107.7500000000000072147392534,107.7500000000000072147392534,0.3571489392318992706622570422,-0.2494722800854767162600132661,392,0.2168367346938775510204081633,54.25000000000000642646180119,54.25000000000000642646180119,293,0.2252559726962457337883959044,53.50000000000000078827745214,53.50000000000000078827745214,run_5078c0a675904e839b6b63349137556c,ema_pullback:8c0e7c6054f9f2395dbb6b15
w06-lb095-r4_5,lab_3d_w06_lb_ratio,6,95,4.5,13.5,3.0,e8a515bdc6c58cd92307bf0688b0e00af3c024bc442ee91f8912b8b301ad1c0c,681,681,0.2143906020558002936857562408,1.122735923292825198176583811,122.0000000000000032157750579,122.0000000000000032157750579,0.4316466568244560873166626055,-0.2485021856509849535418050548,389,0.2082262210796915167095115681,56.50000000000000425807106970,56.50000000000000425807106970,292,0.2226027397260273972602739726,65.49999999999999895770398822,65.49999999999999895770398822,run_52f05754b1344a29b8997be7bc4afe8b,ema_pullback:203779233e405b6825444fd8
w06-lb095-r4_75,lab_3d_w06_lb_ratio,6,95,4.75,14.25,3.0,e8a515bdc6c58cd92307bf0688b0e00af3c024bc442ee91f8912b8b301ad1c0c,680,680,0.2073529411764705882352941176,1.143809096004125612103546394,130.7500000000000043837846367,130.7500000000000043837846367,0.5236540569493780523246787454,-0.2625529953659537500010856854,389,0.2030848329048843187660668380,65.25000000000000335837675974,65.25000000000000335837675974,291,0.2130584192439862542955326460,65.50000000000000102540787710,65.50000000000000102540787710,run_2faca7251e404762b3688057095937aa,ema_pullback:39adb003df785de71bdca2a2
w06-lb095-r5_0,lab_3d_w06_lb_ratio,6,95,5.0,15.0,3.0,e8a515bdc6c58cd92307bf0688b0e00af3c024bc442ee91f8912b8b301ad1c0c,677,677,0.1994091580502215657311669129,1.122070172533267607795949074,133.0000000000000024633341355,133.0000000000000024633341355,0.4220488157063606278632883154,-0.2723194882925867407932949733,388,0.1958762886597938144329896907,68.00000000000000631690797403,68.00000000000000631690797403,289,0.2041522491349480968858131488,64.99999999999999614642616135,64.99999999999999614642616135,run_6346014dd860403fb5ba97d883e1b739,ema_pullback:94e58022e65ca1cf15345e5e
w06-lb100-r2_0,lab_3d_w06_lb_ratio,6,100,2.0,6.0,3.0,e8a515bdc6c58cd92307bf0688b0e00af3c024bc442ee91f8912b8b301ad1c0c,688,688,0.3590116279069767441860465116,1.046454822709863899842872473,52.99999999999999818363459832,52.99999999999999818363459832,0.1412732298526661997500438318,-0.1977453068717521596115852613,390,0.3820512820512820512820512821,57.00000000000000008950198231,57.00000000000000008950198231,298,0.3288590604026845637583892617,-4.000000000000001905867383988,-4.000000000000001905867383988,run_a7e1b1b038c9408c8645ce28977f509c,ema_pullback:1553c700aa2627fc9f409918
w06-lb100-r2_25,lab_3d_w06_lb_ratio,6,100,2.25,6.75,3.0,e8a515bdc6c58cd92307bf0688b0e00af3c024bc442ee91f8912b8b301ad1c0c,688,688,0.3284883720930232558139534884,0.9921118540797016844939389357,46.50000000000000393707154252,46.50000000000000393707154252,-0.02198895214312808986071728885,-0.2446122370527881070055189677,390,0.3435897435897435897435897436,45.50000000000000393670185064,45.50000000000000393670185064,298,0.3087248322147651006711409396,1.000000000000000000369691936,1.000000000000000000369691936,run_7d2d42ccaf80438c8d9ff78296a39743,ema_pullback:b4bf36591b384a8844884a0b
w06-lb100-r2_5,lab_3d_w06_lb_ratio,6,100,2.5,7.5,3.0,e8a515bdc6c58cd92307bf0688b0e00af3c024bc442ee91f8912b8b301ad1c0c,687,687,0.3085880640465793304221251820,1.024354438983527254323293077,55.00000000000000534783808605,55.00000000000000534783808605,0.07202541483915438637708724398,-0.2218418371282860821084980267,390,0.3179487179487179487179487179,44.00000000000000504724494229,44.00000000000000504724494229,297,0.2962962962962962962962962963,11.00000000000000030059314376,11.00000000000000030059314376,run_56921dca84ec42c5a9e613bb1464552f,ema_pullback:770958ad1f314f7e6a4f7496
w06-lb100-r2_75,lab_3d_w06_lb_ratio,6,100,2.75,8.25,3.0,e8a515bdc6c58cd92307bf0688b0e00af3c024bc442ee91f8912b8b301ad1c0c,685,685,0.2992700729927007299270072993,1.079161781121750832850778092,83.75000000000000516891966235,83.75000000000000516891966235,0.2540671564570338001145948401,-0.2330428926427583656941343269,389,0.3033419023136246786632390746,53.50000000000000429400853689,53.50000000000000429400853689,296,0.2939189189189189189189189189,30.25000000000000087491112542,30.25000000000000087491112542,run_6f8091c6c50e4618bf1dcb800eff8900,ema_pullback:c2c8154d3e980d6e884b60d9
w06-lb100-r3_0,lab_3d_w06_lb_ratio,6,100,3.0,9.0,3.0,e8a515bdc6c58cd92307bf0688b0e00af3c024bc442ee91f8912b8b301ad1c0c,684,684,0.2777777777777777777777777778,1.057365716289580989770360287,76.00000000000000233319391867,76.00000000000000233319391867,0.183887655733290683580851867,-0.2348765286027933142070409854,389,0.2827763496143958868894601542,51.00000000000000294169686381,51.00000000000000294169686381,295,0.2711864406779661016949152542,24.99999999999999939149705492,24.99999999999999939149705492,run_eef6b3bde2f348a5b3ad5e00a11a778a,ema_pullback:395fa7c2ebfb725cf5089f0d
w06-lb100-r3_25,lab_3d_w06_lb_ratio,6,100,3.25,9.75,3.0,e8a515bdc6c58cd92307bf0688b0e00af3c024bc442ee91f8912b8b301ad1c0c,682,682,0.2697947214076246334310850440,1.098271200271457998593121333,100.0000000000000022228819284,100.0000000000000022228819284,0.3357053330555987975843111536,-0.2258251574734540599885686244,389,0.2750642673521850899742930591,65.75000000000000248961819186,65.75000000000000248961819186,293,0.2627986348122866894197952218,34.24999999999999973326373653,34.24999999999999973326373653,run_a3a3909598da4a079383db51ad584eb1,ema_pullback:4b60f3bc624c7ca9b9c104c2
w06-lb100-r3_5,lab_3d_w06_lb_ratio,6,100,3.5,10.5,3.0,e8a515bdc6c58cd92307bf0688b0e00af3c024bc442ee91f8912b8b301ad1c0c,677,677,0.2540620384047267355982274742,1.113683875051090238350732190,97.0000000000000062230818118,97.0000000000000062230818118,0.3927751432735650580644686024,-0.2195030031094436115761512002,388,0.2551546391752577319587628866,57.50000000000000585066115763,57.50000000000000585066115763,289,0.2525951557093425605536332180,39.50000000000000037242065406,39.50000000000000037242065406,run_1a89a2c229cb4a08bcbed522b3576247,ema_pullback:7b6d284e20d630d917f213e4
w06-lb100-r3_75,lab_3d_w06_lb_ratio,6,100,3.75,11.25,3.0,e8a515bdc6c58cd92307bf0688b0e00af3c024bc442ee91f8912b8b301ad1c0c,676,676,0.2440828402366863905325443787,1.145354274896084507777787681,107.7500000000000011176537164,107.7500000000000011176537164,0.5265194576555849437765623385,-0.2560498019704056714730662444,387,0.2403100775193798449612403101,54.75000000000000187490606542,54.75000000000000187490606542,289,0.2491349480968858131487889273,52.99999999999999924274765100,52.99999999999999924274765100,run_a9664a90b9ee46fe88d4154d601e77ff,ema_pullback:c8aaf71ced3d53cae6cdc422
w06-lb100-r4_0,lab_3d_w06_lb_ratio,6,100,4.0,12.0,3.0,e8a515bdc6c58cd92307bf0688b0e00af3c024bc442ee91f8912b8b301ad1c0c,675,675,0.2281481481481481481481481481,1.081215952066766048477702323,94.9999999999999991148242960,94.9999999999999991148242960,0.2585918713341308322869512206,-0.2527658018749961815250235579,386,0.2227979274611398963730569948,43.99999999999999996182440933,43.99999999999999996182440933,289,0.2352941176470588235294117647,50.99999999999999915299988660,50.99999999999999915299988660,run_e7e0008a0dd14fa2895ca7130a0fc46c,ema_pullback:c1a7a72434e9fd824db31953
w06-lb100-r4_25,lab_3d_w06_lb_ratio,6,100,4.25,12.75,3.0,e8a515bdc6c58cd92307bf0688b0e00af3c024bc442ee91f8912b8b301ad1c0c,675,675,0.2222222222222222222222222222,1.115959939372846732999484979,112.5000000000000075098478445,112.5000000000000075098478445,0.4062677097363882597246179755,-0.2494722800854767162600132662,386,0.2176165803108808290155440415,55.00000000000000672157039204,55.00000000000000672157039204,289,0.2283737024221453287197231834,57.50000000000000078827745214,57.50000000000000078827745214,run_837f1637ab2a43128ebeb38008f6ce0d,ema_pullback:1f3c38c1a81a387e85bad426
w06-lb100-r4_5,lab_3d_w06_lb_ratio,6,100,4.5,13.5,3.0,e8a515bdc6c58cd92307bf0688b0e00af3c024bc442ee91f8912b8b301ad1c0c,671,671,0.2160953800298062593144560358,1.136639926780946694041060487,126.5000000000000036584379441,126.5000000000000036584379441,0.4832111171465525243304971688,-0.2461692230452134455430514051,383,0.2088772845953002610966057441,57.00000000000000470073395604,57.00000000000000470073395604,288,0.2256944444444444444444444444,69.49999999999999895770398821,69.49999999999999895770398821,run_55de33c88c3f488bae88a1df53a29b2d,ema_pullback:5fbe5fe2c68adc5547baf8a0
w06-lb100-r4_75,lab_3d_w06_lb_ratio,6,100,4.75,14.25,3.0,e8a515bdc6c58cd92307bf0688b0e00af3c024bc442ee91f8912b8b301ad1c0c,670,670,0.2089552238805970149253731343,1.157886740524779142559709677,135.0000000000000051215561139,135.0000000000000051215561139,0.5782658107411756206515451378,-0.2625529953659537500010856852,383,0.2036553524804177545691906005,65.50000000000000409614823690,65.50000000000000409614823690,287,0.2160278745644599303135888502,69.50000000000000102540787712,69.50000000000000102540787712,run_8d82b55d01aa4096b36478470c5268cb,ema_pullback:a7c821c9e53e4f2d535cf654
w06-lb100-r5_0,lab_3d_w06_lb_ratio,6,100,5.0,15.0,3.0,e8a515bdc6c58cd92307bf0688b0e00af3c024bc442ee91f8912b8b301ad1c0c,668,668,0.2005988023952095808383233533,1.132874104332875095357557373,136.0000000000000024633341355,136.0000000000000024633341355,0.4623804153593542285761645919,-0.2723194882925867407932949729,382,0.1963350785340314136125654450,68.00000000000000631690797407,68.00000000000000631690797407,286,0.2062937062937062937062937063,67.99999999999999614642616136,67.99999999999999614642616136,run_a39707c435514110a1f0948797991280,ema_pullback:31db1ea194ffb94dac961672
w06-lb105-r2_0,lab_3d_w06_lb_ratio,6,105,2.0,6.0,3.0,e8a515bdc6c58cd92307bf0688b0e00af3c024bc442ee91f8912b8b301ad1c0c,676,676,0.3594674556213017751479289941,1.049135983267242526606827765,52.99999999999999831996702902,52.99999999999999831996702902,0.1467492982335740995672795734,-0.1944492447074683692020471190,383,0.3864229765013054830287206266,61.00000000000000008950198228,61.00000000000000008950198228,293,0.3242320819112627986348122867,-8.00000000000000176953495328,-8.00000000000000176953495328,run_216f08877e4d42d38b5668b9d3f75631,ema_pullback:2be242dbb37fe80c3942a26a
w06-lb105-r2_25,lab_3d_w06_lb_ratio,6,105,2.25,6.75,3.0,e8a515bdc6c58cd92307bf0688b0e00af3c024bc442ee91f8912b8b301ad1c0c,676,676,0.3284023668639053254437869822,0.9916873605791926593364538647,45.50000000000000423324967900,45.50000000000000423324967900,-0.0227353109067875809187518759,-0.2415087275985713528415536226,383,0.3472584856396866840731070496,49.25000000000000401727448220,49.25000000000000401727448220,293,0.3037542662116040955631399317,-3.749999999999999784024803192,-3.749999999999999784024803192,run_a818cb2ec682496e96bf3fb84e7c874e,ema_pullback:1de88d37e414e7b2b0694120
w06-lb105-r2_5,lab_3d_w06_lb_ratio,6,105,2.5,7.5,3.0,e8a515bdc6c58cd92307bf0688b0e00af3c024bc442ee91f8912b8b301ad1c0c,675,675,0.3096296296296296296296296296,1.025043039531894722450249783,56.50000000000000565342317925,56.50000000000000565342317925,0.07264298189976085595925339216,-0.2218418371282860821084980258,383,0.3211488250652741514360313316,47.50000000000000520839020543,47.50000000000000520839020543,292,0.2945205479452054794520547945,9.000000000000000445032973775,9.000000000000000445032973775,run_1ef7682178b84c7c8132d88a66835bb1,ema_pullback:fe171783dd14c798023ff057
w06-lb105-r2_75,lab_3d_w06_lb_ratio,6,105,2.75,8.25,3.0,e8a515bdc6c58cd92307bf0688b0e00af3c024bc442ee91f8912b8b301ad1c0c,673,673,0.3001485884101040118870728083,1.079096356678746305242342050,84.50000000000000531277263576,84.50000000000000531277263576,0.248485013218393547682785023,-0.2330428926427583656941343276,382,0.3062827225130890052356020942,56.75000000000000453572643161,56.75000000000000453572643161,291,0.2920962199312714776632302405,27.75000000000000077704620412,27.75000000000000077704620412,run_322aa5de9c2e4ae9b3f345f10375b1dc,ema_pullback:36c95565758440781ec72fcd
w06-lb105-r3_0,lab_3d_w06_lb_ratio,6,105,3.0,9.0,3.0,e8a515bdc6c58cd92307bf0688b0e00af3c024bc442ee91f8912b8b301ad1c0c,672,672,0.2782738095238095238095238095,1.055123013124382992107328525,76.00000000000000287685929381,76.00000000000000287685929381,0.1727095090509246004773159963,-0.2348765286027933142070409851,382,0.2853403141361256544502617801,54.00000000000000326398739006,54.00000000000000326398739006,290,0.2689655172413793103448275862,21.99999999999999961287190374,21.99999999999999961287190374,run_6c50a01f7ca64575a21303706461c292,ema_pullback:79298bc861a932941150b659
w06-lb105-r3_25,lab_3d_w06_lb_ratio,6,105,3.25,9.75,3.0,e8a515bdc6c58cd92307bf0688b0e00af3c024bc442ee91f8912b8b301ad1c0c,670,670,0.2701492537313432835820895522,1.094977301765373111162940829,99.2500000000000024846975518,99.2500000000000024846975518,0.3164761452549004462902767116,-0.2258251574734540599885686237,382,0.2774869109947643979057591623,68.50000000000000289248134978,68.50000000000000289248134978,288,0.2604166666666666666666666667,30.74999999999999959221620197,30.74999999999999959221620197,run_28ea15f54d4848c7b6fd2f4d4fc23c10,ema_pullback:24d6cb435b505b3fdaa91046
w06-lb105-r3_5,lab_3d_w06_lb_ratio,6,105,3.5,10.5,3.0,e8a515bdc6c58cd92307bf0688b0e00af3c024bc442ee91f8912b8b301ad1c0c,667,667,0.2533733133433283358320839580,1.100364083626423063968345030,93.5000000000000063764612149,93.5000000000000063764612149,0.3369371107823883147106668493,-0.2195030031094436115761512019,382,0.2565445026178010471204188482,59.00000000000000568951589445,59.00000000000000568951589445,285,0.2491228070175438596491228070,34.50000000000000068694532040,34.50000000000000068694532040,run_e34147be8b8d4653abf751f5151d117a,ema_pullback:b6d8c541f8a128ea1906ae2f
w06-lb105-r3_75,lab_3d_w06_lb_ratio,6,105,3.75,11.25,3.0,e8a515bdc6c58cd92307bf0688b0e00af3c024bc442ee91f8912b8b301ad1c0c,666,666,0.2432432432432432432432432432,1.130428762451484581632872647,103.5000000000000013981806599,103.5000000000000013981806599,0.4580235880857090993639468852,-0.2560498019704056714730662432,381,0.2414698162729658792650918635,56.00000000000000179433343383,56.00000000000000179433343383,285,0.2456140350877192982456140351,47.49999999999999960384722603,47.49999999999999960384722603,run_60a8c3dffbeb4e1e906f069baf3d18b4,ema_pullback:9e62b4a4188e8b5a835f4a74
w06-lb105-r4_0,lab_3d_w06_lb_ratio,6,105,4.0,12.0,3.0,e8a515bdc6c58cd92307bf0688b0e00af3c024bc442ee91f8912b8b301ad1c0c,666,666,0.2267267267267267267267267267,1.061629805012023361986656920,88.99999999999999908107189033,88.99999999999999908107189033,0.1900543685263536488533184988,-0.2527658018749961815250235585,381,0.2230971128608923884514435696,43.99999999999999996182440932,43.99999999999999996182440932,285,0.2315789473684210526315789474,44.99999999999999911924748100,44.99999999999999911924748100,run_d5f67014d26e422e97f1c70a30d2b69b,ema_pullback:672ce1b297f837f54c0463bc
w06-lb105-r4_25,lab_3d_w06_lb_ratio,6,105,4.25,12.75,3.0,e8a515bdc6c58cd92307bf0688b0e00af3c024bc442ee91f8912b8b301ad1c0c,666,666,0.2222222222222222222222222222,1.110879994078681413609392234,111.0000000000000069245788188,111.0000000000000069245788188,0.374424988449366840387116609,-0.2494722800854767162600132664,381,0.2178477690288713910761154856,54.75000000000000615756197104,54.75000000000000615756197104,285,0.2280701754385964912280701754,56.25000000000000076701684762,56.25000000000000076701684762,run_30294e38ea6d42a9ae4dfc69eade20b3,ema_pullback:5796b9ec458b10bbbc2ecfd6
w06-lb105-r4_5,lab_3d_w06_lb_ratio,6,105,4.5,13.5,3.0,e8a515bdc6c58cd92307bf0688b0e00af3c024bc442ee91f8912b8b301ad1c0c,662,662,0.2160120845921450151057401813,1.130929269842990127163164790,124.5000000000000039471468345,124.5000000000000039471468345,0.4450220375648134492438925716,-0.2472403878066567537569581436,378,0.2089947089947089947089947090,56.50000000000000486187921920,56.50000000000000486187921920,284,0.2253521126760563380281690141,67.99999999999999908526761546,67.99999999999999908526761546,run_bb6628cd7dd345acb2ef4f12d15fdf66,ema_pullback:569c9bc87a09b9f10815fb70
w06-lb105-r4_75,lab_3d_w06_lb_ratio,6,105,4.75,14.25,3.0,e8a515bdc6c58cd92307bf0688b0e00af3c024bc442ee91f8912b8b301ad1c0c,661,661,0.2087745839636913767019667171,1.151698168112439484689318526,132.5000000000000056396618676,132.5000000000000056396618676,0.532757880412238170144072809,-0.2625529953659537500010856858,378,0.2037037037037037037037037037,64.75000000000000433786613164,64.75000000000000433786613164,283,0.2155477031802120141342756184,67.75000000000000130179573614,67.75000000000000130179573614,run_9392a41a2ee64d83bae71971a64a07f2,ema_pullback:6d104fe3ecdcc6c1c4c1c0a5
w06-lb105-r5_0,lab_3d_w06_lb_ratio,6,105,5.0,15.0,3.0,e8a515bdc6c58cd92307bf0688b0e00af3c024bc442ee91f8912b8b301ad1c0c,659,659,0.2003034901365705614567526555,1.124841678120224373918887358,133.0000000000000032108367525,133.0000000000000032108367525,0.4157256891380533507108632205,-0.2723194882925867407932949726,377,0.1962864721485411140583554377,67.00000000000000663919850038,67.00000000000000663919850038,282,0.2056737588652482269503546099,65.99999999999999657163825211,65.99999999999999657163825211,run_78d2b32ee0a141fd9f1a7b544bcf0354,ema_pullback:e2095699d3340f3e0dfc5a53
w06-lb110-r2_0,lab_3d_w06_lb_ratio,6,110,2.0,6.0,3.0,e8a515bdc6c58cd92307bf0688b0e00af3c024bc442ee91f8912b8b301ad1c0c,658,658,0.3586626139817629179331306991,1.041923072970915781535254236,49.99999999999999832136065231,49.99999999999999832136065231,0.1206315179543852891168083915,-0.2121124009829330743258074985,374,0.3877005347593582887700534759,61.00000000000000008950198231,61.00000000000000008950198231,284,0.3204225352112676056338028169,-11.00000000000000176814132999,-11.00000000000000176814132999,run_83abf18e340d46d2b5895fca86075be9,ema_pullback:e474e89f9bf4fe86ba4f0924
w06-lb110-r2_25,lab_3d_w06_lb_ratio,6,110,2.25,6.75,3.0,e8a515bdc6c58cd92307bf0688b0e00af3c024bc442ee91f8912b8b301ad1c0c,658,658,0.3267477203647416413373860182,0.9791924709804620432020975699,40.75000000000000353853969496,40.75000000000000353853969496,-0.05465475978207476998133075379,-0.2613977927147043263718478096,374,0.3475935828877005347593582888,48.50000000000000349099930684,48.50000000000000349099930684,284,0.2992957746478873239436619718,-7.749999999999999952459611852,-7.749999999999999952459611852,run_d94f15802901402e8cc078cfd07ffa56,ema_pullback:967bb0db347dc0bf5cd33684
w06-lb110-r2_5,lab_3d_w06_lb_ratio,6,110,2.5,7.5,3.0,e8a515bdc6c58cd92307bf0688b0e00af3c024bc442ee91f8912b8b301ad1c0c,657,657,0.3074581430745814307458143075,1.009793657432903024911108327,50.00000000000000519213983043,50.00000000000000519213983043,0.02712974228622965153393670276,-0.2393206393892923139377752202,374,0.3208556149732620320855614973,46.00000000000000527564392863,46.00000000000000527564392863,283,0.2897526501766784452296819788,3.999999999999999916495901824,3.999999999999999916495901824,run_50153bd39248415c8ea5186bf7a7b6b0,ema_pullback:70bd58dff83ba5b6d5a915f1
w06-lb110-r2_75,lab_3d_w06_lb_ratio,6,110,2.75,8.25,3.0,e8a515bdc6c58cd92307bf0688b0e00af3c024bc442ee91f8912b8b301ad1c0c,655,655,0.2977099236641221374045801527,1.061535865304966523404166907,76.25000000000000476264876170,76.25000000000000476264876170,0.1834591562028057286418266639,-0.2490569840249938795704652105,373,0.3056300268096514745308310992,54.50000000000000385690090558,54.50000000000000385690090558,282,0.2872340425531914893617021277,21.75000000000000090574785608,21.75000000000000090574785608,run_3378bca2bfcc479485c218099b43179f,ema_pullback:e756fdd1098ca0b77a5ca01f
w06-lb110-r3_0,lab_3d_w06_lb_ratio,6,110,3.0,9.0,3.0,e8a515bdc6c58cd92307bf0688b0e00af3c024bc442ee91f8912b8b301ad1c0c,654,654,0.2767584097859327217125382263,1.047576056516334549589419101,70.00000000000000219437278121,70.00000000000000219437278121,0.1438899794247195588696341386,-0.2367397527803794105246929121,373,0.2841823056300268096514745308,51.00000000000000312947994377,51.00000000000000312947994377,281,0.2669039145907473309608540925,18.99999999999999906489283741,18.99999999999999906489283741,run_1bc08ef69552498980c3eb2f04b46c62,ema_pullback:df9399273b24f3accfa29d19
w06-lb110-r3_25,lab_3d_w06_lb_ratio,6,110,3.25,9.75,3.0,e8a515bdc6c58cd92307bf0688b0e00af3c024bc442ee91f8912b8b301ad1c0c,653,653,0.2679938744257274119448698315,1.083163776568187900498861925,90.75000000000000217152024319,90.75000000000000217152024319,0.2655947087793093102802287821,-0.2411350856448843187382511779,373,0.2761394101876675603217158177,64.75000000000000254992443960,64.75000000000000254992443960,280,0.2571428571428571428571428571,25.99999999999999962159580361,25.99999999999999962159580361,run_46ee741251f54d3ca4d06dc970d6f3fb,ema_pullback:a7bfb679a17f525bf6c9bfc4
w06-lb110-r3_5,lab_3d_w06_lb_ratio,6,110,3.5,10.5,3.0,e8a515bdc6c58cd92307bf0688b0e00af3c024bc442ee91f8912b8b301ad1c0c,650,650,0.2507692307692307692307692308,1.085925957408822382441462663,83.50000000000000565297413813,83.50000000000000565297413813,0.2753911562564249382257416044,-0.2519858798992783888168597764,373,0.2546916890080428954423592493,54.50000000000000537147299009,54.50000000000000537147299009,277,0.2454873646209386281588447653,29.00000000000000028150114804,29.00000000000000028150114804,run_329aa8b830a741feb59c68dba8a98724,ema_pullback:3a31d79c1714fbaca4e0d0d1
w06-lb110-r3_75,lab_3d_w06_lb_ratio,6,110,3.75,11.25,3.0,e8a515bdc6c58cd92307bf0688b0e00af3c024bc442ee91f8912b8b301ad1c0c,649,649,0.2419106317411402157164869029,1.118927584357789204082998216,96.7500000000000014253838017,96.7500000000000014253838017,0.3992009188404643779931148671,-0.2910172860194528022499425070,372,0.2392473118279569892473118280,50.75000000000000176981942803,50.75000000000000176981942803,277,0.2454873646209386281588447653,45.99999999999999965556437361,45.99999999999999965556437361,run_69616cfc5c3442aa969967ebc327feef,ema_pullback:da09d2b0da80b1e20efe2f1a
w06-lb110-r4_0,lab_3d_w06_lb_ratio,6,110,4.0,12.0,3.0,e8a515bdc6c58cd92307bf0688b0e00af3c024bc442ee91f8912b8b301ad1c0c,649,649,0.2265023112480739599383667180,1.051353857257882023516309401,85.99999999999999882931159812,85.99999999999999882931159812,0.1511987158664748811717961862,-0.2783623681444920947086998764,372,0.2204301075268817204301075269,37.99999999999999996182440933,37.99999999999999996182440933,277,0.2346570397111913357400722022,47.99999999999999886748718877,47.99999999999999886748718877,run_c07669fb3cfe4287bcea068e99d29bf1,ema_pullback:8aaf2487c2bffb5e83e5ee08
w06-lb110-r4_25,lab_3d_w06_lb_ratio,6,110,4.25,12.75,3.0,e8a515bdc6c58cd92307bf0688b0e00af3c024bc442ee91f8912b8b301ad1c0c,649,649,0.2218798151001540832049306626,1.100098181046806916813443540,107.0000000000000059764350253,107.0000000000000059764350253,0.3213054873821585927751598628,-0.2655038295049638616775077563,372,0.2150537634408602150537634409,48.00000000000000542970843329,48.00000000000000542970843329,277,0.2310469314079422382671480144,59.00000000000000054672659192,59.00000000000000054672659192,run_3ffac1772eb94177b3bf59f512e2b4fc,ema_pullback:a12656391d5edc4cbff9117b
w06-lb110-r4_5,lab_3d_w06_lb_ratio,6,110,4.5,13.5,3.0,e8a515bdc6c58cd92307bf0688b0e00af3c024bc442ee91f8912b8b301ad1c0c,646,646,0.2151702786377708978328173375,1.114529807965954110241562964,118.5000000000000017651970060,118.5000000000000017651970060,0.3670826944353792558480125333,-0.2487421187612182938099982759,369,0.2059620596205962059620596206,49.00000000000000312050990203,49.00000000000000312050990203,277,0.2274368231046931407942238267,69.49999999999999864468710404,69.49999999999999864468710404,run_2b920c96e48a4a92a7bc002793e1a5dd,ema_pullback:d856c98eef1914eb34cedf33
w06-lb110-r4_75,lab_3d_w06_lb_ratio,6,110,4.75,14.25,3.0,e8a515bdc6c58cd92307bf0688b0e00af3c024bc442ee91f8912b8b301ad1c0c,645,645,0.2077519379844961240310077519,1.133721437138537096817252450,125.5000000000000040734721626,125.5000000000000040734721626,0.4411272108771230038952604718,-0.2625529953659537500010856853,369,0.2005420054200542005420054201,56.50000000000000267726631711,56.50000000000000267726631711,276,0.2173913043478260869565217391,69.00000000000000139620584567,69.00000000000000139620584567,run_ba74678ff2584b1e8dc8c2010536d537,ema_pullback:fc1d2008cff72920039410e3
w06-lb110-r5_0,lab_3d_w06_lb_ratio,6,110,5.0,15.0,3.0,e8a515bdc6c58cd92307bf0688b0e00af3c024bc442ee91f8912b8b301ad1c0c,643,643,0.1990668740279937791601866252,1.103533123285074247741499128,125.0000000000000032539732536,125.0000000000000032539732536,0.3228821645884268559943078642,-0.2889290030366691843727429266,368,0.1929347826086956521739130435,58.00000000000000731173573206,58.00000000000000731173573206,275,0.2072727272727272727272727273,66.99999999999999594223752152,66.99999999999999594223752152,run_7970b772d01542478e7535883d76f7b8,ema_pullback:d70b5d62293643dbb4ea7ef7
w06-lb115-r2_0,lab_3d_w06_lb_ratio,6,115,2.0,6.0,3.0,e8a515bdc6c58cd92307bf0688b0e00af3c024bc442ee91f8912b8b301ad1c0c,641,641,0.3603744149765990639625585023,1.048231202913239267167242028,51.99999999999999843854831219,51.99999999999999843854831219,0.1369463318964484427233795363,-0.2082078770017986998476044792,363,0.3856749311294765840220385675,57.00000000000000020668964218,57.00000000000000020668964218,278,0.3273381294964028776978417266,-5.000000000000001768141330008,-5.000000000000001768141330008,run_d24352bb4b704031be86b8aa337f1683,ema_pullback:cb59926e95fa60eb5281e87b
w06-lb115-r2_25,lab_3d_w06_lb_ratio,6,115,2.25,6.75,3.0,e8a515bdc6c58cd92307bf0688b0e00af3c024bc442ee91f8912b8b301ad1c0c,641,641,0.3276131045241809672386895476,0.9820688365746474181767164234,41.50000000000000351423784262,41.50000000000000351423784262,-0.04644095942507668682277414666,-0.2584845082523611793501921938,363,0.3443526170798898071625344353,43.25000000000000346669745448,43.25000000000000346669745448,278,0.3057553956834532374100719424,-1.749999999999999952459611861,-1.749999999999999952459611861,run_96f0e7d476064a84b000ca687fa404db,ema_pullback:b231ac93e59ee73a911b4c3b
w06-lb115-r2_5,lab_3d_w06_lb_ratio,6,115,2.5,7.5,3.0,e8a515bdc6c58cd92307bf0688b0e00af3c024bc442ee91f8912b8b301ad1c0c,641,641,0.3073322932917316692667706708,1.007593547742978684709514752,48.50000000000000545862214093,48.50000000000000545862214093,0.02076165258210112174417817724,-0.2370880532638128754557120942,363,0.3168044077134986225895316804,39.50000000000000554212623911,39.50000000000000554212623911,278,0.2949640287769784172661870504,8.999999999999999916495901815,8.999999999999999916495901815,run_5fc83574a63742ecbb0755bae66ca011,ema_pullback:3b3bfcfc4da7fb06de15bcdd
w06-lb115-r2_75,lab_3d_w06_lb_ratio,6,115,2.75,8.25,3.0,e8a515bdc6c58cd92307bf0688b0e00af3c024bc442ee91f8912b8b301ad1c0c,639,639,0.2973395931142410015649452269,1.057656380703599618659252437,73.50000000000000516252766863,73.50000000000000516252766863,0.1693334859344225189176224272,-0.2476094019901928949657021857,362,0.3011049723756906077348066298,46.75000000000000425677981254,46.75000000000000425677981254,277,0.2924187725631768953068592058,26.75000000000000090574785605,26.75000000000000090574785605,run_fdc8a41da48d45138f0bcf7dc20d2d9b,ema_pullback:98e6648e875f5a862639abf3
w06-lb115-r3_0,lab_3d_w06_lb_ratio,6,115,3.0,9.0,3.0,e8a515bdc6c58cd92307bf0688b0e00af3c024bc442ee91f8912b8b301ad1c0c,638,638,0.2758620689655172413793103448,1.041594817153207768518072047,66.00000000000000238082524429,66.00000000000000238082524429,0.1237208959289683531597823761,-0.2360357193939408408046110132,362,0.2790055248618784530386740331,42.00000000000000331593240684,42.00000000000000331593240684,276,0.2717391304347826086956521739,23.99999999999999906489283740,23.99999999999999906489283740,run_006b498dfe804d6fa59c960ee03003d5,ema_pullback:97f00cdeda870024f08fce76
w06-lb115-r3_25,lab_3d_w06_lb_ratio,6,115,3.25,9.75,3.0,e8a515bdc6c58cd92307bf0688b0e00af3c024bc442ee91f8912b8b301ad1c0c,637,637,0.2668759811616954474097331240,1.075339210466014703148050914,85.50000000000000264664518684,85.50000000000000264664518684,0.2361209017072986831352364089,-0.2411964510484000525137647416,362,0.2707182320441988950276243094,54.50000000000000302504938322,54.50000000000000302504938322,275,0.2618181818181818181818181818,30.99999999999999962159580361,30.99999999999999962159580361,run_0c7469ba954842b79b862a33b0fbca33,ema_pullback:bfd29065acd4374e21332052
w06-lb115-r3_5,lab_3d_w06_lb_ratio,6,115,3.5,10.5,3.0,e8a515bdc6c58cd92307bf0688b0e00af3c024bc442ee91f8912b8b301ad1c0c,634,634,0.2492113564668769716088328076,1.075992238778099979838522474,77.00000000000000642371674248,77.00000000000000642371674248,0.2385250683214080027305314952,-0.2527953232027627752878748463,362,0.2486187845303867403314917127,43.00000000000000614221559447,43.00000000000000614221559447,272,0.25,34.00000000000000028150114802,34.00000000000000028150114802,run_aac0b2fcbe904aae881e87387ebf9607,ema_pullback:13496b3d517368f972af62a9
w06-lb115-r3_75,lab_3d_w06_lb_ratio,6,115,3.75,11.25,3.0,e8a515bdc6c58cd92307bf0688b0e00af3c024bc442ee91f8912b8b301ad1c0c,634,634,0.2397476340694006309148264984,1.103897765911624768735984465,88.00000000000000235089256524,88.00000000000000235089256524,0.340689313359131193263355006,-0.2924929471377887859143042725,362,0.2320441988950276243093922652,37.00000000000000269532819159,37.00000000000000269532819159,272,0.25,50.99999999999999965556437363,50.99999999999999965556437363,run_3f8695c26c3f4b5b8c942c8a966d4070,ema_pullback:7f327014f534eb319d327dd2
w06-lb115-r4_0,lab_3d_w06_lb_ratio,6,115,4.0,12.0,3.0,e8a515bdc6c58cd92307bf0688b0e00af3c024bc442ee91f8912b8b301ad1c0c,634,634,0.2255520504731861198738170347,1.040900437045328341508072179,80.99999999999999892020134350,80.99999999999999892020134350,0.1176609117790977259670900357,-0.2805840277763467277551163026,362,0.2154696132596685082872928177,28.00000000000000005271415473,28.00000000000000005271415473,272,0.2389705882352941176470588235,52.99999999999999886748718877,52.99999999999999886748718877,run_a4fd79cdc26a43119e033b96a0890750,ema_pullback:2fa173a532a913a7ab30e822
w06-lb115-r4_25,lab_3d_w06_lb_ratio,6,115,4.25,12.75,3.0,e8a515bdc6c58cd92307bf0688b0e00af3c024bc442ee91f8912b8b301ad1c0c,634,634,0.2208201892744479495268138801,1.088439918502419788202042572,101.0000000000000061770182777,101.0000000000000061770182777,0.2766550026054400373871901005,-0.2684960954883947953706445331,362,0.2099447513812154696132596685,37.00000000000000563029168566,37.00000000000000563029168566,272,0.2352941176470588235294117647,64.00000000000000054672659192,64.00000000000000054672659192,run_4a125480fe3c44e6b4335f30a4588530,ema_pullback:9cf037c2f9b8a87639da5575
w06-lb115-r4_5,lab_3d_w06_lb_ratio,6,115,4.5,13.5,3.0,e8a515bdc6c58cd92307bf0688b0e00af3c024bc442ee91f8912b8b301ad1c0c,631,631,0.2139461172741679873217115689,1.100965185511294321614066336,111.5000000000000022594977448,111.5000000000000022594977448,0.314553414502329286167971945,-0.2530367627983116692828838923,359,0.2005571030640668523676880223,37.00000000000000361481064086,37.00000000000000361481064086,272,0.2316176470588235294117647059,74.49999999999999864468710406,74.49999999999999864468710406,run_3e81ff362d9848d2aeaf26de8ceb39e0,ema_pullback:c59d196cc8382faa308f1414
w06-lb115-r4_75,lab_3d_w06_lb_ratio,6,115,4.75,14.25,3.0,e8a515bdc6c58cd92307bf0688b0e00af3c024bc442ee91f8912b8b301ad1c0c,630,630,0.2063492063492063492063492063,1.118459271996805686053822557,117.5000000000000056451155349,117.5000000000000056451155349,0.3791182169985838811051106706,-0.2625529953659537500010856843,359,0.1949860724233983286908077994,43.50000000000000424890968924,43.50000000000000424890968924,271,0.2214022140221402214022140221,74.00000000000000139620584566,74.00000000000000139620584566,run_e2dac571892b45c6bf1e6a0c2d91bb73,ema_pullback:5dcde8d59a07c529eaaba4d9
w06-lb115-r5_0,lab_3d_w06_lb_ratio,6,115,5.0,15.0,3.0,e8a515bdc6c58cd92307bf0688b0e00af3c024bc442ee91f8912b8b301ad1c0c,629,629,0.1987281399046104928457869634,1.095164134518581170616420849,121.0000000000000042704121475,121.0000000000000042704121475,0.2897189885284775527091544,-0.2957857342301127383753427241,359,0.1894150417827298050139275766,49.00000000000000832817462596,49.00000000000000832817462596,270,0.2111111111111111111111111111,71.99999999999999594223752153,71.99999999999999594223752153,run_56261c7d85f647eab45f60ec4b045ebb,ema_pullback:90c086e31011ef429da13aec
w06-lb120-r2_0,lab_3d_w06_lb_ratio,6,120,2.0,6.0,3.0,e8a515bdc6c58cd92307bf0688b0e00af3c024bc442ee91f8912b8b301ad1c0c,630,630,0.3634920634920634920634920635,1.067789346541392183836859408,56.99999999999999843854831219,56.99999999999999843854831219,0.1903901544468232483425687575,-0.2042925366888484490163507691,356,0.3932584269662921348314606742,64.00000000000000020668964219,64.00000000000000020668964219,274,0.3248175182481751824817518248,-7.000000000000001768141330009,-7.000000000000001768141330009,run_2c97cfcd41714089945ee78004c3f558,ema_pullback:cb08651606a4e997672c6dec
w06-lb120-r2_25,lab_3d_w06_lb_ratio,6,120,2.25,6.75,3.0,e8a515bdc6c58cd92307bf0688b0e00af3c024bc442ee91f8912b8b301ad1c0c,630,630,0.3301587301587301587301587302,0.9985057042650555001596626751,46.00000000000000374223451948,46.00000000000000374223451948,-0.003831522594466260698231585328,-0.2548177813259514117464662725,356,0.3511235955056179775280898876,50.25000000000000346669745446,50.25000000000000346669745446,274,0.3029197080291970802919708029,-4.249999999999999724462934988,-4.249999999999999724462934988,run_62cfded577da412e8ca80709209291cd,ema_pullback:8e7d00e0dc30195fe283ca8f
w06-lb120-r2_5,lab_3d_w06_lb_ratio,6,120,2.5,7.5,3.0,e8a515bdc6c58cd92307bf0688b0e00af3c024bc442ee91f8912b8b301ad1c0c,630,630,0.3095238095238095238095238095,1.023658926142150073804664685,52.50000000000000555942763663,52.50000000000000555942763663,0.06401188640724057928536161806,-0.2333155228059740903641071067,356,0.3230337078651685393258426966,46.50000000000000554212623911,46.50000000000000554212623911,274,0.2919708029197080291970802920,6.000000000000000017301397535,6.000000000000000017301397535,run_4865a50bad50471daa6e51e656ece373,ema_pullback:208a66aa156a2a5a2d817b12
w06-lb120-r2_75,lab_3d_w06_lb_ratio,6,120,2.75,8.25,3.0,e8a515bdc6c58cd92307bf0688b0e00af3c024bc442ee91f8912b8b301ad1c0c,628,628,0.2993630573248407643312101911,1.074428995657648602185829392,77.00000000000000549132984117,77.00000000000000549132984117,0.2161818695494077689754244315,-0.2438888986485863548995481549,355,0.3070422535211267605633802817,53.75000000000000425677981251,53.75000000000000425677981251,273,0.2893772893772893772893772894,23.25000000000000123455002864,23.25000000000000123455002864,run_a4fb82d7f54d48a99f8f98ff8f7a43cb,ema_pullback:39f953fdcf6b96d89b7b4989
w06-lb120-r3_0,lab_3d_w06_lb_ratio,6,120,3.0,9.0,3.0,e8a515bdc6c58cd92307bf0688b0e00af3c024bc442ee91f8912b8b301ad1c0c,627,627,0.2791068580542264752791068581,1.064376018941784336111136401,73.00000000000000238082524427,73.00000000000000238082524427,0.1894108922556500991651116836,-0.2348765286027933142070409840,355,0.2845070422535211267605633803,49.00000000000000331593240686,49.00000000000000331593240686,272,0.2720588235294117647058823529,23.99999999999999906489283741,23.99999999999999906489283741,run_b988538e70a74f788ac91bfc026dab0b,ema_pullback:be6ae3f68bc7acd1f5426aa4
w06-lb120-r3_25,lab_3d_w06_lb_ratio,6,120,3.25,9.75,3.0,e8a515bdc6c58cd92307bf0688b0e00af3c024bc442ee91f8912b8b301ad1c0c,626,626,0.2699680511182108626198083067,1.099097789812350979085109023,92.25000000000000252182262871,92.25000000000000252182262871,0.307088126261216249104919673,-0.2374442362453908699853931926,355,0.2760563380281690140845070423,61.50000000000000302504938319,61.50000000000000302504938319,271,0.2619926199261992619926199262,30.74999999999999949677324549,30.74999999999999949677324549,run_edc81e00394a4e1187e802d7ac8323fb,ema_pullback:21121f398d16df548061e16a
w06-lb120-r3_5,lab_3d_w06_lb_ratio,6,120,3.5,10.5,3.0,e8a515bdc6c58cd92307bf0688b0e00af3c024bc442ee91f8912b8b301ad1c0c,624,624,0.2516025641025641025641025641,1.088298743156943672497073689,82.50000000000000617407162627,82.50000000000000617407162627,0.2725687830000422592391337144,-0.2491004637717150736874370169,355,0.2535211267605633802816901408,50.00000000000000614221559447,50.00000000000000614221559447,269,0.2490706319702602230483271375,32.50000000000000003185603179,32.50000000000000003185603179,run_1c7ded4082674c1e9458147ae41340d7,ema_pullback:08120cce989cbc714f30b1f2
w06-lb120-r3_75,lab_3d_w06_lb_ratio,6,120,3.75,11.25,3.0,e8a515bdc6c58cd92307bf0688b0e00af3c024bc442ee91f8912b8b301ad1c0c,624,624,0.2419871794871794871794871795,1.116752918889957785964521315,93.25000000000000222607000708,93.25000000000000222607000708,0.3761821634154945789802274954,-0.2889943888605497326415951270,355,0.2366197183098591549295774648,44.00000000000000269532819159,44.00000000000000269532819159,269,0.2490706319702602230483271375,49.24999999999999953074181551,49.24999999999999953074181551,run_bab22411e71c4921b536b4656c24394f,ema_pullback:4d864aded24272d6dae93616
w06-lb120-r4_0,lab_3d_w06_lb_ratio,6,120,4.0,12.0,3.0,e8a515bdc6c58cd92307bf0688b0e00af3c024bc442ee91f8912b8b301ad1c0c,624,624,0.2275641025641025641025641026,1.051676954700637302860419189,85.99999999999999842091111104,85.99999999999999842091111104,0.1461186385346108081699904542,-0.2770265809717970361924748890,355,0.2197183098591549295774647887,35.00000000000000005271415473,35.00000000000000005271415473,269,0.2379182156133828996282527881,50.99999999999999836819695633,50.99999999999999836819695633,run_0a4aa913f7bd4aa985624723b431f21d,ema_pullback:c3ea825f82c7587ec8fac269
w06-lb120-r4_25,lab_3d_w06_lb_ratio,6,120,4.25,12.75,3.0,e8a515bdc6c58cd92307bf0688b0e00af3c024bc442ee91f8912b8b301ad1c0c,624,624,0.2227564102564102564102564103,1.100247906664648877048558280,105.7500000000000058025506034,105.7500000000000058025506034,0.3078719381957184925024319897,-0.2648788749538311987877746567,355,0.2140845070422535211267605634,44.00000000000000563029168563,44.00000000000000563029168563,269,0.2342007434944237918215613383,61.75000000000000017225891762,61.75000000000000017225891762,run_e52455b886014178b8d13e797cb7357a,ema_pullback:8d4817974a5e8737570f4f28
w06-lb120-r4_5,lab_3d_w06_lb_ratio,6,120,4.5,13.5,3.0,e8a515bdc6c58cd92307bf0688b0e00af3c024bc442ee91f8912b8b301ad1c0c,622,622,0.2154340836012861736334405145,1.111085434451421339967353754,115.0000000000000020098526286,115.0000000000000020098526286,0.3387523058000883565197082172,-0.2530367627983116692828838923,353,0.2039660056657223796033994334,43.00000000000000361481064087,43.00000000000000361481064087,269,0.2304832713754646840148698885,71.99999999999999839504198781,71.99999999999999839504198781,run_f72f55e5f3454efabf4591c9adf790aa,ema_pullback:7631d70ff3ebed7d68cb3bd4
w06-lb120-r4_75,lab_3d_w06_lb_ratio,6,120,4.75,14.25,3.0,e8a515bdc6c58cd92307bf0688b0e00af3c024bc442ee91f8912b8b301ad1c0c,621,621,0.2077294685990338164251207729,1.128774796071670355283667539,120.7500000000000055202929768,120.7500000000000055202929768,0.4031254058803912812156037524,-0.2625529953659537500010856843,353,0.1983002832861189801699716714,49.50000000000000424890968921,49.50000000000000424890968921,268,0.2201492537313432835820895522,71.25000000000000127138328756,71.25000000000000127138328756,run_f86ed7ad2d1b4c2cb31fead821ebdaf0,ema_pullback:be09d7e7c3e8470aaa9a9c27
w06-lb120-r5_0,lab_3d_w06_lb_ratio,6,120,5.0,15.0,3.0,e8a515bdc6c58cd92307bf0688b0e00af3c024bc442ee91f8912b8b301ad1c0c,620,620,0.2,1.104428052396698936207488834,124.0000000000000042704121475,124.0000000000000042704121475,0.3108817141579817470419856874,-0.2957857342301127383753427241,353,0.1926345609065155807365439093,55.00000000000000832817462595,55.00000000000000832817462595,267,0.2097378277153558052434456929,68.99999999999999594223752151,68.99999999999999594223752151,run_928d51cda0b243e284490b720d55bdb6,ema_pullback:66167b219b9be6e7a2009cd3
w06-lb125-r2_0,lab_3d_w06_lb_ratio,6,125,2.0,6.0,3.0,e8a515bdc6c58cd92307bf0688b0e00af3c024bc442ee91f8912b8b301ad1c0c,607,607,0.3624382207578253706754530478,1.070298923887233264893522716,52.99999999999999839805613133,52.99999999999999839805613133,0.1882705053752891777540944422,-0.2195917288583302940695460026,345,0.3913043478260869565217391304,60.00000000000000022274185285,60.00000000000000022274185285,262,0.3244274809160305343511450382,-7.000000000000001824685721498,-7.000000000000001824685721498,run_ac547970134242e6821f176e054aee7f,ema_pullback:ab583ad1bb7784d7df58a743
w06-lb125-r2_25,lab_3d_w06_lb_ratio,6,125,2.25,6.75,3.0,e8a515bdc6c58cd92307bf0688b0e00af3c024bc442ee91f8912b8b301ad1c0c,607,607,0.3311367380560131795716639209,1.012735832106155028370770435,46.25000000000000413055287574,46.25000000000000413055287574,0.03184959844939278907293593066,-0.2537159807310516431357805394,345,0.3536231884057971014492753623,51.50000000000000315628316959,51.50000000000000315628316959,262,0.3015267175572519083969465649,-5.249999999999999025730293851,-5.249999999999999025730293851,run_9ba4a4a3dfbc4f98bcb75d934e18d4da,ema_pullback:7f5d7f59217d1e5c25b2939d
w06-lb125-r2_5,lab_3d_w06_lb_ratio,6,125,2.5,7.5,3.0,e8a515bdc6c58cd92307bf0688b0e00af3c024bc442ee91f8912b8b301ad1c0c,607,607,0.3097199341021416803953871499,1.035806843426962961165813869,51.00000000000000539926696468,51.00000000000000539926696468,0.09408638904985583267213523014,-0.2306804444461394616136817758,345,0.3246376811594202898550724638,47.00000000000000575427597837,47.00000000000000575427597837,262,0.2900763358778625954198473282,3.999999999999999644990986338,3.999999999999999644990986338,run_9a8e0c64e27c4c718f3cc145ad9c30af,ema_pullback:5f0aa5ed9fa8878296b44acf
w06-lb125-r2_75,lab_3d_w06_lb_ratio,6,125,2.75,8.25,3.0,e8a515bdc6c58cd92307bf0688b0e00af3c024bc442ee91f8912b8b301ad1c0c,606,606,0.2986798679867986798679867987,1.084020108613322926488226785,72.75000000000000660523021729,72.75000000000000660523021729,0.2357812989109082643637940426,-0.2398093825299018476348913700,344,0.3081395348837209302325581395,53.50000000000000456478364226,53.50000000000000456478364226,262,0.2862595419847328244274809160,19.25000000000000204044657497,19.25000000000000204044657497,run_226bff920d4945018a710738a12c459e,ema_pullback:05a7006fd0b5036aa041552e
w06-lb125-r3_0,lab_3d_w06_lb_ratio,6,125,3.0,9.0,3.0,e8a515bdc6c58cd92307bf0688b0e00af3c024bc442ee91f8912b8b301ad1c0c,605,605,0.2793388429752066115702479339,1.082609023834330262542137798,71.00000000000000220885434037,71.00000000000000220885434037,0.2398214566219626339363013323,-0.2245633456010010477297823093,344,0.2848837209302325581395348837,48.00000000000000313480313317,48.00000000000000313480313317,261,0.2720306513409961685823754789,22.99999999999999907405120720,22.99999999999999907405120720,run_0a82873dce3a4f5a8be39a70d57f123f,ema_pullback:b8bbed1aec25a890e1544493
w06-lb125-r3_25,lab_3d_w06_lb_ratio,6,125,3.25,9.75,3.0,e8a515bdc6c58cd92307bf0688b0e00af3c024bc442ee91f8912b8b301ad1c0c,604,604,0.2698675496688741721854304636,1.116534331684398987618723973,88.75000000000000327994221724,88.75000000000000327994221724,0.3553298457998183625731122667,-0.2302055317049015945717767288,344,0.2761627906976744186046511628,59.75000000000000320446034752,59.75000000000000320446034752,260,0.2615384615384615384615384615,29.00000000000000007548186977,29.00000000000000007548186977,run_9c637ddd9ff64d8fa00ad8f41076c691,ema_pullback:bd16330c0283728d809d32ee
w06-lb125-r3_5,lab_3d_w06_lb_ratio,6,125,3.5,10.5,3.0,e8a515bdc6c58cd92307bf0688b0e00af3c024bc442ee91f8912b8b301ad1c0c,603,603,0.2504145936981757877280265340,1.100251599231132349274276097,76.50000000000000640971025006,76.50000000000000640971025006,0.3030089011639082558791872693,-0.2423734711977424235095581583,344,0.2529069767441860465116279070,47.50000000000000593926047079,47.50000000000000593926047079,259,0.2471042471042471042471042471,29.00000000000000047044977926,29.00000000000000047044977926,run_71f3c0660f754911a1e82dd78d1be76c,ema_pullback:213f06c1ae3f55f1df633db0
w06-lb125-r3_75,lab_3d_w06_lb_ratio,6,125,3.75,11.25,3.0,e8a515bdc6c58cd92307bf0688b0e00af3c024bc442ee91f8912b8b301ad1c0c,603,603,0.2421227197346600331674958541,1.131119295093186636552650237,90.50000000000000216645141984,90.50000000000000216645141984,0.4121773537941048609779079716,-0.2819560909872835617222549599,344,0.2383720930232558139534883721,45.50000000000000242841065298,45.50000000000000242841065298,259,0.2471042471042471042471042471,44.99999999999999973804076691,44.99999999999999973804076691,run_8feee06d083847ad95bf74bdc162fa40,ema_pullback:76fe52005e45f836c0207ec7
w06-lb125-r4_0,lab_3d_w06_lb_ratio,6,125,4.0,12.0,3.0,e8a515bdc6c58cd92307bf0688b0e00af3c024bc442ee91f8912b8b301ad1c0c,603,603,0.2271973466003316749585406302,1.061971137564091939005796142,81.99999999999999828322207962,81.99999999999999828322207962,0.1704031803195155723443238187,-0.2698698128706010529140164035,344,0.2209302325581395348837209302,35.99999999999999978561755205,35.99999999999999978561755205,259,0.2355212355212355212355212355,45.99999999999999849760452757,45.99999999999999849760452757,run_004a7aa10eb0484faab9caaf1a04d866,ema_pullback:b49c4cba0c734c69f92a45ce
w06-lb125-r4_25,lab_3d_w06_lb_ratio,6,125,4.25,12.75,3.0,e8a515bdc6c58cd92307bf0688b0e00af3c024bc442ee91f8912b8b301ad1c0c,603,603,0.2222222222222222222222222222,1.110493752075767219557230939,100.5000000000000056677328712,100.5000000000000056677328712,0.3291290497854773463849058735,-0.2576018557996311590085872395,344,0.2151162790697674418604651163,44.50000000000000536373227511,44.50000000000000536373227511,259,0.2316602316602316602316602317,56.00000000000000030400059606,56.00000000000000030400059606,run_7374f6e9e5854b5c8cd49610f395650f,ema_pullback:452d0fc818dfc1800bb304fa
w06-lb125-r4_5,lab_3d_w06_lb_ratio,6,125,4.5,13.5,3.0,e8a515bdc6c58cd92307bf0688b0e00af3c024bc442ee91f8912b8b301ad1c0c,601,601,0.2146422628951747088186356073,1.119964167661147924778483242,108.5000000000000024731544926,108.5000000000000024731544926,0.353946700635994932710508708,-0.2456425176876728337138881965,342,0.2046783625730994152046783626,43.00000000000000270747007350,43.00000000000000270747007350,259,0.2277992277992277992277992278,65.49999999999999976568441918,65.49999999999999976568441918,run_ab80279afbf04b74917c6d78660ea6f7,ema_pullback:ba5a0f927679a2e3f3a9d68b
w06-lb125-r4_75,lab_3d_w06_lb_ratio,6,125,4.75,14.25,3.0,e8a515bdc6c58cd92307bf0688b0e00af3c024bc442ee91f8912b8b301ad1c0c,600,600,0.2066666666666666666666666667,1.136563259806555787603150074,113.0000000000000056209919483,113.0000000000000056209919483,0.412214339246547915565438459,-0.2552529521552619530351118081,342,0.1988304093567251461988304094,49.00000000000000371525367596,49.00000000000000371525367596,258,0.2170542635658914728682170543,64.00000000000000190573827227,64.00000000000000190573827227,run_d66a21e6ed1540648daf34e25d7a62a0,ema_pullback:44d039c4459b96d470ee7e7f
w06-lb125-r5_0,lab_3d_w06_lb_ratio,6,125,5.0,15.0,3.0,e8a515bdc6c58cd92307bf0688b0e00af3c024bc442ee91f8912b8b301ad1c0c,600,600,0.1983333333333333333333333333,1.106346630866390641608815994,114.0000000000000041571214752,114.0000000000000041571214752,0.3027326315404271828819837276,-0.2888146643940411099236500255,342,0.1929824561403508771929824561,54.00000000000000832817462595,54.00000000000000832817462595,258,0.2054263565891472868217054264,59.99999999999999582894684927,59.99999999999999582894684927,run_a95c833f98cb4aa08610f64ca4d949b6,ema_pullback:6217f3090aa5af30ac53d2fc
w06-lb130-r2_0,lab_3d_w06_lb_ratio,6,130,2.0,6.0,3.0,e8a515bdc6c58cd92307bf0688b0e00af3c024bc442ee91f8912b8b301ad1c0c,594,594,0.3619528619528619528619528620,1.059321934937899679734165774,50.99999999999999825249670573,50.99999999999999825249670573,0.1538551892363099471031605928,-0.2291081845961467195011414755,339,0.3893805309734513274336283186,57.00000000000000022274185285,57.00000000000000022274185285,255,0.3254901960784313725490196078,-6.000000000000001970245147103,-6.000000000000001970245147103,run_539243ea57e14c0d946277ca0d73834e,ema_pullback:962847a8e324aaa47f23fb0e
w06-lb130-r2_25,lab_3d_w06_lb_ratio,6,130,2.25,6.75,3.0,e8a515bdc6c58cd92307bf0688b0e00af3c024bc442ee91f8912b8b301ad1c0c,594,594,0.3299663299663299663299663300,0.9978593392693435696719185258,43.00000000000000474126140322,43.00000000000000474126140322,-0.005169725477559061646938727907,-0.2633300146577592481232849079,339,0.3510324483775811209439528024,47.75000000000000349973955996,47.75000000000000349973955996,255,0.3019607843137254901960784314,-4.749999999999998758478156752,-4.749999999999998758478156752,run_2eac21f37a364373b841d88f8b0aee25,ema_pullback:199688f59c64aaf19534c220
w06-lb130-r2_5,lab_3d_w06_lb_ratio,6,130,2.5,7.5,3.0,e8a515bdc6c58cd92307bf0688b0e00af3c024bc442ee91f8912b8b301ad1c0c,594,594,0.3080808080808080808080808081,1.018736829040667641280378673,46.50000000000000480167602108,46.50000000000000480167602108,0.04733546252076927282101643387,-0.2506665303150435779578297274,339,0.3215339233038348082595870206,42.50000000000000520441846299,42.50000000000000520441846299,255,0.2901960784313725490196078431,3.999999999999999597257558106,3.999999999999999597257558106,run_bfba7fcae2a5487685acb21d07c95bac,ema_pullback:d2b0c3ba74a1903bb63d1ae0
w06-lb130-r2_75,lab_3d_w06_lb_ratio,6,130,2.75,8.25,3.0,e8a515bdc6c58cd92307bf0688b0e00af3c024bc442ee91f8912b8b301ad1c0c,594,594,0.2962962962962962962962962963,1.062911798557574737650272907,66.00000000000000652927710708,66.00000000000000652927710708,0.1685927794055078416273521824,-0.2632900894162815519327597402,339,0.3038348082595870206489675516,47.25000000000000429671724872,47.25000000000000429671724872,255,0.2862745098039215686274509804,18.75000000000000223255985838,18.75000000000000223255985838,run_c7bc3d6f9ac640388b19f50498449577,ema_pullback:87fa76e852e772d0ec4d228f
w06-lb130-r3_0,lab_3d_w06_lb_ratio,6,130,3.0,9.0,3.0,e8a515bdc6c58cd92307bf0688b0e00af3c024bc442ee91f8912b8b301ad1c0c,594,594,0.2760942760942760942760942761,1.058934759720759662671606434,62.00000000000000214484528643,62.00000000000000214484528643,0.1626502884977979214992301455,-0.2534494438799073201983251195,339,0.2802359882005899705014749263,41.00000000000000302070151006,41.00000000000000302070151006,255,0.2705882352941176470588235294,20.99999999999999912414377633,20.99999999999999912414377633,run_ce8da44149584fc684a171ba559327b4,ema_pullback:fde325081372093d68417f47
w06-lb130-r3_25,lab_3d_w06_lb_ratio,6,130,3.25,9.75,3.0,e8a515bdc6c58cd92307bf0688b0e00af3c024bc442ee91f8912b8b301ad1c0c,593,593,0.2664418212478920741989881956,1.090771283451509572751383374,78.50000000000000283347932204,78.50000000000000283347932204,0.2619770074051355822260298005,-0.2611982713916938933385995355,339,0.2713864306784660766961651917,52.00000000000000300492158662,52.00000000000000300492158662,254,0.2598425196850393700787401575,26.49999999999999982855773544,26.49999999999999982855773544,run_1e7913b1383f4afba25228a870d99568,ema_pullback:809fe5be65129fc08d04daf1
w06-lb130-r3_5,lab_3d_w06_lb_ratio,6,130,3.5,10.5,3.0,e8a515bdc6c58cd92307bf0688b0e00af3c024bc442ee91f8912b8b301ad1c0c,592,592,0.25,1.092147681612754628087707767,74.00000000000000650478733582,74.00000000000000650478733582,0.2690138600134098525528622462,-0.2751458098921404215581385732,339,0.2507374631268436578171091445,43.50000000000000607757876932,43.50000000000000607757876932,253,0.2490118577075098814229249012,30.50000000000000042720856648,30.50000000000000042720856648,run_a7a71f3c28d242aa8d8485089524bc75,ema_pullback:15d6ec2a7817b8261bd78513
w06-lb130-r3_75,lab_3d_w06_lb_ratio,6,130,3.75,11.25,3.0,e8a515bdc6c58cd92307bf0688b0e00af3c024bc442ee91f8912b8b301ad1c0c,592,592,0.2415540540540540540540540541,1.122036534240848144966047393,87.25000000000000114148273330,87.25000000000000114148273330,0.3695185291434670180426181551,-0.3136142031792481241437208017,339,0.2359882005899705014749262537,41.00000000000000177099227498,41.00000000000000177099227498,253,0.2490118577075098814229249012,46.24999999999999937049045834,46.24999999999999937049045834,run_9dfb9cc17276452089698aaeccce33bf,ema_pullback:8f4f2ae7d7bde8bacf4e993d
w06-lb130-r4_0,lab_3d_w06_lb_ratio,6,130,4.0,12.0,3.0,e8a515bdc6c58cd92307bf0688b0e00af3c024bc442ee91f8912b8b301ad1c0c,592,592,0.2263513513513513513513513514,1.049251458711894764172586008,77.99999999999999828322207962,77.99999999999999828322207962,0.1302552179302262722396711853,-0.3020176691765579337531606751,339,0.2182890855457227138643067847,30.99999999999999978561755205,30.99999999999999978561755205,253,0.2371541501976284584980237154,46.99999999999999849760452757,46.99999999999999849760452757,run_01af6a6b93dd497785ee5b3057c40ba1,ema_pullback:dffc3264a5c02a59cf7fce00
w06-lb130-r4_25,lab_3d_w06_lb_ratio,6,130,4.25,12.75,3.0,e8a515bdc6c58cd92307bf0688b0e00af3c024bc442ee91f8912b8b301ad1c0c,592,592,0.2212837837837837837837837838,1.097418621573921669011744687,95.7500000000000058349145013,95.7500000000000058349145013,0.2781246128677361074781467572,-0.2902453698735239604958794735,339,0.2123893805309734513274336283,39.00000000000000516336359671,39.00000000000000516336359671,253,0.2332015810276679841897233202,56.75000000000000067155090462,56.75000000000000067155090462,run_8bad8dce8d314a2c9b678712e093d82e,ema_pullback:ddd63e9b8b2c134843bd1360
w06-lb130-r4_5,lab_3d_w06_lb_ratio,6,130,4.5,13.5,3.0,e8a515bdc6c58cd92307bf0688b0e00af3c024bc442ee91f8912b8b301ad1c0c,590,590,0.2135593220338983050847457627,1.105167443367196323237537353,103.0000000000000032593744238,103.0000000000000032593744238,0.2965082712647895472542450268,-0.2782949356734770296502416937,337,0.2017804154302670623145400593,37.00000000000000345044879191,37.00000000000000345044879191,253,0.2292490118577075098814229249,65.99999999999999980892563192,65.99999999999999980892563192,run_6e6065b79351455eaff8e19056aca409,ema_pullback:272209d2d9a3a33cb0c03053
w06-lb130-r4_75,lab_3d_w06_lb_ratio,6,130,4.75,14.25,3.0,e8a515bdc6c58cd92307bf0688b0e00af3c024bc442ee91f8912b8b301ad1c0c,589,589,0.2054329371816638370118845501,1.120512994877450704180593299,106.7500000000000041434500320,106.7500000000000041434500320,0.3466187678702272666847033453,-0.2852540280312366688759777439,337,0.1958456973293768545994065282,42.50000000000000251877964267,42.50000000000000251877964267,252,0.2182539682539682539682539683,64.25000000000000162467038927,64.25000000000000162467038927,run_3d536d8b1ab14cbda9c424bd9b2d829a,ema_pullback:5bf6793fac995cacf094dd97
w06-lb130-r5_0,lab_3d_w06_lb_ratio,6,130,5.0,15.0,3.0,e8a515bdc6c58cd92307bf0688b0e00af3c024bc442ee91f8912b8b301ad1c0c,589,589,0.1969439728353140916808149406,1.087579428919596021055141132,107.0000000000000034186192267,107.0000000000000034186192267,0.2370074055501821251236401239,-0.3181722418071482041641240029,337,0.1899109792284866468842729970,47.00000000000000750318995187,47.00000000000000750318995187,252,0.2063492063492063492063492063,59.99999999999999591542927485,59.99999999999999591542927485,run_ae45d0afda5147f3892563c8d9daa5ba,ema_pullback:0fba2fa0278f32824f4dbaa4
w06-lb135-r2_0,lab_3d_w06_lb_ratio,6,135,2.0,6.0,3.0,e8a515bdc6c58cd92307bf0688b0e00af3c024bc442ee91f8912b8b301ad1c0c,583,583,0.3636363636363636363636363636,1.067989859883989345508248421,52.99999999999999820861126985,52.99999999999999820861126985,0.1733951635831168562126438085,-0.2291081845961467195011414755,333,0.3903903903903903903903903904,57.00000000000000010427721869,57.00000000000000010427721869,250,0.328,-4.000000000000001895665948829,-4.000000000000001895665948829,run_b15db5a94e6548b18cbd210f2d2aa476,ema_pullback:1803c95abccd942e47e42000
w06-lb135-r2_25,lab_3d_w06_lb_ratio,6,135,2.25,6.75,3.0,e8a515bdc6c58cd92307bf0688b0e00af3c024bc442ee91f8912b8b301ad1c0c,583,583,0.3327615780445969125214408233,1.007626680296413921328429137,47.50000000000000479794997572,47.50000000000000479794997572,0.01814829125981227461956137809,-0.2633300146577592481232849079,333,0.3513513513513513513513513514,47.25000000000000355642813246,47.25000000000000355642813246,250,0.308,0.250000000000001241521843251,0.250000000000001241521843251,run_c644f46158e6494096278658ddac4c45,ema_pullback:82d22846698d24af0874d0ac
w06-lb135-r2_5,lab_3d_w06_lb_ratio,6,135,2.5,7.5,3.0,e8a515bdc6c58cd92307bf0688b0e00af3c024bc442ee91f8912b8b301ad1c0c,583,583,0.3121783876500857632933104631,1.033066189804234322181017376,54.00000000000000487571641741,54.00000000000000487571641741,0.08252611986231691825341293142,-0.2506665303150435779578297274,333,0.3243243243243243243243243243,45.00000000000000527845885931,45.00000000000000527845885931,250,0.296,8.999999999999999597257558115,8.999999999999999597257558115,run_ff6ee0b3f13a488496d32d245b77c182,ema_pullback:c89ebdff9934320820489942
w06-lb135-r2_75,lab_3d_w06_lb_ratio,6,135,2.75,8.25,3.0,e8a515bdc6c58cd92307bf0688b0e00af3c024bc442ee91f8912b8b301ad1c0c,583,583,0.3001715265866209262435677530,1.078176453132999937782903675,73.25000000000000655148922600,73.25000000000000655148922600,0.2068474909163554127059643683,-0.2632900894162815519327597402,333,0.3063063063063063063063063063,49.50000000000000431892936760,49.50000000000000431892936760,250,0.292,23.75000000000000223255985838,23.75000000000000223255985838,run_0c1fa8667d214362ae1437fbcbf93058,ema_pullback:f3b415914655efc32cdd92d4
w06-lb135-r3_0,lab_3d_w06_lb_ratio,6,135,3.0,9.0,3.0,e8a515bdc6c58cd92307bf0688b0e00af3c024bc442ee91f8912b8b301ad1c0c,583,583,0.2795883361921097770154373928,1.073297702496141149431516274,69.00000000000000181906754249,69.00000000000000181906754249,0.199707072099964272351028169,-0.2534494438799073201983251195,333,0.2822822822822822822822822823,43.00000000000000269492376618,43.00000000000000269492376618,250,0.276,25.99999999999999912414377632,25.99999999999999912414377632,run_7ac0081fbb80402ebafa90d596ff78e6,ema_pullback:84a58462ced8d61d0235f983
w06-lb135-r3_25,lab_3d_w06_lb_ratio,6,135,3.25,9.75,3.0,e8a515bdc6c58cd92307bf0688b0e00af3c024bc442ee91f8912b8b301ad1c0c,582,582,0.2697594501718213058419243986,1.105713525166455693024786438,85.25000000000000275203488602,85.25000000000000275203488602,0.3011123010491805288052862788,-0.2611982713916938933385995355,333,0.2732732732732732732732732733,53.75000000000000292347715062,53.75000000000000292347715062,249,0.2650602409638554216867469880,31.49999999999999982855773541,31.49999999999999982855773541,run_d9708e0c048a445fbbe9a96ad95debe1,ema_pullback:1be00eff6079d2e60cf57f19
w06-lb135-r3_5,lab_3d_w06_lb_ratio,6,135,3.5,10.5,3.0,e8a515bdc6c58cd92307bf0688b0e00af3c024bc442ee91f8912b8b301ad1c0c,581,581,0.2530120481927710843373493976,1.106660777331876264357962631,80.50000000000000637151462242,80.50000000000000637151462242,0.307275836736192549954007296,-0.2751458098921404215581385732,333,0.2522522522522522522522522523,45.00000000000000594430605589,45.00000000000000594430605589,248,0.2540322580645161290322580645,35.50000000000000042720856650,35.50000000000000042720856650,run_aae2899961754e3ebebc54afa214cdd0,ema_pullback:ddf0e2a59a96aeb93c32d168
w06-lb135-r3_75,lab_3d_w06_lb_ratio,6,135,3.75,11.25,3.0,e8a515bdc6c58cd92307bf0688b0e00af3c024bc442ee91f8912b8b301ad1c0c,581,581,0.2444061962134251290877796902,1.137157230442614432230488877,93.50000000000000095638174248,93.50000000000000095638174248,0.4096347951066663149402101406,-0.3136142031792481241437208017,333,0.2372372372372372372372372372,42.25000000000000158589128415,42.25000000000000158589128415,248,0.2540322580645161290322580645,51.24999999999999937049045831,51.24999999999999937049045831,run_63e15ebc0bb74807a7879e657fb094ec,ema_pullback:bd5a8b0431b4faf3193d5520
w06-lb135-r4_0,lab_3d_w06_lb_ratio,6,135,4.0,12.0,3.0,e8a515bdc6c58cd92307bf0688b0e00af3c024bc442ee91f8912b8b301ad1c0c,581,581,0.2289156626506024096385542169,1.062238074032225699847281496,83.99999999999999834245439666,83.99999999999999834245439666,0.1623939782545306399596263729,-0.3020176691765579337531606751,333,0.2192192192192192192192192192,31.99999999999999984484986912,31.99999999999999984484986912,248,0.2419354838709677419354838710,51.99999999999999849760452755,51.99999999999999849760452755,run_0f575abba07b42b8992cf9a5b0d4cb8b,ema_pullback:86150367bed16a3cf94cb4f0
w06-lb135-r4_25,lab_3d_w06_lb_ratio,6,135,4.25,12.75,3.0,e8a515bdc6c58cd92307bf0688b0e00af3c024bc442ee91f8912b8b301ad1c0c,581,581,0.2237521514629948364888123924,1.111337458969954653387138728,101.5000000000000055461569556,101.5000000000000055461569556,0.3133741440495936610111736904,-0.2902453698735239604958794735,333,0.2132132132132132132132132132,39.75000000000000487460605099,39.75000000000000487460605099,248,0.2379032258064516129032258065,61.75000000000000067155090464,61.75000000000000067155090464,run_576fae23bf234ee6b8c52d662fe5a921,ema_pullback:d8b490b69441f2e7fd72e829
w06-lb135-r4_5,lab_3d_w06_lb_ratio,6,135,4.5,13.5,3.0,e8a515bdc6c58cd92307bf0688b0e00af3c024bc442ee91f8912b8b301ad1c0c,579,579,0.2158894645941278065630397237,1.119205567412482020942156552,108.5000000000000029187886006,108.5000000000000029187886006,0.3311570295594754562877800209,-0.2782949356734770296502416937,331,0.2024169184290030211480362538,37.50000000000000310986296873,37.50000000000000310986296873,248,0.2338709677419354838709677419,70.99999999999999980892563194,70.99999999999999980892563194,run_5dc050ad48414c72945ab6dcf5d9620f,ema_pullback:9b680d9eabb3ae6c17a2ccea
w06-lb135-r4_75,lab_3d_w06_lb_ratio,6,135,4.75,14.25,3.0,e8a515bdc6c58cd92307bf0688b0e00af3c024bc442ee91f8912b8b301ad1c0c,579,579,0.2072538860103626943005181347,1.133049573602786117322057548,111.0000000000000034548743460,111.0000000000000034548743460,0.3767808894130067561478587157,-0.2852540280312366688759777439,331,0.1963746223564954682779456193,42.75000000000000183020395669,42.75000000000000183020395669,248,0.2217741935483870967741935484,68.25000000000000162467038927,68.25000000000000162467038927,run_123129867bb3449ca701d6907963556f,ema_pullback:fa2cf95c98d794cdc3e28637
w06-lb135-r5_0,lab_3d_w06_lb_ratio,6,135,5.0,15.0,3.0,e8a515bdc6c58cd92307bf0688b0e00af3c024bc442ee91f8912b8b301ad1c0c,579,579,0.1986183074265975820379965458,1.098994245052302644589438588,111.0000000000000032705384339,111.0000000000000032705384339,0.2636645430232018573959636466,-0.3181722418071482041641240029,331,0.1903323262839879154078549849,47.00000000000000735510915919,47.00000000000000735510915919,248,0.2096774193548387096774193548,63.99999999999999591542927481,63.99999999999999591542927481,run_5215aedf8f0641dd9996c80c093e480b,ema_pullback:861a2272ab05cd3a1958bba4
w06-lb140-r2_0,lab_3d_w06_lb_ratio,6,140,2.0,6.0,3.0,e8a515bdc6c58cd92307bf0688b0e00af3c024bc442ee91f8912b8b301ad1c0c,567,567,0.3615520282186948853615520282,1.069084398126158980891181468,47.99999999999999800229220730,47.99999999999999800229220730,0.1706942283285353709477713316,-0.2224169143201843486348105214,322,0.3881987577639751552795031056,52.99999999999999979261184983,52.99999999999999979261184983,245,0.3265306122448979591836734694,-5.000000000000001790319642534,-5.000000000000001790319642534,run_3722bdd41d984e298ada04cfc8411923,ema_pullback:22d5408a3a1ff5b871295eb6
w06-lb140-r2_25,lab_3d_w06_lb_ratio,6,140,2.25,6.75,3.0,e8a515bdc6c58cd92307bf0688b0e00af3c024bc442ee91f8912b8b301ad1c0c,567,567,0.3298059964726631393298059965,1.004082207255700516503947174,40.75000000000000436995570140,40.75000000000000436995570140,0.009389138491528518432498559883,-0.2569357867289910057835609267,322,0.3478260869565217391304347826,42.00000000000000369988349945,42.00000000000000369988349945,245,0.3061224489795918367346938776,-1.249999999999999329927798081,-1.249999999999999329927798081,run_60bbbef135a04c05b980edad450fed52,ema_pullback:a71feea7ea821b42346603da
w06-lb140-r2_5,lab_3d_w06_lb_ratio,6,140,2.5,7.5,3.0,e8a515bdc6c58cd92307bf0688b0e00af3c024bc442ee91f8912b8b301ad1c0c,567,567,0.3104056437389770723104056437,1.033959455439134546700849826,49.00000000000000456967581181,49.00000000000000456967581181,0.0826707100355466463706195948,-0.2441623845032736364142858760,322,0.3229813664596273291925465839,42.00000000000000518462827063,42.00000000000000518462827063,245,0.2938775510204081632653061224,6.999999999999999385047541216,6.999999999999999385047541216,run_8286ea9be9ab4b0fa258802e9b4f4dea,ema_pullback:597624f0d342ef9d25d0715f
w06-lb140-r2_75,lab_3d_w06_lb_ratio,6,140,2.75,8.25,3.0,e8a515bdc6c58cd92307bf0688b0e00af3c024bc442ee91f8912b8b301ad1c0c,567,567,0.2980599647266313932980599647,1.077940623506743154212831351,66.75000000000000590535485108,66.75000000000000590535485108,0.20068654785390046932701095,-0.2568955149400779598297674133,322,0.3043478260869565217391304348,45.50000000000000361936313742,45.50000000000000361936313742,245,0.2897959183673469387755102041,21.25000000000000228599171368,21.25000000000000228599171368,run_0d7b7c7622f74c5291def19b718f8399,ema_pullback:86a8c35f22a89101e9667b8f
w06-lb140-r3_0,lab_3d_w06_lb_ratio,6,140,3.0,9.0,3.0,e8a515bdc6c58cd92307bf0688b0e00af3c024bc442ee91f8912b8b301ad1c0c,567,567,0.2786596119929453262786596120,1.073709075630990990120072555,65.00000000000000189661216651,65.00000000000000189661216651,0.1963715306362321819685874708,-0.2438123173149273784976823246,322,0.2795031055900621118012422360,38.00000000000000268758438342,38.00000000000000268758438342,245,0.2775510204081632653061224490,26.99999999999999920902778306,26.99999999999999920902778306,run_4e1226f5efcc4f43bb0cd3a0a1823c37,ema_pullback:db7fe5d7ab1c7e5bd21727c5
w06-lb140-r3_25,lab_3d_w06_lb_ratio,6,140,3.25,9.75,3.0,e8a515bdc6c58cd92307bf0688b0e00af3c024bc442ee91f8912b8b301ad1c0c,566,566,0.2703180212014134275618374558,1.107494281242231856680453818,84.25000000000000289102629137,84.25000000000000289102629137,0.2993348609706588352591295684,-0.2516611734595360710548044416,322,0.2732919254658385093167701863,52.00000000000000299880555091,52.00000000000000299880555091,244,0.2663934426229508196721311475,32.24999999999999989222074048,32.24999999999999989222074048,run_b7d3f8f621ed4ec896e3833e4859f26d,ema_pullback:f78ad7fd2d99f4eca6980151
w06-lb140-r3_5,lab_3d_w06_lb_ratio,6,140,3.5,10.5,3.0,e8a515bdc6c58cd92307bf0688b0e00af3c024bc442ee91f8912b8b301ad1c0c,565,565,0.2548672566371681415929203540,1.111596163668517084504918980,83.00000000000000640383120824,83.00000000000000640383120824,0.3137910827153487944845873899,-0.2657887589677797663424333354,322,0.2546583850931677018633540373,47.00000000000000593418063835,47.00000000000000593418063835,243,0.2551440329218106995884773663,36.00000000000000046965056988,36.00000000000000046965056988,run_d78dcbb7cfcb494e9a5b8c2a2f3d8047,ema_pullback:7631fc08d227c4c8e7b514b6
w06-lb140-r3_75,lab_3d_w06_lb_ratio,6,140,3.75,11.25,3.0,e8a515bdc6c58cd92307bf0688b0e00af3c024bc442ee91f8912b8b301ad1c0c,565,565,0.2460176991150442477876106195,1.141382175123496310715863411,95.2500000000000007231610541,95.2500000000000007231610541,0.411285487683225296789956049,-0.3047537358711210166059791125,322,0.2391304347826086956521739130,43.75000000000000133144959408,43.75000000000000133144959408,243,0.2551440329218106995884773663,51.49999999999999939171146002,51.49999999999999939171146002,run_3e7266e3414641ae998293c9b09eb09c,ema_pullback:875a9d58b7c39c105afc31d7
w06-lb140-r4_0,lab_3d_w06_lb_ratio,6,140,4.0,12.0,3.0,e8a515bdc6c58cd92307bf0688b0e00af3c024bc442ee91f8912b8b301ad1c0c,565,565,0.2300884955752212389380530973,1.062787654144244608216154155,84.99999999999999818295202090,84.99999999999999818295202090,0.1593458748756189679486323289,-0.2930075036798984461633104570,322,0.2204968944099378881987577640,32.99999999999999968534749331,32.99999999999999968534749331,243,0.2427983539094650205761316872,51.99999999999999849760452758,51.99999999999999849760452758,run_c19e0f72b0f9425e86f5982f2c60a22e,ema_pullback:146f65404e6c83f8e3f73573
w06-lb140-r4_25,lab_3d_w06_lb_ratio,6,140,4.25,12.75,3.0,e8a515bdc6c58cd92307bf0688b0e00af3c024bc442ee91f8912b8b301ad1c0c,565,565,0.2247787610619469026548672566,1.111617968571749609508282685,101.7500000000000046118132651,101.7500000000000046118132651,0.3049736648288443926518761163,-0.2810832372563337724805306403,322,0.2142857142857142857142857143,40.25000000000000447078740265,40.25000000000000447078740265,243,0.2386831275720164609053497942,61.50000000000000014102586244,61.50000000000000014102586244,run_1603542d577e43c0afe676173f5cdbc2,ema_pullback:5565f581bc9febc5f5732b13
w06-lb140-r4_5,lab_3d_w06_lb_ratio,6,140,4.5,13.5,3.0,e8a515bdc6c58cd92307bf0688b0e00af3c024bc442ee91f8912b8b301ad1c0c,563,563,0.2184724689165186500888099467,1.127173593862507315832633203,113.5000000000000020480378050,113.5000000000000020480378050,0.3419839777655758351603090806,-0.2689785364149345702399619290,320,0.20625,43.00000000000000279085821706,43.00000000000000279085821706,243,0.2345679012345679012345679012,70.49999999999999925717958806,70.49999999999999925717958806,run_984eedca5e494cc6b68e236d3dcd0727,ema_pullback:9c0ab04b9836e35f7c6472a1
w06-lb140-r4_75,lab_3d_w06_lb_ratio,6,140,4.75,14.25,3.0,e8a515bdc6c58cd92307bf0688b0e00af3c024bc442ee91f8912b8b301ad1c0c,563,563,0.2095914742451154529307282416,1.140272386547201771552600355,115.5000000000000022336321595,115.5000000000000022336321595,0.3838810712118070809804818365,-0.2760274628144470708816874347,320,0.2,48.00000000000000135169682927,48.00000000000000135169682927,243,0.2222222222222222222222222222,67.50000000000000088193533017,67.50000000000000088193533017,run_2200d6e140374f6995cfef69162f883d,ema_pullback:aaee7aaf7346055f233ffab5
w06-lb140-r5_0,lab_3d_w06_lb_ratio,6,140,5.0,15.0,3.0,e8a515bdc6c58cd92307bf0688b0e00af3c024bc442ee91f8912b8b301ad1c0c,563,563,0.2007104795737122557726465364,1.103615339569858576860479331,115.0000000000000028461184004,115.0000000000000028461184004,0.266436842635142125592013737,-0.3093706136423115805389440022,320,0.19375,52.00000000000000735510915917,52.00000000000000735510915917,243,0.2098765432098765432098765432,62.99999999999999549100924105,62.99999999999999549100924105,run_4b2a9740fe90460bb109dafc2829f76e,ema_pullback:b6822ed0f4dba3f4b0aeda19
w07-lb070-r2_0,lab_3d_w07_lb_ratio,7,70,2.0,6.0,3.0,9d57d0943ce3cef0eff1d6e0c5af111128daa903750274f404300d4a58cf9ffc,628,628,0.3487261146496815286624203822,1.057456202003964646302245799,28.99999999999999731793264935,28.99999999999999731793264935,0.1497883147657411110648164567,-0.1982704912077678871723106905,376,0.3537234042553191489361702128,22.99999999999999926615832628,22.99999999999999926615832628,252,0.3412698412698412698412698413,5.999999999999998051774323038,5.999999999999998051774323038,run_b3d00717b0a9450a97e235152ba868da,ema_pullback:d17a6d88d383aadaab3150cd
w07-lb070-r2_25,lab_3d_w07_lb_ratio,7,70,2.25,6.75,3.0,9d57d0943ce3cef0eff1d6e0c5af111128daa903750274f404300d4a58cf9ffc,624,624,0.3157051282051282051282051282,0.9896398561374461722718809835,16.25000000000000040547651325,16.25000000000000040547651325,-0.02421274267954226905957356117,-0.2400685332513630983640263012,374,0.3101604278074866310160427807,3.000000000000000676224207803,3.000000000000000676224207803,250,0.324,13.24999999999999972925230544,13.24999999999999972925230544,run_acdf86f86a20451a81c4dba8512b23a5,ema_pullback:8c9ccf21ebbaae7053bac217
w07-lb070-r2_5,lab_3d_w07_lb_ratio,7,70,2.5,7.5,3.0,9d57d0943ce3cef0eff1d6e0c5af111128daa903750274f404300d4a58cf9ffc,623,623,0.3001605136436597110754414125,1.035464620879457603122059640,31.50000000000000119251886451,31.50000000000000119251886451,0.08786757813465633550504550325,-0.2282554053332085261813647223,373,0.2895442359249329758713136729,5.000000000000001617874743691,5.000000000000001617874743691,250,0.316,26.49999999999999957464412072,26.49999999999999957464412072,run_1febeebb4de94a079fa3431c54d9fa5d,ema_pullback:e1fc58df52ed3fedbdb996eb
w07-lb070-r2_75,lab_3d_w07_lb_ratio,7,70,2.75,8.25,3.0,9d57d0943ce3cef0eff1d6e0c5af111128daa903750274f404300d4a58cf9ffc,618,618,0.2944983818770226537216828479,1.104480259132253623508997705,64.50000000000000225768607550,64.50000000000000225768607550,0.2795168467507325081438751136,-0.2223516546915315159237704419,369,0.2818428184281842818428184282,21.00000000000000241187449350,21.00000000000000241187449350,249,0.3132530120481927710843373494,43.49999999999999984581158204,43.49999999999999984581158204,run_0ea1c965e2ef400fbe2fc7d2317f95de,ema_pullback:84586ec13351c88eed9c0c79
w07-lb070-r3_0,lab_3d_w07_lb_ratio,7,70,3.0,9.0,3.0,9d57d0943ce3cef0eff1d6e0c5af111128daa903750274f404300d4a58cf9ffc,615,615,0.2764227642276422764227642276,1.093778798146270567840243802,64.99999999999999964714719676,64.99999999999999964714719676,0.2566053358635939793316584649,-0.2030551200851380201860968290,367,0.2670299727520435967302452316,25.00000000000000091218369340,25.00000000000000091218369340,248,0.2903225806451612903225806452,39.99999999999999873496350337,39.99999999999999873496350337,run_2838fd3116f649979a4a6df20e2d9b05,ema_pullback:ef848aea333550b499f01e23
w07-lb070-r3_25,lab_3d_w07_lb_ratio,7,70,3.25,9.75,3.0,9d57d0943ce3cef0eff1d6e0c5af111128daa903750274f404300d4a58cf9ffc,613,613,0.2675367047308319738988580750,1.129621487149539307818499500,84.00000000000000109750083629,84.00000000000000109750083629,0.3724364883744540004695852667,-0.1995786982651417782729937808,367,0.2588555858310626702997275204,36.75000000000000064941457353,36.75000000000000064941457353,246,0.2804878048780487804878048780,47.25000000000000044808626271,47.25000000000000044808626271,run_78f8c50fe3c8488e804435b75df1ed12,ema_pullback:dd7e1575972828db4db5e39d
w07-lb070-r3_5,lab_3d_w07_lb_ratio,7,70,3.5,10.5,3.0,9d57d0943ce3cef0eff1d6e0c5af111128daa903750274f404300d4a58cf9ffc,608,608,0.2532894736842105263157894737,1.139948174806086941930983131,85.00000000000000410722098977,85.00000000000000410722098977,0.4021495123990370463809457242,-0.2080180021179885501904745352,365,0.2438356164383561643835616438,35.50000000000000324603145123,35.50000000000000324603145123,243,0.2674897119341563786008230453,49.50000000000000086118953858,49.50000000000000086118953858,run_1f2a582275c341dc9c694b253228d130,ema_pullback:3d1017244dff8bc7d6b12763
w07-lb070-r3_75,lab_3d_w07_lb_ratio,7,70,3.75,11.25,3.0,9d57d0943ce3cef0eff1d6e0c5af111128daa903750274f404300d4a58cf9ffc,606,606,0.2409240924092409240924092409,1.170293062389182453561778890,87.49999999999999850975278596,87.49999999999999850975278596,0.52236171710804656897469797,-0.2202395994671308452916041610,364,0.2280219780219780219780219780,30.24999999999999961850842358,30.24999999999999961850842358,242,0.2603305785123966942148760331,57.24999999999999889124436238,57.24999999999999889124436238,run_01c89c3f0fd844a188e8e9e64af2178a,ema_pullback:6b1619e1e1eb92fbc527e73e
w07-lb070-r4_0,lab_3d_w07_lb_ratio,7,70,4.0,12.0,3.0,9d57d0943ce3cef0eff1d6e0c5af111128daa903750274f404300d4a58cf9ffc,604,604,0.2268211920529801324503311258,1.100909625602227532138607822,80.99999999999999774109175922,80.99999999999999774109175922,0.2732816564178157790949956189,-0.2022374515110034136119095033,362,0.2127071823204419889502762431,22.99999999999999855959954576,22.99999999999999855959954576,242,0.2479338842975206611570247934,57.99999999999999918149221347,57.99999999999999918149221347,run_02c0604eda2e49b5b28541831dd7e4ee,ema_pullback:520570cff801ee1d7248de45
w07-lb070-r4_25,lab_3d_w07_lb_ratio,7,70,4.25,12.75,3.0,9d57d0943ce3cef0eff1d6e0c5af111128daa903750274f404300d4a58cf9ffc,604,604,0.2185430463576158940397350993,1.113869647055509405588672093,89.00000000000000283783193733,89.00000000000000283783193733,0.3279816830745378186745192867,-0.1838512611083614277679926677,362,0.2071823204419889502762430939,31.75000000000000233476651902,31.75000000000000233476651902,242,0.2355371900826446280991735537,57.25000000000000050306541833,57.25000000000000050306541833,run_eaec6eecb05446be9b93cbdcd24478b9,ema_pullback:878f55a64960d341e1fd1df1
w07-lb070-r4_5,lab_3d_w07_lb_ratio,7,70,4.5,13.5,3.0,9d57d0943ce3cef0eff1d6e0c5af111128daa903750274f404300d4a58cf9ffc,601,601,0.2129783693843594009983361065,1.129375967035210597028333958,102.9999999999999996561863230,102.9999999999999996561863230,0.3719484187915602246263837278,-0.1806564266074978137628632481,360,0.2,36.00000000000000040679512775,36.00000000000000040679512775,241,0.2323651452282157676348547718,66.99999999999999924939119534,66.99999999999999924939119534,run_cb78275956d7414c8fac17584898d0dd,ema_pullback:017dbd4e271be54dc95d3a94
w07-lb070-r4_75,lab_3d_w07_lb_ratio,7,70,4.75,14.25,3.0,9d57d0943ce3cef0eff1d6e0c5af111128daa903750274f404300d4a58cf9ffc,600,600,0.2066666666666666666666666667,1.156010399485678312096313980,113.0000000000000008594466844,113.0000000000000008594466844,0.4649187154257113413930137658,-0.1873635832134614975699709294,360,0.1944444444444444444444444444,42.50000000000000027706045706,42.50000000000000027706045706,240,0.225,70.50000000000000058238622725,70.50000000000000058238622725,run_5ffe151c744b42d2a6d027a5c7346461,ema_pullback:ddd2c5e8ad34dcf3cb9aedff
w07-lb070-r5_0,lab_3d_w07_lb_ratio,7,70,5.0,15.0,3.0,9d57d0943ce3cef0eff1d6e0c5af111128daa903750274f404300d4a58cf9ffc,600,600,0.2016666666666666666666666667,1.163662030259257883967322784,126.0000000000000010616774051,126.0000000000000010616774051,0.4981722902502499909973137101,-0.2249523942266210148188056228,360,0.1888888888888888888888888889,48.00000000000000392243562152,48.00000000000000392243562152,240,0.2208333333333333333333333333,77.99999999999999713924178352,77.99999999999999713924178352,run_458f0c751e35446888afe8e1b89c6afa,ema_pullback:fadc47bf72ab1ee11d14e0db
w07-lb075-r2_0,lab_3d_w07_lb_ratio,7,75,2.0,6.0,3.0,9d57d0943ce3cef0eff1d6e0c5af111128daa903750274f404300d4a58cf9ffc,613,613,0.3474714518760195758564437194,1.052249620803967169321079848,25.99999999999999751559994275,25.99999999999999751559994275,0.1332195505986897591194055554,-0.2018253775135973850067084810,364,0.3571428571428571428571428571,25.99999999999999924939691517,25.99999999999999924939691517,249,0.3333333333333333333333333333,-1.733796972413E-15,-1.733796972413E-15,run_a8d2e2f95f804d208d6936c0750fe01e,ema_pullback:7a46840da536c0a5c8d65197
w07-lb075-r2_25,lab_3d_w07_lb_ratio,7,75,2.25,6.75,3.0,9d57d0943ce3cef0eff1d6e0c5af111128daa903750274f404300d4a58cf9ffc,610,610,0.3163934426229508196721311475,0.9978513489475374069777135577,17.25000000000000125252431539,17.25000000000000125252431539,-0.005019539120328883686250334169,-0.2178303888399537436241991504,363,0.3168044077134986225895316804,10.75000000000000072298415137,10.75000000000000072298415137,247,0.3157894736842105263157894737,6.500000000000000529540163972,6.500000000000000529540163972,run_4f126b50d9024d90bd581dd04b38cdd5,ema_pullback:fb392b45fdadfb1714fe8ac7
w07-lb075-r2_5,lab_3d_w07_lb_ratio,7,75,2.5,7.5,3.0,9d57d0943ce3cef0eff1d6e0c5af111128daa903750274f404300d4a58cf9ffc,609,609,0.3004926108374384236453201970,1.041774348791460321517585752,31.50000000000000192663788693,31.50000000000000192663788693,0.1033060744538591204837278194,-0.2067733928195740839584906706,362,0.2955801104972375690607734807,12.50000000000000155107482431,12.50000000000000155107482431,247,0.3076923076923076923076923077,19.00000000000000037556306258,19.00000000000000037556306258,run_9b8bd8a8f06b4aee92045db19ffec466,ema_pullback:b29d1ce67ff8f6f13dbddbf2
w07-lb075-r2_75,lab_3d_w07_lb_ratio,7,75,2.75,8.25,3.0,9d57d0943ce3cef0eff1d6e0c5af111128daa903750274f404300d4a58cf9ffc,604,604,0.2947019867549668874172185430,1.109062078842613028797086549,63.50000000000000321947262407,63.50000000000000321947262407,0.290713731232330719130355746,-0.2018124840851621136299987633,358,0.2877094972067039106145251397,28.25000000000000249871438869,28.25000000000000249871438869,246,0.3048780487804878048780487805,35.25000000000000072075823535,35.25000000000000072075823535,run_9224890f3d76478c89f25c40875e7298,ema_pullback:41bcfe3834fa4d682cbeae96
w07-lb075-r3_0,lab_3d_w07_lb_ratio,7,75,3.0,9.0,3.0,9d57d0943ce3cef0eff1d6e0c5af111128daa903750274f404300d4a58cf9ffc,603,603,0.2752902155887230514096185738,1.091133716097718766268846725,61.00000000000000062217256681,61.00000000000000062217256681,0.2462646024526487142731377229,-0.1805810818560900930921398686,358,0.2709497206703910614525139665,30.00000000000000115266340324,30.00000000000000115266340324,245,0.2816326530612244897959183673,30.99999999999999946950916360,30.99999999999999946950916360,run_71b8d8eae90440f7b2c335c0d1dc897e,ema_pullback:180a18c9eace6219c67a9585
w07-lb075-r3_25,lab_3d_w07_lb_ratio,7,75,3.25,9.75,3.0,9d57d0943ce3cef0eff1d6e0c5af111128daa903750274f404300d4a58cf9ffc,601,601,0.2662229617304492512479201331,1.125019480587049081997934052,79.00000000000000080374579661,79.00000000000000080374579661,0.3538616684615388760991849768,-0.1807078046551375212982831096,358,0.2625698324022346368715083799,41.50000000000000050913474283,41.50000000000000050913474283,243,0.2716049382716049382716049383,37.50000000000000029461105380,37.50000000000000029461105380,run_9546e20261744e2688e368e6220f21f7,ema_pullback:9df0d2dc2e34a3e66af41827
w07-lb075-r3_5,lab_3d_w07_lb_ratio,7,75,3.5,10.5,3.0,9d57d0943ce3cef0eff1d6e0c5af111128daa903750274f404300d4a58cf9ffc,596,596,0.2516778523489932885906040268,1.133111636011605052401193369,79.00000000000000478046783910,79.00000000000000478046783910,0.3757844199599963278881773806,-0.1915622901510057169752454742,356,0.2471910112359550561797752809,40.00000000000000325939143513,40.00000000000000325939143513,240,0.2583333333333333333333333333,39.00000000000000152107640400,39.00000000000000152107640400,run_11157e579eef48238a1c5387bb8ea55f,ema_pullback:9afe5fecc84de23c432d2334
w07-lb075-r3_75,lab_3d_w07_lb_ratio,7,75,3.75,11.25,3.0,9d57d0943ce3cef0eff1d6e0c5af111128daa903750274f404300d4a58cf9ffc,595,595,0.2403361344537815126050420168,1.169387837264074316388257829,84.24999999999999932953624966,84.24999999999999932953624966,0.5171177523493211263466231318,-0.1899319103528705512300547218,355,0.2309859154929577464788732394,34.49999999999999978550822209,34.49999999999999978550822209,240,0.2541666666666666666666666667,49.74999999999999954402802762,49.74999999999999954402802762,run_77be7b4d7a524ab7a6bba516b61daa9f,ema_pullback:ffe4ba8698cd882eace548e7
w07-lb075-r4_0,lab_3d_w07_lb_ratio,7,75,4.0,12.0,3.0,9d57d0943ce3cef0eff1d6e0c5af111128daa903750274f404300d4a58cf9ffc,593,593,0.2259696458684654300168634064,1.098044336252613969738001708,76.99999999999999775304467810,76.99999999999999775304467810,0.2638759980677785628602807583,-0.1728288484809641253066563509,353,0.2152974504249291784702549575,26.99999999999999861303948131,26.99999999999999861303948131,240,0.2416666666666666666666666667,49.99999999999999914000519679,49.99999999999999914000519679,run_2ceddfdffcc64bd8bf72687beef44246,ema_pullback:a28199cbbb6c46dfc2781c5e
w07-lb075-r4_25,lab_3d_w07_lb_ratio,7,75,4.25,12.75,3.0,9d57d0943ce3cef0eff1d6e0c5af111128daa903750274f404300d4a58cf9ffc,593,593,0.2192242833052276559865092749,1.125761850851794302622830369,89.50000000000000336822715055,89.50000000000000336822715055,0.367259014758451925848255762,-0.1553942140720390545275428754,353,0.2096317280453257790368271955,35.50000000000000200744691393,35.50000000000000200744691393,240,0.2333333333333333333333333333,54.00000000000000136078023658,54.00000000000000136078023658,run_67f2a12ce80f4c638d922de4dbfe2b43,ema_pullback:a3ecf8639d7998e9e028ce10
w07-lb075-r4_5,lab_3d_w07_lb_ratio,7,75,4.5,13.5,3.0,9d57d0943ce3cef0eff1d6e0c5af111128daa903750274f404300d4a58cf9ffc,590,590,0.2135593220338983050847457627,1.140502110600333040526941402,103.0000000000000008746207060,103.0000000000000008746207060,0.4096149154983455573234818676,-0.1516024992482162860880717262,351,0.2022792022792022792022792023,39.50000000000000076751469255,39.50000000000000076751469255,239,0.2301255230125523012552301255,63.50000000000000010710601357,63.50000000000000010710601357,run_42ad3394bfe94d09a842685c76f1edee,ema_pullback:738791af8d9eb065ae967e84
w07-lb075-r4_75,lab_3d_w07_lb_ratio,7,75,4.75,14.25,3.0,9d57d0943ce3cef0eff1d6e0c5af111128daa903750274f404300d4a58cf9ffc,589,589,0.2071307300509337860780984720,1.166179151562117232895750620,112.5000000000000010010644400,112.5000000000000010010644400,0.5020388189305986159372640011,-0.1700415865271322281512299883,351,0.1965811965811965811965811966,45.74999999999999998982080363,45.74999999999999998982080363,238,0.2226890756302521008403361345,66.75000000000000101124363641,66.75000000000000101124363641,run_c5d96a4e6cf44a49b6fc72c01506524d,ema_pullback:ee6ef9a4617477eea22c5c0d
w07-lb075-r5_0,lab_3d_w07_lb_ratio,7,75,5.0,15.0,3.0,9d57d0943ce3cef0eff1d6e0c5af111128daa903750274f404300d4a58cf9ffc,589,589,0.2020373514431239388794567063,1.172789787970996587281298267,125.0000000000000015713636800,125.0000000000000015713636800,0.5329756196425343809551861829,-0.2025347607888767058464124363,351,0.1908831908831908831908831909,51.00000000000000378883578273,51.00000000000000378883578273,238,0.2184873949579831932773109244,73.99999999999999778252789726,73.99999999999999778252789726,run_60a2991eb7b0480ca05da789cee247ca,ema_pullback:a5e2de55f680242154470f9c
w07-lb080-r2_0,lab_3d_w07_lb_ratio,7,80,2.0,6.0,3.0,9d57d0943ce3cef0eff1d6e0c5af111128daa903750274f404300d4a58cf9ffc,599,599,0.3505843071786310517529215359,1.056639329459276009632582842,30.99999999999999756991040779,30.99999999999999756991040779,0.1424558317138078723781132482,-0.1943194806536177853619108737,353,0.3654390934844192634560906516,33.99999999999999930370738021,33.99999999999999930370738021,246,0.3292682926829268292682926829,-3.000000000000001733796972407,-3.000000000000001733796972407,run_9c3f07edb71a4d77b852bfb5c9105af6,ema_pullback:1155f67b353bc4c4b5a3759c
w07-lb080-r2_25,lab_3d_w07_lb_ratio,7,80,2.25,6.75,3.0,9d57d0943ce3cef0eff1d6e0c5af111128daa903750274f404300d4a58cf9ffc,597,597,0.3182579564489112227805695142,0.9984335406543396879572819818,20.50000000000000166002634147,20.50000000000000166002634147,-0.003599440653646598757122738027,-0.2130252584510872540970687912,352,0.3238636363636363636363636364,18.50000000000000089949316268,18.50000000000000089949316268,245,0.3102040816326530612244897959,2.000000000000000760533178725,2.000000000000000760533178725,run_95f3db9f7d574547a43af4c3c246425a,ema_pullback:aa2a2ad76c7536dc6f03b1bb
w07-lb080-r2_5,lab_3d_w07_lb_ratio,7,80,2.5,7.5,3.0,9d57d0943ce3cef0eff1d6e0c5af111128daa903750274f404300d4a58cf9ffc,597,597,0.3031825795644891122278056951,1.043233094466942517661723547,36.50000000000000183179559172,36.50000000000000183179559172,0.105077004207704123424451938,-0.2029385297366895099783844411,352,0.3039772727272727272727272727,22.50000000000000155107482431,22.50000000000000155107482431,245,0.3020408163265306122448979592,14.00000000000000028072076738,14.00000000000000028072076738,run_c36318dcd31f43bc8c2f275dadc29b4c,ema_pullback:ac27c3b0869057c1a16fe381
w07-lb080-r2_75,lab_3d_w07_lb_ratio,7,80,2.75,8.25,3.0,9d57d0943ce3cef0eff1d6e0c5af111128daa903750274f404300d4a58cf9ffc,593,593,0.2967959527824620573355817875,1.108555142564839538655955020,67.00000000000000317205147649,67.00000000000000317205147649,0.2839683322171166760944200001,-0.1989956101371213170993151998,349,0.2951289398280802292263610315,37.25000000000000249871438873,37.25000000000000249871438873,244,0.2991803278688524590163934426,29.75000000000000067333708774,29.75000000000000067333708774,run_6106a740ee534e84912e6f37c4dc5d04,ema_pullback:8dbeb5730fd38bab10baffdc
w07-lb080-r3_0,lab_3d_w07_lb_ratio,7,80,3.0,9.0,3.0,9d57d0943ce3cef0eff1d6e0c5af111128daa903750274f404300d4a58cf9ffc,592,592,0.2770270270270270270270270270,1.088778278207479623285423709,64.00000000000000081185715723,64.00000000000000081185715723,0.2348773450501851038787487893,-0.1787561933469092077097847471,349,0.2779369627507163323782234957,39.00000000000000115266340324,39.00000000000000115266340324,243,0.2757201646090534979423868313,24.99999999999999965919375401,24.99999999999999965919375401,run_2ce47372d549449387a7424b5fa5014f,ema_pullback:fba7db7cb3abc082681be142
w07-lb080-r3_25,lab_3d_w07_lb_ratio,7,80,3.25,9.75,3.0,9d57d0943ce3cef0eff1d6e0c5af111128daa903750274f404300d4a58cf9ffc,590,590,0.2677966101694915254237288136,1.121635683784562171679389807,81.50000000000000056358369701,81.50000000000000056358369701,0.3362286798971679269358782173,-0.1799471817587048715527450114,349,0.2693409742120343839541547278,50.50000000000000050913474283,50.50000000000000050913474283,241,0.2655601659751037344398340249,31.00000000000000005444895423,31.00000000000000005444895423,run_c2571ade1f0348dbb6c4de8325a68c2c,ema_pullback:2c72eeb2000f758c1729c377
w07-lb080-r3_5,lab_3d_w07_lb_ratio,7,80,3.5,10.5,3.0,9d57d0943ce3cef0eff1d6e0c5af111128daa903750274f404300d4a58cf9ffc,586,586,0.2542662116040955631399317406,1.143346074434934522506516614,84.50000000000000449594095349,84.50000000000000449594095349,0.4041264333737310404382983193,-0.1918589142272997727981151720,347,0.2536023054755043227665706052,49.00000000000000325939143509,49.00000000000000325939143509,239,0.2552301255230125523012552301,35.50000000000000123654951842,35.50000000000000123654951842,run_1edab0063ffb45f7882a481da48d4f99,ema_pullback:c72f85194a1b1487a1fa10f8
w07-lb080-r3_75,lab_3d_w07_lb_ratio,7,80,3.75,11.25,3.0,9d57d0943ce3cef0eff1d6e0c5af111128daa903750274f404300d4a58cf9ffc,585,585,0.2427350427350427350427350427,1.179267800165556998093017249,89.49999999999999947179969249,89.49999999999999947179969249,0.5463701639774410599009544882,-0.1912757019992662985549432927,346,0.2369942196531791907514450867,43.49999999999999978550822210,43.49999999999999978550822210,239,0.2510460251046025104602510460,45.99999999999999968629147040,45.99999999999999968629147040,run_e287a4a7d6ce4b4f8eb90a11e0eeed25,ema_pullback:ad13f80b95c992c7a36c1d02
w07-lb080-r4_0,lab_3d_w07_lb_ratio,7,80,4.0,12.0,3.0,9d57d0943ce3cef0eff1d6e0c5af111128daa903750274f404300d4a58cf9ffc,583,583,0.2281303602058319039451114923,1.106815933517280333682237595,81.99999999999999775304467810,81.99999999999999775304467810,0.2865826975343466199922069282,-0.1752669186863927635319033478,344,0.2209302325581395348837209302,35.99999999999999861303948130,35.99999999999999861303948130,239,0.2384937238493723849372384937,45.99999999999999914000519680,45.99999999999999914000519680,run_afe67bcbfc23437aae994307ecb4431b,ema_pullback:f329aacacf894927fe345e1b
w07-lb080-r4_25,lab_3d_w07_lb_ratio,7,80,4.25,12.75,3.0,9d57d0943ce3cef0eff1d6e0c5af111128daa903750274f404300d4a58cf9ffc,583,583,0.2212692967409948542024013722,1.134024593210954656712404087,94.2500000000000032259637077,94.2500000000000032259637077,0.3900288942065307317719753199,-0.1589692399750624522192562809,344,0.2151162790697674418604651163,44.50000000000000200744691394,44.50000000000000200744691394,239,0.2301255230125523012552301255,49.75000000000000121851679378,49.75000000000000121851679378,run_002fcbf40a7d46d68b34a4dda89e9d39,ema_pullback:5b4e47abd8deeedb700b89af
w07-lb080-r4_5,lab_3d_w07_lb_ratio,7,80,4.5,13.5,3.0,9d57d0943ce3cef0eff1d6e0c5af111128daa903750274f404300d4a58cf9ffc,580,580,0.2155172413793103448275862069,1.148524525757147372373062692,107.5000000000000009694630013,107.5000000000000009694630013,0.4312451659398980873929003743,-0.1516024992482162860880717261,342,0.2076023391812865497076023392,48.50000000000000076751469252,48.50000000000000076751469252,238,0.2268907563025210084033613445,59.00000000000000020194830877,59.00000000000000020194830877,run_87c2832977ee4c1d82e77ef26376f1a6,ema_pullback:790acccef01e6b0e9cf59a05
w07-lb080-r4_75,lab_3d_w07_lb_ratio,7,80,4.75,14.25,3.0,9d57d0943ce3cef0eff1d6e0c5af111128daa903750274f404300d4a58cf9ffc,579,579,0.2089810017271157167530224525,1.173995304065553996131854939,116.7500000000000009536432924,116.7500000000000009536432924,0.5231263692293255296226317916,-0.1700415865271322281512299879,342,0.2017543859649122807017543860,54.74999999999999998982080365,54.74999999999999998982080365,237,0.2194092827004219409282700422,62.00000000000000096382248879,62.00000000000000096382248879,run_8d0f429ff7a94a0b9095975286383f49,ema_pullback:ff10fbc1ae7a7e2cad6fb6b0
w07-lb080-r5_0,lab_3d_w07_lb_ratio,7,80,5.0,15.0,3.0,9d57d0943ce3cef0eff1d6e0c5af111128daa903750274f404300d4a58cf9ffc,579,579,0.2037996545768566493955094991,1.180093369892417315530403107,129.0000000000000013816790896,129.0000000000000013816790896,0.5525013261920876499274180633,-0.2025347607888767058464124367,342,0.1959064327485380116959064327,60.00000000000000378883578275,60.00000000000000378883578275,237,0.2151898734177215189873417722,68.99999999999999759284330684,68.99999999999999759284330684,run_d48b2de2fd6747f8885b067f129eff0e,ema_pullback:e2e47b8c5e66e667d1211fdb
w07-lb085-r2_0,lab_3d_w07_lb_ratio,7,85,2.0,6.0,3.0,9d57d0943ce3cef0eff1d6e0c5af111128daa903750274f404300d4a58cf9ffc,593,593,0.3541315345699831365935919056,1.073137661109558887762712349,36.99999999999999756991040778,36.99999999999999756991040778,0.1847834823738307896065740683,-0.1890387145983799638158314714,350,0.3685714285714285714285714286,36.99999999999999930370738020,36.99999999999999930370738020,243,0.3333333333333333333333333333,-1.733796972395E-15,-1.733796972395E-15,run_8624f8c182ab484b8e48a79324c45a89,ema_pullback:e08314199b693b2e59428f3c
w07-lb085-r2_25,lab_3d_w07_lb_ratio,7,85,2.25,6.75,3.0,9d57d0943ce3cef0eff1d6e0c5af111128daa903750274f404300d4a58cf9ffc,592,592,0.3209459459459459459459459459,1.006665571053108597227898530,25.50000000000000166002634145,25.50000000000000166002634145,0.01534998019131768219239059761,-0.2032807020117800430452702704,349,0.3266475644699140401146131805,21.50000000000000089949316268,21.50000000000000089949316268,243,0.3127572016460905349794238683,4.000000000000000760533178734,4.000000000000000760533178734,run_646b0740c7624e90ba684f60f26d08f8,ema_pullback:36603febc68877678283c691
w07-lb085-r2_5,lab_3d_w07_lb_ratio,7,85,2.5,7.5,3.0,9d57d0943ce3cef0eff1d6e0c5af111128daa903750274f404300d4a58cf9ffc,592,592,0.3057432432432432432432432432,1.051751424949101534170330183,41.50000000000000183179559177,41.50000000000000183179559177,0.1260932200482104022723876616,-0.1930690764079955123823297043,349,0.3065902578796561604584527221,25.50000000000000155107482433,25.50000000000000155107482433,243,0.3045267489711934156378600823,16.00000000000000028072076738,16.00000000000000028072076738,run_4fc5dfaef5e240fc8312f6e7dd503168,ema_pullback:677d3855a2b1923903eef8b5
w07-lb085-r2_75,lab_3d_w07_lb_ratio,7,85,2.75,8.25,3.0,9d57d0943ce3cef0eff1d6e0c5af111128daa903750274f404300d4a58cf9ffc,589,589,0.2988115449915110356536502547,1.115533002751417420175612143,71.00000000000000317205147645,71.00000000000000317205147645,0.3035152181670106079086488953,-0.1890773343995936875715817256,347,0.2968299711815561959654178674,39.25000000000000249871438872,39.25000000000000249871438872,242,0.3016528925619834710743801653,31.75000000000000067333708772,31.75000000000000067333708772,run_3b0fdc75289c4d2e8965a1c04f936e5d,ema_pullback:eadcadb50fd0131d6c3c9c0c
w07-lb085-r3_0,lab_3d_w07_lb_ratio,7,85,3.0,9.0,3.0,9d57d0943ce3cef0eff1d6e0c5af111128daa903750274f404300d4a58cf9ffc,588,588,0.2789115646258503401360544218,1.095468256040154244170545957,68.00000000000000081185715723,68.00000000000000081185715723,0.2536768792911293670319232271,-0.1758287745304771245691013429,347,0.2795389048991354466858789625,41.00000000000000115266340321,41.00000000000000115266340321,241,0.2780082987551867219917012448,26.99999999999999965919375402,26.99999999999999965919375402,run_130e336df3a14e1a81e9ab733c5341ec,ema_pullback:351b625f9800102a4efe33d8
w07-lb085-r3_25,lab_3d_w07_lb_ratio,7,85,3.25,9.75,3.0,9d57d0943ce3cef0eff1d6e0c5af111128daa903750274f404300d4a58cf9ffc,586,586,0.2696245733788395904436860068,1.128413088717923452405819134,85.50000000000000056358369701,85.50000000000000056358369701,0.3565711672884461836320679398,-0.1705647033780575263049738551,347,0.2708933717579250720461095101,52.50000000000000050913474279,52.50000000000000050913474279,239,0.2677824267782426778242677824,33.00000000000000005444895422,33.00000000000000005444895422,run_bda27b17d9494002a72db4e1ba81059c,ema_pullback:29ff46182b03d5f9554478ae
w07-lb085-r3_5,lab_3d_w07_lb_ratio,7,85,3.5,10.5,3.0,9d57d0943ce3cef0eff1d6e0c5af111128daa903750274f404300d4a58cf9ffc,582,582,0.2560137457044673539518900344,1.150227153059993868660199765,88.50000000000000449594095348,88.50000000000000449594095348,0.4255025830525897419658921076,-0.1818522697881965964408751398,345,0.2550724637681159420289855072,51.00000000000000325939143508,51.00000000000000325939143508,237,0.2573839662447257383966244726,37.50000000000000123654951840,37.50000000000000123654951840,run_8f981635047f4c4ea58ccaca19b131ce,ema_pullback:481df186fe70a90ec936914a
w07-lb085-r3_75,lab_3d_w07_lb_ratio,7,85,3.75,11.25,3.0,9d57d0943ce3cef0eff1d6e0c5af111128daa903750274f404300d4a58cf9ffc,581,581,0.2444061962134251290877796902,1.186051690938758503225015450,93.4999999999999994717996924,93.4999999999999994717996924,0.5699118047431375578579231825,-0.1812618360520611203328886348,344,0.2383720930232558139534883721,45.49999999999999978550822210,45.49999999999999978550822210,237,0.2531645569620253164556962025,47.99999999999999968629147039,47.99999999999999968629147039,run_2ae82047b0a84192b40425924010b936,ema_pullback:8db8afd9a52cf3efbd4c7638
w07-lb085-r4_0,lab_3d_w07_lb_ratio,7,85,4.0,12.0,3.0,9d57d0943ce3cef0eff1d6e0c5af111128daa903750274f404300d4a58cf9ffc,579,579,0.2297063903281519861830742660,1.113588758531163090822993864,85.99999999999999775304467807,85.99999999999999775304467807,0.3061693840769849300298588242,-0.1650548271999410504488205214,342,0.2222222222222222222222222222,37.99999999999999861303948130,37.99999999999999861303948130,237,0.2405063291139240506329113924,47.99999999999999914000519682,47.99999999999999914000519682,run_f4bb78bf6aad4b96968de7f7f1cf6797,ema_pullback:fb0d4629203f8801d38aeb15
w07-lb085-r4_25,lab_3d_w07_lb_ratio,7,85,4.25,12.75,3.0,9d57d0943ce3cef0eff1d6e0c5af111128daa903750274f404300d4a58cf9ffc,579,579,0.2227979274611398963730569948,1.140585882331767208044205937,98.2500000000000032259637077,98.2500000000000032259637077,0.4111904256714031167580392679,-0.1553199188912829687550732340,342,0.2163742690058479532163742690,46.50000000000000200744691394,46.50000000000000200744691394,237,0.2320675105485232067510548523,51.75000000000000121851679380,51.75000000000000121851679380,run_269736f803fb41df99ff8f9728da7b8c,ema_pullback:40788cd89999d0aa708b7607
w07-lb085-r4_5,lab_3d_w07_lb_ratio,7,85,4.5,13.5,3.0,9d57d0943ce3cef0eff1d6e0c5af111128daa903750274f404300d4a58cf9ffc,576,576,0.2170138888888888888888888889,1.155188237318379350096156478,111.5000000000000009694630012,111.5000000000000009694630012,0.4530341659666008079935890872,-0.1516024992482162860880717261,340,0.2088235294117647058823529412,50.50000000000000076751469253,50.50000000000000076751469253,236,0.2288135593220338983050847458,61.00000000000000020194830876,61.00000000000000020194830876,run_18e7c14f09e8434fba94dd2ab310ded3,ema_pullback:6fa8ab442c4c2f68cb70490f
w07-lb085-r4_75,lab_3d_w07_lb_ratio,7,85,4.75,14.25,3.0,9d57d0943ce3cef0eff1d6e0c5af111128daa903750274f404300d4a58cf9ffc,575,575,0.2104347826086956521739130435,1.180703630207403569806471055,120.7500000000000009536432923,120.7500000000000009536432923,0.5463141509522529500619917426,-0.1700415865271322281512299879,340,0.2029411764705882352941176471,56.74999999999999998982080367,56.74999999999999998982080367,235,0.2212765957446808510638297872,64.00000000000000096382248877,64.00000000000000096382248877,run_461523cf6f4c4de9a537ed5f84354982,ema_pullback:c835a39f09490a91113bfb2e
w07-lb085-r5_0,lab_3d_w07_lb_ratio,7,85,5.0,15.0,3.0,9d57d0943ce3cef0eff1d6e0c5af111128daa903750274f404300d4a58cf9ffc,575,575,0.2052173913043478260869565217,1.186725895309825781709710951,133.0000000000000013816790897,133.0000000000000013816790897,0.5761363065873862667654806409,-0.2025347607888767058464124367,340,0.1970588235294117647058823529,62.00000000000000378883578275,62.00000000000000378883578275,235,0.2170212765957446808510638298,70.99999999999999759284330684,70.99999999999999759284330684,run_30da829b9d284e1197dcddb05b78840d,ema_pullback:72d10823d7cb048b6f5c8fd5
w07-lb090-r2_0,lab_3d_w07_lb_ratio,7,90,2.0,6.0,3.0,9d57d0943ce3cef0eff1d6e0c5af111128daa903750274f404300d4a58cf9ffc,580,580,0.3568965517241379310344827586,1.093822266567795177376507708,40.99999999999999747425091120,40.99999999999999747425091120,0.2349943933206269894736329688,-0.1496717569887275071480112636,338,0.3727810650887573964497041420,39.99999999999999920804788360,39.99999999999999920804788360,242,0.3347107438016528925619834711,0.999999999999998266203027596,0.999999999999998266203027596,run_412e668c9b964c46984874060565f38e,ema_pullback:607e34ba2e7c10f262a7edfe
w07-lb090-r2_25,lab_3d_w07_lb_ratio,7,90,2.25,6.75,3.0,9d57d0943ce3cef0eff1d6e0c5af111128daa903750274f404300d4a58cf9ffc,579,579,0.3229706390328151986183074266,1.024463266398824854393838867,28.75000000000000241545346870,28.75000000000000241545346870,0.05581516730092917629864897074,-0.1956138117535923536161512802,337,0.3293768545994065281899109792,23.75000000000000165492028995,23.75000000000000165492028995,242,0.3140495867768595041322314050,5.000000000000000760533178712,5.000000000000000760533178712,run_e6503c7f9238484aad3121873fdb408b,ema_pullback:35de045788de1f9f81e03052
w07-lb090-r2_5,lab_3d_w07_lb_ratio,7,90,2.5,7.5,3.0,9d57d0943ce3cef0eff1d6e0c5af111128daa903750274f404300d4a58cf9ffc,579,579,0.3074265975820379965457685665,1.069679256174365019358154664,44.00000000000000196345042669,44.00000000000000196345042669,0.1681362953975203778501894877,-0.1853039189017825677739864357,337,0.3086053412462908011869436202,27.00000000000000168272965929,27.00000000000000168272965929,242,0.3057851239669421487603305785,17.00000000000000028072076738,17.00000000000000028072076738,run_91ba9d3206ee4e1ca8be48e98919561a,ema_pullback:b1d62cb54e679f0005a1a8ef
w07-lb090-r2_75,lab_3d_w07_lb_ratio,7,90,2.75,8.25,3.0,9d57d0943ce3cef0eff1d6e0c5af111128daa903750274f404300d4a58cf9ffc,577,577,0.2998266897746967071057192374,1.130043831241387285631308312,71.75000000000000289492183206,71.75000000000000289492183206,0.3382304525329524986952273512,-0.1812737640571475894675213104,336,0.2976190476190476190476190476,39.00000000000000222158474433,39.00000000000000222158474433,241,0.3029045643153526970954356846,32.75000000000000067333708772,32.75000000000000067333708772,run_fbd164c6cc5544eab93e541f0fff76d9,ema_pullback:f47b09b948593841f3e7d6e1
w07-lb090-r3_0,lab_3d_w07_lb_ratio,7,90,3.0,9.0,3.0,9d57d0943ce3cef0eff1d6e0c5af111128daa903750274f404300d4a58cf9ffc,576,576,0.2795138888888888888888888889,1.108016528166325241425866789,68.00000000000000114666539521,68.00000000000000114666539521,0.2839534204808011711439264904,-0.1678977122911332962350622115,336,0.2797619047619047619047619048,40.00000000000000148747164123,40.00000000000000148747164123,240,0.2791666666666666666666666667,27.99999999999999965919375399,27.99999999999999965919375399,run_1c9145816dcf49f7bfa59da0996cd9b4,ema_pullback:e63d9a78ac87f8dd2cfa2b68
w07-lb090-r3_25,lab_3d_w07_lb_ratio,7,90,3.25,9.75,3.0,9d57d0943ce3cef0eff1d6e0c5af111128daa903750274f404300d4a58cf9ffc,574,574,0.2700348432055749128919860627,1.140602591204338072082714303,84.75000000000000096421935252,84.75000000000000096421935252,0.3859768771584009941994957167,-0.1625829845825855829494498725,336,0.2708333333333333333333333333,50.75000000000000090977039830,50.75000000000000090977039830,238,0.2689075630252100840336134454,34.00000000000000005444895421,34.00000000000000005444895421,run_a3ac858e12d14261873ddd6578d9bcff,ema_pullback:3f11c058c6ce0900b2f7e90a
w07-lb090-r3_5,lab_3d_w07_lb_ratio,7,90,3.5,10.5,3.0,9d57d0943ce3cef0eff1d6e0c5af111128daa903750274f404300d4a58cf9ffc,570,570,0.2561403508771929824561403509,1.161887917639313990944978803,87.00000000000000481891478158,87.00000000000000481891478158,0.4528877465496462075697278077,-0.1739791721007699377967479372,334,0.2544910179640718562874251497,48.50000000000000358236526319,48.50000000000000358236526319,236,0.2584745762711864406779661017,38.50000000000000123654951840,38.50000000000000123654951840,run_fe2eecea822440d3a7573e769cd84a52,ema_pullback:4016018794fc676c1c0b2b3f
w07-lb090-r3_75,lab_3d_w07_lb_ratio,7,90,3.75,11.25,3.0,9d57d0943ce3cef0eff1d6e0c5af111128daa903750274f404300d4a58cf9ffc,569,569,0.2460456942003514938488576450,1.207234588446053769312318265,96.0000000000000005131608857,96.0000000000000005131608857,0.625349880842182036742868004,-0.1733830565759905654614277014,333,0.2402402402402402402402402402,47.00000000000000082686941537,47.00000000000000082686941537,236,0.2542372881355932203389830508,48.99999999999999968629147039,48.99999999999999968629147039,run_5db4f861eff64d43b2c4aa925e14cac6,ema_pullback:ef693c352ebb0e83f9124f0e
w07-lb090-r4_0,lab_3d_w07_lb_ratio,7,90,4.0,12.0,3.0,9d57d0943ce3cef0eff1d6e0c5af111128daa903750274f404300d4a58cf9ffc,567,567,0.2310405643738977072310405644,1.132131034936303328827427248,87.99999999999999756172568495,87.99999999999999756172568495,0.3503088564591403828619963001,-0.1570200864479274616969079758,331,0.2235649546827794561933534743,38.99999999999999842172048816,38.99999999999999842172048816,236,0.2415254237288135593220338983,48.99999999999999914000519682,48.99999999999999914000519682,run_b0f9c3dd8aed44c7a5d40a9b2078d0e3,ema_pullback:c283264d8fa12153e20b9afd
w07-lb090-r4_25,lab_3d_w07_lb_ratio,7,90,4.25,12.75,3.0,9d57d0943ce3cef0eff1d6e0c5af111128daa903750274f404300d4a58cf9ffc,567,567,0.2239858906525573192239858907,1.158844391956237395211087099,99.7500000000000047117158927,99.7500000000000047117158927,0.4567390215761776148147730569,-0.1471914983779475893584026688,331,0.2175226586102719033232628399,47.00000000000000349319909900,47.00000000000000349319909900,236,0.2330508474576271186440677966,52.75000000000000121851679378,52.75000000000000121851679378,run_4f9efdbaba124e2db8d6d8160f9431da,ema_pullback:7ac3904129632d068ac2cb94
w07-lb090-r4_5,lab_3d_w07_lb_ratio,7,90,4.5,13.5,3.0,9d57d0943ce3cef0eff1d6e0c5af111128daa903750274f404300d4a58cf9ffc,564,564,0.2180851063829787234042553191,1.173562815410437539350928929,112.5000000000000019599644579,112.5000000000000019599644579,0.4977350140902183947529366467,-0.1491669995279160274978230657,329,0.2097264437689969604863221884,50.50000000000000175801614925,50.50000000000000175801614925,235,0.2297872340425531914893617021,62.00000000000000020194830876,62.00000000000000020194830876,run_05ef24c1506b403e888b0f2847e324af,ema_pullback:533ba59689e03d71e0f9f2d8
w07-lb090-r4_75,lab_3d_w07_lb_ratio,7,90,4.75,14.25,3.0,9d57d0943ce3cef0eff1d6e0c5af111128daa903750274f404300d4a58cf9ffc,563,563,0.2113676731793960923623445826,1.199427250071216876117222255,121.2500000000000009705965378,121.2500000000000009705965378,0.5915504806147492566673603589,-0.1620548337385106519486555360,329,0.2036474164133738601823708207,56.25000000000000000677404914,56.25000000000000000677404914,234,0.2222222222222222222222222222,65.00000000000000096382248881,65.00000000000000096382248881,run_ea732e637b9b40bd8145b9d5164b5f21,ema_pullback:9197a25394665b51d254561f
w07-lb090-r5_0,lab_3d_w07_lb_ratio,7,90,5.0,15.0,3.0,9d57d0943ce3cef0eff1d6e0c5af111128daa903750274f404300d4a58cf9ffc,563,563,0.2060390763765541740674955595,1.205026239482739687676438771,133.0000000000000011225471146,133.0000000000000011225471146,0.6198712527809269254270486764,-0.1948606922817003208179934602,329,0.1975683890577507598784194529,61.00000000000000352970380754,61.00000000000000352970380754,234,0.2179487179487179487179487179,71.99999999999999759284330684,71.99999999999999759284330684,run_42e8bc4775b44064835d1e5f14c3cfdf,ema_pullback:60c982eb8f02fb2b9c86b8e9
w07-lb095-r2_0,lab_3d_w07_lb_ratio,7,95,2.0,6.0,3.0,9d57d0943ce3cef0eff1d6e0c5af111128daa903750274f404300d4a58cf9ffc,568,568,0.3626760563380281690140845070,1.120504076138528954049327075,49.99999999999999738887974417,49.99999999999999738887974417,0.305475195946981197696936484,-0.1306480194528518700640328675,329,0.3799392097264437689969604863,45.99999999999999912267671657,45.99999999999999912267671657,239,0.3389121338912133891213389121,3.999999999999998266203027610,3.999999999999998266203027610,run_b4f95b9d5857433f8e316112a8bfbec9,ema_pullback:93d3069f1cad180e8f775991
w07-lb095-r2_25,lab_3d_w07_lb_ratio,7,95,2.25,6.75,3.0,9d57d0943ce3cef0eff1d6e0c5af111128daa903750274f404300d4a58cf9ffc,568,568,0.3292253521126760563380281690,1.047311270519938187000299334,39.75000000000000241545346868,39.75000000000000241545346868,0.108986815134441821242662592,-0.1929232622824168219272002889,329,0.3373860182370820668693009119,31.75000000000000165492028994,31.75000000000000165492028994,239,0.3179916317991631799163179916,8.000000000000000760533178722,8.000000000000000760533178722,run_c9ba2fee10424150a7733fa8e9c7af3a,ema_pullback:41de64bfb82439df28f047dd
w07-lb095-r2_5,lab_3d_w07_lb_ratio,7,95,2.5,7.5,3.0,9d57d0943ce3cef0eff1d6e0c5af111128daa903750274f404300d4a58cf9ffc,568,568,0.3133802816901408450704225352,1.093061356939720417413931177,55.00000000000000196345042671,55.00000000000000196345042671,0.2269645199239804360701961952,-0.1825788844069136458647751456,329,0.3161094224924012158054711246,35.00000000000000168272965929,35.00000000000000168272965929,239,0.3096234309623430962343096234,20.00000000000000028072076740,20.00000000000000028072076740,run_e00c767bf4894e4b99a31a32f6f39300,ema_pullback:bf3c3fa019094f243b371898
w07-lb095-r2_75,lab_3d_w07_lb_ratio,7,95,2.75,8.25,3.0,9d57d0943ce3cef0eff1d6e0c5af111128daa903750274f404300d4a58cf9ffc,566,566,0.3056537102473498233215547703,1.154144319692913993712284841,82.75000000000000289492183208,82.75000000000000289492183208,0.4056247470514394647259769981,-0.1785352493072165722976257742,328,0.3048780487804878048780487805,47.00000000000000222158474435,47.00000000000000222158474435,238,0.3067226890756302521008403361,35.75000000000000067333708774,35.75000000000000067333708774,run_ae95c41851bd4bc19b4f15da48ca8023,ema_pullback:25481fb6b4bf466f814775af
w07-lb095-r3_0,lab_3d_w07_lb_ratio,7,95,3.0,9.0,3.0,9d57d0943ce3cef0eff1d6e0c5af111128daa903750274f404300d4a58cf9ffc,565,565,0.2849557522123893805309734513,1.131014465596548479388588834,79.00000000000000114666539521,79.00000000000000114666539521,0.3486142827441870897319251248,-0.1651144566822326297707445383,328,0.2865853658536585365853658537,48.00000000000000148747164123,48.00000000000000148747164123,237,0.2827004219409282700421940928,30.99999999999999965919375400,30.99999999999999965919375400,run_3d332261be284760bf29613540dbbb9b,ema_pullback:adf1608ef11ea3adee2ebc30
w07-lb095-r3_25,lab_3d_w07_lb_ratio,7,95,3.25,9.75,3.0,9d57d0943ce3cef0eff1d6e0c5af111128daa903750274f404300d4a58cf9ffc,563,563,0.2753108348134991119005328597,1.163914755572430997182448976,95.7500000000000009642193525,95.7500000000000009642193525,0.455775717618374805025938387,-0.1597819520177468135083848115,328,0.2774390243902439024390243902,58.75000000000000090977039827,58.75000000000000090977039827,235,0.2723404255319148936170212766,37.00000000000000005444895421,37.00000000000000005444895421,run_d09ee044379d483dbabe2e6d5fe73306,ema_pullback:5c210e83c164c71524ee52be
w07-lb095-r3_5,lab_3d_w07_lb_ratio,7,95,3.5,10.5,3.0,9d57d0943ce3cef0eff1d6e0c5af111128daa903750274f404300d4a58cf9ffc,559,559,0.2611806797853309481216457961,1.185576816622904070417801185,98.0000000000000048189147816,98.0000000000000048189147816,0.5260562688381170090257091165,-0.1712162580500833226160711324,326,0.2607361963190184049079754601,56.50000000000000358236526321,56.50000000000000358236526321,233,0.2618025751072961373390557940,41.50000000000000123654951841,41.50000000000000123654951841,run_5fc0858f8cae48bc81ffc760b8517276,ema_pullback:e93a5c3c4bd0471acece3189
w07-lb095-r3_75,lab_3d_w07_lb_ratio,7,95,3.75,11.25,3.0,9d57d0943ce3cef0eff1d6e0c5af111128daa903750274f404300d4a58cf9ffc,558,558,0.2508960573476702508960573477,1.231081333516584987997152185,107.0000000000000005131608857,107.0000000000000005131608857,0.7072037262375949194940766399,-0.1706181486095289278624144766,325,0.2461538461538461538461538462,55.00000000000000082686941536,55.00000000000000082686941536,233,0.2575107296137339055793991416,51.99999999999999968629147040,51.99999999999999968629147040,run_7e13ff7e23834ca2b9e271cbf3e7a4b2,ema_pullback:ec133e3677c32c20f8635c63
w07-lb095-r4_0,lab_3d_w07_lb_ratio,7,95,4.0,12.0,3.0,9d57d0943ce3cef0eff1d6e0c5af111128daa903750274f404300d4a58cf9ffc,557,557,0.2351885098743267504488330341,1.152261294584600037708650811,97.9999999999999975617256850,97.9999999999999975617256850,0.4070028257295838602356780197,-0.1542004468348162238568256662,324,0.2283950617283950617283950617,45.99999999999999842172048815,45.99999999999999842172048815,233,0.2446351931330472103004291845,51.99999999999999914000519682,51.99999999999999914000519682,run_71d16b85c55144ab8ffbcbca2947dc14,ema_pullback:12071799f6b88b9eae540b0a
w07-lb095-r4_25,lab_3d_w07_lb_ratio,7,95,4.25,12.75,3.0,9d57d0943ce3cef0eff1d6e0c5af111128daa903750274f404300d4a58cf9ffc,557,557,0.2280071813285457809694793537,1.178507087831184672954398647,109.7500000000000047117158928,109.7500000000000047117158928,0.5179015600052475935594463924,-0.1443389836324428726273485197,324,0.2222222222222222222222222222,54.00000000000000349319909898,54.00000000000000349319909898,233,0.2360515021459227467811158798,55.75000000000000121851679378,55.75000000000000121851679378,run_f685b2d8c9ec4a3ca663d87f7c598b28,ema_pullback:8dcec6af111ff36017d7728e
w07-lb095-r4_5,lab_3d_w07_lb_ratio,7,95,4.5,13.5,3.0,9d57d0943ce3cef0eff1d6e0c5af111128daa903750274f404300d4a58cf9ffc,554,554,0.2220216606498194945848375451,1.193723685910362692948057080,122.5000000000000019599644579,122.5000000000000019599644579,0.5606188072742168720553146014,-0.1405732371194245807345104864,322,0.2142857142857142857142857143,57.50000000000000175801614925,57.50000000000000175801614925,232,0.2327586206896551724137931034,65.00000000000000020194830880,65.00000000000000020194830880,run_ce7d7a358ca84d2da640ddf8ea91fb7d,ema_pullback:35f6fea88e964909c89d36f6
w07-lb095-r4_75,lab_3d_w07_lb_ratio,7,95,4.75,14.25,3.0,9d57d0943ce3cef0eff1d6e0c5af111128daa903750274f404300d4a58cf9ffc,553,553,0.2151898734177215189873417722,1.219869636076217323209965136,131.2500000000000009705965378,131.2500000000000009705965378,0.6583732031413140467369529092,-0.1592520345894179626523305040,322,0.2080745341614906832298136646,63.25000000000000000677404915,63.25000000000000000677404915,231,0.2251082251082251082251082251,68.00000000000000096382248881,68.00000000000000096382248881,run_9eb125610dea4710976948ac6edf34bb,ema_pullback:1b054f18bac8afa28010d55f
w07-lb095-r5_0,lab_3d_w07_lb_ratio,7,95,5.0,15.0,3.0,9d57d0943ce3cef0eff1d6e0c5af111128daa903750274f404300d4a58cf9ffc,553,553,0.2097649186256781193490054250,1.225385906157369474659851727,143.0000000000000011225471145,143.0000000000000011225471145,0.6878830491843489342073592701,-0.1921676237404233388211807601,322,0.2018633540372670807453416149,68.00000000000000352970380754,68.00000000000000352970380754,231,0.2207792207792207792207792208,74.99999999999999759284330682,74.99999999999999759284330682,run_6fadf192c1314e43abfcfbf32396c1ff,ema_pullback:19c33b2d720c0f114893abb8
w07-lb100-r2_0,lab_3d_w07_lb_ratio,7,100,2.0,6.0,3.0,9d57d0943ce3cef0eff1d6e0c5af111128daa903750274f404300d4a58cf9ffc,561,561,0.3654188948306595365418894831,1.128746788776115059754887757,53.99999999999999738887974416,53.99999999999999738887974416,0.3261300026781665628730942782,-0.1200455007451700122418803054,323,0.3839009287925696594427244582,48.99999999999999912267671656,48.99999999999999912267671656,238,0.3403361344537815126050420168,4.999999999999998266203027614,4.999999999999998266203027614,run_5530e5a8ffd545799f9099db946b8d8d,ema_pullback:57f26a2489496c5617cb499f
w07-lb100-r2_25,lab_3d_w07_lb_ratio,7,100,2.25,6.75,3.0,9d57d0943ce3cef0eff1d6e0c5af111128daa903750274f404300d4a58cf9ffc,561,561,0.3315508021390374331550802139,1.054877320561374374254068116,43.50000000000000271056205956,43.50000000000000271056205956,0.126342269285066258379300201,-0.1929232622824168219272002887,323,0.3405572755417956656346749226,34.50000000000000195002888082,34.50000000000000195002888082,238,0.3193277310924369747899159664,9.000000000000000760533178755,9.000000000000000760533178755,run_ca3b11c84815453796d1bafabf594bc3,ema_pullback:765957f719ba1d875c9848b9
w07-lb100-r2_5,lab_3d_w07_lb_ratio,7,100,2.5,7.5,3.0,9d57d0943ce3cef0eff1d6e0c5af111128daa903750274f404300d4a58cf9ffc,561,561,0.3155080213903743315508021390,1.100881683626537625505567404,58.50000000000000196345042673,58.50000000000000196345042673,0.2459555252091842973529381308,-0.1825788844069136458647751445,323,0.3188854489164086687306501548,37.50000000000000168272965929,37.50000000000000168272965929,238,0.3109243697478991596638655462,21.00000000000000028072076742,21.00000000000000028072076742,run_fca21df736c6429a9e1365ca126f22fd,ema_pullback:381a0d6bb4034c50da36e9b0
w07-lb100-r2_75,lab_3d_w07_lb_ratio,7,100,2.75,8.25,3.0,9d57d0943ce3cef0eff1d6e0c5af111128daa903750274f404300d4a58cf9ffc,559,559,0.3076923076923076923076923077,1.162340153822022913580820810,86.00000000000000319003042290,86.00000000000000319003042290,0.4271396722988974654602143357,-0.1785352493072165722976257735,322,0.3074534161490683229813664596,49.25000000000000251669333517,49.25000000000000251669333517,237,0.3080168776371308016877637131,36.75000000000000067333708776,36.75000000000000067333708776,run_ea25fb8b28be4eb9b48f7269c83c0108,ema_pullback:ee25dddb8a50693e955a0fe3
w07-lb100-r3_0,lab_3d_w07_lb_ratio,7,100,3.0,9.0,3.0,9d57d0943ce3cef0eff1d6e0c5af111128daa903750274f404300d4a58cf9ffc,558,558,0.2867383512544802867383512545,1.138680356187472598650551804,82.00000000000000173688257697,82.00000000000000173688257697,0.3690250669952429560338707886,-0.1651144566822326297707445401,322,0.2888198757763975155279503106,50.00000000000000207768882294,50.00000000000000207768882294,236,0.2838983050847457627118644068,31.99999999999999965919375401,31.99999999999999965919375401,run_ad8a27a3fd57420c857a1c2a32d96668,ema_pullback:b1450000d48f05e92dcce0f1
w07-lb100-r3_25,lab_3d_w07_lb_ratio,7,100,3.25,9.75,3.0,9d57d0943ce3cef0eff1d6e0c5af111128daa903750274f404300d4a58cf9ffc,556,556,0.2769784172661870503597122302,1.171714375973043792984259003,98.5000000000000011117736479,98.5000000000000011117736479,0.4775585174726520376593473178,-0.1597819520177468135083848125,322,0.2795031055900621118012422360,60.50000000000000105732469372,60.50000000000000105732469372,234,0.2735042735042735042735042735,38.00000000000000005444895420,38.00000000000000005444895420,run_6d1a129f9b494bffa6cbb726dcb3b3c7,ema_pullback:a0fafca6de8dfa471f8266bb
w07-lb100-r3_5,lab_3d_w07_lb_ratio,7,100,3.5,10.5,3.0,9d57d0943ce3cef0eff1d6e0c5af111128daa903750274f404300d4a58cf9ffc,553,553,0.2622061482820976491862567812,1.192367592167577875233184435,99.5000000000000048189147816,99.5000000000000048189147816,0.5458252117973651167094665651,-0.1712162580500833226160711306,321,0.2616822429906542056074766355,57.00000000000000358236526321,57.00000000000000358236526321,232,0.2629310344827586206896551724,42.50000000000000123654951838,42.50000000000000123654951838,run_8e0dc67986c248ddbdc5eea7b13630ed,ema_pullback:17af0871259d92074443b567
w07-lb100-r3_75,lab_3d_w07_lb_ratio,7,100,3.75,11.25,3.0,9d57d0943ce3cef0eff1d6e0c5af111128daa903750274f404300d4a58cf9ffc,552,552,0.2518115942028985507246376812,1.237935955867244681416614458,108.2500000000000012509323630,108.2500000000000012509323630,0.7290270476678036655502010282,-0.1706181486095289278624144769,320,0.246875,55.25000000000000156464089251,55.25000000000000156464089251,232,0.2586206896551724137931034483,52.99999999999999968629147037,52.99999999999999968629147037,run_fcf7dd6a557c4e6a86ec2d752eeafdee,ema_pullback:614f99a44e9b1884b400639a
w07-lb100-r4_0,lab_3d_w07_lb_ratio,7,100,4.0,12.0,3.0,9d57d0943ce3cef0eff1d6e0c5af111128daa903750274f404300d4a58cf9ffc,551,551,0.2359346642468239564428312160,1.158726049585902613266856495,98.9999999999999975617256851,98.9999999999999975617256851,0.4247478731990346476940585034,-0.1542004468348162238568256675,319,0.2288401253918495297805642633,45.99999999999999842172048817,45.99999999999999842172048817,232,0.2456896551724137931034482759,52.99999999999999914000519682,52.99999999999999914000519682,run_96f1c6d6a9a9415eac7a0505c454574b,ema_pullback:3b2f00945fa05be85aac65d4
w07-lb100-r4_25,lab_3d_w07_lb_ratio,7,100,4.25,12.75,3.0,9d57d0943ce3cef0eff1d6e0c5af111128daa903750274f404300d4a58cf9ffc,551,551,0.2286751361161524500907441016,1.184776129904967922147576111,110.5000000000000050068244839,110.5000000000000050068244839,0.5367855842729875270905379263,-0.1443389836324428726273485192,319,0.2225705329153605015673981191,53.75000000000000378830768985,53.75000000000000378830768985,232,0.2370689655172413793103448276,56.75000000000000121851679378,56.75000000000000121851679378,run_d8739ffdf81c44dba737c3c1692cbc92,ema_pullback:0b998bc9d9cfb2762c07fcf6
w07-lb100-r4_5,lab_3d_w07_lb_ratio,7,100,4.5,13.5,3.0,9d57d0943ce3cef0eff1d6e0c5af111128daa903750274f404300d4a58cf9ffc,548,548,0.2226277372262773722627737226,1.200087208492120410593524226,123.0000000000000024026273442,123.0000000000000024026273442,0.5797673815602079352108583701,-0.1405732371194245807345104849,317,0.2145110410094637223974763407,57.00000000000000220067903554,57.00000000000000220067903554,231,0.2337662337662337662337662338,66.00000000000000020194830879,66.00000000000000020194830879,run_01c5bc374fac4a678a3ff79c951f0939,ema_pullback:b4abd1973a07b5494b7780c6
w07-lb100-r4_75,lab_3d_w07_lb_ratio,7,100,4.75,14.25,3.0,9d57d0943ce3cef0eff1d6e0c5af111128daa903750274f404300d4a58cf9ffc,547,547,0.2157221206581352833638025594,1.226263592413115421698080888,131.5000000000000017083680150,131.5000000000000017083680150,0.6784376985263512690129678994,-0.1592520345894179626523305030,317,0.2082018927444794952681388013,62.50000000000000074454552631,62.50000000000000074454552631,230,0.2260869565217391304347826087,69.00000000000000096382248879,69.00000000000000096382248879,run_90a46df124114e1d838ca629b7a4ae22,ema_pullback:8660aeb1d27e2a0e56509d05
w07-lb100-r5_0,lab_3d_w07_lb_ratio,7,100,5.0,15.0,3.0,9d57d0943ce3cef0eff1d6e0c5af111128daa903750274f404300d4a58cf9ffc,547,547,0.2102376599634369287020109689,1.231675003487173948966090041,143.0000000000000011225471146,143.0000000000000011225471146,0.7080161221753256984451955324,-0.1921676237404233388211807610,317,0.2018927444794952681388012618,67.00000000000000352970380755,67.00000000000000352970380755,230,0.2217391304347826086956521739,75.99999999999999759284330682,75.99999999999999759284330682,run_8a1474f41e4c44d3bd64aad35806d0ab,ema_pullback:c9ecb12e71e922afa2007b46
w07-lb105-r2_0,lab_3d_w07_lb_ratio,7,105,2.0,6.0,3.0,9d57d0943ce3cef0eff1d6e0c5af111128daa903750274f404300d4a58cf9ffc,553,553,0.3670886075949367088607594937,1.125891966197856092071051964,55.99999999999999752521217485,55.99999999999999752521217485,0.3129485430556855677035624464,-0.1038105077381166137050809694,318,0.3899371069182389937106918239,53.99999999999999912267671656,53.99999999999999912267671656,235,0.3361702127659574468085106383,1.999999999999998402535458313,1.999999999999998402535458313,run_092c7ebead4d465dafbbfbd79727d3cb,ema_pullback:0d5304a465b08f40ca82010c
w07-lb105-r2_25,lab_3d_w07_lb_ratio,7,105,2.25,6.75,3.0,9d57d0943ce3cef0eff1d6e0c5af111128daa903750274f404300d4a58cf9ffc,553,553,0.3327305605786618444846292948,1.048674993815305864201110410,45.00000000000000267209455016,45.00000000000000267209455016,0.1099470072951732220584585109,-0.1896073887554055381803641739,318,0.3459119496855345911949685535,39.50000000000000195002888082,39.50000000000000195002888082,235,0.3148936170212765957446808511,5.500000000000000722065669324,5.500000000000000722065669324,run_0c91edaae40b4aeeb8f3f316f14f5549,ema_pullback:a08f1595050fefb81b19da31
w07-lb105-r2_5,lab_3d_w07_lb_ratio,7,105,2.5,7.5,3.0,9d57d0943ce3cef0eff1d6e0c5af111128daa903750274f404300d4a58cf9ffc,553,553,0.3164556962025316455696202532,1.093024588249630859761959107,59.50000000000000210789025676,59.50000000000000210789025676,0.2221081347616488549999167932,-0.1792205110194209603083127837,318,0.3238993710691823899371069182,42.50000000000000168272965931,42.50000000000000168272965931,235,0.3063829787234042553191489362,17.00000000000000042516059741,17.00000000000000042516059741,run_af1b691db7fc40ca9c9f167cbf97270f,ema_pullback:68366146b3ef2fdebb720b61
w07-lb105-r2_75,lab_3d_w07_lb_ratio,7,105,2.75,8.25,3.0,9d57d0943ce3cef0eff1d6e0c5af111128daa903750274f404300d4a58cf9ffc,551,551,0.3085299455535390199637023593,1.152969755785670796531654984,86.50000000000000309216550165,86.50000000000000309216550165,0.3933292566140842737533012083,-0.1751602626511790671210250198,317,0.3123028391167192429022082019,54.25000000000000251669333518,54.25000000000000251669333518,234,0.3034188034188034188034188034,32.25000000000000057547216645,32.25000000000000057547216645,run_5cf6e74e2ea94aae94ae450b139b13db,ema_pullback:ab5fe14d73c5d79dbb305d11
w07-lb105-r3_0,lab_3d_w07_lb_ratio,7,105,3.0,9.0,3.0,9d57d0943ce3cef0eff1d6e0c5af111128daa903750274f404300d4a58cf9ffc,550,550,0.2872727272727272727272727273,1.127225169787757277234144246,82.00000000000000195825742581,82.00000000000000195825742581,0.3304047449598648428946149404,-0.1651144566822326297707445401,317,0.2933753943217665615141955836,55.00000000000000207768882296,55.00000000000000207768882296,233,0.2789699570815450643776824034,26.99999999999999988056860286,26.99999999999999988056860286,run_48c532ba8edc4a5c96c83b43a989019f,ema_pullback:5bb446089abcdf663c077c12
w07-lb105-r3_25,lab_3d_w07_lb_ratio,7,105,3.25,9.75,3.0,9d57d0943ce3cef0eff1d6e0c5af111128daa903750274f404300d4a58cf9ffc,548,548,0.2773722627737226277372262774,1.158455474387890511532000839,98.0000000000000009707261134,98.0000000000000009707261134,0.4292463186296801771446308624,-0.1597819520177468135083848125,317,0.2839116719242902208201892744,65.50000000000000105732469370,65.50000000000000105732469370,231,0.2683982683982683982683982684,32.49999999999999991340141966,32.49999999999999991340141966,run_df7f316d517642a183942ba35f66baa8,ema_pullback:88fa86103f56d8d7fe8fa245
w07-lb105-r3_5,lab_3d_w07_lb_ratio,7,105,3.5,10.5,3.0,9d57d0943ce3cef0eff1d6e0c5af111128daa903750274f404300d4a58cf9ffc,546,546,0.2619047619047619047619047619,1.174108870411596453994760654,97.5000000000000051334394479,97.5000000000000051334394479,0.4813145259488591433664962134,-0.1678112013298006409539671343,317,0.2649842271293375394321766562,61.00000000000000358236526321,61.00000000000000358236526321,229,0.2576419213973799126637554585,36.50000000000000155107418470,36.50000000000000155107418470,run_7b9120b615d54f41a8385ccecac1dfe8,ema_pullback:0f14a06242644f2c6ddb9a87
w07-lb105-r3_75,lab_3d_w07_lb_ratio,7,105,3.75,11.25,3.0,9d57d0943ce3cef0eff1d6e0c5af111128daa903750274f404300d4a58cf9ffc,545,545,0.2513761467889908256880733945,1.217982341181318034534254325,105.7500000000000016120319381,105.7500000000000016120319381,0.6492573022225527031969634935,-0.1672106345575360069708721869,316,0.25,59.25000000000000156464089250,59.25000000000000156464089250,229,0.2532751091703056768558951965,46.50000000000000004739104544,46.50000000000000004739104544,run_9b875676eb0047c8a720a70a6e286b20,ema_pullback:e1cbdff55227c745768b51c8
w07-lb105-r4_0,lab_3d_w07_lb_ratio,7,105,4.0,12.0,3.0,9d57d0943ce3cef0eff1d6e0c5af111128daa903750274f404300d4a58cf9ffc,545,545,0.2348623853211009174311926606,1.132970734100054771207767508,94.9999999999999975279732794,94.9999999999999975279732794,0.345896781475159121568542553,-0.1507254806805076175455389667,316,0.2310126582278481012658227848,48.99999999999999842172048816,48.99999999999999842172048816,229,0.2401746724890829694323144105,45.99999999999999910625279123,45.99999999999999910625279123,run_d2941f7e81c7400d82538ce59dbfebf8,ema_pullback:0ff7cd6cfa404591fadd46af
w07-lb105-r4_25,lab_3d_w07_lb_ratio,7,105,4.25,12.75,3.0,9d57d0943ce3cef0eff1d6e0c5af111128daa903750274f404300d4a58cf9ffc,545,545,0.2293577981651376146788990826,1.178399369001141534346964105,111.2500000000000049855638792,111.2500000000000049855638792,0.5011550170815918814888314309,-0.1443389836324428726273485192,316,0.2246835443037974683544303797,56.75000000000000378830768987,56.75000000000000378830768987,229,0.2358078602620087336244541485,54.50000000000000119725618926,54.50000000000000119725618926,run_5f968fe319784cfda901749f3e0d00a9,ema_pullback:0a6a0d213ba338f6c18da988
w07-lb105-r4_5,lab_3d_w07_lb_ratio,7,105,4.5,13.5,3.0,9d57d0943ce3cef0eff1d6e0c5af111128daa903750274f404300d4a58cf9ffc,542,542,0.2232472324723247232472324723,1.192768830247765711904776563,123.5000000000000025301909714,123.5000000000000025301909714,0.5388318702415090280674539654,-0.1405732371194245807345104849,314,0.2165605095541401273885350318,60.00000000000000220067903556,60.00000000000000220067903556,228,0.2324561403508771929824561404,63.50000000000000032951193602,63.50000000000000032951193602,run_b05f1358cb4c4faab0854f780a59be72,ema_pullback:1a9d036f179c6cf7d15e02fd
w07-lb105-r4_75,lab_3d_w07_lb_ratio,7,105,4.75,14.25,3.0,9d57d0943ce3cef0eff1d6e0c5af111128daa903750274f404300d4a58cf9ffc,541,541,0.2162661737523105360443622921,1.218397731551110299982236520,131.7500000000000019847558739,131.7500000000000019847558739,0.6303933917180032764781332301,-0.1592520345894179626523305030,314,0.2101910828025477707006369427,65.50000000000000074454552634,65.50000000000000074454552634,227,0.2246696035242290748898678414,66.25000000000000124021034777,66.25000000000000124021034777,run_49171be57db64745b59497c9fd4f89c6,ema_pullback:d5133393bd3dea26e2bf0d35
w07-lb105-r5_0,lab_3d_w07_lb_ratio,7,105,5.0,15.0,3.0,9d57d0943ce3cef0eff1d6e0c5af111128daa903750274f404300d4a58cf9ffc,541,541,0.2107208872458410351201478743,1.222891933918087982091540271,143.0000000000000015477592053,143.0000000000000015477592053,0.6545186402590081565566882477,-0.1921676237404233388211807610,314,0.2038216560509554140127388535,70.00000000000000352970380755,70.00000000000000352970380755,227,0.2202643171806167400881057269,72.99999999999999801805539757,72.99999999999999801805539757,run_6da4f864eea64c3cb19b892a066cc77b,ema_pullback:6dd5b218772da1ce561a3e74
w07-lb110-r2_0,lab_3d_w07_lb_ratio,7,110,2.0,6.0,3.0,9d57d0943ce3cef0eff1d6e0c5af111128daa903750274f404300d4a58cf9ffc,540,540,0.3666666666666666666666666667,1.122441340578120964599527877,53.99999999999999752660579817,53.99999999999999752660579817,0.2937786333894835825263192503,-0.1071498370017182390031989131,313,0.3897763578274760383386581470,52.99999999999999912267671659,52.99999999999999912267671659,227,0.3348017621145374449339207048,0.999999999999998403929081567,0.999999999999998403929081567,run_bb8ac84216b34c4a9f6a413b6b3a5252,ema_pullback:036beb7c79824c66171fbb38
w07-lb110-r2_25,lab_3d_w07_lb_ratio,7,110,2.25,6.75,3.0,9d57d0943ce3cef0eff1d6e0c5af111128daa903750274f404300d4a58cf9ffc,540,540,0.3314814814814814814814814815,1.039420173777268057342654218,41.75000000000000229855540658,41.75000000000000229855540658,0.08579298160633548273218006394,-0.1915034154287690109097147117,313,0.3450479233226837060702875399,38.00000000000000152463429026,38.00000000000000152463429026,227,0.3127753303964757709251101322,3.750000000000000773921116322,3.750000000000000773921116322,run_535039de3ce047629d9823675c52220a,ema_pullback:896d80fb40d838242a3426ab
w07-lb110-r2_5,lab_3d_w07_lb_ratio,7,110,2.5,7.5,3.0,9d57d0943ce3cef0eff1d6e0c5af111128daa903750274f404300d4a58cf9ffc,540,540,0.3148148148148148148148148148,1.081579941890029636597051618,55.00000000000000176817340399,55.00000000000000176817340399,0.1868419936890754621284789303,-0.1831380567088812626405269740,313,0.3226837060702875399361022364,40.50000000000000168272965933,40.50000000000000168272965933,227,0.3039647577092511013215859031,14.50000000000000008544374464,14.50000000000000008544374464,run_7aeef2f5bae6466f83e43628f8810cdf,ema_pullback:03ec5cb5f23b09fee58975e0
w07-lb110-r2_75,lab_3d_w07_lb_ratio,7,110,2.75,8.25,3.0,9d57d0943ce3cef0eff1d6e0c5af111128daa903750274f404300d4a58cf9ffc,538,538,0.3066914498141263940520446097,1.139882618056129810275447434,80.75000000000000262439312610,80.75000000000000262439312610,0.3433260946860077399004670097,-0.1810945181773648833362832038,312,0.3108974358974358974358974359,51.75000000000000214050956340,51.75000000000000214050956340,226,0.3008849557522123893805309735,29.00000000000000048388356268,29.00000000000000048388356268,run_f33a32a1727543ebb2d23e558bfd3b5c,ema_pullback:4c9598cbafee9d573ba3fddb
w07-lb110-r3_0,lab_3d_w07_lb_ratio,7,110,3.0,9.0,3.0,9d57d0943ce3cef0eff1d6e0c5af111128daa903750274f404300d4a58cf9ffc,537,537,0.2867783985102420856610800745,1.128222016826914889591123744,79.00000000000000128439821335,79.00000000000000128439821335,0.3236645395944956658651528763,-0.1651144566822326297707445386,312,0.2916666666666666666666666667,52.00000000000000207768882296,52.00000000000000207768882296,225,0.28,26.99999999999999920670939039,26.99999999999999920670939039,run_35d05ed3086943a982f82ac9fcb31189,ema_pullback:6612a4866db0316455531644
w07-lb110-r3_25,lab_3d_w07_lb_ratio,7,110,3.25,9.75,3.0,9d57d0943ce3cef0eff1d6e0c5af111128daa903750274f404300d4a58cf9ffc,536,536,0.2761194029850746268656716418,1.154786742099031219918528252,93.00000000000000059245190668,93.00000000000000059245190668,0.4054961630608019759567071896,-0.1713426590664406416369451902,312,0.2820512820512820512820512821,62.00000000000000068114092192,62.00000000000000068114092192,224,0.2678571428571428571428571429,30.99999999999999991131098477,30.99999999999999991131098477,run_dae3f875aaa74c7da4707a8615fa9202,ema_pullback:c57e5ef07874112d012d48e2
w07-lb110-r3_5,lab_3d_w07_lb_ratio,7,110,3.5,10.5,3.0,9d57d0943ce3cef0eff1d6e0c5af111128daa903750274f404300d4a58cf9ffc,534,534,0.2602996254681647940074906367,1.168668879616981527850784608,91.50000000000000454014616743,91.50000000000000454014616743,0.4496368525062228903959841729,-0.1853518906910583516977828298,312,0.2628205128205128205128205128,57.00000000000000333157608205,57.00000000000000333157608205,222,0.2567567567567567567567567568,34.50000000000000120857008540,34.50000000000000120857008540,run_a68a0b50563e4d5994304b87b3dd2acf,ema_pullback:6343ab77cf7f0b7099475a20
w07-lb110-r3_75,lab_3d_w07_lb_ratio,7,110,3.75,11.25,3.0,9d57d0943ce3cef0eff1d6e0c5af111128daa903750274f404300d4a58cf9ffc,533,533,0.2514071294559099437148217636,1.218239712487121347071977607,103.5000000000000015698245316,103.5000000000000015698245316,0.6282461810956869653377922951,-0.1867284066693694833703300694,311,0.2475884244372990353697749196,54.75000000000000143924630196,54.75000000000000143924630196,222,0.2567567567567567567567567568,48.75000000000000013057822952,48.75000000000000013057822952,run_ae4b24fb719e4feb96ad64c3494eed88,ema_pullback:9e6231d91fe5e8bfee591ccc
w07-lb110-r4_0,lab_3d_w07_lb_ratio,7,110,4.0,12.0,3.0,9d57d0943ce3cef0eff1d6e0c5af111128daa903750274f404300d4a58cf9ffc,533,533,0.2363977485928705440900562852,1.136552116998681577615021837,96.9999999999999975279732795,96.9999999999999975279732795,0.3432164234028393357841522782,-0.1726232879869413277723544653,311,0.2282958199356913183279742765,43.99999999999999842172048818,43.99999999999999842172048818,222,0.2477477477477477477477477477,52.99999999999999910625279121,52.99999999999999910625279121,run_b2c9cfccbbcf443d91b7ae78486b91eb,ema_pullback:c4a5ef406c8afd9375b1deb3
w07-lb110-r4_25,lab_3d_w07_lb_ratio,7,110,4.25,12.75,3.0,9d57d0943ce3cef0eff1d6e0c5af111128daa903750274f404300d4a58cf9ffc,533,533,0.2307692307692307692307692308,1.182139503011277369833693759,112.7500000000000043585909263,112.7500000000000043585909263,0.4931076964842522758703780073,-0.1582966933345361070672603538,311,0.2218649517684887459807073955,51.25000000000000316133473690,51.25000000000000316133473690,222,0.2432432432432432432432432432,61.50000000000000119725618926,61.50000000000000119725618926,run_46649e3bf0054c6bb7cb01e8233b4910,ema_pullback:ee696cde743687581160e347
w07-lb110-r4_5,lab_3d_w07_lb_ratio,7,110,4.5,13.5,3.0,9d57d0943ce3cef0eff1d6e0c5af111128daa903750274f404300d4a58cf9ffc,531,531,0.2241054613935969868173258004,1.190584151151744729964281028,123.5000000000000015286126090,123.5000000000000015286126090,0.5105168277290494597746834381,-0.1405732371194245807345104862,309,0.2135922330097087378640776699,54.00000000000000119910067320,54.00000000000000119910067320,222,0.2387387387387387387387387387,69.50000000000000032951193601,69.50000000000000032951193601,run_b95bf07f94f54ed69318846d42cf44f6,ema_pullback:748c4c3c9500cab27e3ab6e8
w07-lb110-r4_75,lab_3d_w07_lb_ratio,7,110,4.75,14.25,3.0,9d57d0943ce3cef0eff1d6e0c5af111128daa903750274f404300d4a58cf9ffc,530,530,0.2169811320754716981132075472,1.215646211072685729481360319,131.2500000000000003577829210,131.2500000000000003577829210,0.59501206423587146891781761,-0.1592520345894179626523305031,309,0.2071197411003236245954692557,58.99999999999999911757257337,58.99999999999999911757257337,221,0.2307692307692307692307692308,72.25000000000000124021034775,72.25000000000000124021034775,run_6b1ed97fcc0a403e800974c28e45e4e1,ema_pullback:8af7471824213269ee2a821f
w07-lb110-r5_0,lab_3d_w07_lb_ratio,7,110,5.0,15.0,3.0,9d57d0943ce3cef0eff1d6e0c5af111128daa903750274f404300d4a58cf9ffc,530,530,0.2113207547169811320754716981,1.218883837035946479561784899,142.0000000000000015477592053,142.0000000000000015477592053,0.6131817124111731110306440554,-0.1921676237404233388211807609,309,0.2006472491909385113268608414,63.00000000000000352970380755,63.00000000000000352970380755,221,0.2262443438914027149321266968,78.99999999999999801805539758,78.99999999999999801805539758,run_0879a430466a441d896fc78e030a6ccf,ema_pullback:2debb11f30a86f0c8ea02ee4
w07-lb115-r2_0,lab_3d_w07_lb_ratio,7,115,2.0,6.0,3.0,9d57d0943ce3cef0eff1d6e0c5af111128daa903750274f404300d4a58cf9ffc,528,528,0.3712121212121212121212121212,1.142452396144086283624871393,59.99999999999999777277142760,59.99999999999999777277142760,0.3373579347870990660243845488,-0.1050806206466775109253108224,307,0.3908794788273615635179153094,52.99999999999999936884234604,52.99999999999999936884234604,221,0.3438914027149321266968325792,6.999999999999998403929081585,6.999999999999998403929081585,run_318e9f33b1814e0ba87faf8c58c1bd37,ema_pullback:b962c0dbfb80d641adf83cd4
w07-lb115-r2_25,lab_3d_w07_lb_ratio,7,115,2.25,6.75,3.0,9d57d0943ce3cef0eff1d6e0c5af111128daa903750274f404300d4a58cf9ffc,528,528,0.3352272727272727272727272727,1.055846509890246003917870082,47.25000000000000261299238898,47.25000000000000261299238898,0.1200024317749679219354689978,-0.1941176572772002309286145525,307,0.3452768729641693811074918567,37.50000000000000183907127268,37.50000000000000183907127268,221,0.3212669683257918552036199095,9.750000000000000773921116365,9.750000000000000773921116365,run_b2a8a33d4c1c458b89e431fd04acd73d,ema_pullback:d60a85e5c0b41d9ed30d94ea
w07-lb115-r2_5,lab_3d_w07_lb_ratio,7,115,2.5,7.5,3.0,9d57d0943ce3cef0eff1d6e0c5af111128daa903750274f404300d4a58cf9ffc,528,528,0.3181818181818181818181818182,1.098090671276489291165942194,60.00000000000000266458256113,60.00000000000000266458256113,0.2216591653567374138633310942,-0.1865979374761806408094815608,307,0.3224755700325732899022801303,39.50000000000000257913881647,39.50000000000000257913881647,221,0.3122171945701357466063348416,20.50000000000000008544374466,20.50000000000000008544374466,run_17ddbe04765d401b821eada1d1f71065,ema_pullback:aff6428b5f6a15ea7bb0c501
w07-lb115-r2_75,lab_3d_w07_lb_ratio,7,115,2.75,8.25,3.0,9d57d0943ce3cef0eff1d6e0c5af111128daa903750274f404300d4a58cf9ffc,526,526,0.3098859315589353612167300380,1.156982962862986453218876490,85.25000000000000336427756947,85.25000000000000336427756947,0.3798274686825853247137614759,-0.1853820438041018591220037918,306,0.3104575163398692810457516340,50.25000000000000288039400678,50.25000000000000288039400678,220,0.3090909090909090909090909091,35.00000000000000048388356267,35.00000000000000048388356267,run_cdc9354f49a74d72968e481c96b62e89,ema_pullback:8720e9c34911b8063540d3fd
w07-lb115-r3_0,lab_3d_w07_lb_ratio,7,115,3.0,9.0,3.0,9d57d0943ce3cef0eff1d6e0c5af111128daa903750274f404300d4a58cf9ffc,525,525,0.2895238095238095238095238095,1.143403404350439694682337609,83.00000000000000188912750572,83.00000000000000188912750572,0.3567768159518015919209275395,-0.1676617975100426825986784332,306,0.2908496732026143790849673203,50.00000000000000268241811532,50.00000000000000268241811532,219,0.2876712328767123287671232877,32.99999999999999920670939041,32.99999999999999920670939041,run_f485c080c50d4237bcca1f78ebdfe059,ema_pullback:1ae237be268e9f8e879e8b6c
w07-lb115-r3_25,lab_3d_w07_lb_ratio,7,115,3.25,9.75,3.0,9d57d0943ce3cef0eff1d6e0c5af111128daa903750274f404300d4a58cf9ffc,524,524,0.2786259541984732824427480916,1.169643442879740783358390937,96.5000000000000010406564853,96.5000000000000010406564853,0.4376337125445906610957422588,-0.1773337424948871906232601228,306,0.2810457516339869281045751634,59.50000000000000112934550052,59.50000000000000112934550052,218,0.2752293577981651376146788991,36.99999999999999991131098478,36.99999999999999991131098478,run_7cc82107cdcc4de0b0904c2fecc2ab48,ema_pullback:89e00fcc63e86fa751211823
w07-lb115-r3_5,lab_3d_w07_lb_ratio,7,115,3.5,10.5,3.0,9d57d0943ce3cef0eff1d6e0c5af111128daa903750274f404300d4a58cf9ffc,522,522,0.2624521072796934865900383142,1.182890303783727868286897218,94.5000000000000055275837952,94.5000000000000055275837952,0.4796768120240203624378683965,-0.1920515306792771762490454413,306,0.2614379084967320261437908497,54.00000000000000431901370977,54.00000000000000431901370977,216,0.2638888888888888888888888889,40.50000000000000120857008538,40.50000000000000120857008538,run_1da80c673ab440878938b4668c4675c8,ema_pullback:68dab3145e14fa6439546261
w07-lb115-r3_75,lab_3d_w07_lb_ratio,7,115,3.75,11.25,3.0,9d57d0943ce3cef0eff1d6e0c5af111128daa903750274f404300d4a58cf9ffc,522,522,0.2528735632183908045977011494,1.228157369615914424612796136,105.0000000000000024221070083,105.0000000000000024221070083,0.6459108377063498331618425127,-0.1942235818072587228167880075,306,0.2450980392156862745098039216,50.25000000000000229152877866,50.25000000000000229152877866,216,0.2638888888888888888888888889,54.75000000000000013057822952,54.75000000000000013057822952,run_c7f361e2806c4e7e982aef44078fe81c,ema_pullback:ff4d5e5544a6fdab696434e9
w07-lb115-r4_0,lab_3d_w07_lb_ratio,7,115,4.0,12.0,3.0,9d57d0943ce3cef0eff1d6e0c5af111128daa903750274f404300d4a58cf9ffc,522,522,0.2375478927203065134099616858,1.143638907528996646762182278,97.9999999999999977741389090,97.9999999999999977741389090,0.3549497941149670193277910272,-0.1810676658133745463485802364,306,0.2254901960784313725490196078,38.99999999999999866788611766,38.99999999999999866788611766,216,0.2546296296296296296296296296,58.99999999999999910625279123,58.99999999999999910625279123,run_b4e871c7dd2c46a9ac9e080c993fa9d7,ema_pullback:74b3e1f45ac9a3128686dd2b
w07-lb115-r4_25,lab_3d_w07_lb_ratio,7,115,4.25,12.75,3.0,9d57d0943ce3cef0eff1d6e0c5af111128daa903750274f404300d4a58cf9ffc,522,522,0.2318007662835249042145593870,1.189195411768272978261897127,113.2500000000000053687856718,113.2500000000000053687856718,0.5030044616849013334000119694,-0.1677190212914593040792410154,306,0.2189542483660130718954248366,45.75000000000000417152948229,45.75000000000000417152948229,216,0.25,67.50000000000000119725618924,67.50000000000000119725618924,run_fd42f1a0892d4abe8022bcbcbe622df4,ema_pullback:82a478362187b8990d4b8d33
w07-lb115-r4_5,lab_3d_w07_lb_ratio,7,115,4.5,13.5,3.0,9d57d0943ce3cef0eff1d6e0c5af111128daa903750274f404300d4a58cf9ffc,520,520,0.225,1.196912381411078242006340900,123.5000000000000023822826407,123.5000000000000023822826407,0.5173563251919320582984624295,-0.1499926080932193002537059443,304,0.2105263157894736842105263158,48.00000000000000205277070481,48.00000000000000205277070481,216,0.2453703703703703703703703704,75.50000000000000032951193601,75.50000000000000032951193601,run_9833fb74ef2c442fa6ac47c28af15148,ema_pullback:87052dfc0ae292c0aef5a48c
w07-lb115-r4_75,lab_3d_w07_lb_ratio,7,115,4.75,14.25,3.0,9d57d0943ce3cef0eff1d6e0c5af111128daa903750274f404300d4a58cf9ffc,519,519,0.2177263969171483622350674374,1.221528229304602797068743425,130.7500000000000022643868234,130.7500000000000022643868234,0.5988944977118742919382192492,-0.1592520345894179626523305032,304,0.2039473684210526315789473684,52.50000000000000102417647591,52.50000000000000102417647591,215,0.2372093023255813953488372093,78.25000000000000124021034775,78.25000000000000124021034775,run_b12c57690b204704b3ac5ae0b450a945,ema_pullback:fd8febb9a32d7240689bbcf2
w07-lb115-r5_0,lab_3d_w07_lb_ratio,7,115,5.0,15.0,3.0,9d57d0943ce3cef0eff1d6e0c5af111128daa903750274f404300d4a58cf9ffc,519,519,0.2119460500963391136801541426,1.223757466831265964824936116,141.0000000000000033405775197,141.0000000000000033405775197,0.6137412339564470939495083343,-0.1978455855350880247218274322,304,0.1973684210526315789473684211,56.00000000000000532252212183,56.00000000000000532252212183,215,0.2325581395348837209302325581,84.99999999999999801805539756,84.99999999999999801805539756,run_2f867416662f4ae3bc55df0227cce5ce,ema_pullback:28851610128597d0ce029832
w07-lb120-r2_0,lab_3d_w07_lb_ratio,7,120,2.0,6.0,3.0,9d57d0943ce3cef0eff1d6e0c5af111128daa903750274f404300d4a58cf9ffc,520,520,0.3730769230769230769230769231,1.161126167335546342001628935,61.99999999999999777277142763,61.99999999999999777277142763,0.3773476620340270551921907521,-0.1006553253942385804427427011,303,0.3960396039603960396039603960,56.99999999999999936884234607,56.99999999999999936884234607,217,0.3410138248847926267281105991,4.999999999999998403929081592,4.999999999999998403929081592,run_8c2d8cd3947846169db00e14d98de96a,ema_pullback:6bb9985096be93becfe3f694
w07-lb120-r2_25,lab_3d_w07_lb_ratio,7,120,2.25,6.75,3.0,9d57d0943ce3cef0eff1d6e0c5af111128daa903750274f404300d4a58cf9ffc,520,520,0.3365384615384615384615384615,1.070960238946764254669975962,48.75000000000000284098906586,48.75000000000000284098906586,0.1509348179527866925818763515,-0.1901326421042663420806210832,303,0.3498349834983498349834983498,41.50000000000000183907127266,41.50000000000000183907127266,217,0.3179723502304147465437788018,7.250000000000001001917793242,7.250000000000001001917793242,run_ff707c17066f4f66b08a677c9538bf61,ema_pullback:19476c230ffbd38fca8b2a34
w07-lb120-r2_5,lab_3d_w07_lb_ratio,7,120,2.5,7.5,3.0,9d57d0943ce3cef0eff1d6e0c5af111128daa903750274f404300d4a58cf9ffc,520,520,0.3192307692307692307692307692,1.112967040104890070390530783,61.00000000000000276538805678,61.00000000000000276538805678,0.2526182846199557440250715034,-0.1825757379701069675899009256,303,0.3267326732673267326732673267,43.50000000000000257913881641,43.50000000000000257913881641,217,0.3087557603686635944700460829,17.50000000000000018624924036,17.50000000000000018624924036,run_7db1e21546c2407eba4876e2208056f0,ema_pullback:d225d9836d7e0f2b0285c32a
w07-lb120-r2_75,lab_3d_w07_lb_ratio,7,120,2.75,8.25,3.0,9d57d0943ce3cef0eff1d6e0c5af111128daa903750274f404300d4a58cf9ffc,518,518,0.3108108108108108108108108108,1.172005057405290862289434484,85.75000000000000369307974203,85.75000000000000369307974203,0.411664458102695103477310607,-0.1813538318139780484379871996,302,0.3145695364238410596026490066,54.25000000000000288039400678,54.25000000000000288039400678,216,0.3055555555555555555555555556,31.50000000000000081268573524,31.50000000000000081268573524,run_700d0f719bee4405adf14fc758f6a483,ema_pullback:db5362da2241fb5262ae82c9
w07-lb120-r3_0,lab_3d_w07_lb_ratio,7,120,3.0,9.0,3.0,9d57d0943ce3cef0eff1d6e0c5af111128daa903750274f404300d4a58cf9ffc,517,517,0.2920696324951644100580270793,1.167749259298940109863059755,87.00000000000000188912750573,87.00000000000000188912750573,0.4126299978821748394502910256,-0.1734783200005433873183972477,302,0.2947019867549668874172185430,54.00000000000000268241811530,54.00000000000000268241811530,215,0.2883720930232558139534883721,32.99999999999999920670939040,32.99999999999999920670939040,run_f2ee5cec0a654cce84d83792ddfb74a0,ema_pullback:38c619e3e74c48d01fdde573
w07-lb120-r3_25,lab_3d_w07_lb_ratio,7,120,3.25,9.75,3.0,9d57d0943ce3cef0eff1d6e0c5af111128daa903750274f404300d4a58cf9ffc,516,516,0.2810077519379844961240310078,1.194241603006306041920762456,100.2500000000000009158339272,100.2500000000000009158339272,0.4953357758152601953002644021,-0.1838902411127620337401919477,302,0.2847682119205298013245033113,63.50000000000000112934550052,63.50000000000000112934550052,214,0.2757009345794392523364485981,36.74999999999999978648842668,36.74999999999999978648842668,run_56ee5f39dd0442e69fadabf0f2a77ac6,ema_pullback:f67294d27d9bbc1d5817c05e
w07-lb120-r3_5,lab_3d_w07_lb_ratio,7,120,3.5,10.5,3.0,9d57d0943ce3cef0eff1d6e0c5af111128daa903750274f404300d4a58cf9ffc,515,515,0.2640776699029126213592233010,1.191736415095585064948511598,97.0000000000000052779386790,97.0000000000000052779386790,0.4955119518881200520162007917,-0.1992822824217536923481280645,302,0.2649006622516556291390728477,58.00000000000000431901370976,58.00000000000000431901370976,213,0.2629107981220657276995305164,39.00000000000000095892496918,39.00000000000000095892496918,run_67219004e1584febbab23e0a1f8cc9dc,ema_pullback:78ba6a737b71590dfb855652
w07-lb120-r3_75,lab_3d_w07_lb_ratio,7,120,3.75,11.25,3.0,9d57d0943ce3cef0eff1d6e0c5af111128daa903750274f404300d4a58cf9ffc,515,515,0.2543689320388349514563106796,1.237476079492536145729568636,107.2500000000000022972844502,107.2500000000000022972844502,0.6618837372917018021671319306,-0.2014599360605164170118761161,302,0.2483443708609271523178807947,54.25000000000000229152877866,54.25000000000000229152877866,213,0.2629107981220657276995305164,53.00000000000000000575567142,53.00000000000000000575567142,run_9927cf9a696c4c4f93f88db1d96573dd,ema_pullback:8d21952149a2bb3df39335a8
w07-lb120-r4_0,lab_3d_w07_lb_ratio,7,120,4.0,12.0,3.0,9d57d0943ce3cef0eff1d6e0c5af111128daa903750274f404300d4a58cf9ffc,515,515,0.2388349514563106796116504854,1.150728115019783416840952933,99.9999999999999972748486765,99.9999999999999972748486765,0.366750596167606520824909191,-0.1884221680621659999965318512,302,0.2284768211920529801324503311,42.99999999999999866788611765,42.99999999999999866788611765,213,0.2535211267605633802816901408,56.99999999999999860696255878,56.99999999999999860696255878,run_3c6eab0d2ca2483a98667ae891d48652,ema_pullback:53432cbf628bd1a0f689bc09
w07-lb120-r4_25,lab_3d_w07_lb_ratio,7,120,4.25,12.75,3.0,9d57d0943ce3cef0eff1d6e0c5af111128daa903750274f404300d4a58cf9ffc,515,515,0.2330097087378640776699029126,1.196754931122523816513510000,115.0000000000000049943179974,115.0000000000000049943179974,0.5146018956545431311737802774,-0.1751934023532570236759943431,302,0.2218543046357615894039735099,49.75000000000000417152948228,49.75000000000000417152948228,213,0.2488262910798122065727699531,65.25000000000000082278851494,65.25000000000000082278851494,run_1514faa7f8544b8e9fe91e4b064ad972,ema_pullback:c01bb0067ab5877feda75494
w07-lb120-r4_5,lab_3d_w07_lb_ratio,7,120,4.5,13.5,3.0,9d57d0943ce3cef0eff1d6e0c5af111128daa903750274f404300d4a58cf9ffc,514,514,0.2256809338521400778210116732,1.201720328511816001876639897,124.0000000000000021326375246,124.0000000000000021326375246,0.520043895789394136527264327,-0.1617711486769441505156102228,301,0.2126245847176079734219269103,51.00000000000000205277070482,51.00000000000000205277070482,213,0.2441314553990610328638497653,73.00000000000000007986681980,73.00000000000000007986681980,run_db190ea43b264fbebcd6a5d30c42c54e,ema_pullback:df5c72758be6e44b2581ba47
w07-lb120-r4_75,lab_3d_w07_lb_ratio,7,120,4.75,14.25,3.0,9d57d0943ce3cef0eff1d6e0c5af111128daa903750274f404300d4a58cf9ffc,513,513,0.2183235867446393762183235867,1.226409214073431356095824864,131.0000000000000021395642656,131.0000000000000021395642656,0.6001524363917376422928968016,-0.1703128954189886675943165329,301,0.2059800664451827242524916944,55.50000000000000102417647592,55.50000000000000102417647592,212,0.2358490566037735849056603774,75.50000000000000111538778965,75.50000000000000111538778965,run_0d7ebd81e6054086bffe6edf47c0e5f8,ema_pullback:4f809fae778703cde2182d69
w07-lb120-r5_0,lab_3d_w07_lb_ratio,7,120,5.0,15.0,3.0,9d57d0943ce3cef0eff1d6e0c5af111128daa903750274f404300d4a58cf9ffc,513,513,0.2124756335282651072124756335,1.228219642521952111639603909,141.0000000000000033405775195,141.0000000000000033405775195,0.6134253027979654947376691902,-0.2089610280772926265655062223,301,0.1993355481727574750830564784,59.00000000000000532252212181,59.00000000000000532252212181,212,0.2311320754716981132075471698,81.99999999999999801805539757,81.99999999999999801805539757,run_df579cedf2a645769636c9d3c2e501d2,ema_pullback:62a12caae7c9d12c2aa46574
w07-lb125-r2_0,lab_3d_w07_lb_ratio,7,125,2.0,6.0,3.0,9d57d0943ce3cef0eff1d6e0c5af111128daa903750274f404300d4a58cf9ffc,505,505,0.3722772277227722772277227723,1.165299671741834299853189505,58.99999999999999794581327769,58.99999999999999794581327769,0.3775099755061374080351439842,-0.1179471664763088134360205819,296,0.3952702702702702702702702703,54.99999999999999959842858763,54.99999999999999959842858763,209,0.3397129186602870813397129187,3.999999999999998347384690067,3.999999999999998347384690067,run_d49466fa648b44cca1bec7060851b6a7,ema_pullback:995be364f77fb2f07cf05560
w07-lb125-r2_25,lab_3d_w07_lb_ratio,7,125,2.25,6.75,3.0,9d57d0943ce3cef0eff1d6e0c5af111128daa903750274f404300d4a58cf9ffc,505,505,0.3386138613861386138613861386,1.094579499903282557638995072,50.75000000000000382341416524,50.75000000000000382341416524,0.2014589210020243897152386304,-0.1803051924367449243351501167,296,0.3547297297297297297297297297,45.25000000000000206231300102,45.25000000000000206231300102,209,0.3157894736842105263157894737,5.500000000000001761101164282,5.500000000000001761101164282,run_23313d666a2d4a79b77fbbdb702f7a09,ema_pullback:e56b87b4b0be9ddc3518f79e
w07-lb125-r2_5,lab_3d_w07_lb_ratio,7,125,2.5,7.5,3.0,9d57d0943ce3cef0eff1d6e0c5af111128daa903750274f404300d4a58cf9ffc,505,505,0.3207920792079207920792079208,1.136467920823253451886938516,62.00000000000000295379732004,62.00000000000000295379732004,0.3056981202837807667799516032,-0.1703140559806100990085164022,296,0.3310810810810810810810810811,47.00000000000000289805557118,47.00000000000000289805557118,209,0.3062200956937799043062200957,15.00000000000000005574174884,15.00000000000000005574174884,run_274d94cd9fed4a5bbe80ac50f3561caf,ema_pullback:87f1a3dd78812d83a75f4420
w07-lb125-r2_75,lab_3d_w07_lb_ratio,7,125,2.75,8.25,3.0,9d57d0943ce3cef0eff1d6e0c5af111128daa903750274f404300d4a58cf9ffc,504,504,0.3115079365079365079365079365,1.192987031679112755947650926,84.75000000000000485311733961,84.75000000000000485311733961,0.462623980737690360288880133,-0.1690738207566966547561131699,295,0.3186440677966101694915254237,57.50000000000000329498578792,57.50000000000000329498578792,209,0.3014354066985645933014354067,27.25000000000000155813155163,27.25000000000000155813155163,run_6518e8d548a943548928c0b2b5600bf0,ema_pullback:8ad5a0779a32a2977856ae9f
w07-lb125-r3_0,lab_3d_w07_lb_ratio,7,125,3.0,9.0,3.0,9d57d0943ce3cef0eff1d6e0c5af111128daa903750274f404300d4a58cf9ffc,503,503,0.2922465208747514910536779324,1.187244833988534556115166108,85.00000000000000177071917360,85.00000000000000177071917360,0.4614904414451284761880271497,-0.1610801732017058784703334409,295,0.2983050847457627118644067797,57.00000000000000255485141342,57.00000000000000255485141342,208,0.2836538461538461538461538462,27.99999999999999921586776018,27.99999999999999921586776018,run_192fd44b0656418e8bed3225bed569cf,ema_pullback:1c05dff096fbf6be0ea8616c
w07-lb125-r3_25,lab_3d_w07_lb_ratio,7,125,3.25,9.75,3.0,9d57d0943ce3cef0eff1d6e0c5af111128daa903750274f404300d4a58cf9ffc,502,502,0.2808764940239043824701195219,1.213234593218256136015453323,97.2500000000000021004843854,97.2500000000000021004843854,0.5448022018880654918734095144,-0.1716482771818769870146666461,295,0.2881355932203389830508474576,66.25000000000000173528733454,66.25000000000000173528733454,207,0.2705314009661835748792270531,31.00000000000000036519705091,31.00000000000000036519705091,run_7a286032953c4128b9376041b8422156,ema_pullback:da619cb3f4e94e799bef9cfa
w07-lb125-r3_5,lab_3d_w07_lb_ratio,7,125,3.5,10.5,3.0,9d57d0943ce3cef0eff1d6e0c5af111128daa903750274f404300d4a58cf9ffc,501,501,0.2634730538922155688622754491,1.209642146606963658251826224,93.00000000000000578031577732,93.00000000000000578031577732,0.5427334650975548425125632166,-0.1872712050995330125299776211,295,0.2677966101694915254237288136,60.50000000000000438279706069,60.50000000000000438279706069,206,0.2572815533980582524271844660,32.50000000000000139751871662,32.50000000000000139751871662,run_f8707d7da0b54384a68a402b36059c3c,ema_pullback:19e313792534b96f404af469
w07-lb125-r3_75,lab_3d_w07_lb_ratio,7,125,3.75,11.25,3.0,9d57d0943ce3cef0eff1d6e0c5af111128daa903750274f404300d4a58cf9ffc,501,501,0.2554890219560878243512974052,1.259686249487349445488683548,107.0000000000000025045834015,107.0000000000000025045834015,0.7246304386097812264213652909,-0.1894815243902002591389492732,295,0.2542372881355932203389830508,61.25000000000000229152877864,61.25000000000000229152877864,206,0.2572815533980582524271844660,45.75000000000000021305462280,45.75000000000000021305462280,run_be3167576346431aa8b12ce1a0b45675,ema_pullback:38951eafabfe5f0026a78f85
w07-lb125-r4_0,lab_3d_w07_lb_ratio,7,125,4.0,12.0,3.0,9d57d0943ce3cef0eff1d6e0c5af111128daa903750274f404300d4a58cf9ffc,501,501,0.2395209580838323353293413174,1.171264772836981825231592084,98.9999999999999974042562478,98.9999999999999974042562478,0.4168414103742687738559711049,-0.1762481847988907311064785979,295,0.2338983050847457627118644068,49.99999999999999866788611767,49.99999999999999866788611767,206,0.2475728155339805825242718447,48.99999999999999873637012999,48.99999999999999873637012999,run_66fc28f1feae4396b88866bb5ff94bdd,ema_pullback:3a02abf5e0342af41501e6fe
w07-lb125-r4_25,lab_3d_w07_lb_ratio,7,125,4.25,12.75,3.0,9d57d0943ce3cef0eff1d6e0c5af111128daa903750274f404300d4a58cf9ffc,501,501,0.2335329341317365269461077844,1.217246655486430896973407336,113.2500000000000051260596759,113.2500000000000051260596759,0.5684374916812532005697171055,-0.1628209824570472272111508615,295,0.2271186440677966101694915254,56.75000000000000417152948233,56.75000000000000417152948233,206,0.2427184466019417475728155340,56.50000000000000095453019340,56.50000000000000095453019340,run_14425370f63c4070af55569ec917fd71,ema_pullback:52caab97ada64882c6a7810e
w07-lb125-r4_5,lab_3d_w07_lb_ratio,7,125,4.5,13.5,3.0,9d57d0943ce3cef0eff1d6e0c5af111128daa903750274f404300d4a58cf9ffc,500,500,0.226,1.221960330260575301499988197,121.5000000000000035032799559,121.5000000000000035032799559,0.5723954796258570554975787034,-0.1491973897530027731464293806,294,0.2176870748299319727891156463,58.00000000000000205277070482,58.00000000000000205277070482,206,0.2378640776699029126213592233,63.50000000000000145050925116,63.50000000000000145050925116,run_29739324420d414e8829e8fbe1498bf9,ema_pullback:a075ff32adc6899dd5bca50a
w07-lb125-r4_75,lab_3d_w07_lb_ratio,7,125,4.75,14.25,3.0,9d57d0943ce3cef0eff1d6e0c5af111128daa903750274f404300d4a58cf9ffc,499,499,0.2184368737474949899799599198,1.246523033234888440290444420,127.7500000000000027739192502,127.7500000000000027739192502,0.6534997758394945898111700413,-0.1578672660197639674377963979,294,0.2108843537414965986394557823,62.50000000000000102417647592,62.50000000000000102417647592,205,0.2292682926829268292682926829,65.25000000000000174974277436,65.25000000000000174974277436,run_b240445a486b4e16b9b7a54faa877db3,ema_pullback:da7ab6e9dd409303a0fa5a42
w07-lb125-r5_0,lab_3d_w07_lb_ratio,7,125,5.0,15.0,3.0,9d57d0943ce3cef0eff1d6e0c5af111128daa903750274f404300d4a58cf9ffc,499,499,0.2124248496993987975951903808,1.247637002041412669117374050,137.0000000000000032272868472,137.0000000000000032272868472,0.6654398854471528360430959875,-0.1970951357058962994431220817,294,0.2040816326530612244897959184,66.00000000000000532252212182,66.00000000000000532252212182,205,0.2243902439024390243902439024,70.99999999999999790476472534,70.99999999999999790476472534,run_fbd9cb8f543e4b8a99afe1c4e3e75270,ema_pullback:e5436978eca1a5b1501a5d2b
w07-lb130-r2_0,lab_3d_w07_lb_ratio,7,130,2.0,6.0,3.0,9d57d0943ce3cef0eff1d6e0c5af111128daa903750274f404300d4a58cf9ffc,495,495,0.3737373737373737373737373737,1.167329307627858713798672272,59.99999999999999780025385207,59.99999999999999780025385207,0.3760281369784356269616394633,-0.1235627287974228764344351254,293,0.3959044368600682593856655290,54.99999999999999959842858761,54.99999999999999959842858761,202,0.3415841584158415841584158416,4.999999999999998201825264465,4.999999999999998201825264465,run_ec797122633b4a0987b09bb15971ce1b,ema_pullback:cdb4294642c9eb8ccc6a6257
w07-lb130-r2_25,lab_3d_w07_lb_ratio,7,130,2.25,6.75,3.0,9d57d0943ce3cef0eff1d6e0c5af111128daa903750274f404300d4a58cf9ffc,495,495,0.3393939393939393939393939394,1.093745401624684802381523301,51.00000000000000428345002476,51.00000000000000428345002476,0.196290552740781626752767616,-0.1866858650441423589109927295,293,0.3549488054607508532423208191,45.00000000000000225509672342,45.00000000000000225509672342,202,0.3168316831683168316831683168,6.000000000000002028353301365,6.000000000000002028353301365,run_f47516130ab8486eab23870ef5edd45a,ema_pullback:c40f9e9c649adac15945317a
w07-lb130-r2_5,lab_3d_w07_lb_ratio,7,130,2.5,7.5,3.0,9d57d0943ce3cef0eff1d6e0c5af111128daa903750274f404300d4a58cf9ffc,495,495,0.3212121212121212121212121212,1.134630075524791608544668999,61.50000000000000285098282824,61.50000000000000285098282824,0.2958876314187453205295472842,-0.1779454253003860446444802072,293,0.3310580204778156996587030717,46.50000000000000284297450762,46.50000000000000284297450762,202,0.3069306930693069306930693069,15.00000000000000000800832062,15.00000000000000000800832062,run_d2dfff32f1b24f798f6a47ce666993e9,ema_pullback:578423d3f60cb754eca4403a
w07-lb130-r2_75,lab_3d_w07_lb_ratio,7,130,2.75,8.25,3.0,9d57d0943ce3cef0eff1d6e0c5af111128daa903750274f404300d4a58cf9ffc,495,495,0.3111111111111111111111111111,1.187618430906025587764509571,82.50000000000000518293328185,82.50000000000000518293328185,0.4395823475468709514168653093,-0.1820781113945555401296493639,293,0.3174061433447098976109215017,55.75000000000000343268844684,55.75000000000000343268844684,202,0.3019801980198019801980198020,26.75000000000000175024483501,26.75000000000000175024483501,run_a29d33c52e094b628df17965e19e43ad,ema_pullback:d96ebf304f9b54699afe647b
w07-lb130-r3_0,lab_3d_w07_lb_ratio,7,130,3.0,9.0,3.0,9d57d0943ce3cef0eff1d6e0c5af111128daa903750274f404300d4a58cf9ffc,495,495,0.2909090909090909090909090909,1.179654351098471799579670779,81.00000000000000193097386985,81.00000000000000193097386985,0.4320451603101858573928855392,-0.1753827993503527290669290024,293,0.2969283276450511945392491468,55.00000000000000266501354055,55.00000000000000266501354055,202,0.2821782178217821782178217822,25.99999999999999926596032931,25.99999999999999926596032931,run_12a917ad09d24d3a8e3ef2a19ae0ff44,ema_pullback:232d878fc3781e8be9c5cdf4
w07-lb130-r3_25,lab_3d_w07_lb_ratio,7,130,3.25,9.75,3.0,9d57d0943ce3cef0eff1d6e0c5af111128daa903750274f404300d4a58cf9ffc,494,494,0.2793522267206477732793522267,1.204488162605449240509952311,92.50000000000000215650610064,92.50000000000000215650610064,0.5088126381854015739341745519,-0.1869258947184083835521917614,293,0.2866894197952218430034129693,64.00000000000000203823318410,64.00000000000000203823318410,201,0.2686567164179104477611940299,28.50000000000000011827291658,28.50000000000000011827291658,run_452acf052dfe4b069464b1337eab9d17,ema_pullback:e7b2799ada356a5553af7712
w07-lb130-r3_5,lab_3d_w07_lb_ratio,7,130,3.5,10.5,3.0,9d57d0943ce3cef0eff1d6e0c5af111128daa903750274f404300d4a58cf9ffc,493,493,0.2636916835699797160243407708,1.205479350002491436482702761,92.00000000000000623280413655,92.00000000000000623280413655,0.5205785361059398519313282312,-0.2033908502562595913554831622,293,0.2662116040955631399317406143,58.00000000000000487852663269,58.00000000000000487852663269,200,0.26,34.00000000000000135427750383,34.00000000000000135427750383,run_c4b6812d57504c038d9b36e8fa457caf,ema_pullback:0e12bdf68f49af1724cdef55
w07-lb130-r3_75,lab_3d_w07_lb_ratio,7,130,3.75,11.25,3.0,9d57d0943ce3cef0eff1d6e0c5af111128daa903750274f404300d4a58cf9ffc,493,493,0.2555780933062880324543610548,1.255183309906125020966538423,105.5000000000000019442493705,105.5000000000000019442493705,0.6955646503697642271535419421,-0.2066812349116783802639247877,293,0.2525597269624573378839590444,58.50000000000000209874505621,58.50000000000000209874505621,200,0.26,46.99999999999999984550431423,46.99999999999999984550431423,run_2cdbb48967f64e71b2ec44295e5b0773,ema_pullback:5bfe1dc9313a009db8e8b5f8
w07-lb130-r4_0,lab_3d_w07_lb_ratio,7,130,4.0,12.0,3.0,9d57d0943ce3cef0eff1d6e0c5af111128daa903750274f404300d4a58cf9ffc,493,493,0.2393509127789046653144016227,1.163967356612254604603907027,96.9999999999999974042562477,96.9999999999999974042562477,0.3894448378816589833185418713,-0.1948677425278477393120660921,293,0.2320819112627986348122866894,46.99999999999999866788611767,46.99999999999999866788611767,200,0.25,49.99999999999999873637013002,49.99999999999999873637013002,run_3507f124b623472f87ff86bc6f3ff3b4,ema_pullback:5048d8460d81ba7c92887c11
w07-lb130-r4_25,lab_3d_w07_lb_ratio,7,130,4.25,12.75,3.0,9d57d0943ce3cef0eff1d6e0c5af111128daa903750274f404300d4a58cf9ffc,493,493,0.2332657200811359026369168357,1.209644686193603860336355864,110.7500000000000056863937069,110.7500000000000056863937069,0.534229928547143448178235419,-0.1828983676352089875382355822,293,0.2252559726962457337883959044,53.50000000000000436431320475,53.50000000000000436431320475,200,0.245,57.25000000000000132208050198,57.25000000000000132208050198,run_3326685adec34d76bf7d2ea343fddad8,ema_pullback:b50a3d07fc3ac26fcbaf48e7
w07-lb130-r4_5,lab_3d_w07_lb_ratio,7,130,4.5,13.5,3.0,9d57d0943ce3cef0eff1d6e0c5af111128daa903750274f404300d4a58cf9ffc,492,492,0.2256097560975609756097560976,1.213085237030252406094243385,118.5000000000000039320886136,118.5000000000000039320886136,0.5342268952844315608949019221,-0.1707713055040254174500091692,292,0.2157534246575342465753424658,54.50000000000000243833814968,54.50000000000000243833814968,200,0.24,64.00000000000000149375046389,64.00000000000000149375046389,run_8ba9f42a2f754d80b852f75aae79e22b,ema_pullback:057060ab3c8e2dd5fecf826b
w07-lb130-r4_75,lab_3d_w07_lb_ratio,7,130,4.75,14.25,3.0,9d57d0943ce3cef0eff1d6e0c5af111128daa903750274f404300d4a58cf9ffc,491,491,0.2179226069246435845213849287,1.236837328111993477928316284,124.2500000000000021899055177,124.2500000000000021899055177,0.6093033456793723158224880143,-0.1803759672450510285524757851,292,0.2089041095890410958904109589,58.75000000000000072123062637,58.75000000000000072123062637,199,0.2311557788944723618090452261,65.50000000000000146867489133,65.50000000000000146867489133,run_5b8c289ea1674b1499c9506127d8a242,ema_pullback:6afdb24d106f2a5f8e1195ef
w07-lb130-r5_0,lab_3d_w07_lb_ratio,7,130,5.0,15.0,3.0,9d57d0943ce3cef0eff1d6e0c5af111128daa903750274f404300d4a58cf9ffc,491,491,0.2118126272912423625254582485,1.236904034607821856657789853,133.0000000000000032036071457,133.0000000000000032036071457,0.6168513702887585637493952054,-0.2196530975559895820899948646,292,0.2020547945205479452054794521,62.00000000000000521235999473,62.00000000000000521235999473,199,0.2261306532663316582914572864,70.99999999999999799124715088,70.99999999999999799124715088,run_9a94d29a2baf4cc385ee113d13ef9171,ema_pullback:98bd960e4802fa2939640bcc
w07-lb135-r2_0,lab_3d_w07_lb_ratio,7,135,2.0,6.0,3.0,9d57d0943ce3cef0eff1d6e0c5af111128daa903750274f404300d4a58cf9ffc,485,485,0.3731958762886597938144329897,1.167074017505390995251249563,57.99999999999999789029635640,57.99999999999999789029635640,0.3631243238321671686716434494,-0.1235627287974228764344351298,288,0.3958333333333333333333333333,53.99999999999999947996395347,53.99999999999999947996395347,197,0.3401015228426395939086294416,3.999999999999998410332402926,3.999999999999998410332402926,run_827f9bd13cc048499e0a4dc4400f995e,ema_pullback:bd5e05352a97c1095c820032
w07-lb135-r2_25,lab_3d_w07_lb_ratio,7,135,2.25,6.75,3.0,9d57d0943ce3cef0eff1d6e0c5af111128daa903750274f404300d4a58cf9ffc,485,485,0.3402061855670103092783505155,1.094044630663541755325142138,51.25000000000000434013859728,51.25000000000000434013859728,0.1904628805970820593554417304,-0.1866858650441423589109927312,288,0.3541666666666666666666666667,43.50000000000000231178529594,43.50000000000000231178529594,197,0.3197969543147208121827411168,7.750000000000002028353301360,7.750000000000002028353301360,run_eba7c01a823a4780a295366e854d6f29,ema_pullback:a5e29945e195a104b17945cf
w07-lb135-r2_5,lab_3d_w07_lb_ratio,7,135,2.5,7.5,3.0,9d57d0943ce3cef0eff1d6e0c5af111128daa903750274f404300d4a58cf9ffc,485,485,0.3237113402061855670103092784,1.141075082995839215643153915,64.50000000000000332680704509,64.50000000000000332680704509,0.2999914631951319502109617604,-0.1779454253003860446444802073,288,0.3333333333333333333333333333,48.00000000000000291701490396,48.00000000000000291701490396,197,0.3096446700507614213197969543,16.50000000000000040979214114,16.50000000000000040979214114,run_29915cad8ad5460c985100d0622d92e5,ema_pullback:310b6408a9e77822ece8d0d2
w07-lb135-r2_75,lab_3d_w07_lb_ratio,7,135,2.75,8.25,3.0,9d57d0943ce3cef0eff1d6e0c5af111128daa903750274f404300d4a58cf9ffc,485,485,0.3134020618556701030927835052,1.194710988932214386321965812,85.00000000000000547300128113,85.00000000000000547300128113,0.4402941056843649841263964865,-0.1820781113945555401296493616,288,0.3194444444444444444444444444,57.00000000000000345490056572,57.00000000000000345490056572,197,0.3045685279187817258883248731,28.00000000000000201810071538,28.00000000000000201810071538,run_44606c4b00a143138c4007d0376e07b3,ema_pullback:7152a65aed0e575bef4643be
w07-lb135-r3_0,lab_3d_w07_lb_ratio,7,135,3.0,9.0,3.0,9d57d0943ce3cef0eff1d6e0c5af111128daa903750274f404300d4a58cf9ffc,485,485,0.2927835051546391752577319588,1.185170742932362696448352993,83.00000000000000173912406607,83.00000000000000173912406607,0.4289421817632877314123543781,-0.1753827993503527290669290065,288,0.2986111111111111111111111111,56.00000000000000233923579662,56.00000000000000233923579662,197,0.2842639593908629441624365482,26.99999999999999939988826949,26.99999999999999939988826949,run_767b48c6141242938bd470dc3497c56f,ema_pullback:b6f69efb300da266fab20134
w07-lb135-r3_25,lab_3d_w07_lb_ratio,7,135,3.25,9.75,3.0,9d57d0943ce3cef0eff1d6e0c5af111128daa903750274f404300d4a58cf9ffc,484,484,0.2809917355371900826446280992,1.209698180041656544277521143,94.00000000000000261077342538,94.00000000000000261077342538,0.5015447464367281950258878058,-0.1869258947184083835521917662,288,0.2881944444444444444444444444,64.75000000000000195678874811,64.75000000000000195678874811,196,0.2704081632653061224489795918,29.25000000000000065398467727,29.25000000000000065398467727,run_68c7c0dcbe8642f3b6616c656978621a,ema_pullback:2b211a58b2a3b0909a9c656c
w07-lb135-r3_5,lab_3d_w07_lb_ratio,7,135,3.5,10.5,3.0,9d57d0943ce3cef0eff1d6e0c5af111128daa903750274f404300d4a58cf9ffc,483,483,0.2650103519668737060041407867,1.209548062301596246260399048,93.00000000000000636738730352,93.00000000000000636738730352,0.5092409824637010728502168509,-0.2033908502562595913554831633,288,0.2673611111111111111111111111,58.50000000000000474525391928,58.50000000000000474525391928,195,0.2615384615384615384615384615,34.50000000000000162213338422,34.50000000000000162213338422,run_1c410e2720b5425a9ef954b5d1f37854,ema_pullback:e7a32e11759f53cc0e0003cd
w07-lb135-r3_75,lab_3d_w07_lb_ratio,7,135,3.75,11.25,3.0,9d57d0943ce3cef0eff1d6e0c5af111128daa903750274f404300d4a58cf9ffc,483,483,0.2567287784679089026915113872,1.260141672737133883600974775,106.0000000000000020270042600,106.0000000000000020270042600,0.6784661808085213401907803621,-0.2066812349116783802639247918,288,0.2534722222222222222222222222,58.75000000000000191364406537,58.75000000000000191364406537,195,0.2615384615384615384615384615,47.25000000000000011336019459,47.25000000000000011336019459,run_a1ea7a5ddb584c9fb954742898336e38,ema_pullback:8868cc1dc915f2cc2de75133
w07-lb135-r4_0,lab_3d_w07_lb_ratio,7,135,4.0,12.0,3.0,9d57d0943ce3cef0eff1d6e0c5af111128daa903750274f404300d4a58cf9ffc,483,483,0.2401656314699792960662525880,1.163821973049721620121023600,96.9999999999999977313444451,96.9999999999999977313444451,0.3717968220325590619686001064,-0.1948677425278477393120660930,288,0.2326388888888888888888888889,46.99999999999999872711843472,46.99999999999999872711843472,195,0.2512820512820512820512820513,49.99999999999999900422601035,49.99999999999999900422601035,run_df72c55d7d794ca1aeebe2c5156ec0f8,ema_pullback:3235317511cbb1646498ccca
w07-lb135-r4_25,lab_3d_w07_lb_ratio,7,135,4.25,12.75,3.0,9d57d0943ce3cef0eff1d6e0c5af111128daa903750274f404300d4a58cf9ffc,483,483,0.2339544513457556935817805383,1.210295510633219257118685424,110.2500000000000055315641012,110.2500000000000055315641012,0.5107440852845939904869713711,-0.1828983676352089875382355826,288,0.2256944444444444444444444444,53.25000000000000407555565905,53.25000000000000407555565905,195,0.2461538461538461538461538462,57.00000000000000145600844216,57.00000000000000145600844216,run_717966dee8dc4d85be280d28f0199ef1,ema_pullback:fbb844446a7d753704f5722f
w07-lb135-r4_5,lab_3d_w07_lb_ratio,7,135,4.5,13.5,3.0,9d57d0943ce3cef0eff1d6e0c5af111128daa903750274f404300d4a58cf9ffc,482,482,0.2261410788381742738589211618,1.212586986244111011308745280,117.5000000000000035915027904,117.5000000000000035915027904,0.506758797391150561441104476,-0.1707713055040254174500091689,287,0.2160278745644599303135888502,54.00000000000000209775232648,54.00000000000000209775232648,195,0.2410256410256410256410256410,63.50000000000000149375046391,63.50000000000000149375046391,run_dfc53bb4241447b3a9194c8dc5c2a722,ema_pullback:f6f47c3028ce5626387799e6
w07-lb135-r4_75,lab_3d_w07_lb_ratio,7,135,4.75,14.25,3.0,9d57d0943ce3cef0eff1d6e0c5af111128daa903750274f404300d4a58cf9ffc,482,482,0.2178423236514522821576763485,1.234001923576299627120358862,121.7500000000000023048974729,121.7500000000000023048974729,0.5709942680966504272034532077,-0.1803759672450510285524757852,287,0.2090592334494773519163763066,58.00000000000000003265494042,58.00000000000000003265494042,195,0.2307692307692307692307692308,63.75000000000000227224253241,63.75000000000000227224253241,run_75aa37e49eac4d7388271f82d8ec3394,ema_pullback:3210b1e024d1736aa1c57d9f
w07-lb135-r5_0,lab_3d_w07_lb_ratio,7,135,5.0,15.0,3.0,9d57d0943ce3cef0eff1d6e0c5af111128daa903750274f404300d4a58cf9ffc,482,482,0.2116182572614107883817427386,1.233030542030779572325136296,130.0000000000000037251660537,130.0000000000000037251660537,0.574214488404073687079383478,-0.2196530975559895820899948652,287,0.2020905923344947735191637631,61.00000000000000506427920203,61.00000000000000506427920203,195,0.2256410256410256410256410256,68.99999999999999866088685177,68.99999999999999866088685177,run_3a79a0d85a024c368fa54f988bf34bcb,ema_pullback:41c99210952ed6798e0b5cdf
w07-lb140-r2_0,lab_3d_w07_lb_ratio,7,140,2.0,6.0,3.0,9d57d0943ce3cef0eff1d6e0c5af111128daa903750274f404300d4a58cf9ffc,472,472,0.3686440677966101694915254237,1.154607815589553567916182932,49.99999999999999768397729386,49.99999999999999768397729386,0.3276395558734558786375021965,-0.1159553336424086751007789589,279,0.3906810035842293906810035842,47.99999999999999916829858462,47.99999999999999916829858462,193,0.3367875647668393782383419689,1.999999999999998515678709226,1.999999999999998515678709226,run_c67cf3e674ed4779ab6869da97d4dbe6,ema_pullback:4c9630aac6412dec3e49da5f
w07-lb140-r2_25,lab_3d_w07_lb_ratio,7,140,2.25,6.75,3.0,9d57d0943ce3cef0eff1d6e0c5af111128daa903750274f404300d4a58cf9ffc,472,472,0.3347457627118644067796610169,1.077287549493850734406502665,41.50000000000000391214432292,41.50000000000000391214432292,0.1521498863261606771213147522,-0.1796263729240980185150949924,279,0.3476702508960573476702508961,36.25000000000000245524066292,36.25000000000000245524066292,193,0.3160621761658031088082901554,5.250000000000001456903660036,5.250000000000001456903660036,run_6a22f3989d4e4b798d4d9836158282a4,ema_pullback:ae665f0b1fe77f079592560e
w07-lb140-r2_5,lab_3d_w07_lb_ratio,7,140,2.5,7.5,3.0,9d57d0943ce3cef0eff1d6e0c5af111128daa903750274f404300d4a58cf9ffc,472,472,0.3199152542372881355932203390,1.129137940690763804442394052,56.50000000000000302076643955,56.50000000000000302076643955,0.2692408362983645087372563348,-0.1708100669647617684737780678,279,0.3297491039426523297491039427,43.00000000000000282318431529,43.00000000000000282318431529,193,0.3056994818652849740932642487,13.50000000000000019758212426,13.50000000000000019758212426,run_99c0f7e93c024f65b649bdc0f3763913,ema_pullback:da2bf9f15267cadcd62452c9
w07-lb140-r2_75,lab_3d_w07_lb_ratio,7,140,2.75,8.25,3.0,9d57d0943ce3cef0eff1d6e0c5af111128daa903750274f404300d4a58cf9ffc,472,472,0.3093220338983050847457627119,1.180265990286269720556957718,75.50000000000000482686690623,75.50000000000000482686690623,0.3988590888128750899743840955,-0.1749786243953097837072416486,279,0.3154121863799283154121863799,51.00000000000000275533433553,51.00000000000000275533433553,193,0.3005181347150259067357512953,24.50000000000000207153257069,24.50000000000000207153257069,run_5897e1c897c5415fbd1fa9a7a995cc28,ema_pullback:54c8ccc36b77a8ab4a38ab9e
w07-lb140-r3_0,lab_3d_w07_lb_ratio,7,140,3.0,9.0,3.0,9d57d0943ce3cef0eff1d6e0c5af111128daa903750274f404300d4a58cf9ffc,472,472,0.2902542372881355932203389831,1.171797506385358052464545322,76.00000000000000181666869011,76.00000000000000181666869011,0.3910765831885251751965693495,-0.1647379203596769274541467137,279,0.2939068100358422939068100358,49.00000000000000233189641381,49.00000000000000233189641381,193,0.2849740932642487046632124352,26.99999999999999948477227626,26.99999999999999948477227626,run_9397dd1dac844d049eeca3bcc53bc67d,ema_pullback:61a58b2f2162375916edd157
w07-lb140-r3_25,lab_3d_w07_lb_ratio,7,140,3.25,9.75,3.0,9d57d0943ce3cef0eff1d6e0c5af111128daa903750274f404300d4a58cf9ffc,471,471,0.2802547770700636942675159236,1.197369911643117963039538568,90.00000000000000274976483074,90.00000000000000274976483074,0.4638282328444321870931185597,-0.1764300240836994231892003147,279,0.2867383512544802867383512545,61.00000000000000203211714841,61.00000000000000203211714841,192,0.2708333333333333333333333333,29.00000000000000071764768235,29.00000000000000071764768235,run_1eee8a2bc629436d833507a1fe22457d,ema_pullback:798d05ab2fe0e78559d548f1
w07-lb140-r3_5,lab_3d_w07_lb_ratio,7,140,3.5,10.5,3.0,9d57d0943ce3cef0eff1d6e0c5af111128daa903750274f404300d4a58cf9ffc,470,470,0.2659574468085106382978723404,1.201696306762783235499624176,92.50000000000000639970388932,92.50000000000000639970388932,0.4806867770903438638526722059,-0.1931075236470077823460008101,279,0.2688172043010752688172043011,58.50000000000000473512850170,58.50000000000000473512850170,191,0.2617801047120418848167539267,34.00000000000000166457538758,34.00000000000000166457538758,run_d45b04c53c3b458cb96b7a7cb33c28db,ema_pullback:ff701a32edac138d13333ea4
w07-lb140-r3_75,lab_3d_w07_lb_ratio,7,140,3.75,11.25,3.0,9d57d0943ce3cef0eff1d6e0c5af111128daa903750274f404300d4a58cf9ffc,470,470,0.2574468085106382978723404255,1.250841584393730287214036394,104.7500000000000017937835716,104.7500000000000017937835716,0.6404628208382511471759603823,-0.1964403834611573321844929300,279,0.2544802867383512544802867384,58.25000000000000165920237532,58.25000000000000165920237532,191,0.2617801047120418848167539267,46.50000000000000013458119628,46.50000000000000013458119628,run_3e05cd30f65741c8ad5da1a7d75a0433,ema_pullback:a1265f3f28ef4b9e733f6503
w07-lb140-r4_0,lab_3d_w07_lb_ratio,7,140,4.0,12.0,3.0,9d57d0943ce3cef0eff1d6e0c5af111128daa903750274f404300d4a58cf9ffc,470,470,0.2404255319148936170212765957,1.151376159048980767887948602,94.99999999999999757184206925,94.99999999999999757184206925,0.3356571536086840424357939825,-0.1844743922005338267330052955,279,0.2329749103942652329749103943,45.99999999999999856761605890,45.99999999999999856761605890,191,0.2513089005235602094240837696,48.99999999999999900422601037,48.99999999999999900422601037,run_4b127fd485dc4f4f9dc7ed384250e17f,ema_pullback:ae9befb118ce19ff11864004
w07-lb140-r4_25,lab_3d_w07_lb_ratio,7,140,4.25,12.75,3.0,9d57d0943ce3cef0eff1d6e0c5af111128daa903750274f404300d4a58cf9ffc,470,470,0.2340425531914893617021276596,1.196457873880643292269726247,107.5000000000000045972204107,107.5000000000000045972204107,0.4653781794633013903448122234,-0.1723505061635413130754603216,279,0.2258064516129032258064516129,51.75000000000000367173701071,51.75000000000000367173701071,191,0.2460732984293193717277486911,55.75000000000000092548339992,55.75000000000000092548339992,run_509ef2c86a7248e99877dae3bfd3476f,ema_pullback:37079541fcb15c0f4b28c8c7
w07-lb140-r4_5,lab_3d_w07_lb_ratio,7,140,4.5,13.5,3.0,9d57d0943ce3cef0eff1d6e0c5af111128daa903750274f404300d4a58cf9ffc,469,469,0.2281449893390191897654584222,1.208325494336713927911132976,119.5000000000000027207519948,119.5000000000000027207519948,0.4828844433509000157233530899,-0.1600668973234155138474899810,278,0.2194244604316546762589928058,57.50000000000000177874757488,57.50000000000000177874757488,191,0.2408376963350785340314136126,62.00000000000000094200442000,62.00000000000000094200442000,run_db0b2d3e7cea4766884a905a7c09bfa4,ema_pullback:89cd0d87dd9594d453aa7f6d
w07-lb140-r4_75,lab_3d_w07_lb_ratio,7,140,4.75,14.25,3.0,9d57d0943ce3cef0eff1d6e0c5af111128daa903750274f404300d4a58cf9ffc,469,469,0.2196162046908315565031982942,1.228634822138282349249898543,123.2500000000000010836552863,123.2500000000000010836552863,0.5415374252730357673046947759,-0.1697955444262539084362021485,278,0.2122302158273381294964028777,61.24999999999999955414781296,61.24999999999999955414781296,191,0.2303664921465968586387434555,62.00000000000000152950747329,62.00000000000000152950747329,run_cb85b7e2b2dd46648eff81d2d553d45c,ema_pullback:8dcd84d89dedf6f72871f34d
w07-lb140-r5_0,lab_3d_w07_lb_ratio,7,140,5.0,15.0,3.0,9d57d0943ce3cef0eff1d6e0c5af111128daa903750274f404300d4a58cf9ffc,469,469,0.2132196162046908315565031983,1.226185586829609070525876491,131.0000000000000033007460199,131.0000000000000033007460199,0.540143453193739834080719279,-0.2095796982372256399023972655,278,0.2050359712230215827338129496,64.00000000000000506427920205,64.00000000000000506427920205,191,0.2251308900523560209424083770,66.99999999999999823646681801,66.99999999999999823646681801,run_28189f5f4e834508947752dd3e2768bd,ema_pullback:a3c70c0858f0cb4783dca9e2
w08-lb070-r2_0,lab_3d_w08_lb_ratio,8,70,2.0,6.0,3.0,6670de45654fa7e35f39bd76b2749b344dca859e08d6768ea93df3fee5cf6b0c,496,496,0.3608870967741935483870967742,1.112630265720420734743743325,40.99999999999999805638086199,40.99999999999999805638086199,0.2061549916941164349541097494,-0.1184722797866899720705730261,309,0.3721682847896440129449838188,35.99999999999999984589195579,35.99999999999999984589195579,187,0.3422459893048128342245989305,4.999999999999998210488906229,4.999999999999998210488906229,run_42d1b910c0554b9ca6551f3493e649a3,ema_pullback:70a140ad019227afae2297d6
w08-lb070-r2_25,lab_3d_w08_lb_ratio,8,70,2.25,6.75,3.0,6670de45654fa7e35f39bd76b2749b344dca859e08d6768ea93df3fee5cf6b0c,494,494,0.3279352226720647773279352227,1.033581862596764808082475611,32.50000000000000224603342247,32.50000000000000224603342247,0.05836574178419300401702720472,-0.1644415357353331996352911565,308,0.3311688311688311688311688312,23.50000000000000102337346974,23.50000000000000102337346974,186,0.3225806451612903225806451613,9.000000000000001222659952771,9.000000000000001222659952771,run_71011fd59b4b4f6d83404c8ac4b89252,ema_pullback:e136bb250804f078f956180e
w08-lb070-r2_5,lab_3d_w08_lb_ratio,8,70,2.5,7.5,3.0,6670de45654fa7e35f39bd76b2749b344dca859e08d6768ea93df3fee5cf6b0c,493,493,0.3103448275862068965517241379,1.077968199993776519560215908,42.50000000000000250076148818,42.50000000000000250076148818,0.1414428988533283404249618202,-0.1483516524417455185095694485,307,0.3061889250814332247557003257,22.00000000000000112010805665,22.00000000000000112010805665,186,0.3172043010752688172043010753,20.50000000000000138065343150,20.50000000000000138065343150,run_37986e381c2642a98ba06074b4ed083a,ema_pullback:ae335524119af7d0b3ed1960
w08-lb070-r2_75,lab_3d_w08_lb_ratio,8,70,2.75,8.25,3.0,6670de45654fa7e35f39bd76b2749b344dca859e08d6768ea93df3fee5cf6b0c,490,490,0.3020408163265306122448979592,1.133774796961972047348802657,65.00000000000000559058468154,65.00000000000000559058468154,0.253963411038439771101122084,-0.1485215692928312924877136975,304,0.2960526315789473684210526316,33.50000000000000302550113834,33.50000000000000302550113834,186,0.3118279569892473118279569892,31.50000000000000256508354321,31.50000000000000256508354321,run_50f0a4fdfd86412792f81ad883f56b87,ema_pullback:734bc816a651b39a65b9d364
w08-lb070-r3_0,lab_3d_w08_lb_ratio,8,70,3.0,9.0,3.0,6670de45654fa7e35f39bd76b2749b344dca859e08d6768ea93df3fee5cf6b0c,487,487,0.2833675564681724845995893224,1.118366732852970793193134343,65.00000000000000351247752019,65.00000000000000351247752019,0.2288623232555563456203517831,-0.1335765412889594597352344317,302,0.2781456953642384105960264901,34.00000000000000194920114213,34.00000000000000194920114213,185,0.2918918918918918918918918919,31.00000000000000156327637804,31.00000000000000156327637804,run_0be4b7587a6440609742ae5c222a4a8d,ema_pullback:49fea8972638ebb753f60d99
w08-lb070-r3_25,lab_3d_w08_lb_ratio,8,70,3.25,9.75,3.0,6670de45654fa7e35f39bd76b2749b344dca859e08d6768ea93df3fee5cf6b0c,487,487,0.2751540041067761806981519507,1.161207786909861748214500511,82.50000000000000172898103355,82.50000000000000172898103355,0.3272038497611146200846065924,-0.1163694472547977146166740188,302,0.2682119205298013245033112583,42.25000000000000117844431069,42.25000000000000117844431069,185,0.2864864864864864864864864865,40.25000000000000055053672286,40.25000000000000055053672286,run_a08cd3e65df149e797bf03d0460ea334,ema_pullback:fd00545a2ed58715d48ca908
w08-lb070-r3_5,lab_3d_w08_lb_ratio,8,70,3.5,10.5,3.0,6670de45654fa7e35f39bd76b2749b344dca859e08d6768ea93df3fee5cf6b0c,485,485,0.2639175257731958762886597938,1.192788203634545961173987635,91.00000000000000692427777752,91.00000000000000692427777752,0.3994437265491064318928791867,-0.1212197542304574377942276920,301,0.2624584717607973421926910299,54.50000000000000451645793706,54.50000000000000451645793706,184,0.2663043478260869565217391304,36.50000000000000240781984050,36.50000000000000240781984050,run_8bf86647f2e24d41960e59bd06dac9ea,ema_pullback:21189b37d4b25a62175e0544
w08-lb070-r3_75,lab_3d_w08_lb_ratio,8,70,3.75,11.25,3.0,6670de45654fa7e35f39bd76b2749b344dca859e08d6768ea93df3fee5cf6b0c,484,484,0.2520661157024793388429752066,1.230112118133132176149359369,95.4999999999999999089243942,95.4999999999999999089243942,0.5108567370725372462167055266,-0.1044522771325203579720173896,300,0.2466666666666666666666666667,51.49999999999999951199135427,51.49999999999999951199135427,184,0.2608695652173913043478260870,44.00000000000000039693303995,44.00000000000000039693303995,run_a7b56531317540ce920c857b19b4f1c6,ema_pullback:fbfbd233459caf1a025a9f52
w08-lb070-r4_0,lab_3d_w08_lb_ratio,8,70,4.0,12.0,3.0,6670de45654fa7e35f39bd76b2749b344dca859e08d6768ea93df3fee5cf6b0c,482,482,0.2365145228215767634854771784,1.169565007557303516715238922,87.99999999999999853087120272,87.99999999999999853087120272,0.3476635870763325449594815825,-0.1244338395732562945759514539,298,0.2281879194630872483221476510,41.99999999999999896572623731,41.99999999999999896572623731,184,0.25,45.99999999999999956514496542,45.99999999999999956514496542,run_5d1fbce3e75d44d2b392efe9e5d855a1,ema_pullback:5361fde4b1c2fa6cda473d40
w08-lb070-r4_25,lab_3d_w08_lb_ratio,8,70,4.25,12.75,3.0,6670de45654fa7e35f39bd76b2749b344dca859e08d6768ea93df3fee5cf6b0c,482,482,0.2323651452282157676348547718,1.226468450852414916985066542,106.0000000000000029983316000,106.0000000000000029983316000,0.4946612561900747456209120696,-0.1159129549654922561240943577,298,0.2248322147651006711409395973,53.75000000000000248605281963,53.75000000000000248605281963,184,0.2445652173913043478260869565,52.25000000000000051227878029,52.25000000000000051227878029,run_99a4c383506b4c428011394ca4e49bb9,ema_pullback:59579871f4b3374773845a18
w08-lb070-r4_5,lab_3d_w08_lb_ratio,8,70,4.5,13.5,3.0,6670de45654fa7e35f39bd76b2749b344dca859e08d6768ea93df3fee5cf6b0c,481,481,0.2266112266112266112266112266,1.274840204218670498703524513,118.5000000000000022417190481,118.5000000000000022417190481,0.6415741264512156081049607716,-0.1159129549654922561240943590,297,0.2188552188552188552188552189,60.50000000000000029506902268,60.50000000000000029506902268,184,0.2391304347826086956521739130,58.00000000000000194665002556,58.00000000000000194665002556,run_075caa12c51b49c8a627c941bd38963a,ema_pullback:ac33a50affe0553b0e1db7f0
w08-lb070-r4_75,lab_3d_w08_lb_ratio,8,70,4.75,14.25,3.0,6670de45654fa7e35f39bd76b2749b344dca859e08d6768ea93df3fee5cf6b0c,481,481,0.2203742203742203742203742204,1.306154814204024533141622205,128.4999999999999987817543785,128.4999999999999987817543785,0.7384244814697333448254255971,-0.1159129549654922561240943580,297,0.2121212121212121212121212121,65.24999999999999880421778640,65.24999999999999880421778640,184,0.2336956521739130434782608696,63.24999999999999997753659246,63.24999999999999997753659246,run_be22e0310bb84655896839fce940a5d5,ema_pullback:4c52d6f7c6b408ff964787e8
w08-lb070-r5_0,lab_3d_w08_lb_ratio,8,70,5.0,15.0,3.0,6670de45654fa7e35f39bd76b2749b344dca859e08d6768ea93df3fee5cf6b0c,481,481,0.2141372141372141372141372141,1.315673858627239672234309353,137.0000000000000016741945697,137.0000000000000016741945697,0.7632995046778475562569924506,-0.1159129549654922561240943579,297,0.2053872053872053872053872054,69.00000000000000274140292319,69.00000000000000274140292319,184,0.2282608695652173913043478261,67.99999999999999893279164646,67.99999999999999893279164646,run_cadc074783e347879e90d5549caafa05,ema_pullback:a0f2eaf81f5e9eda12d97706
w08-lb075-r2_0,lab_3d_w08_lb_ratio,8,75,2.0,6.0,3.0,6670de45654fa7e35f39bd76b2749b344dca859e08d6768ea93df3fee5cf6b0c,486,486,0.3621399176954732510288065844,1.112085458834443627047420803,41.99999999999999803961945087,41.99999999999999803961945087,0.2005656697039997575902759477,-0.1102018666232846455131266660,299,0.3745819397993311036789297659,36.99999999999999982913054463,36.99999999999999982913054463,187,0.3422459893048128342245989305,4.999999999999998210488906222,4.999999999999998210488906222,run_388d2bc692cd44d898e21d5b2d6e7b9f,ema_pullback:62adde7413ff088f4969bc9b
w08-lb075-r2_25,lab_3d_w08_lb_ratio,8,75,2.25,6.75,3.0,6670de45654fa7e35f39bd76b2749b344dca859e08d6768ea93df3fee5cf6b0c,485,485,0.3319587628865979381443298969,1.054519415964156966923806231,38.25000000000000229279336607,38.25000000000000229279336607,0.09476652662124997695763026462,-0.1387030842452510809404681006,299,0.3377926421404682274247491639,29.25000000000000107013341331,29.25000000000000107013341331,186,0.3225806451612903225806451613,9.000000000000001222659952762,9.000000000000001222659952762,run_e9c9bda0252542039ee32429952811f6,ema_pullback:3507fd15921fb27badf90820
w08-lb075-r2_5,lab_3d_w08_lb_ratio,8,75,2.5,7.5,3.0,6670de45654fa7e35f39bd76b2749b344dca859e08d6768ea93df3fee5cf6b0c,484,484,0.3140495867768595041322314050,1.098960196418768092316006514,48.00000000000000243396156881,48.00000000000000243396156881,0.1796065296556785581775960608,-0.1307155449744003656501356830,298,0.3120805369127516778523489933,27.50000000000000105330813727,27.50000000000000105330813727,186,0.3172043010752688172043010753,20.50000000000000138065343148,20.50000000000000138065343148,run_06b0e001631940a49bf9450c68bd98fc,ema_pullback:1f3523e9423cc192af85e2c8
w08-lb075-r2_75,lab_3d_w08_lb_ratio,8,75,2.75,8.25,3.0,6670de45654fa7e35f39bd76b2749b344dca859e08d6768ea93df3fee5cf6b0c,481,481,0.3056133056133056133056133056,1.155129336105711019633094346,70.25000000000000567742457680,70.25000000000000567742457680,0.2946889936367394874960086352,-0.1308889804982515518976238346,295,0.3016949152542372881355932203,38.75000000000000311234103354,38.75000000000000311234103354,186,0.3118279569892473118279569892,31.50000000000000256508354325,31.50000000000000256508354325,run_30374d081b484e99979847d36c75b6bf,ema_pullback:8ca96d90ae44726fa0ea1826
w08-lb075-r3_0,lab_3d_w08_lb_ratio,8,75,3.0,9.0,3.0,6670de45654fa7e35f39bd76b2749b344dca859e08d6768ea93df3fee5cf6b0c,480,480,0.2854166666666666666666666667,1.131385579383377426253959972,68.00000000000000375295723005,68.00000000000000375295723005,0.2529736254319100994027058097,-0.1156344678100796212296094249,295,0.2813559322033898305084745763,37.00000000000000218968085197,37.00000000000000218968085197,185,0.2918918918918918918918918919,31.00000000000000156327637804,31.00000000000000156327637804,run_04ad98c0c1cc421ca2eea71c2398f886,ema_pullback:81d68d8b1dac674672d8e5f3
w08-lb075-r3_25,lab_3d_w08_lb_ratio,8,75,3.25,9.75,3.0,6670de45654fa7e35f39bd76b2749b344dca859e08d6768ea93df3fee5cf6b0c,480,480,0.2770833333333333333333333333,1.174190924396151753681700937,85.25000000000000158870120285,85.25000000000000158870120285,0.3519937736139557036952933926,-0.1108254644028716046710080179,295,0.2711864406779661016949152542,45.00000000000000103816447999,45.00000000000000103816447999,185,0.2864864864864864864864864865,40.25000000000000055053672284,40.25000000000000055053672284,run_ae57dfd6ebaf4282bbaaae636319287f,ema_pullback:00b826684ed06ef28d326311
w08-lb075-r3_5,lab_3d_w08_lb_ratio,8,75,3.5,10.5,3.0,6670de45654fa7e35f39bd76b2749b344dca859e08d6768ea93df3fee5cf6b0c,478,478,0.2656903765690376569037656904,1.205760098388891756225174235,93.50000000000000693763776146,93.50000000000000693763776146,0.4242663966891437574224030556,-0.1168921687948984866799393202,294,0.2653061224489795918367346939,57.00000000000000452981792097,57.00000000000000452981792097,184,0.2663043478260869565217391304,36.50000000000000240781984048,36.50000000000000240781984048,run_dfab1fd7546d4487b3be87e7d799b8c4,ema_pullback:f7b754a45e6ad9e3c65c258d
w08-lb075-r3_75,lab_3d_w08_lb_ratio,8,75,3.75,11.25,3.0,6670de45654fa7e35f39bd76b2749b344dca859e08d6768ea93df3fee5cf6b0c,477,477,0.2536687631027253668763102725,1.242749673373391152951054643,97.7500000000000000759241927,97.7500000000000000759241927,0.5362368335085029395129160938,-0.1044522771325203579720173896,293,0.2491467576791808873720136519,53.74999999999999967899115278,53.74999999999999967899115278,184,0.2608695652173913043478260870,44.00000000000000039693303993,44.00000000000000039693303993,run_3c0197b9ab3d452f8f00ce9d20eac59d,ema_pullback:b12474eee29c333ff5ee95bb
w08-lb075-r4_0,lab_3d_w08_lb_ratio,8,75,4.0,12.0,3.0,6670de45654fa7e35f39bd76b2749b344dca859e08d6768ea93df3fee5cf6b0c,475,475,0.2378947368421052631578947368,1.180926414970562033246836750,89.99999999999999858431113822,89.99999999999999858431113822,0.3690391009094619737799447791,-0.1160916453363607293934528448,291,0.2302405498281786941580756014,43.99999999999999901916617281,43.99999999999999901916617281,184,0.25,45.99999999999999956514496542,45.99999999999999956514496542,run_e7269b46c0804cde823450bc421b386f,ema_pullback:845b0d46d777fb9aa3d41371
w08-lb075-r4_25,lab_3d_w08_lb_ratio,8,75,4.25,12.75,3.0,6670de45654fa7e35f39bd76b2749b344dca859e08d6768ea93df3fee5cf6b0c,475,475,0.2336842105263157894736842105,1.237968503147987445264384820,107.7500000000000026710119948,107.7500000000000026710119948,0.516969935830235268196591945,-0.1159129549654922561240943577,291,0.2268041237113402061855670103,55.50000000000000215873321453,55.50000000000000215873321453,184,0.2445652173913043478260869565,52.25000000000000051227878027,52.25000000000000051227878027,run_cc0b6440345342849482274174a34dff,ema_pullback:2ad44378a24fc4aee46d4ebe
w08-lb075-r4_5,lab_3d_w08_lb_ratio,8,75,4.5,13.5,3.0,6670de45654fa7e35f39bd76b2749b344dca859e08d6768ea93df3fee5cf6b0c,474,474,0.2278481012658227848101265823,1.286309277820449049847305137,120.0000000000000026024386129,120.0000000000000026024386129,0.6645425531569076049651175786,-0.1159129549654922561240943590,290,0.2206896551724137931034482759,62.00000000000000065578858750,62.00000000000000065578858750,184,0.2391304347826086956521739130,58.00000000000000194665002555,58.00000000000000194665002555,run_cc786120e3434901b91338f2cf361490,ema_pullback:cb2c8fe0a790ad60c62c781f
w08-lb075-r4_75,lab_3d_w08_lb_ratio,8,75,4.75,14.25,3.0,6670de45654fa7e35f39bd76b2749b344dca859e08d6768ea93df3fee5cf6b0c,474,474,0.2215189873417721518987341772,1.317510018157644857401036680,129.7499999999999984945147251,129.7499999999999984945147251,0.7611275375086951690600230693,-0.1159129549654922561240943580,290,0.2137931034482758620689655172,66.49999999999999851697813295,66.49999999999999851697813295,184,0.2336956521739130434782608696,63.24999999999999997753659244,63.24999999999999997753659244,run_659ace84c1334e998d2ba3dc9f8ab375,ema_pullback:b9e528e7e8561bc1006de3fc
w08-lb075-r5_0,lab_3d_w08_lb_ratio,8,75,5.0,15.0,3.0,6670de45654fa7e35f39bd76b2749b344dca859e08d6768ea93df3fee5cf6b0c,474,474,0.2151898734177215189873417722,1.326684239946184992935464960,138.0000000000000015405947308,138.0000000000000015405947308,0.7846867768910639539665447705,-0.1159129549654922561240943579,290,0.2068965517241379310344827586,70.00000000000000260780308437,70.00000000000000260780308437,184,0.2282608695652173913043478261,67.99999999999999893279164646,67.99999999999999893279164646,run_741d3808dcdd44ce81450aee03daf333,ema_pullback:d2a2d4f321d10ff0dfa58152
w08-lb080-r2_0,lab_3d_w08_lb_ratio,8,80,2.0,6.0,3.0,6670de45654fa7e35f39bd76b2749b344dca859e08d6768ea93df3fee5cf6b0c,476,476,0.3655462184873949579831932773,1.114273706032407576053898777,45.99999999999999809392991587,45.99999999999999809392991587,0.2013937740359438822594775203,-0.1102018666232846455131266623,291,0.3814432989690721649484536082,41.99999999999999988344100965,41.99999999999999988344100965,185,0.3405405405405405405405405405,3.999999999999998210488906224,3.999999999999998210488906224,run_124ca5d3fc1a476e9fc46a3b9f85547c,ema_pullback:e19369ddd30443a52bd1033a
w08-lb080-r2_25,lab_3d_w08_lb_ratio,8,80,2.25,6.75,3.0,6670de45654fa7e35f39bd76b2749b344dca859e08d6768ea93df3fee5cf6b0c,476,476,0.3340336134453781512605042017,1.052452510502380543876288463,40.75000000000000265287424457,40.75000000000000265287424457,0.08963505224668272008795218234,-0.1387030842452510809404681022,291,0.3436426116838487972508591065,34.00000000000000124664242460,34.00000000000000124664242460,185,0.3189189189189189189189189189,6.750000000000001406231819940,6.750000000000001406231819940,run_430d1a8c8ac244d8aebd0b4523376fb6,ema_pullback:4aa6cafac8821be56c02e883
w08-lb080-r2_5,lab_3d_w08_lb_ratio,8,80,2.5,7.5,3.0,6670de45654fa7e35f39bd76b2749b344dca859e08d6768ea93df3fee5cf6b0c,476,476,0.3172268907563025210084033613,1.098524329839942610773347925,52.50000000000000243396156875,52.50000000000000243396156875,0.1758154370351758866089858737,-0.1307155449744003656501356826,291,0.3195876288659793814432989691,34.50000000000000105330813726,34.50000000000000105330813726,185,0.3135135135135135135135135135,18.00000000000000138065343150,18.00000000000000138065343150,run_747cb61e072b456da7753b100fba11ca,ema_pullback:a4f5fbac1c5ad83aa202956a
w08-lb080-r2_75,lab_3d_w08_lb_ratio,8,80,2.75,8.25,3.0,6670de45654fa7e35f39bd76b2749b344dca859e08d6768ea93df3fee5cf6b0c,473,473,0.3086680761099365750528541226,1.153975099887064507429976952,74.50000000000000567742457681,74.50000000000000567742457681,0.2871152442225931025896795829,-0.1308889804982515518976238322,288,0.3090277777777777777777777778,45.75000000000000311234103358,45.75000000000000311234103358,185,0.3081081081081081081081081081,28.75000000000000256508354322,28.75000000000000256508354322,run_f51c7ea41dcb4f05b856dacb7de86761,ema_pullback:62d0b34db9364f19d7987b21
w08-lb080-r3_0,lab_3d_w08_lb_ratio,8,80,3.0,9.0,3.0,6670de45654fa7e35f39bd76b2749b344dca859e08d6768ea93df3fee5cf6b0c,472,472,0.2881355932203389830508474576,1.128376494675856875745080390,72.00000000000000375295723001,72.00000000000000375295723001,0.2423584916842330140428777796,-0.1156344678100796212296094260,288,0.2881944444444444444444444444,44.00000000000000218968085197,44.00000000000000218968085197,184,0.2880434782608695652173913043,28.00000000000000156327637804,28.00000000000000156327637804,run_25ee945c67224296b48ce5b6a6d89267,ema_pullback:2753a11164746407e43e0bd0
w08-lb080-r3_25,lab_3d_w08_lb_ratio,8,80,3.25,9.75,3.0,6670de45654fa7e35f39bd76b2749b344dca859e08d6768ea93df3fee5cf6b0c,472,472,0.2796610169491525423728813559,1.170368450330170505311184756,89.00000000000000168048713641,89.00000000000000168048713641,0.337013343500757443242694064,-0.1268943621855428939023298267,288,0.2777777777777777777777777778,52.00000000000000103816447999,52.00000000000000103816447999,184,0.2826086956521739130434782609,37.00000000000000064232265645,37.00000000000000064232265645,run_23ad251592bc4648b6bd4bfe762e6d8a,ema_pullback:865a5cd62b9495d1205551d9
w08-lb080-r3_5,lab_3d_w08_lb_ratio,8,80,3.5,10.5,3.0,6670de45654fa7e35f39bd76b2749b344dca859e08d6768ea93df3fee5cf6b0c,471,471,0.2696390658174097664543524416,1.221938465408323163687799197,100.5000000000000069376377614,100.5000000000000069376377614,0.4583574806368017575539336891,-0.1119923293680534959096262549,287,0.2717770034843205574912891986,64.00000000000000452981792097,64.00000000000000452981792097,184,0.2663043478260869565217391304,36.50000000000000240781984050,36.50000000000000240781984050,run_387e91bdc1b14ac6b8b8379e2af75421,ema_pullback:79f393b464fd479fa82a27aa
w08-lb080-r3_75,lab_3d_w08_lb_ratio,8,80,3.75,11.25,3.0,6670de45654fa7e35f39bd76b2749b344dca859e08d6768ea93df3fee5cf6b0c,470,470,0.2574468085106382978723404255,1.258873689629032660502419747,104.7500000000000000759241927,104.7500000000000000759241927,0.5730080295265841244452085728,-0.1044522771325203579720173896,286,0.2552447552447552447552447552,60.74999999999999967899115278,60.74999999999999967899115278,184,0.2608695652173913043478260870,44.00000000000000039693303995,44.00000000000000039693303995,run_199f88f9fb5a40e2b65c98352cd6ce4c,ema_pullback:5bdeb029e7f596a8a6574bab
w08-lb080-r4_0,lab_3d_w08_lb_ratio,8,80,4.0,12.0,3.0,6670de45654fa7e35f39bd76b2749b344dca859e08d6768ea93df3fee5cf6b0c,468,468,0.2414529914529914529914529915,1.196631188495241071832697636,96.9999999999999985843111382,96.9999999999999985843111382,0.4018082703746861126006218167,-0.1160916453363607293934528448,284,0.2359154929577464788732394366,50.99999999999999901916617282,50.99999999999999901916617282,184,0.25,45.99999999999999956514496539,45.99999999999999956514496539,run_976047f15524462089685b22e3b268aa,ema_pullback:99cfe81259868b131efb39a3
w08-lb080-r4_25,lab_3d_w08_lb_ratio,8,80,4.25,12.75,3.0,6670de45654fa7e35f39bd76b2749b344dca859e08d6768ea93df3fee5cf6b0c,468,468,0.2371794871794871794871794872,1.254127230822890041293027884,114.7500000000000026710119949,114.7500000000000026710119949,0.5532799615028757203286992795,-0.1159129549654922561240943577,284,0.2323943661971830985915492958,62.50000000000000215873321454,62.50000000000000215873321454,184,0.2445652173913043478260869565,52.25000000000000051227878027,52.25000000000000051227878027,run_b80082e5e9964a21bcce40d9c6f4f4a4,ema_pullback:569c9160798bfa143a7ebd17
w08-lb080-r4_5,lab_3d_w08_lb_ratio,8,80,4.5,13.5,3.0,6670de45654fa7e35f39bd76b2749b344dca859e08d6768ea93df3fee5cf6b0c,467,467,0.2312633832976445396145610278,1.302702758544739792691808976,127.0000000000000026024386128,127.0000000000000026024386128,0.7043848607799992324551110347,-0.1159129549654922561240943590,283,0.2261484098939929328621908127,69.00000000000000065578858749,69.00000000000000065578858749,184,0.2391304347826086956521739130,58.00000000000000194665002554,58.00000000000000194665002554,run_dfb25efd4c3d4ae8814127c8883bf44c,ema_pullback:fe6a771463cd2dab69ffcfee
w08-lb080-r4_75,lab_3d_w08_lb_ratio,8,80,4.75,14.25,3.0,6670de45654fa7e35f39bd76b2749b344dca859e08d6768ea93df3fee5cf6b0c,467,467,0.2248394004282655246252676660,1.334189888758572181033138423,136.7499999999999984945147252,136.7499999999999984945147252,0.8032816927027708618356666535,-0.1159129549654922561240943580,283,0.2190812720848056537102473498,73.49999999999999851697813294,73.49999999999999851697813294,184,0.2336956521739130434782608696,63.24999999999999997753659245,63.24999999999999997753659245,run_b3614b4177e64c43823f194665fb6b3f,ema_pullback:099fe5bba5c3c04ebfaad2a0
w08-lb080-r5_0,lab_3d_w08_lb_ratio,8,80,5.0,15.0,3.0,6670de45654fa7e35f39bd76b2749b344dca859e08d6768ea93df3fee5cf6b0c,467,467,0.2184154175588865096359743041,1.343530914053233137492401136,145.0000000000000015405947308,145.0000000000000015405947308,0.8274048434498915878978755123,-0.1159129549654922561240943579,283,0.2120141342756183745583038869,77.00000000000000260780308437,77.00000000000000260780308437,184,0.2282608695652173913043478261,67.99999999999999893279164647,67.99999999999999893279164647,run_0459a1cf346f4daa853b90a9b01d7a46,ema_pullback:af9eba6e4d2a22de50979577
w08-lb085-r2_0,lab_3d_w08_lb_ratio,8,85,2.0,6.0,3.0,6670de45654fa7e35f39bd76b2749b344dca859e08d6768ea93df3fee5cf6b0c,471,471,0.3694267515923566878980891720,1.135734928338730266765692535,50.99999999999999809392991586,50.99999999999999809392991586,0.2387067972696415587979070618,-0.1102018666232846455131266623,288,0.3854166666666666666666666667,44.99999999999999988344100965,44.99999999999999988344100965,183,0.3442622950819672131147540984,5.999999999999998210488906220,5.999999999999998210488906220,run_84969562a8d94910a862abf027305168,ema_pullback:4c449b22fc96068c24031d01
w08-lb085-r2_25,lab_3d_w08_lb_ratio,8,85,2.25,6.75,3.0,6670de45654fa7e35f39bd76b2749b344dca859e08d6768ea93df3fee5cf6b0c,471,471,0.3375796178343949044585987261,1.072334431540450040888508020,45.75000000000000265287424453,45.75000000000000265287424453,0.1234770605035986917808548459,-0.1387030842452510809404681022,288,0.3472222222222222222222222222,37.00000000000000124664242457,37.00000000000000124664242457,183,0.3224043715846994535519125683,8.750000000000001406231819942,8.750000000000001406231819942,run_1ce29c4ef9254c59a091627de739db4d,ema_pullback:937b44a0240674775f0e0ae6
w08-lb085-r2_5,lab_3d_w08_lb_ratio,8,85,2.5,7.5,3.0,6670de45654fa7e35f39bd76b2749b344dca859e08d6768ea93df3fee5cf6b0c,471,471,0.3205944798301486199575371550,1.119045661720163578474015958,57.50000000000000243396156879,57.50000000000000243396156879,0.2123340453955695411711071705,-0.1250363147910573559340674502,288,0.3229166666666666666666666667,37.50000000000000105330813725,37.50000000000000105330813725,183,0.3169398907103825136612021858,20.00000000000000138065343151,20.00000000000000138065343151,run_40b5359f239647628d6104a55bc0cd72,ema_pullback:d8692cab22dedd16a147851c
w08-lb085-r2_75,lab_3d_w08_lb_ratio,8,85,2.75,8.25,3.0,6670de45654fa7e35f39bd76b2749b344dca859e08d6768ea93df3fee5cf6b0c,469,469,0.3113006396588486140724946695,1.172389254131585311169439969,78.50000000000000567742457677,78.50000000000000567742457677,0.322149512219808361918437186,-0.1252108834080591502372771779,286,0.3111888111888111888111888112,47.75000000000000311234103355,47.75000000000000311234103355,183,0.3114754098360655737704918033,30.75000000000000256508354323,30.75000000000000256508354323,run_acc38d307c28472283f1ec47acf0de68,ema_pullback:2da9b724790cdd46d5948adc
w08-lb085-r3_0,lab_3d_w08_lb_ratio,8,85,3.0,9.0,3.0,6670de45654fa7e35f39bd76b2749b344dca859e08d6768ea93df3fee5cf6b0c,468,468,0.2905982905982905982905982906,1.145873859130252537599877357,76.00000000000000375295723003,76.00000000000000375295723003,0.2761745159615076997952928131,-0.1098567095693972989220591229,286,0.2902097902097902097902097902,46.00000000000000218968085197,46.00000000000000218968085197,182,0.2912087912087912087912087912,30.00000000000000156327637804,30.00000000000000156327637804,run_6e2193adb0104b4c95957d6c9ca85efa,ema_pullback:0775af97ca5b6a5479643e3b
w08-lb085-r3_25,lab_3d_w08_lb_ratio,8,85,3.25,9.75,3.0,6670de45654fa7e35f39bd76b2749b344dca859e08d6768ea93df3fee5cf6b0c,468,468,0.2820512820512820512820512821,1.188183304165004746248367944,93.00000000000000168048713641,93.00000000000000168048713641,0.3734057986459453977816707284,-0.1035593825117087447969801014,286,0.2797202797202797202797202797,54.00000000000000103816447997,54.00000000000000103816447997,182,0.2857142857142857142857142857,39.00000000000000064232265646,39.00000000000000064232265646,run_b953b54dafb943499488db10613981a5,ema_pullback:567bb357062d8236ae5fc995
w08-lb085-r3_5,lab_3d_w08_lb_ratio,8,85,3.5,10.5,3.0,6670de45654fa7e35f39bd76b2749b344dca859e08d6768ea93df3fee5cf6b0c,467,467,0.2719486081370449678800856531,1.240288321962581493581712135,104.5000000000000069376377615,104.5000000000000069376377615,0.4980528280749659391467044045,-0.1060407864371384918427286784,285,0.2736842105263157894736842105,66.00000000000000452981792095,66.00000000000000452981792095,182,0.2692307692307692307692307692,38.50000000000000240781984049,38.50000000000000240781984049,run_1619967df2b641719bd12de19d30d2f2,ema_pullback:9b8be54090a5f6ebdb758f7f
w08-lb085-r3_75,lab_3d_w08_lb_ratio,8,85,3.75,11.25,3.0,6670de45654fa7e35f39bd76b2749b344dca859e08d6768ea93df3fee5cf6b0c,466,466,0.2596566523605150214592274678,1.277046813359951898010521988,108.7500000000000000759241928,108.7500000000000000759241928,0.6158240750326656960302046108,-0.1044522771325203579720173896,284,0.2570422535211267605633802817,62.74999999999999967899115278,62.74999999999999967899115278,182,0.2637362637362637362637362637,46.00000000000000039693303994,46.00000000000000039693303994,run_7bf0cf5ac19f4de8a1b0a13c2bdfdab9,ema_pullback:2cdcea049c7b56f6818a73be
w08-lb085-r4_0,lab_3d_w08_lb_ratio,8,85,4.0,12.0,3.0,6670de45654fa7e35f39bd76b2749b344dca859e08d6768ea93df3fee5cf6b0c,464,464,0.2435344827586206896551724138,1.214387101768608163854335360,100.9999999999999985843111382,100.9999999999999985843111382,0.4399643926376015625738322321,-0.1160916453363607293934528448,282,0.2375886524822695035460992908,52.99999999999999901916617281,52.99999999999999901916617281,182,0.2527472527472527472527472527,47.99999999999999956514496540,47.99999999999999956514496540,run_880f2d31ca5e4f7798c981e659ddab1f,ema_pullback:7ac1797755073633ce480b51
w08-lb085-r4_25,lab_3d_w08_lb_ratio,8,85,4.25,12.75,3.0,6670de45654fa7e35f39bd76b2749b344dca859e08d6768ea93df3fee5cf6b0c,464,464,0.2392241379310344827586206897,1.272213518915169387927972550,118.7500000000000026710119950,118.7500000000000026710119950,0.5955590244618914718937037388,-0.1159129549654922561240943577,282,0.2340425531914893617021276596,64.50000000000000215873321452,64.50000000000000215873321452,182,0.2472527472527472527472527473,54.25000000000000051227878029,54.25000000000000051227878029,run_29c7ebbd055b4a9a938a91ba7a5d63cf,ema_pullback:96c89eeac675eeaca8e70521
w08-lb085-r4_5,lab_3d_w08_lb_ratio,8,85,4.5,13.5,3.0,6670de45654fa7e35f39bd76b2749b344dca859e08d6768ea93df3fee5cf6b0c,463,463,0.2332613390928725701943844492,1.320856992089688865284331857,131.0000000000000026024386128,131.0000000000000026024386128,0.7507768806484519509518875617,-0.1159129549654922561240943590,281,0.2277580071174377224199288256,71.00000000000000065578858748,71.00000000000000065578858748,182,0.2417582417582417582417582418,60.00000000000000194665002554,60.00000000000000194665002554,run_3fc4f719e874483aa23fcd120600b48e,ema_pullback:7677d9a7acd8fc43051fb65d
w08-lb085-r4_75,lab_3d_w08_lb_ratio,8,85,4.75,14.25,3.0,6670de45654fa7e35f39bd76b2749b344dca859e08d6768ea93df3fee5cf6b0c,463,463,0.2267818574514038876889848812,1.352543892694747584459556165,140.7499999999999984945147251,140.7499999999999984945147251,0.8523656068124036944616913595,-0.1159129549654922561240943580,281,0.2206405693950177935943060498,75.49999999999999851697813294,75.49999999999999851697813294,182,0.2362637362637362637362637363,65.24999999999999997753659248,65.24999999999999997753659248,run_aefcbe441c444e848c9e0a0e215c1ef2,ema_pullback:44682d11afb2b0ddd63fb274
w08-lb085-r5_0,lab_3d_w08_lb_ratio,8,85,5.0,15.0,3.0,6670de45654fa7e35f39bd76b2749b344dca859e08d6768ea93df3fee5cf6b0c,463,463,0.2203023758099352051835853132,1.362007762605223405244886518,149.0000000000000015405947309,149.0000000000000015405947309,0.8771453708130814527836340876,-0.1159129549654922561240943579,281,0.2135231316725978647686832740,79.00000000000000260780308439,79.00000000000000260780308439,182,0.2307692307692307692307692308,69.99999999999999893279164647,69.99999999999999893279164647,run_7739aecf5fcd45f4a70ec6aa9db2722c,ema_pullback:6a888ec3445edd2e1ece27bc
w08-lb090-r2_0,lab_3d_w08_lb_ratio,8,90,2.0,6.0,3.0,6670de45654fa7e35f39bd76b2749b344dca859e08d6768ea93df3fee5cf6b0c,464,464,0.3685344827586206896551724138,1.142228966234015615358628739,48.99999999999999799827041929,48.99999999999999799827041929,0.2472204729722204352232936409,-0.1053505250638645615867704987,281,0.3843416370106761565836298932,42.99999999999999978778151307,42.99999999999999978778151307,183,0.3442622950819672131147540984,5.999999999999998210488906219,5.999999999999998210488906219,run_bf4d8d679d1f460794e0bac5175279bc,ema_pullback:7848546f783dd65814651668
w08-lb090-r2_25,lab_3d_w08_lb_ratio,8,90,2.25,6.75,3.0,6670de45654fa7e35f39bd76b2749b344dca859e08d6768ea93df3fee5cf6b0c,464,464,0.3362068965517241379310344828,1.076192566404109094314483338,43.00000000000000340830137176,43.00000000000000340830137176,0.1284571079717133166924299109,-0.1304147586712609999781913076,281,0.3451957295373665480427046263,34.25000000000000200206955185,34.25000000000000200206955185,183,0.3224043715846994535519125683,8.750000000000001406231819942,8.750000000000001406231819942,run_00837f5563694af199765408f84411f7,ema_pullback:2d22bc9df9749a7839bbe64f
w08-lb090-r2_5,lab_3d_w08_lb_ratio,8,90,2.5,7.5,3.0,6670de45654fa7e35f39bd76b2749b344dca859e08d6768ea93df3fee5cf6b0c,464,464,0.3189655172413793103448275862,1.122008934761795822306143521,54.00000000000000256561640377,54.00000000000000256561640377,0.2147591840500297622612072448,-0.1166164728575993457488326978,281,0.3202846975088967971530249110,34.00000000000000118496297225,34.00000000000000118496297225,183,0.3169398907103825136612021858,20.00000000000000138065343150,20.00000000000000138065343150,run_a4c90580c1104277a8f480ad574bf00d,ema_pullback:9fd8400a976a5fc886ff67db
w08-lb090-r2_75,lab_3d_w08_lb_ratio,8,90,2.75,8.25,3.0,6670de45654fa7e35f39bd76b2749b344dca859e08d6768ea93df3fee5cf6b0c,463,463,0.3088552915766738660907127430,1.168664774285366310281557751,73.25000000000000540029493235,73.25000000000000540029493235,0.3111249654155804591822927389,-0.1167927213616485053133487930,280,0.3071428571428571428571428571,42.50000000000000283521138912,42.50000000000000283521138912,183,0.3114754098360655737704918033,30.75000000000000256508354320,30.75000000000000256508354320,run_914edb6ce62b459b96d494aa4e00f9e4,ema_pullback:858f1fd55966754c7bc9d1fb
w08-lb090-r3_0,lab_3d_w08_lb_ratio,8,90,3.0,9.0,3.0,6670de45654fa7e35f39bd76b2749b344dca859e08d6768ea93df3fee5cf6b0c,462,462,0.2878787878787878787878787879,1.140601911918872034187791079,70.00000000000000408776546805,70.00000000000000408776546805,0.2624739779595180954206091871,-0.1173757202428056340293672006,280,0.2857142857142857142857142857,40.00000000000000252448908994,40.00000000000000252448908994,182,0.2912087912087912087912087912,30.00000000000000156327637804,30.00000000000000156327637804,run_db9cd9a54e3849cea9adbd4416279161,ema_pullback:0a0804f2e5fe4816327a1371
w08-lb090-r3_25,lab_3d_w08_lb_ratio,8,90,3.25,9.75,3.0,6670de45654fa7e35f39bd76b2749b344dca859e08d6768ea93df3fee5cf6b0c,462,462,0.2792207792207792207792207792,1.181842027944350252439002827,86.25000000000000208112279191,86.25000000000000208112279191,0.3553797552979112720339439393,-0.1149080033136588146269375037,280,0.275,47.25000000000000143880013543,47.25000000000000143880013543,182,0.2857142857142857142857142857,39.00000000000000064232265646,39.00000000000000064232265646,run_eddd3c99fb3147aca301b5a6c67afe31,ema_pullback:7c5bd06675aa8808f6f5c6a6
w08-lb090-r3_5,lab_3d_w08_lb_ratio,8,90,3.5,10.5,3.0,6670de45654fa7e35f39bd76b2749b344dca859e08d6768ea93df3fee5cf6b0c,461,461,0.2689804772234273318872017354,1.232826589980414639770299608,97.0000000000000072606115896,97.0000000000000072606115896,0.4748229817522831047541622427,-0.1183143777645855937981513010,279,0.2688172043010752688172043011,58.50000000000000485279174907,58.50000000000000485279174907,182,0.2692307692307692307692307692,38.50000000000000240781984049,38.50000000000000240781984049,run_3c077d10cca84f32a5e7e8489779008a,ema_pullback:048c9ec05059e3bd96d78f98
w08-lb090-r3_75,lab_3d_w08_lb_ratio,8,90,3.75,11.25,3.0,6670de45654fa7e35f39bd76b2749b344dca859e08d6768ea93df3fee5cf6b0c,460,460,0.2586956521739130434782608696,1.282701616005738943762444807,105.2500000000000011172853859,105.2500000000000011172853859,0.6158996934439095056885333502,-0.1136752278507572012591577478,278,0.2553956834532374100719424460,59.25000000000000072035234607,59.25000000000000072035234607,182,0.2637362637362637362637362637,46.00000000000000039693303994,46.00000000000000039693303994,run_d877094354c34359a04988f05c76e544,ema_pullback:2a2059a97e8f458869b24f66
w08-lb090-r4_0,lab_3d_w08_lb_ratio,8,90,4.0,12.0,3.0,6670de45654fa7e35f39bd76b2749b344dca859e08d6768ea93df3fee5cf6b0c,458,458,0.2423580786026200873362445415,1.217957888482852854717679572,96.9999999999999983929921451,96.9999999999999983929921451,0.4379178815359773803626613916,-0.1260258729126378818252487770,276,0.2355072463768115942028985507,48.99999999999999882784717967,48.99999999999999882784717967,182,0.2527472527472527472527472527,47.99999999999999956514496540,47.99999999999999956514496540,run_f7e69d8460f54db699d7c230534a4898,ema_pullback:0bfea09d36cae782d182a7e5
w08-lb090-r4_25,lab_3d_w08_lb_ratio,8,90,4.25,12.75,3.0,6670de45654fa7e35f39bd76b2749b344dca859e08d6768ea93df3fee5cf6b0c,458,458,0.2379912663755458515283842795,1.276218733267110255848787746,114.2500000000000041567641800,114.2500000000000041567641800,0.5909543647602657695848470649,-0.1253066852002076417575770852,276,0.2318840579710144927536231884,60.00000000000000364448539960,60.00000000000000364448539960,182,0.2472527472527472527472527473,54.25000000000000051227878027,54.25000000000000051227878027,run_39bcd4003191430f91d57b82a1d186ea,ema_pullback:ca1e1ca2d24e01f040403105
w08-lb090-r4_5,lab_3d_w08_lb_ratio,8,90,4.5,13.5,3.0,6670de45654fa7e35f39bd76b2749b344dca859e08d6768ea93df3fee5cf6b0c,457,457,0.2319474835886214442013129103,1.325176638668063972254132450,126.0000000000000035929400695,126.0000000000000035929400695,0.7431657126994077636602726134,-0.1245874974877774016899053948,275,0.2254545454545454545454545455,66.00000000000000164629004418,66.00000000000000164629004418,182,0.2417582417582417582417582418,60.00000000000000194665002555,60.00000000000000194665002555,run_d81aa7aac6bc401bbf1cdd25ce4e74ed,ema_pullback:f4b43f18d0ac292e32a11f3f
w08-lb090-r4_75,lab_3d_w08_lb_ratio,8,90,4.75,14.25,3.0,6670de45654fa7e35f39bd76b2749b344dca859e08d6768ea93df3fee5cf6b0c,457,457,0.2253829321663019693654266958,1.356883992015898587563526083,135.2499999999999985114679706,135.2499999999999985114679706,0.8416118966949506873122757359,-0.1238683097753471607597665794,275,0.2181818181818181818181818182,69.99999999999999853393137844,69.99999999999999853393137844,182,0.2362637362637362637362637363,65.24999999999999997753659248,65.24999999999999997753659248,run_ea7483b8d68b405aaa34b513159929bb,ema_pullback:63d4d4b2b25d94ca9cb84abc
w08-lb090-r5_0,lab_3d_w08_lb_ratio,8,90,5.0,15.0,3.0,6670de45654fa7e35f39bd76b2749b344dca859e08d6768ea93df3fee5cf6b0c,457,457,0.2188183807439824945295404814,1.365912171157590721162759273,143.0000000000000012814627557,143.0000000000000012814627557,0.8635169488727000064529821042,-0.1231491220629169224170291349,275,0.2109090909090909090909090909,73.00000000000000234867110917,73.00000000000000234867110917,182,0.2307692307692307692307692308,69.99999999999999893279164646,69.99999999999999893279164646,run_d798aed2d23b4a858b75bbdffceb836a,ema_pullback:ef70dd033cdff94f3a56878d
w08-lb095-r2_0,lab_3d_w08_lb_ratio,8,95,2.0,6.0,3.0,6670de45654fa7e35f39bd76b2749b344dca859e08d6768ea93df3fee5cf6b0c,458,458,0.3711790393013100436681222707,1.158946744251753463740701035,51.99999999999999791289925227,51.99999999999999791289925227,0.2773877160531957115855938774,-0.1053505250638645615867704982,276,0.3876811594202898550724637681,44.99999999999999970241034605,44.99999999999999970241034605,182,0.3461538461538461538461538462,6.999999999999998210488906230,6.999999999999998210488906230,run_3f82c8b7a0a04b4a94934caf3f2e2474,ema_pullback:b1ecff16896686065139c2aa
w08-lb095-r2_25,lab_3d_w08_lb_ratio,8,95,2.25,6.75,3.0,6670de45654fa7e35f39bd76b2749b344dca859e08d6768ea93df3fee5cf6b0c,458,458,0.3406113537117903930131004367,1.094218205873527578011713723,49.00000000000000340830137180,49.00000000000000340830137180,0.15981790483349038176889568,-0.1304147586712609999781913085,276,0.3514492753623188405797101449,39.25000000000000200206955185,39.25000000000000200206955185,182,0.3241758241758241758241758242,9.750000000000001406231819952,9.750000000000001406231819952,run_0e87d255711243bb8e96da922dcbedb6,ema_pullback:dcc7d18ecfa8c80124152fb1
w08-lb095-r2_5,lab_3d_w08_lb_ratio,8,95,2.5,7.5,3.0,6670de45654fa7e35f39bd76b2749b344dca859e08d6768ea93df3fee5cf6b0c,458,458,0.3231441048034934497816593886,1.140215115243431624964173178,60.00000000000000256561640377,60.00000000000000256561640377,0.2485183900826315592479637811,-0.1166164728575993457488326967,276,0.3260869565217391304347826087,39.00000000000000118496297223,39.00000000000000118496297223,182,0.3186813186813186813186813187,21.00000000000000138065343152,21.00000000000000138065343152,run_b1651b0010574e20969ed354c2d9284b,ema_pullback:05eede52e38c93366557ddd8
w08-lb095-r2_75,lab_3d_w08_lb_ratio,8,95,2.75,8.25,3.0,6670de45654fa7e35f39bd76b2749b344dca859e08d6768ea93df3fee5cf6b0c,457,457,0.3129102844638949671772428884,1.186990340757778144250858717,79.25000000000000540029493236,79.25000000000000540029493236,0.3475622596736739523109542647,-0.1167927213616485053133487924,275,0.3127272727272727272727272727,47.50000000000000283521138915,47.50000000000000283521138915,182,0.3131868131868131868131868132,31.75000000000000256508354320,31.75000000000000256508354320,run_7454fa5eb71e4aa1bc75f9cdcb248061,ema_pullback:d343d82027954b46809d1528
w08-lb095-r3_0,lab_3d_w08_lb_ratio,8,95,3.0,9.0,3.0,6670de45654fa7e35f39bd76b2749b344dca859e08d6768ea93df3fee5cf6b0c,456,456,0.2916666666666666666666666667,1.158123451494577357560857860,76.00000000000000408776546803,76.00000000000000408776546803,0.2975592192915798788627922615,-0.1034418663200212300008059198,275,0.2909090909090909090909090909,45.00000000000000252448908999,45.00000000000000252448908999,181,0.2928176795580110497237569061,31.00000000000000156327637804,31.00000000000000156327637804,run_221cc91e8a1f47198494a57bed6ac694,ema_pullback:bfd4075a78ba64176dea8335
w08-lb095-r3_25,lab_3d_w08_lb_ratio,8,95,3.25,9.75,3.0,6670de45654fa7e35f39bd76b2749b344dca859e08d6768ea93df3fee5cf6b0c,456,456,0.2828947368421052631578947368,1.199395382520744322131692604,92.25000000000000208112279188,92.25000000000000208112279188,0.3930469283576500934127726554,-0.1014925083424838858667354438,275,0.28,52.25000000000000143880013544,52.25000000000000143880013544,181,0.2872928176795580110497237569,40.00000000000000064232265646,40.00000000000000064232265646,run_d7df9195548048a89996d2be52c63538,ema_pullback:d295fb80b136b63287bb2cb5
w08-lb095-r3_5,lab_3d_w08_lb_ratio,8,95,3.5,10.5,3.0,6670de45654fa7e35f39bd76b2749b344dca859e08d6768ea93df3fee5cf6b0c,455,455,0.2725274725274725274725274725,1.250605295859270567694115088,103.0000000000000072606115895,103.0000000000000072606115895,0.5158095851518099822741378362,-0.1062665924627627403262907367,274,0.2737226277372262773722627737,63.50000000000000485279174904,63.50000000000000485279174904,181,0.2707182320441988950276243094,39.50000000000000240781984049,39.50000000000000240781984049,run_d4f1bc129de34f3592317b5abd1024a0,ema_pullback:f6d9b39b7f474246452fc17c
w08-lb095-r3_75,lab_3d_w08_lb_ratio,8,95,3.75,11.25,3.0,6670de45654fa7e35f39bd76b2749b344dca859e08d6768ea93df3fee5cf6b0c,454,454,0.2621145374449339207048458150,1.300310441470954811501925355,111.2500000000000011172853861,111.2500000000000011172853861,0.6608069404071432698179856305,-0.1055299325795837520970265843,273,0.2600732600732600732600732601,64.25000000000000072035234602,64.25000000000000072035234602,181,0.2651933701657458563535911602,47.00000000000000039693303996,47.00000000000000039693303996,run_6096c0bbb9334313bb784a981640b1d2,ema_pullback:d8bb8631575a0bb317b57967
w08-lb095-r4_0,lab_3d_w08_lb_ratio,8,95,4.0,12.0,3.0,6670de45654fa7e35f39bd76b2749b344dca859e08d6768ea93df3fee5cf6b0c,453,453,0.2450331125827814569536423841,1.230752889183160890576790947,101.9999999999999983929921451,101.9999999999999983929921451,0.4660953094008570764294506457,-0.1250265651909694985579473830,272,0.2389705882352941176470588235,52.99999999999999882784717969,52.99999999999999882784717969,181,0.2541436464088397790055248619,48.99999999999999956514496540,48.99999999999999956514496540,run_d3570021334c49b890a931f66384c80f,ema_pullback:41f6add82531a10f7f1fe5b0
w08-lb095-r4_25,lab_3d_w08_lb_ratio,8,95,4.25,12.75,3.0,6670de45654fa7e35f39bd76b2749b344dca859e08d6768ea93df3fee5cf6b0c,453,453,0.2406181015452538631346578366,1.289114640844663800807107734,119.2500000000000041567641801,119.2500000000000041567641801,0.6221306943858920616547210214,-0.1243065551546144580028504508,272,0.2352941176470588235294117647,64.00000000000000364448539962,64.00000000000000364448539962,181,0.2486187845303867403314917127,55.25000000000000051227878028,55.25000000000000051227878028,run_2ed5748fc88945f8b65ec4918d098072,ema_pullback:fe379a0a5ce1520a1f847a24
w08-lb095-r4_5,lab_3d_w08_lb_ratio,8,95,4.5,13.5,3.0,6670de45654fa7e35f39bd76b2749b344dca859e08d6768ea93df3fee5cf6b0c,452,452,0.2345132743362831858407079646,1.338013264755350531774657853,131.0000000000000035929400695,131.0000000000000035929400695,0.7773247747410117114232519502,-0.1235865451182594174477535206,271,0.2287822878228782287822878229,70.00000000000000164629004415,70.00000000000000164629004415,181,0.2430939226519337016574585635,61.00000000000000194665002555,61.00000000000000194665002555,run_7f7bf58a5ff443f0870d611cbc39b9af,ema_pullback:f96dd51756fe533bfbdf045c
w08-lb095-r4_75,lab_3d_w08_lb_ratio,8,95,4.75,14.25,3.0,6670de45654fa7e35f39bd76b2749b344dca859e08d6768ea93df3fee5cf6b0c,452,452,0.2278761061946902654867256637,1.369813328734578802321477633,140.2499999999999985114679706,140.2499999999999985114679706,0.8777001094090144232193190542,-0.1228665350819043760292033142,271,0.2214022140221402214022140221,73.99999999999999853393137844,73.99999999999999853393137844,181,0.2375690607734806629834254144,66.24999999999999997753659246,66.24999999999999997753659246,run_35c465eb395f4267993172b824529050,ema_pullback:d9a2313adc62c5d83543806f
w08-lb095-r5_0,lab_3d_w08_lb_ratio,8,95,5.0,15.0,3.0,6670de45654fa7e35f39bd76b2749b344dca859e08d6768ea93df3fee5cf6b0c,452,452,0.2212389380530973451327433628,1.378963543810561013195575938,148.0000000000000012814627557,148.0000000000000012814627557,0.9000344128225545075082678304,-0.1221465250455493372010129309,271,0.2140221402214022140221402214,77.00000000000000234867110917,77.00000000000000234867110917,181,0.2320441988950276243093922652,70.99999999999999893279164647,70.99999999999999893279164647,run_98e69f1c49484dfe92675d727b016813,ema_pullback:19b5e247bcbcad57cbdef1ad
w08-lb100-r2_0,lab_3d_w08_lb_ratio,8,100,2.0,6.0,3.0,6670de45654fa7e35f39bd76b2749b344dca859e08d6768ea93df3fee5cf6b0c,453,453,0.3730684326710816777041942605,1.167564253098280078508493106,53.99999999999999791289925227,53.99999999999999791289925227,0.2910089131417771673721777689,-0.1053505250638645615867704987,272,0.3897058823529411764705882353,45.99999999999999970241034605,45.99999999999999970241034605,181,0.3480662983425414364640883978,7.999999999999998210488906220,7.999999999999998210488906220,run_b87e46f6566341c294528a854930f5dd,ema_pullback:1e814bbf29869014efb11b8b
w08-lb100-r2_25,lab_3d_w08_lb_ratio,8,100,2.25,6.75,3.0,6670de45654fa7e35f39bd76b2749b344dca859e08d6768ea93df3fee5cf6b0c,453,453,0.3421633554083885209713024283,1.101840470861881906379288897,50.75000000000000370340996264,50.75000000000000370340996264,0.1719871171088814530066918047,-0.1304147586712609999781913101,272,0.3529411764705882352941176471,40.00000000000000229717814268,40.00000000000000229717814268,181,0.3259668508287292817679558011,10.75000000000000140623181994,10.75000000000000140623181994,run_4297370fbe0546d7b6997ab9ce45fcfb,ema_pullback:153874d16173de6135cfbd7f
w08-lb100-r2_5,lab_3d_w08_lb_ratio,8,100,2.5,7.5,3.0,6670de45654fa7e35f39bd76b2749b344dca859e08d6768ea93df3fee5cf6b0c,453,453,0.3245033112582781456953642384,1.148118599130761351840873011,61.50000000000000256561640378,61.50000000000000256561640378,0.2614048852841591330545466196,-0.1166164728575993457488326989,272,0.3272058823529411764705882353,39.50000000000000118496297225,39.50000000000000118496297225,181,0.3204419889502762430939226519,22.00000000000000138065343149,22.00000000000000138065343149,run_dd6c1eec959945259c4bb89edac9eb28,ema_pullback:3a3cef12b50660002ea8228b
w08-lb100-r2_75,lab_3d_w08_lb_ratio,8,100,2.75,8.25,3.0,6670de45654fa7e35f39bd76b2749b344dca859e08d6768ea93df3fee5cf6b0c,452,452,0.3141592920353982300884955752,1.195160977332576196612095132,80.50000000000000569540352328,80.50000000000000569540352328,0.3612407854651594035553437991,-0.1167927213616485053133487936,271,0.3136531365313653136531365314,47.75000000000000313031998002,47.75000000000000313031998002,181,0.3149171270718232044198895028,32.75000000000000256508354324,32.75000000000000256508354324,run_4bdf862c13664568b31ea11b53dc98e3,ema_pullback:2a9aad7adbdf063c495874d1
w08-lb100-r3_0,lab_3d_w08_lb_ratio,8,100,3.0,9.0,3.0,6670de45654fa7e35f39bd76b2749b344dca859e08d6768ea93df3fee5cf6b0c,451,451,0.2926829268292682926829268293,1.165667507441876517355265265,77.00000000000000467798264976,77.00000000000000467798264976,0.3105085603798642217921377875,-0.1023664434343577446945089366,271,0.2915129151291512915129151292,45.00000000000000311470627170,45.00000000000000311470627170,180,0.2944444444444444444444444444,32.00000000000000156327637804,32.00000000000000156327637804,run_e3c19cb3c6c84686b72313ca073b410a,ema_pullback:3e72841c4c7bdb63a4208b75
w08-lb100-r3_25,lab_3d_w08_lb_ratio,8,100,3.25,9.75,3.0,6670de45654fa7e35f39bd76b2749b344dca859e08d6768ea93df3fee5cf6b0c,451,451,0.2838137472283813747228381375,1.207142252360948036200985680,93.00000000000000222867708734,93.00000000000000222867708734,0.406711360383701736327236787,-0.1014925083424838858667354438,271,0.2804428044280442804428044280,52.00000000000000158635443088,52.00000000000000158635443088,180,0.2888888888888888888888888889,41.00000000000000064232265646,41.00000000000000064232265646,run_e409be843eab441ca2c79bad3f455666,ema_pullback:00181bc84b18c51944a9cd0f
w08-lb100-r3_5,lab_3d_w08_lb_ratio,8,100,3.5,10.5,3.0,6670de45654fa7e35f39bd76b2749b344dca859e08d6768ea93df3fee5cf6b0c,451,451,0.2727272727272727272727272727,1.257109649736182641462239718,102.5000000000000072606115896,102.5000000000000072606115896,0.5276487779942895925200347489,-0.1062665924627627403262907367,271,0.2730627306273062730627306273,62.00000000000000485279174910,62.00000000000000485279174910,180,0.2722222222222222222222222222,40.50000000000000240781984047,40.50000000000000240781984047,run_fa3cf33ec7dc471890f0795b8a34ea28,ema_pullback:f1f97be42838f41e925dec0f
w08-lb100-r3_75,lab_3d_w08_lb_ratio,8,100,3.75,11.25,3.0,6670de45654fa7e35f39bd76b2749b344dca859e08d6768ea93df3fee5cf6b0c,450,450,0.2622222222222222222222222222,1.306957323743379921672316587,110.5000000000000018550568632,110.5000000000000018550568632,0.6734957634528423252159865031,-0.1055299325795837520970265843,270,0.2592592592592592592592592593,62.50000000000000145812382320,62.50000000000000145812382320,180,0.2666666666666666666666666667,48.00000000000000039693303992,48.00000000000000039693303992,run_4063f334ad274b8fac04220adb569593,ema_pullback:be197a2e807d00df4bd1f959
w08-lb100-r4_0,lab_3d_w08_lb_ratio,8,100,4.0,12.0,3.0,6670de45654fa7e35f39bd76b2749b344dca859e08d6768ea93df3fee5cf6b0c,449,449,0.2449888641425389755011135857,1.236825580297217434695202620,100.9999999999999983929921452,100.9999999999999983929921452,0.477046884920461684959405501,-0.1250265651909694985579473830,269,0.2379182156133828996282527881,50.99999999999999882784717968,50.99999999999999882784717968,180,0.2555555555555555555555555556,49.99999999999999956514496542,49.99999999999999956514496542,run_ad8f11a04d604e7db813dc0fdbc74224,ema_pullback:9e20df471e4186e7265452a5
w08-lb100-r4_25,lab_3d_w08_lb_ratio,8,100,4.25,12.75,3.0,6670de45654fa7e35f39bd76b2749b344dca859e08d6768ea93df3fee5cf6b0c,449,449,0.2405345211581291759465478842,1.295422692456057736647296321,118.0000000000000044518727710,118.0000000000000044518727710,0.6339717435790390584463303587,-0.1243065551546144580028504508,269,0.2342007434944237918215613383,61.75000000000000393959399047,61.75000000000000393959399047,180,0.25,56.25000000000000051227878028,56.25000000000000051227878028,run_7abbaa36415e4a48a6fefbbd133fde62,ema_pullback:f6b92c1d2fbcedfe135fb078
w08-lb100-r4_5,lab_3d_w08_lb_ratio,8,100,4.5,13.5,3.0,6670de45654fa7e35f39bd76b2749b344dca859e08d6768ea93df3fee5cf6b0c,448,448,0.234375,1.344477578824968543205505579,129.5000000000000040356029558,129.5000000000000040356029558,0.7899962858749148995359982674,-0.1235865451182594174477535206,268,0.2276119402985074626865671642,67.50000000000000208895293048,67.50000000000000208895293048,180,0.2444444444444444444444444444,62.00000000000000194665002554,62.00000000000000194665002554,run_bd0ae6debc254a2f9c0f123ae12ae2c5,ema_pullback:e4ed24147502fe3ac868f8c8
w08-lb100-r4_75,lab_3d_w08_lb_ratio,8,100,4.75,14.25,3.0,6670de45654fa7e35f39bd76b2749b344dca859e08d6768ea93df3fee5cf6b0c,448,448,0.2276785714285714285714285714,1.376359201881488829379618329,138.4999999999999992492394479,138.4999999999999992492394479,0.8907678734834637820916757464,-0.1228665350819043760292033142,268,0.2201492537313432835820895522,71.24999999999999927170285566,71.24999999999999927170285566,180,0.2388888888888888888888888889,67.24999999999999997753659243,67.24999999999999997753659243,run_9b9e286314b44fbebde1e8b2efccb360,ema_pullback:ada2b60266b39d5ed2a7aa63
w08-lb100-r5_0,lab_3d_w08_lb_ratio,8,100,5.0,15.0,3.0,6670de45654fa7e35f39bd76b2749b344dca859e08d6768ea93df3fee5cf6b0c,448,448,0.2209821428571428571428571429,1.385423579060551652739636993,146.0000000000000012814627555,146.0000000000000012814627555,0.9129345445263680280938406985,-0.1221465250455493372010129309,268,0.2126865671641791044776119403,74.00000000000000234867110916,74.00000000000000234867110916,180,0.2333333333333333333333333333,71.99999999999999893279164646,71.99999999999999893279164646,run_f3980f1e28704edfa32a9c3576fb18a8,ema_pullback:eed3f59be91df5db4bc08de7
w08-lb105-r2_0,lab_3d_w08_lb_ratio,8,105,2.0,6.0,3.0,6670de45654fa7e35f39bd76b2749b344dca859e08d6768ea93df3fee5cf6b0c,450,450,0.3755555555555555555555555556,1.178889413176070584645652855,56.99999999999999791289925225,56.99999999999999791289925225,0.3100529275306028513439357875,-0.1016748590816127643366350563,269,0.3940520446096654275092936803,48.99999999999999970241034605,48.99999999999999970241034605,181,0.3480662983425414364640883978,7.999999999999998210488906218,7.999999999999998210488906218,run_751f3593685a4f369ca80979aa0c4305,ema_pullback:fc9fe8b6246a686104e4ea07
w08-lb105-r2_25,lab_3d_w08_lb_ratio,8,105,2.25,6.75,3.0,6670de45654fa7e35f39bd76b2749b344dca859e08d6768ea93df3fee5cf6b0c,450,450,0.3444444444444444444444444444,1.112239957900910788426302767,53.75000000000000370340996262,53.75000000000000370340996262,0.1892754094626684676535283106,-0.1268420690539687818723730781,269,0.3568773234200743494423791822,43.00000000000000229717814270,43.00000000000000229717814270,181,0.3259668508287292817679558011,10.75000000000000140623181994,10.75000000000000140623181994,run_6baa945fe68645c08369da385acd271c,ema_pullback:2ff135a1d203ac3247d5daa7
w08-lb105-r2_5,lab_3d_w08_lb_ratio,8,105,2.5,7.5,3.0,6670de45654fa7e35f39bd76b2749b344dca859e08d6768ea93df3fee5cf6b0c,450,450,0.3266666666666666666666666667,1.158842965118795856106346011,64.50000000000000256561640379,64.50000000000000256561640379,0.2800122028177201465266091846,-0.1129870930044107904761090354,269,0.3308550185873605947955390335,42.50000000000000118496297229,42.50000000000000118496297229,181,0.3204419889502762430939226519,22.00000000000000138065343152,22.00000000000000138065343152,run_1f455feb424b49049ad68926e840f4ad,ema_pullback:eb697e89113d48e20f626e63
w08-lb105-r2_75,lab_3d_w08_lb_ratio,8,105,2.75,8.25,3.0,6670de45654fa7e35f39bd76b2749b344dca859e08d6768ea93df3fee5cf6b0c,449,449,0.3162583518930957683741648107,1.206177455253867656817422321,83.50000000000000569540352328,83.50000000000000569540352328,0.3813208088028510952491084224,-0.1131640656251658839588802129,268,0.3171641791044776119402985075,50.75000000000000313031998002,50.75000000000000313031998002,181,0.3149171270718232044198895028,32.75000000000000256508354322,32.75000000000000256508354322,run_b8bd6086a07b48cfbf9368b600480041,ema_pullback:071bee359271d2dc31168d9c
w08-lb105-r3_0,lab_3d_w08_lb_ratio,8,105,3.0,9.0,3.0,6670de45654fa7e35f39bd76b2749b344dca859e08d6768ea93df3fee5cf6b0c,448,448,0.2946428571428571428571428571,1.176087735832696839188345066,80.00000000000000467798264977,80.00000000000000467798264977,0.3298402192293895922387182944,-0.1023664434343577446945089366,268,0.2947761194029850746268656716,48.00000000000000311470627170,48.00000000000000311470627170,180,0.2944444444444444444444444444,32.00000000000000156327637804,32.00000000000000156327637804,run_950aaf1134e14bd98b784859cd450ef3,ema_pullback:2d385a8f5cd4335cddb7141a
w08-lb105-r3_25,lab_3d_w08_lb_ratio,8,105,3.25,9.75,3.0,6670de45654fa7e35f39bd76b2749b344dca859e08d6768ea93df3fee5cf6b0c,448,448,0.2857142857142857142857142857,1.217812547427813643962121736,96.0000000000000022286770873,96.0000000000000022286770873,0.4274621322144534442664714911,-0.1014925083424838858667354438,268,0.2835820895522388059701492537,55.00000000000000158635443088,55.00000000000000158635443088,180,0.2888888888888888888888888889,41.00000000000000064232265646,41.00000000000000064232265646,run_c0d0fcb128a64b61b7954c3297d7e564,ema_pullback:9dc50d61a2462a6c53ea4a5c
w08-lb105-r3_5,lab_3d_w08_lb_ratio,8,105,3.5,10.5,3.0,6670de45654fa7e35f39bd76b2749b344dca859e08d6768ea93df3fee5cf6b0c,448,448,0.2745535714285714285714285714,1.268162231079423908026310755,105.5000000000000072606115896,105.5000000000000072606115896,0.5501835297013061269812493158,-0.1062665924627627403262907367,268,0.2761194029850746268656716418,65.00000000000000485279174905,65.00000000000000485279174905,180,0.2722222222222222222222222222,40.50000000000000240781984050,40.50000000000000240781984050,run_1a7fbed788cd476ab720992c1156c3e7,ema_pullback:90a18fb3d4e52cd4f779aa96
w08-lb105-r3_75,lab_3d_w08_lb_ratio,8,105,3.75,11.25,3.0,6670de45654fa7e35f39bd76b2749b344dca859e08d6768ea93df3fee5cf6b0c,447,447,0.2639821029082774049217002237,1.318219135413692401499659306,113.5000000000000018550568633,113.5000000000000018550568633,0.6981819426685041894088312449,-0.1055299325795837520970265843,267,0.2621722846441947565543071161,65.50000000000000145812382322,65.50000000000000145812382322,180,0.2666666666666666666666666667,48.00000000000000039693303995,48.00000000000000039693303995,run_6bfefd79a00e4e739b18c55c67536776,ema_pullback:e3093ab09a480311fbfa1fb3
w08-lb105-r4_0,lab_3d_w08_lb_ratio,8,105,4.0,12.0,3.0,6670de45654fa7e35f39bd76b2749b344dca859e08d6768ea93df3fee5cf6b0c,447,447,0.2460850111856823266219239374,1.243382050044522389893390313,102.9999999999999983929921452,102.9999999999999983929921452,0.4912018435462217929273473512,-0.1250265651909694985579473830,267,0.2397003745318352059925093633,52.99999999999999882784717967,52.99999999999999882784717967,180,0.2555555555555555555555555556,49.99999999999999956514496541,49.99999999999999956514496541,run_5663b9b8aa684737878eaa6beac9721f,ema_pullback:f77ff0d51d3c89870c231b77
w08-lb105-r4_25,lab_3d_w08_lb_ratio,8,105,4.25,12.75,3.0,6670de45654fa7e35f39bd76b2749b344dca859e08d6768ea93df3fee5cf6b0c,447,447,0.2416107382550335570469798658,1.302061951976194404892944728,120.0000000000000044518727710,120.0000000000000044518727710,0.6496305575694073316319042972,-0.1243065551546144580028504508,267,0.2359550561797752808988764045,63.75000000000000393959399046,63.75000000000000393959399046,180,0.25,56.25000000000000051227878029,56.25000000000000051227878029,run_c847ce209d4c495bae3d45f5e5a7bb64,ema_pullback:e2c6e6cf7b68b60a08be5420
w08-lb105-r4_5,lab_3d_w08_lb_ratio,8,105,4.5,13.5,3.0,6670de45654fa7e35f39bd76b2749b344dca859e08d6768ea93df3fee5cf6b0c,446,446,0.2354260089686098654708520179,1.351104057509969640965440086,131.5000000000000040356029558,131.5000000000000040356029558,0.8071503272432009755154876053,-0.1235865451182594174477535206,266,0.2293233082706766917293233083,69.50000000000000208895293050,69.50000000000000208895293050,180,0.2444444444444444444444444444,62.00000000000000194665002554,62.00000000000000194665002554,run_70adfe89dfda49cb947e3df2e9bcb381,ema_pullback:241884c2a223ffb83bc4009d
w08-lb105-r4_75,lab_3d_w08_lb_ratio,8,105,4.75,14.25,3.0,6670de45654fa7e35f39bd76b2749b344dca859e08d6768ea93df3fee5cf6b0c,446,446,0.2286995515695067264573991031,1.383035655090956354625635831,140.4999999999999992492394479,140.4999999999999992492394479,0.9088876375162189560640005599,-0.1228665350819043760292033142,266,0.2218045112781954887218045113,73.24999999999999927170285562,73.24999999999999927170285562,180,0.2388888888888888888888888889,67.24999999999999997753659244,67.24999999999999997753659244,run_df6c0fc10e0844369edb6ef0a6c2c267,ema_pullback:fc3f91352e7f9437487190f3
w08-lb105-r5_0,lab_3d_w08_lb_ratio,8,105,5.0,15.0,3.0,6670de45654fa7e35f39bd76b2749b344dca859e08d6768ea93df3fee5cf6b0c,446,446,0.2219730941704035874439461883,1.392134610109945135671952382,148.0000000000000012814627556,148.0000000000000012814627556,0.9312667380457471426113642133,-0.1221465250455493372010129309,266,0.2142857142857142857142857143,76.00000000000000234867110917,76.00000000000000234867110917,180,0.2333333333333333333333333333,71.99999999999999893279164645,71.99999999999999893279164645,run_f29ae81bff434bcaae629328451526c8,ema_pullback:6918f838d38d66eb8fbebb8d
w08-lb110-r2_0,lab_3d_w08_lb_ratio,8,110,2.0,6.0,3.0,6670de45654fa7e35f39bd76b2749b344dca859e08d6768ea93df3fee5cf6b0c,444,444,0.3738738738738738738738738739,1.177138394424415525382725878,53.99999999999999791429287552,53.99999999999999791429287552,0.3048734035157584257450448318,-0.0898308899134654945002200941,266,0.3947368421052631578947368421,48.99999999999999970241034604,48.99999999999999970241034604,178,0.3426966292134831460674157303,4.999999999999998211882529489,4.999999999999998211882529489,run_39c5e1b67cda4817ae033bb4aedf7adf,ema_pullback:6d7d5c9c1806810da112fcf6
w08-lb110-r2_25,lab_3d_w08_lb_ratio,8,110,2.25,6.75,3.0,6670de45654fa7e35f39bd76b2749b344dca859e08d6768ea93df3fee5cf6b0c,444,444,0.3423423423423423423423423423,1.108537167483267329795086454,50.00000000000000357871218368,50.00000000000000357871218368,0.181672679608366420085867206,-0.1153299170034590486738565913,266,0.3571428571428571428571428571,42.75000000000000217178355212,42.75000000000000217178355212,178,0.3202247191011235955056179775,7.250000000000001406928631579,7.250000000000001406928631579,run_9129b221582948afb574e5c0b31a2e06,ema_pullback:acc4ebe242b67ee1adfee998
w08-lb110-r2_5,lab_3d_w08_lb_ratio,8,110,2.5,7.5,3.0,6670de45654fa7e35f39bd76b2749b344dca859e08d6768ea93df3fee5cf6b0c,444,444,0.3243243243243243243243243243,1.153697527731172542096466059,60.00000000000000222589955099,60.00000000000000222589955099,0.2687176235166440163776419426,-0.1012922700013897860923411917,266,0.3308270676691729323308270677,42.00000000000000118496297224,42.00000000000000118496297224,178,0.3146067415730337078651685393,18.00000000000000104093657874,18.00000000000000104093657874,run_ccea2b927da84d45b97b56e745c61851,ema_pullback:db3557815656e00631ff22d6
w08-lb110-r2_75,lab_3d_w08_lb_ratio,8,110,2.75,8.25,3.0,6670de45654fa7e35f39bd76b2749b344dca859e08d6768ea93df3fee5cf6b0c,443,443,0.3137697516930022573363431151,1.199581247113668652267951884,78.25000000000000497183797072,78.25000000000000497183797072,0.3657852279845993338875516933,-0.1014715759179287275900447959,265,0.3169811320754716981132075472,50.00000000000000275413620822,50.00000000000000275413620822,178,0.3089887640449438202247191011,28.25000000000000221770176248,28.25000000000000221770176248,run_de6aed5924a248a4843c8b7e2534219f,ema_pullback:321cb847a6ac4ff7e225a26e
w08-lb110-r3_0,lab_3d_w08_lb_ratio,8,110,3.0,9.0,3.0,6670de45654fa7e35f39bd76b2749b344dca859e08d6768ea93df3fee5cf6b0c,442,442,0.2918552036199095022624434389,1.168039267051681225024808214,74.00000000000000400412343727,74.00000000000000400412343727,0.3116718565577262389487596888,-0.1022800426061740726549619640,265,0.2943396226415094339622641509,47.00000000000000311470627172,47.00000000000000311470627172,177,0.2881355932203389830508474576,27.00000000000000088941716558,27.00000000000000088941716558,run_789200c33a8a49f58c5f344d7805f189,ema_pullback:ef7e21b7255da87db44fb7d9
w08-lb110-r3_25,lab_3d_w08_lb_ratio,8,110,3.25,9.75,3.0,6670de45654fa7e35f39bd76b2749b344dca859e08d6768ea93df3fee5cf6b0c,442,442,0.2828054298642533936651583710,1.208392654171601706045660122,89.25000000000000185040288066,89.25000000000000185040288066,0.4045237815539878452440382641,-0.1014925083424838858667354438,265,0.2830188679245283018867924528,53.75000000000000121017065910,53.75000000000000121017065910,177,0.2824858757062146892655367232,35.50000000000000064023222154,35.50000000000000064023222154,run_2827e04d5e3b430abb003749e90e199a,ema_pullback:05053e27b01c6e267a68b339
w08-lb110-r3_5,lab_3d_w08_lb_ratio,8,110,3.5,10.5,3.0,6670de45654fa7e35f39bd76b2749b344dca859e08d6768ea93df3fee5cf6b0c,442,442,0.2714932126696832579185520362,1.257266600969371993135258011,98.0000000000000066673183091,98.0000000000000066673183091,0.521553635963390750206297489,-0.1062665924627627403262907367,265,0.2754716981132075471698113208,63.50000000000000460200256791,63.50000000000000460200256791,177,0.2655367231638418079096045198,34.50000000000000206531574117,34.50000000000000206531574117,run_dbf06db53cf34a9da005fcff51712e50,ema_pullback:f215050e88691028d9f62829
w08-lb110-r3_75,lab_3d_w08_lb_ratio,8,110,3.75,11.25,3.0,6670de45654fa7e35f39bd76b2749b344dca859e08d6768ea93df3fee5cf6b0c,441,441,0.2630385487528344671201814059,1.314914224181112459490467696,110.0000000000000018128494566,110.0000000000000018128494566,0.6856050945136063748175863544,-0.1055299325795837520970265843,264,0.2613636363636363636363636364,63.75000000000000133272923262,63.75000000000000133272923262,177,0.2655367231638418079096045198,46.25000000000000048012022405,46.25000000000000048012022405,run_6c0d3c6623c945af8b28b90a580bbcbd,ema_pullback:d6f1daee5b14544522926240
w08-lb110-r4_0,lab_3d_w08_lb_ratio,8,110,4.0,12.0,3.0,6670de45654fa7e35f39bd76b2749b344dca859e08d6768ea93df3fee5cf6b0c,441,441,0.2471655328798185941043083900,1.249619448027449733626120023,103.9999999999999983929921452,103.9999999999999983929921452,0.4998777703970084453256148975,-0.1250265651909694985579473830,264,0.2386363636363636363636363636,50.99999999999999882784717967,50.99999999999999882784717967,177,0.2598870056497175141242937853,52.99999999999999956514496541,52.99999999999999956514496541,run_8d8ff56c56af45078ef45c61a6061440,ema_pullback:7d8ac68b8aaefa90c4d02d7d
w08-lb110-r4_25,lab_3d_w08_lb_ratio,8,110,4.25,12.75,3.0,6670de45654fa7e35f39bd76b2749b344dca859e08d6768ea93df3fee5cf6b0c,441,441,0.2426303854875283446712018141,1.308305288405003434603481224,120.7500000000000038248998181,120.7500000000000038248998181,0.6576017904038157282195888131,-0.1243065551546144580028504508,264,0.2348484848484848484848484848,61.50000000000000331262103750,61.50000000000000331262103750,177,0.2542372881355932203389830508,59.25000000000000051227878027,59.25000000000000051227878027,run_570abeccbd3f4cae93a66e7c2006332a,ema_pullback:78a4141fb6b36c7c6c142c9f
w08-lb110-r4_5,lab_3d_w08_lb_ratio,8,110,4.5,13.5,3.0,6670de45654fa7e35f39bd76b2749b344dca859e08d6768ea93df3fee5cf6b0c,440,440,0.2363636363636363636363636364,1.357243857673162378744675710,132.0000000000000035340245934,132.0000000000000035340245934,0.8141044558716024518441746107,-0.1235865451182594174477535206,263,0.2281368821292775665399239544,67.00000000000000158737456812,67.00000000000000158737456812,177,0.2485875706214689265536723164,65.00000000000000194665002553,65.00000000000000194665002553,run_8888c35908d94fdda3eaa0664d5fddb4,ema_pullback:84081ee4bbb8c8c8d434989a
w08-lb110-r4_75,lab_3d_w08_lb_ratio,8,110,4.75,14.25,3.0,6670de45654fa7e35f39bd76b2749b344dca859e08d6768ea93df3fee5cf6b0c,440,440,0.2295454545454545454545454545,1.388925353261757435123125893,140.7499999999999986222664949,140.7499999999999986222664949,0.9143585672345119245845107088,-0.1228665350819043760292033142,263,0.2205323193916349809885931559,70.49999999999999864472990270,70.49999999999999864472990270,177,0.2429378531073446327683615819,70.24999999999999997753659247,70.24999999999999997753659247,run_e8a921a317ff4dd0b0ce399770378e37,ema_pullback:4051493af562c8b333959f42
w08-lb110-r5_0,lab_3d_w08_lb_ratio,8,110,5.0,15.0,3.0,6670de45654fa7e35f39bd76b2749b344dca859e08d6768ea93df3fee5cf6b0c,440,440,0.2227272727272727272727272727,1.397510137468749823131863981,148.0000000000000012814627555,148.0000000000000012814627555,0.93490884004949257609109221,-0.1221465250455493372010129309,263,0.2129277566539923954372623574,73.00000000000000234867110919,73.00000000000000234867110919,177,0.2372881355932203389830508475,74.99999999999999893279164648,74.99999999999999893279164648,run_70c7b10312384176bb5ff6549f073be1,ema_pullback:ef8f65b90400933cf3f6563d
w08-lb115-r2_0,lab_3d_w08_lb_ratio,8,115,2.0,6.0,3.0,6670de45654fa7e35f39bd76b2749b344dca859e08d6768ea93df3fee5cf6b0c,434,434,0.3778801843317972350230414747,1.199300973278193102616828167,57.99999999999999816045850503,57.99999999999999816045850503,0.3360188185614967442716388276,-0.0971660645060559161482228068,260,0.3961538461538461538461538462,48.99999999999999994857597555,48.99999999999999994857597555,174,0.3505747126436781609195402299,8.999999999999998211882529489,8.999999999999998211882529489,run_fe4124dd3acb4945a64ebbe223d57c5f,ema_pullback:c0e443e63f28fa178035f899
w08-lb115-r2_25,lab_3d_w08_lb_ratio,8,115,2.25,6.75,3.0,6670de45654fa7e35f39bd76b2749b344dca859e08d6768ea93df3fee5cf6b0c,434,434,0.3456221198156682027649769585,1.126368255248363828660725138,53.50000000000000389314916616,53.50000000000000389314916616,0.2073290269108203025008927422,-0.1233427288013577317132070233,260,0.3576923076923076923076923077,42.25000000000000248622053456,42.25000000000000248622053456,174,0.3275862068965517241379310345,11.25000000000000140692863158,11.25000000000000140692863158,run_36f4f4ae6c48451d8930d463e3c3071f,ema_pullback:a3f8452cccbb2f4ba35e61ff
w08-lb115-r2_5,lab_3d_w08_lb_ratio,8,115,2.5,7.5,3.0,6670de45654fa7e35f39bd76b2749b344dca859e08d6768ea93df3fee5cf6b0c,434,434,0.3271889400921658986175115207,1.171402560424457237571603687,63.00000000000000312230870810,63.00000000000000312230870810,0.2935363508180738377258333845,-0.1103275730693066065112058365,260,0.3307692307692307692307692308,41.00000000000000208137212936,41.00000000000000208137212936,174,0.3218390804597701149425287356,22.00000000000000104093657874,22.00000000000000104093657874,run_ccb76882bfad467da18c3e51a22d4110,ema_pullback:a5b2cd1556db595fcfed70ef
w08-lb115-r2_75,lab_3d_w08_lb_ratio,8,115,2.75,8.25,3.0,6670de45654fa7e35f39bd76b2749b344dca859e08d6768ea93df3fee5cf6b0c,433,433,0.3163972286374133949191685912,1.217181685534140522577681474,80.75000000000000571172241406,80.75000000000000571172241406,0.3895758518131758355063856353,-0.1113984462045005526925804587,259,0.3166023166023166023166023166,48.50000000000000349402065159,48.50000000000000349402065159,174,0.3160919540229885057471264368,32.25000000000000221770176248,32.25000000000000221770176248,run_d5f10481e0d8459090da0c7ceee63ac1,ema_pullback:8238237dc72c6dbe4fa8a095
w08-lb115-r3_0,lab_3d_w08_lb_ratio,8,115,3.0,9.0,3.0,6670de45654fa7e35f39bd76b2749b344dca859e08d6768ea93df3fee5cf6b0c,432,432,0.2939814814814814814814814815,1.182728628955389482702246624,76.00000000000000460885272962,76.00000000000000460885272962,0.3317177605661861391601283194,-0.1022800426061740726549619640,259,0.2934362934362934362934362934,45.00000000000000371943556404,45.00000000000000371943556404,173,0.2947976878612716763005780347,31.00000000000000088941716556,31.00000000000000088941716556,run_b2cd204ffde3459087c55e8d9996e49f,ema_pullback:94df251a5c7435597206393a
w08-lb115-r3_25,lab_3d_w08_lb_ratio,8,115,3.25,9.75,3.0,6670de45654fa7e35f39bd76b2749b344dca859e08d6768ea93df3fee5cf6b0c,432,432,0.2847222222222222222222222222,1.222845152177680770256166831,90.75000000000000229860745924,90.75000000000000229860745924,0.4229976837665377248309896082,-0.1014925083424838858667354438,259,0.2818532818532818532818532819,51.25000000000000165837523768,51.25000000000000165837523768,173,0.2890173410404624277456647399,39.50000000000000064023222152,39.50000000000000064023222152,run_198d053dcd5b4659a3bd2df5ae8c9921,ema_pullback:9daf9a0af9b99c40f3c485e8
w08-lb115-r3_5,lab_3d_w08_lb_ratio,8,115,3.5,10.5,3.0,6670de45654fa7e35f39bd76b2749b344dca859e08d6768ea93df3fee5cf6b0c,432,432,0.2731481481481481481481481481,1.271829469294889558992500561,99.0000000000000076547559368,99.0000000000000076547559368,0.5383367851118674926375670342,-0.1062665924627627403262907367,259,0.2741312741312741312741312741,60.50000000000000558944019561,60.50000000000000558944019561,173,0.2716763005780346820809248555,38.50000000000000206531574119,38.50000000000000206531574119,run_f08f0c72513e491ea1e1fe0832d1bef9,ema_pullback:422b28f856d93fb4938f0dcf
w08-lb115-r3_75,lab_3d_w08_lb_ratio,8,115,3.75,11.25,3.0,6670de45654fa7e35f39bd76b2749b344dca859e08d6768ea93df3fee5cf6b0c,432,432,0.2638888888888888888888888889,1.323185516130679416622209654,109.5000000000000026651319335,109.5000000000000026651319335,0.6877129539922049506700735964,-0.1055299325795837520970265843,259,0.2586872586872586872586872587,59.25000000000000218501170936,59.25000000000000218501170936,173,0.2716763005780346820809248555,50.25000000000000048012022403,50.25000000000000048012022403,run_125f165cc1ed42c18fba3d5dcc903a73,ema_pullback:7f806fbd4722337cdacaadd2
w08-lb115-r4_0,lab_3d_w08_lb_ratio,8,115,4.0,12.0,3.0,6670de45654fa7e35f39bd76b2749b344dca859e08d6768ea93df3fee5cf6b0c,432,432,0.2476851851851851851851851852,1.254832397737553300028790597,102.9999999999999986391577747,102.9999999999999986391577747,0.498613327404852296141544887,-0.1250265651909694985579473830,259,0.2355212355212355212355212355,45.99999999999999907401280919,45.99999999999999907401280919,173,0.2658959537572254335260115607,56.99999999999999956514496540,56.99999999999999956514496540,run_e3588f82c2f441828e6fb3786df1c20e,ema_pullback:770648ead82ea3a2e7bce8b2
w08-lb115-r4_25,lab_3d_w08_lb_ratio,8,115,4.25,12.75,3.0,6670de45654fa7e35f39bd76b2749b344dca859e08d6768ea93df3fee5cf6b0c,432,432,0.2430555555555555555555555556,1.313653659251762786243836100,119.2500000000000048350945635,119.2500000000000048350945635,0.6527450107236520290692657764,-0.1243065551546144580028504508,259,0.2316602316602316602316602317,56.00000000000000432281578295,56.00000000000000432281578295,173,0.2601156069364161849710982659,63.25000000000000051227878030,63.25000000000000051227878030,run_22ed8e1873af45928f9118fb176d37ef,ema_pullback:a2ef172f5c5792f33e962e2e
w08-lb115-r4_5,lab_3d_w08_lb_ratio,8,115,4.5,13.5,3.0,6670de45654fa7e35f39bd76b2749b344dca859e08d6768ea93df3fee5cf6b0c,431,431,0.2366589327146171693735498840,1.362566027187574443297290683,130.0000000000000043876946251,130.0000000000000043876946251,0.8050149927348846941754696854,-0.1235865451182594174477535206,258,0.2248062015503875968992248062,61.00000000000000244104459975,61.00000000000000244104459975,173,0.2543352601156069364161849711,69.00000000000000194665002552,69.00000000000000194665002552,run_42de5848ff58475183ca3654a7892bd7,ema_pullback:41ba1c95e50376a7cf6e2ebc
w08-lb115-r4_75,lab_3d_w08_lb_ratio,8,115,4.75,14.25,3.0,6670de45654fa7e35f39bd76b2749b344dca859e08d6768ea93df3fee5cf6b0c,431,431,0.2296983758700696055684454756,1.393710816644958860796520749,138.2500000000000005288703973,138.2500000000000005288703973,0.900796544772329055101693303,-0.1228665350819043760292033142,258,0.2170542635658914728682170543,64.00000000000000055133380522,64.00000000000000055133380522,173,0.2485549132947976878612716763,74.24999999999999997753659243,74.24999999999999997753659243,run_f6b75a8b022e43d7b73e368fcd224b5c,ema_pullback:72bab0a95e0e1d993b5fd15e
w08-lb115-r5_0,lab_3d_w08_lb_ratio,8,115,5.0,15.0,3.0,6670de45654fa7e35f39bd76b2749b344dca859e08d6768ea93df3fee5cf6b0c,431,431,0.2227378190255220417633410673,1.401074833341937900640195192,145.0000000000000030742810699,145.0000000000000030742810699,0.9172009116757776141876796604,-0.1221465250455493372010129309,258,0.2093023255813953488372093023,66.00000000000000414148942345,66.00000000000000414148942345,173,0.2427745664739884393063583815,78.99999999999999893279164645,78.99999999999999893279164645,run_2728b57b8baa4d27b821f2fd4cf073ab,ema_pullback:dbc5bb6e600375240f13fc0e
w08-lb120-r2_0,lab_3d_w08_lb_ratio,8,120,2.0,6.0,3.0,6670de45654fa7e35f39bd76b2749b344dca859e08d6768ea93df3fee5cf6b0c,429,429,0.3799533799533799533799533800,1.207088486159601124178928003,59.99999999999999816045850502,59.99999999999999816045850502,0.3455011893335071679732559929,-0.0927016324905494979639490988,256,0.40234375,52.99999999999999994857597553,52.99999999999999994857597553,173,0.3468208092485549132947976879,6.999999999999998211882529491,6.999999999999998211882529491,run_73294d022c7a499c850f0b1a6df96d44,ema_pullback:8c88370fe9c24aa3f8c3ca69
w08-lb120-r2_25,lab_3d_w08_lb_ratio,8,120,2.25,6.75,3.0,6670de45654fa7e35f39bd76b2749b344dca859e08d6768ea93df3fee5cf6b0c,429,429,0.3473193473193473193473193473,1.132203824761547051667968436,55.25000000000000376832660804,55.25000000000000376832660804,0.2146912737862163439639998238,-0.1190077380192218474432005712,256,0.36328125,46.25000000000000248622053454,46.25000000000000248622053454,173,0.3236994219653179190751445087,9.000000000000001282106073473,9.000000000000001282106073473,run_df3a0e02309e467e81d5bb6039ae4c80,ema_pullback:8c7d614a7dcbf3f91c4c9ac7
w08-lb120-r2_5,lab_3d_w08_lb_ratio,8,120,2.5,7.5,3.0,6670de45654fa7e35f39bd76b2749b344dca859e08d6768ea93df3fee5cf6b0c,429,429,0.3286713286713286713286713287,1.177143325843277040387999148,64.50000000000000312230870809,64.50000000000000312230870809,0.3001339342408973543470643464,-0.1059282235212309137371886412,256,0.3359375,45.00000000000000208137212934,45.00000000000000208137212934,173,0.3179190751445086705202312139,19.50000000000000104093657871,19.50000000000000104093657871,run_f82bc5116cb8437291a47ed233381f4b,ema_pullback:13cd14f720d442071d8f925f
w08-lb120-r2_75,lab_3d_w08_lb_ratio,8,120,2.75,8.25,3.0,6670de45654fa7e35f39bd76b2749b344dca859e08d6768ea93df3fee5cf6b0c,428,428,0.3177570093457943925233644860,1.222848344373656062117518537,82.00000000000000558689985595,82.00000000000000558689985595,0.3952798678096371363835991455,-0.1070043920270587627848734557,255,0.3215686274509803921568627451,52.50000000000000349402065160,52.50000000000000349402065160,173,0.3121387283236994219653179191,29.50000000000000209287920436,29.50000000000000209287920436,run_93c875baf0a14cd6a785b5507bbc08f7,ema_pullback:5ee2d4083dfafe36468e9d8d
w08-lb120-r3_0,lab_3d_w08_lb_ratio,8,120,3.0,9.0,3.0,6670de45654fa7e35f39bd76b2749b344dca859e08d6768ea93df3fee5cf6b0c,427,427,0.2950819672131147540983606557,1.187177032481037308889384311,77.00000000000000460885272961,77.00000000000000460885272961,0.3358610927575112079178483639,-0.1037222250336476853201218162,255,0.2980392156862745098039215686,49.00000000000000371943556403,49.00000000000000371943556403,172,0.2906976744186046511627906977,28.00000000000000088941716555,28.00000000000000088941716555,run_f8585af5f0fe43478a50dda9fe12279c,ema_pullback:5862549015c2170bca613264
w08-lb120-r3_25,lab_3d_w08_lb_ratio,8,120,3.25,9.75,3.0,6670de45654fa7e35f39bd76b2749b344dca859e08d6768ea93df3fee5cf6b0c,427,427,0.2857142857142857142857142857,1.227204932274895742992197165,91.50000000000000217378490114,91.50000000000000217378490114,0.4260139283500511285508238105,-0.1072359001873568242555202343,255,0.2862745098039215686274509804,55.25000000000000165837523770,55.25000000000000165837523770,172,0.2848837209302325581395348837,36.25000000000000051540966342,36.25000000000000051540966342,run_683f1d85e70d42a2a3b73a6f4608f662,ema_pullback:a4cc5bbd65a66457f7559c83
w08-lb120-r3_5,lab_3d_w08_lb_ratio,8,120,3.5,10.5,3.0,6670de45654fa7e35f39bd76b2749b344dca859e08d6768ea93df3fee5cf6b0c,427,427,0.2740046838407494145199063232,1.276277984664788053031854427,99.5000000000000074051108206,99.5000000000000074051108206,0.5400750627635738728645947818,-0.1062665924627627403262907367,255,0.2784313725490196078431372549,64.50000000000000558944019562,64.50000000000000558944019562,172,0.2674418604651162790697674419,35.00000000000000181567062496,35.00000000000000181567062496,run_f235aaa2f2fc4c7db0ab926ea5efe5b7,ema_pullback:22a968225943afc2458f4e7f
w08-lb120-r3_75,lab_3d_w08_lb_ratio,8,120,3.75,11.25,3.0,6670de45654fa7e35f39bd76b2749b344dca859e08d6768ea93df3fee5cf6b0c,427,427,0.2646370023419203747072599532,1.327771896760848077806802192,109.7500000000000025403093753,109.7500000000000025403093753,0.6879530409105805611127204309,-0.1055299325795837520970265843,255,0.2627450980392156862745098039,63.25000000000000218501170935,63.25000000000000218501170935,172,0.2674418604651162790697674419,46.50000000000000035529766593,46.50000000000000035529766593,run_51882a3f94a54af1a7e6a68ce27e0d24,ema_pullback:8a129d87c67ae3ea30f920b2
w08-lb120-r4_0,lab_3d_w08_lb_ratio,8,120,4.0,12.0,3.0,6670de45654fa7e35f39bd76b2749b344dca859e08d6768ea93df3fee5cf6b0c,427,427,0.2482435597189695550351288056,1.257749154829074702270548757,102.9999999999999981398675422,102.9999999999999981398675422,0.4973492268259950703110237321,-0.1250265651909694985579473830,255,0.2392156862745098039215686275,49.99999999999999907401280916,49.99999999999999907401280916,172,0.2616279069767441860465116279,52.99999999999999906585473297,52.99999999999999906585473297,run_735aed5e722140c1a85f8e71433dc84e,ema_pullback:db32aa09b83d7a486d3d436e
w08-lb120-r4_25,lab_3d_w08_lb_ratio,8,120,4.25,12.75,3.0,6670de45654fa7e35f39bd76b2749b344dca859e08d6768ea93df3fee5cf6b0c,427,427,0.2435597189695550351288056206,1.316832770573349505877920533,119.0000000000000044606268891,119.0000000000000044606268891,0.6497248811881930517979370127,-0.1243065551546144580028504508,255,0.2352941176470588235294117647,60.00000000000000432281578293,60.00000000000000432281578293,172,0.2558139534883720930232558140,59.00000000000000013781110595,59.00000000000000013781110595,run_82952d72cae84ac5ae13f91d1c92afd7,ema_pullback:56fe5e6ef0065a3eb396318b
w08-lb120-r4_5,lab_3d_w08_lb_ratio,8,120,4.5,13.5,3.0,6670de45654fa7e35f39bd76b2749b344dca859e08d6768ea93df3fee5cf6b0c,427,427,0.2365339578454332552693208431,1.362391446134595888996924831,128.5000000000000041380495088,128.5000000000000041380495088,0.7910875178877529884775924008,-0.1235865451182594174477535206,255,0.2274509803921568627450980392,64.00000000000000244104459976,64.00000000000000244104459976,172,0.25,64.50000000000000169700490930,64.50000000000000169700490930,run_b8d905adcd894303a1811cd6d66f8a02,ema_pullback:13301185cf8658fed5b26363
w08-lb120-r4_75,lab_3d_w08_lb_ratio,8,120,4.75,14.25,3.0,6670de45654fa7e35f39bd76b2749b344dca859e08d6768ea93df3fee5cf6b0c,427,427,0.2295081967213114754098360656,1.393406424799560299151986411,136.5000000000000004040478393,136.5000000000000004040478393,0.8842764767174852321607540757,-0.1228665350819043760292033142,255,0.2196078431372549019607843137,67.00000000000000055133380522,67.00000000000000055133380522,172,0.2441860465116279069767441860,69.49999999999999985271403433,69.49999999999999985271403433,run_60183a92a0644d91a0b84a54f7fcce3f,ema_pullback:2e02c08f8122e5f46eed6be4
w08-lb120-r5_0,lab_3d_w08_lb_ratio,8,120,5.0,15.0,3.0,6670de45654fa7e35f39bd76b2749b344dca859e08d6768ea93df3fee5cf6b0c,427,427,0.2224824355971896955503512881,1.400198051714885297322266090,143.0000000000000030742810697,143.0000000000000030742810697,0.8986724016037570478577131955,-0.1221465250455493372010129309,255,0.2117647058823529411764705882,69.00000000000000414148942344,69.00000000000000414148942344,172,0.2383720930232558139534883721,73.99999999999999893279164645,73.99999999999999893279164645,run_03c4c3783e334446a5cac226aa3742ae,ema_pullback:e86a52de0e455b2a1fdbc201
w08-lb125-r2_0,lab_3d_w08_lb_ratio,8,125,2.0,6.0,3.0,6670de45654fa7e35f39bd76b2749b344dca859e08d6768ea93df3fee5cf6b0c,419,419,0.3818615751789976133651551313,1.226373477080118942111140179,60.99999999999999843574951771,60.99999999999999843574951771,0.3756950625061437865426759822,-0.0927016324905494979639491007,252,0.4047619047619047619047619048,54.00000000000000007614267742,54.00000000000000007614267742,167,0.3473053892215568862275449102,6.999999999999998359606840270,6.999999999999998359606840270,run_34fd6c51247340cf99578351b998a58f,ema_pullback:d29cf8f0598d9aace06546c0
w08-lb125-r2_25,lab_3d_w08_lb_ratio,8,125,2.25,6.75,3.0,6670de45654fa7e35f39bd76b2749b344dca859e08d6768ea93df3fee5cf6b0c,419,419,0.3484486873508353221957040573,1.148926034224720384651601648,55.50000000000000440604827232,55.50000000000000440604827232,0.2407415052495592340415747516,-0.1190077380192218474432005709,252,0.3650793650793650793650793651,47.00000000000000270946226287,47.00000000000000270946226287,167,0.3233532934131736526946107784,8.500000000000001696586009422,8.500000000000001696586009422,run_1a9ca4320fa540c29be4b61dc99456fd,ema_pullback:c9e1b6901682ba5d3d00792a
w08-lb125-r2_5,lab_3d_w08_lb_ratio,8,125,2.5,7.5,3.0,6670de45654fa7e35f39bd76b2749b344dca859e08d6768ea93df3fee5cf6b0c,419,419,0.3293556085918854415274463007,1.193686151893436801683419919,64.00000000000000343838591029,64.00000000000000343838591029,0.3267251195715348347832865688,-0.1059282235212309137371886406,252,0.3373015873015873015873015873,45.50000000000000240028888415,45.50000000000000240028888415,167,0.3173652694610778443113772455,18.50000000000000103809702616,18.50000000000000103809702616,run_681840aef08444a0ad98b41d50c4df2d,ema_pullback:484580d0cef3491a330925b3
w08-lb125-r2_75,lab_3d_w08_lb_ratio,8,125,2.75,8.25,3.0,6670de45654fa7e35f39bd76b2749b344dca859e08d6768ea93df3fee5cf6b0c,418,418,0.3181818181818181818181818182,1.239167645705695489076097584,80.75000000000000632563325508,80.75000000000000632563325508,0.4224329310096165900706388096,-0.1070043920270587627848734536,251,0.3227091633466135458167330677,52.75000000000000390861243277,52.75000000000000390861243277,167,0.3113772455089820359281437126,28.00000000000000241702082229,28.00000000000000241702082229,run_fc28c3126f254cc7862f96a38e6325de,ema_pullback:84ccf2e5ec25373ca4de13e8
w08-lb125-r3_0,lab_3d_w08_lb_ratio,8,125,3.0,9.0,3.0,6670de45654fa7e35f39bd76b2749b344dca859e08d6768ea93df3fee5cf6b0c,417,417,0.2949640287769784172661870504,1.201677923961454869568098156,75.00000000000000454151157304,75.00000000000000454151157304,0.3605344284700430074822541556,-0.1037222250336476853201218168,251,0.2988047808764940239043824701,49.00000000000000359186886214,49.00000000000000359186886214,166,0.2891566265060240963855421687,26.00000000000000094964271090,26.00000000000000094964271090,run_cba39e6ade9944a587cf048077c37610,ema_pullback:e9af6e3a50fcfdc90d661daa
w08-lb125-r3_25,lab_3d_w08_lb_ratio,8,125,3.25,9.75,3.0,6670de45654fa7e35f39bd76b2749b344dca859e08d6768ea93df3fee5cf6b0c,417,417,0.2853717026378896882494004796,1.241391104936519655083077029,88.75000000000000316693345097,88.75000000000000316693345097,0.4509415573530729098226045724,-0.1014925083424838858667354448,251,0.2868525896414342629482071713,55.00000000000000226431707169,55.00000000000000226431707169,166,0.2831325301204819277108433735,33.75000000000000090261637930,33.75000000000000090261637930,run_978eeccb68b3433982e0348f8766ecde,ema_pullback:1ceed87185e892aabd13c97c
w08-lb125-r3_5,lab_3d_w08_lb_ratio,8,125,3.5,10.5,3.0,6670de45654fa7e35f39bd76b2749b344dca859e08d6768ea93df3fee5cf6b0c,417,417,0.2733812949640287769784172662,1.290332622722212672087978117,96.0000000000000078819543312,96.0000000000000078819543312,0.5654749076848495443276863548,-0.1062665924627627403262907377,251,0.2788844621513944223107569721,64.00000000000000565322354658,64.00000000000000565322354658,166,0.2650602409638554216867469880,32.00000000000000222873078460,32.00000000000000222873078460,run_6af934bc05f74a2f8cf8b431576de8f2,ema_pullback:1ce777b92d089b3dc4f38fc8
w08-lb125-r3_75,lab_3d_w08_lb_ratio,8,125,3.75,11.25,3.0,6670de45654fa7e35f39bd76b2749b344dca859e08d6768ea93df3fee5cf6b0c,417,417,0.2661870503597122302158273381,1.347947467227430798863310870,110.2500000000000026837743572,110.2500000000000026837743572,0.7269115335060528051066071243,-0.1055299325795837520970265835,251,0.2669322709163346613545816733,67.25000000000000218501170934,67.25000000000000218501170934,166,0.2650602409638554216867469880,43.00000000000000049876264783,43.00000000000000049876264783,run_05fe75000e8a480981baa1c81f24924b,ema_pullback:1a83d8f62200b36b6c9cf1e6
w08-lb125-r4_0,lab_3d_w08_lb_ratio,8,125,4.0,12.0,3.0,6670de45654fa7e35f39bd76b2749b344dca859e08d6768ea93df3fee5cf6b0c,417,417,0.2494004796163069544364508393,1.276553567839927126735415370,102.9999999999999981671407623,102.9999999999999981671407623,0.5310183691018379513913274844,-0.1181121217007197658395002685,251,0.2430278884462151394422310757,53.99999999999999907401280916,53.99999999999999907401280916,166,0.2590361445783132530120481928,48.99999999999999909312795304,48.99999999999999909312795304,run_1e383a173d5f441880018ac60913ac6d,ema_pullback:0b6e78c40ebf2859b6a078ee
w08-lb125-r4_25,lab_3d_w08_lb_ratio,8,125,4.25,12.75,3.0,6670de45654fa7e35f39bd76b2749b344dca859e08d6768ea93df3fee5cf6b0c,417,417,0.2446043165467625899280575540,1.336095887621852941281332466,118.5000000000000049626055905,118.5000000000000049626055905,0.6858404823463129587111678996,-0.1173864218130952679761339034,251,0.2390438247011952191235059761,64.00000000000000432281578295,64.00000000000000432281578295,166,0.2530120481927710843373493976,54.50000000000000063978980735,54.50000000000000063978980735,run_4d07e2196c38497ea8fb2f8917dd1ee0,ema_pullback:eecf6485cd2f6f09237e32c3
w08-lb125-r4_5,lab_3d_w08_lb_ratio,8,125,4.5,13.5,3.0,6670de45654fa7e35f39bd76b2749b344dca859e08d6768ea93df3fee5cf6b0c,417,417,0.2374100719424460431654676259,1.381728083885386033846245432,127.5000000000000048192850700,127.5000000000000048192850700,0.829235000592220197638430963,-0.1166607219254707701127675371,251,0.2310756972111553784860557769,68.00000000000000244104459975,68.00000000000000244104459975,166,0.2469879518072289156626506024,59.50000000000000237824047042,59.50000000000000237824047042,run_fa0bf7132ff9441a80bc2151a5c3ccea,ema_pullback:45fadc4b2a20c90a8f2ee5aa
w08-lb125-r4_75,lab_3d_w08_lb_ratio,8,125,4.75,14.25,3.0,6670de45654fa7e35f39bd76b2749b344dca859e08d6768ea93df3fee5cf6b0c,417,417,0.2302158273381294964028776978,1.412808337786053625342623237,135.0000000000000008213673278,135.0000000000000008213673278,0.9232916635979804684226847291,-0.1159350220378462713791244889,251,0.2231075697211155378486055777,71.00000000000000055133380526,71.00000000000000055133380526,166,0.2409638554216867469879518072,64.00000000000000027003352285,64.00000000000000027003352285,run_94c2b2be800143d4979c29b80255f3e8,ema_pullback:c6abf84e428dc24e1cb15e12
w08-lb125-r5_0,lab_3d_w08_lb_ratio,8,125,5.0,15.0,3.0,6670de45654fa7e35f39bd76b2749b344dca859e08d6768ea93df3fee5cf6b0c,417,417,0.2230215827338129496402877698,1.419367926530554622486546652,141.0000000000000032163262753,141.0000000000000032163262753,0.936861086994231639084565407,-0.1152093221502217752563114828,251,0.2151394422310756972111553785,73.00000000000000414148942345,73.00000000000000414148942345,166,0.2349397590361445783132530120,67.99999999999999907483685208,67.99999999999999907483685208,run_541fe36fcf35463bbb8986f9018f42de,ema_pullback:3491350da64484779dc10be7
w08-lb130-r2_0,lab_3d_w08_lb_ratio,8,130,2.0,6.0,3.0,6670de45654fa7e35f39bd76b2749b344dca859e08d6768ea93df3fee5cf6b0c,411,411,0.3844282238442822384428223844,1.232546574940812084127556613,62.99999999999999829019009209,62.99999999999999829019009209,0.3798527628604738646935912194,-0.0984779197297622757144914206,250,0.408,56.00000000000000007614267743,56.00000000000000007614267743,161,0.3478260869565217391304347826,6.999999999999998214047414665,6.999999999999998214047414665,run_7de6b95fdf384dfca6ee599da762628b,ema_pullback:0c33534dadb3893446abee71
w08-lb130-r2_25,lab_3d_w08_lb_ratio,8,130,2.25,6.75,3.0,6670de45654fa7e35f39bd76b2749b344dca859e08d6768ea93df3fee5cf6b0c,411,411,0.3503649635036496350364963504,1.152035857625198733739070712,57.00000000000000467330040942,57.00000000000000467330040942,0.24186717179070713206300843,-0.1258655625918339696595382015,250,0.368,49.00000000000000270946226290,49.00000000000000270946226290,161,0.3229813664596273291925465839,8.000000000000001963838146515,8.000000000000001963838146515,run_fbd2427cd8204e45b27de04f33075860,ema_pullback:9adb560b6187c8f624a58ffd
w08-lb130-r2_5,lab_3d_w08_lb_ratio,8,130,2.5,7.5,3.0,6670de45654fa7e35f39bd76b2749b344dca859e08d6768ea93df3fee5cf6b0c,411,411,0.3309002433090024330900243309,1.196082445391547647432844723,65.00000000000000339065248205,65.00000000000000339065248205,0.3251320020707596006211612233,-0.1141518073650693009480265787,250,0.34,47.50000000000000240028888411,47.50000000000000240028888411,161,0.3167701863354037267080745342,17.50000000000000099036359792,17.50000000000000099036359792,run_3ed72f5a34ad4de6a4ab4ea444ccbed3,ema_pullback:8a70997bd1e03abadf07391a
w08-lb130-r2_75,lab_3d_w08_lb_ratio,8,130,2.75,8.25,3.0,6670de45654fa7e35f39bd76b2749b344dca859e08d6768ea93df3fee5cf6b0c,411,411,0.3187347931873479318734793187,1.236938888657315399909173954,80.25000000000000651774653844,80.25000000000000651774653844,0.4105102085780287206060375705,-0.1209800913304397057917884421,250,0.324,53.75000000000000390861243275,53.75000000000000390861243275,161,0.3105590062111801242236024845,26.50000000000000260913410568,26.50000000000000260913410568,run_7e6f22e4bdd54e7aa4b6709ace0aa7f1,ema_pullback:ac9d4e4fad1985fc5c5722ae
w08-lb130-r3_0,lab_3d_w08_lb_ratio,8,130,3.0,9.0,3.0,6670de45654fa7e35f39bd76b2749b344dca859e08d6768ea93df3fee5cf6b0c,411,411,0.2944038929440389294403892944,1.196634159758063624558455036,73.00000000000000459160414220,73.00000000000000459160414220,0.344613062546351225111066752,-0.1190027387742854276882091752,250,0.3,50.00000000000000359186886213,50.00000000000000359186886213,161,0.2857142857142857142857142857,23.00000000000000099973528004,23.00000000000000099973528004,run_77c326ffc1864f9b9a569e6ed38074c4,ema_pullback:756b8f75b8242b24c4a34282
w08-lb130-r3_25,lab_3d_w08_lb_ratio,8,130,3.25,9.75,3.0,6670de45654fa7e35f39bd76b2749b344dca859e08d6768ea93df3fee5cf6b0c,411,411,0.2846715328467153284671532847,1.235627045740803984098949830,86.25000000000000292000931661,86.25000000000000292000931661,0.4309527935028589565316281308,-0.1218610110248195398524121033,250,0.288,56.00000000000000226431707169,56.00000000000000226431707169,161,0.2795031055900621118012422360,30.25000000000000065569224496,30.25000000000000065569224496,run_9abfdab6b06a4877af2e242ed06ad190,ema_pullback:9a2553c656faa967566f2e6b
w08-lb130-r3_5,lab_3d_w08_lb_ratio,8,130,3.5,10.5,3.0,6670de45654fa7e35f39bd76b2749b344dca859e08d6768ea93df3fee5cf6b0c,411,411,0.2749391727493917274939172749,1.292117071933983409508027386,97.5000000000000078387131185,97.5000000000000078387131185,0.5597765090813231137839562537,-0.1062665924627627403262907377,250,0.28,65.00000000000000565322354660,65.00000000000000565322354660,161,0.2670807453416149068322981366,32.50000000000000218548957184,32.50000000000000218548957184,run_c5fa975008df4295bcf857c53ebea21f,ema_pullback:be9c62e9b280ffb70fccaf2a
w08-lb130-r3_75,lab_3d_w08_lb_ratio,8,130,3.75,11.25,3.0,6670de45654fa7e35f39bd76b2749b344dca859e08d6768ea93df3fee5cf6b0c,411,411,0.2676399026763990267639902676,1.349779345341608144756263397,111.5000000000000023162240487,111.5000000000000023162240487,0.7181913148728727125906262577,-0.1055299325795837520970265835,250,0.268,68.25000000000000218501170936,68.25000000000000218501170936,161,0.2670807453416149068322981366,43.25000000000000013121233928,43.25000000000000013121233928,run_a2344b8616484db0a25268870df76a36,ema_pullback:175b5623b2e8fac2a92f96f8
w08-lb130-r4_0,lab_3d_w08_lb_ratio,8,130,4.0,12.0,3.0,6670de45654fa7e35f39bd76b2749b344dca859e08d6768ea93df3fee5cf6b0c,411,411,0.2506082725060827250608272506,1.276329676255818239784591251,103.9999999999999981671407623,103.9999999999999981671407623,0.5211353701682697584686759157,-0.1181121217007197658395002685,250,0.244,54.99999999999999907401280917,54.99999999999999907401280917,161,0.2608695652173913043478260870,48.99999999999999909312795306,48.99999999999999909312795306,run_3c0284ed7eda41f7abec38a1f292a68c,ema_pullback:65dfd4dd10cd5f1f4e6ea6ac
w08-lb130-r4_25,lab_3d_w08_lb_ratio,8,130,4.25,12.75,3.0,6670de45654fa7e35f39bd76b2749b344dca859e08d6768ea93df3fee5cf6b0c,411,411,0.2457420924574209245742092457,1.335961485245756814477030200,119.2500000000000053301558990,119.2500000000000053301558990,0.6725951870192774574293034564,-0.1173864218130952679761339034,250,0.24,65.00000000000000432281578293,65.00000000000000432281578293,161,0.2546583850931677018633540373,54.25000000000000100734011589,54.25000000000000100734011589,run_3bab0a09120e404b836f52649f5d852c,ema_pullback:5a017b87fde2e4de6b0c0876
w08-lb130-r4_5,lab_3d_w08_lb_ratio,8,130,4.5,13.5,3.0,6670de45654fa7e35f39bd76b2749b344dca859e08d6768ea93df3fee5cf6b0c,411,411,0.2384428223844282238442822384,1.381570982055672421741069163,128.0000000000000048625262827,128.0000000000000048625262827,0.812306433127098147669078637,-0.1166607219254707701127675371,250,0.232,69.00000000000000244104459974,69.00000000000000244104459974,161,0.2484472049689440993788819876,59.00000000000000242148168323,59.00000000000000242148168323,run_61866572e448419c8380343ebecf0dbd,ema_pullback:464cfb9c62ef276aeaba407f
w08-lb130-r4_75,lab_3d_w08_lb_ratio,8,130,4.75,14.25,3.0,6670de45654fa7e35f39bd76b2749b344dca859e08d6768ea93df3fee5cf6b0c,411,411,0.2311435523114355231143552311,1.412276082778737027182567474,135.2500000000000005402994448,135.2500000000000005402994448,0.9028121054046442040347903139,-0.1159350220378462713791244889,250,0.224,72.00000000000000055133380525,72.00000000000000055133380525,161,0.2422360248447204968944099379,63.24999999999999998896563985,63.24999999999999998896563985,run_014bff1f2a4b48f2a4131cd35e03113e,ema_pullback:e68200d0714d958757ec5e67
w08-lb130-r5_0,lab_3d_w08_lb_ratio,8,130,5.0,15.0,3.0,6670de45654fa7e35f39bd76b2749b344dca859e08d6768ea93df3fee5cf6b0c,411,411,0.2238442822384428223844282238,1.417969399917009804548511183,141.0000000000000033028087009,141.0000000000000033028087009,0.9135451634119030871128552413,-0.1152093221502217752563114828,250,0.216,74.00000000000000414148942346,74.00000000000000414148942346,161,0.2360248447204968944099378882,66.99999999999999916131927762,66.99999999999999916131927762,run_88200f273cf64042851aa6d7f7606e4a,ema_pullback:ae61ce6a10a9b1482dd4ac53
w08-lb135-r2_0,lab_3d_w08_lb_ratio,8,135,2.0,6.0,3.0,6670de45654fa7e35f39bd76b2749b344dca859e08d6768ea93df3fee5cf6b0c,404,404,0.3836633663366336633663366337,1.223983936523534569165100030,60.99999999999999830565339812,60.99999999999999830565339812,0.3558448133460763497813796874,-0.0984779197297622757144914225,246,0.4065040650406504065040650407,53.99999999999999995767804326,53.99999999999999995767804326,158,0.3481012658227848101265822785,6.999999999999998347975354845,6.999999999999998347975354845,run_8d6cebd8cc6440af9b3e7dfbb92cfcce,ema_pullback:c457b095156a7af69b9df638
w08-lb135-r2_25,lab_3d_w08_lb_ratio,8,135,2.25,6.75,3.0,6670de45654fa7e35f39bd76b2749b344dca859e08d6768ea93df3fee5cf6b0c,404,404,0.3490099009900990099009900990,1.139858629986158990689544984,54.25000000000000472998898194,54.25000000000000472998898194,0.2160015154206707115126440988,-0.1258655625918339696595382040,246,0.3658536585365853658536585366,46.50000000000000276615083540,46.50000000000000276615083540,158,0.3227848101265822784810126582,7.750000000000001963838146505,7.750000000000001963838146505,run_23620670557142c999656772f0cb22bc,ema_pullback:8b752522fb81f793a21d2e48
w08-lb135-r2_5,lab_3d_w08_lb_ratio,8,135,2.5,7.5,3.0,6670de45654fa7e35f39bd76b2749b344dca859e08d6768ea93df3fee5cf6b0c,404,404,0.3316831683168316831683168317,1.191357565062073933957977410,65.00000000000000386647669891,65.00000000000000386647669891,0.308013065190082167226749791,-0.1141518073650693009480265794,246,0.3414634146341463414634146341,48.00000000000000247432928044,48.00000000000000247432928044,158,0.3164556962025316455696202532,17.00000000000000139214741844,17.00000000000000139214741844,run_7bcf28452a1b4be190cbd5dc26472881,ema_pullback:9b141d89a6885735c9b7b9bd
w08-lb135-r2_75,lab_3d_w08_lb_ratio,8,135,2.75,8.25,3.0,6670de45654fa7e35f39bd76b2749b344dca859e08d6768ea93df3fee5cf6b0c,404,404,0.3193069306930693069306930693,1.231576487382700538122994152,79.75000000000000680781453770,79.75000000000000680781453770,0.388579305408823337468458809,-0.1209800913304397057917884420,246,0.3252032520325203252032520325,54.00000000000000393082455166,54.00000000000000393082455166,158,0.3101265822784810126582278481,25.75000000000000287698998604,25.75000000000000287698998604,run_92cc8c7d6a36462a9f11f90327b1f461,ema_pullback:8b896352c6cc1fa9195437a4
w08-lb135-r3_0,lab_3d_w08_lb_ratio,8,135,3.0,9.0,3.0,6670de45654fa7e35f39bd76b2749b344dca859e08d6768ea93df3fee5cf6b0c,404,404,0.2945544554455445544554455446,1.189005539035406853553394548,72.00000000000000439975433847,72.00000000000000439975433847,0.3201857865547466570000296746,-0.1190027387742854276882091762,246,0.3008130081300813008130081301,50.00000000000000326609111823,50.00000000000000326609111823,158,0.2848101265822784810126582278,22.00000000000000113366322023,22.00000000000000113366322023,run_f7b345c8cacb4c18b1093d5e47a42cd7,ema_pullback:3b340dcce2e8258287977b88
w08-lb135-r3_25,lab_3d_w08_lb_ratio,8,135,3.25,9.75,3.0,6670de45654fa7e35f39bd76b2749b344dca859e08d6768ea93df3fee5cf6b0c,404,404,0.2846534653465346534653465347,1.227470670244010949570383473,84.75000000000000337427664138,84.75000000000000337427664138,0.4012255784745609453273274635,-0.1313928790408218852502707663,246,0.2886178861788617886178861789,55.75000000000000218287263572,55.75000000000000218287263572,158,0.2784810126582278481012658228,29.00000000000000119140400566,29.00000000000000119140400566,run_aa837e9196be4930a7004cf8de073ffc,ema_pullback:3289904aa670a5aa2315e458
w08-lb135-r3_5,lab_3d_w08_lb_ratio,8,135,3.5,10.5,3.0,6670de45654fa7e35f39bd76b2749b344dca859e08d6768ea93df3fee5cf6b0c,404,404,0.2747524752475247524752475248,1.283886901678326849621543838,95.50000000000000797329628534,95.50000000000000797329628534,0.5233226277011227835981688624,-0.1130368539374221151676731911,246,0.2804878048780487804878048780,64.50000000000000551995083314,64.50000000000000551995083314,158,0.2658227848101265822784810127,31.00000000000000245334545218,31.00000000000000245334545218,run_aa781f5d54794db08b6b6238fe2b5c5b,ema_pullback:a1bed935f43352ae8ae4dce1
w08-lb135-r3_75,lab_3d_w08_lb_ratio,8,135,3.75,11.25,3.0,6670de45654fa7e35f39bd76b2749b344dca859e08d6768ea93df3fee5cf6b0c,404,404,0.2673267326732673267326732673,1.341881291987960886472700937,109.0000000000000023989789382,109.0000000000000023989789382,0.6735918215061322790584459868,-0.1055299325795837520970265838,246,0.2682926829268292682926829268,67.50000000000000199991071850,67.50000000000000199991071850,158,0.2658227848101265822784810127,41.50000000000000039906821965,41.50000000000000039906821965,run_1044b85364354d598c799e669eecc54d,ema_pullback:6322b9fd278d7dba8c457471
w08-lb135-r4_0,lab_3d_w08_lb_ratio,8,135,4.0,12.0,3.0,6670de45654fa7e35f39bd76b2749b344dca859e08d6768ea93df3fee5cf6b0c,404,404,0.25,1.264503010196930368041887144,100.9999999999999984942289597,100.9999999999999984942289597,0.4777335438317270438997318616,-0.1181121217007197658395002689,246,0.2439024390243902439024390244,53.99999999999999913324512625,53.99999999999999913324512625,158,0.2594936708860759493670886076,46.99999999999999936098383340,46.99999999999999936098383340,run_80035ab799d2439297539917b236d221,ema_pullback:0efa5965cd82d127e84773e3
w08-lb135-r4_25,lab_3d_w08_lb_ratio,8,135,4.25,12.75,3.0,6670de45654fa7e35f39bd76b2749b344dca859e08d6768ea93df3fee5cf6b0c,404,404,0.2450495049504950495049504950,1.324497504017736827081485404,115.7500000000000051753262933,115.7500000000000051753262933,0.6205822544012147024518168592,-0.1173864218130952679761339022,246,0.2398373983739837398373983740,63.75000000000000403405823721,63.75000000000000403405823721,158,0.2531645569620253164556962025,52.00000000000000114126805607,52.00000000000000114126805607,run_7a1b12a01290437eb59bb157f8cac45f,ema_pullback:79f19b249470086cb1689f3d
w08-lb135-r4_5,lab_3d_w08_lb_ratio,8,135,4.5,13.5,3.0,6670de45654fa7e35f39bd76b2749b344dca859e08d6768ea93df3fee5cf6b0c,404,404,0.2376237623762376237623762376,1.370395962224726813155716141,124.0000000000000045219404597,124.0000000000000045219404597,0.7513202130833859994594730769,-0.1166607219254707701127675356,246,0.2317073170731707317073170732,67.50000000000000210045877660,67.50000000000000210045877660,158,0.2468354430379746835443037975,56.50000000000000242148168320,56.50000000000000242148168320,run_9b9c1d8ccf9a4a59845e74f1f25a590a,ema_pullback:bc7f410460a646d6377b16aa
w08-lb135-r4_75,lab_3d_w08_lb_ratio,8,135,4.75,14.25,3.0,6670de45654fa7e35f39bd76b2749b344dca859e08d6768ea93df3fee5cf6b0c,404,404,0.2301980198019801980198019802,1.400627796237201985828972461,130.7500000000000006552914001,130.7500000000000006552914001,0.833940504163781002869049527,-0.1159350220378462713791244887,246,0.2235772357723577235772357724,70.24999999999999986275811926,70.24999999999999986275811926,158,0.2405063291139240506329113924,60.50000000000000079253328091,60.50000000000000079253328091,run_85cca80303524e548a48b34a2e17d8a0,ema_pullback:67995e05f79f200eb20a53b1
w08-lb135-r5_0,lab_3d_w08_lb_ratio,8,135,5.0,15.0,3.0,6670de45654fa7e35f39bd76b2749b344dca859e08d6768ea93df3fee5cf6b0c,404,404,0.2227722772277227722772277228,1.404908971262024665818644691,136.0000000000000038243676093,136.0000000000000038243676093,0.8394380815909640996392192124,-0.1152093221502217752563114822,246,0.2154471544715447154471544715,72.00000000000000399340863077,72.00000000000000399340863077,158,0.2341772151898734177215189873,63.99999999999999983095897850,63.99999999999999983095897850,run_ff45489db63a4243995a3c19e9784d6e,ema_pullback:34ea4b96d4954d7ce00784ce
w08-lb140-r2_0,lab_3d_w08_lb_ratio,8,140,2.0,6.0,3.0,6670de45654fa7e35f39bd76b2749b344dca859e08d6768ea93df3fee5cf6b0c,391,391,0.3785166240409207161125319693,1.207823133150847124716785695,52.99999999999999809933433560,52.99999999999999809933433560,0.3205495451534067539899187037,-0.0906527907320237276394441198,237,0.4008438818565400843881856540,47.99999999999999964601267443,47.99999999999999964601267443,154,0.3441558441558441558441558442,4.999999999999998453321661144,4.999999999999998453321661144,run_f82807ecd97c439b8734891bae6ef2f3,ema_pullback:c8f43444d2a0285c11975b62
w08-lb140-r2_25,lab_3d_w08_lb_ratio,8,140,2.25,6.75,3.0,6670de45654fa7e35f39bd76b2749b344dca859e08d6768ea93df3fee5cf6b0c,391,391,0.3427109974424552429667519182,1.118274614612185004651765148,44.50000000000000430199470754,44.50000000000000430199470754,0.1768666042419390214968819694,-0.1182781558230123914944719852,237,0.3586497890295358649789029536,39.25000000000000290960620236,39.25000000000000290960620236,154,0.3181818181818181818181818182,5.250000000000001392388505197,5.250000000000001392388505197,run_6cb4edde21c64a14ac43df5c411d9830,ema_pullback:30a28d745b5fd14118abdc66
w08-lb140-r2_5,lab_3d_w08_lb_ratio,8,140,2.5,7.5,3.0,6670de45654fa7e35f39bd76b2749b344dca859e08d6768ea93df3fee5cf6b0c,391,391,0.3273657289002557544757033248,1.176392989845645924525559594,57.00000000000000356043609333,57.00000000000000356043609333,0.2770726914395509223549124445,-0.1064627262748934510675268412,237,0.3375527426160337552742616034,43.00000000000000238049869177,43.00000000000000238049869177,154,0.3116883116883116883116883117,14.00000000000000117993740156,14.00000000000000117993740156,run_d91624c7e8c74b44b5092be8e257a261,ema_pullback:973601e3556a42b6f8d63408
w08-lb140-r2_75,lab_3d_w08_lb_ratio,8,140,2.75,8.25,3.0,6670de45654fa7e35f39bd76b2749b344dca859e08d6768ea93df3fee5cf6b0c,391,391,0.3145780051150895140664961637,1.213303010183976880542639932,70.25000000000000616168016278,70.25000000000000616168016278,0.3486320427491057892628589973,-0.1133502791190096725726552536,237,0.3206751054852320675105485232,48.00000000000000323125832146,48.00000000000000323125832146,154,0.3051948051948051948051948052,22.25000000000000293042184130,22.25000000000000293042184130,run_2e9b1ec692104790b8e978a65d542f2d,ema_pullback:e1e2ed98d0ae6aa06d949538
w08-lb140-r3_0,lab_3d_w08_lb_ratio,8,140,3.0,9.0,3.0,6670de45654fa7e35f39bd76b2749b344dca859e08d6768ea93df3fee5cf6b0c,391,391,0.2915601023017902813299232737,1.172124069433784368268909740,65.00000000000000447729896247,65.00000000000000447729896247,0.2852021282403822900946315394,-0.1076300567231757755843738077,237,0.2953586497890295358649789030,43.00000000000000325875173549,43.00000000000000325875173549,154,0.2857142857142857142857142857,22.00000000000000121854722698,22.00000000000000121854722698,run_f7cec5673d114cbe98589b900b0a2bf8,ema_pullback:b398af5ac97942c50a317bab
w08-lb140-r3_25,lab_3d_w08_lb_ratio,8,140,3.25,9.75,3.0,6670de45654fa7e35f39bd76b2749b344dca859e08d6768ea93df3fee5cf6b0c,391,391,0.2838874680306905370843989770,1.212183468655328878288485574,80.75000000000000351326804669,80.75000000000000351326804669,0.366028929355829158051695436,-0.1201801397409801837083196127,237,0.2869198312236286919831223629,52.00000000000000225820103597,52.00000000000000225820103597,154,0.2792207792207792207792207792,28.75000000000000125506701074,28.75000000000000125506701074,run_de0b75f7a321436db604366c3b7368f4,ema_pullback:4badfbb514b73314b2d85842
w08-lb140-r3_5,lab_3d_w08_lb_ratio,8,140,3.5,10.5,3.0,6670de45654fa7e35f39bd76b2749b344dca859e08d6768ea93df3fee5cf6b0c,391,391,0.2762148337595907928388746803,1.274849654960273593785642752,95.00000000000000800561287120,95.00000000000000800561287120,0.4945020035154114860903448281,-0.1071051893982440581402440909,237,0.2827004219409282700421940928,64.50000000000000550982541564,64.50000000000000550982541564,154,0.2662337662337662337662337662,30.50000000000000249578745558,30.50000000000000249578745558,run_8efd6b344cc249d0bfee301b508fcaf0,ema_pullback:378ac615f637d4a144de5e11
w08-lb140-r3_75,lab_3d_w08_lb_ratio,8,140,3.75,11.25,3.0,6670de45654fa7e35f39bd76b2749b344dca859e08d6768ea93df3fee5cf6b0c,391,391,0.2685421994884910485933503836,1.331102950820355028109243957,107.7500000000000021657582498,107.7500000000000021657582498,0.6356988254105181098195665623,-0.1055654012387831209547561619,237,0.2700421940928270042194092827,67.00000000000000174546902845,67.00000000000000174546902845,154,0.2662337662337662337662337662,40.75000000000000042028922133,40.75000000000000042028922133,run_75756475178b4e718e544fa5b083297c,ema_pullback:5d73b7e2afb982b5bc39db42
w08-lb140-r4_0,lab_3d_w08_lb_ratio,8,140,4.0,12.0,3.0,6670de45654fa7e35f39bd76b2749b344dca859e08d6768ea93df3fee5cf6b0c,391,391,0.2506393861892583120204603581,1.249701742191691693682245757,98.9999999999999983347265838,98.9999999999999983347265838,0.438802997095375983957231488,-0.1173545789851224736469671003,237,0.2447257383966244725738396624,52.99999999999999897374275043,52.99999999999999897374275043,154,0.2597402597402597402597402597,45.99999999999999936098383340,45.99999999999999936098383340,run_2e54a69d396f4e0ba299e00ceaa8d5aa,ema_pullback:b14d2b5e591bfa2b683d6f68
w08-lb140-r4_25,lab_3d_w08_lb_ratio,8,140,4.25,12.75,3.0,6670de45654fa7e35f39bd76b2749b344dca859e08d6768ea93df3fee5cf6b0c,391,391,0.2455242966751918158567774936,1.307878554147133590958629095,113.0000000000000042409826028,113.0000000000000042409826028,0.5719180347991409289265281093,-0.1158350911171195324660340203,237,0.2405063291139240506329113924,62.25000000000000363023958891,62.25000000000000363023958891,154,0.2532467532467532467532467532,50.75000000000000061074301383,50.75000000000000061074301383,run_5d11f93ed1ae4deeb99137c700fd7be3,ema_pullback:0539768a9292c2e6119bff31
w08-lb140-r4_5,lab_3d_w08_lb_ratio,8,140,4.5,13.5,3.0,6670de45654fa7e35f39bd76b2749b344dca859e08d6768ea93df3fee5cf6b0c,391,391,0.2404092071611253196930946292,1.368511487494182054485344617,126.0000000000000036511896641,126.0000000000000036511896641,0.7235708222204331725398360294,-0.1149805121128669209324498247,237,0.2362869198312236286919831224,71.00000000000000178145402499,71.00000000000000178145402499,154,0.2467532467532467532467532468,55.00000000000000186973563931,55.00000000000000186973563931,run_eebf52bbdbb9411787cdab37cef75510,ema_pullback:fa6eea9b22bc684e9405d167
w08-lb140-r4_75,lab_3d_w08_lb_ratio,8,140,4.75,14.25,3.0,6670de45654fa7e35f39bd76b2749b344dca859e08d6768ea93df3fee5cf6b0c,391,391,0.2327365728900255754475703325,1.397504899029436967793843460,132.2499999999999994340492135,132.2499999999999994340492135,0.7995533022012531637951545322,-0.1142534318631296335086825335,237,0.2278481012658227848101265823,73.49999999999999938425099178,73.49999999999999938425099178,154,0.2402597402597402597402597403,58.75000000000000004979822181,58.75000000000000004979822181,run_81d3bbdd4a284613857f235f6bc3a539,ema_pullback:c99c3821858e0aea9092cc29
w08-lb140-r5_0,lab_3d_w08_lb_ratio,8,140,5.0,15.0,3.0,6670de45654fa7e35f39bd76b2749b344dca859e08d6768ea93df3fee5cf6b0c,391,391,0.2250639386189258312020460358,1.399836097721601936002698490,137.0000000000000033999475755,137.0000000000000033999475755,0.7996267597496496872336041631,-0.1135263516133923487007113727,237,0.2194092827004219409282700422,75.00000000000000399340863075,75.00000000000000399340863075,154,0.2337662337662337662337662338,61.99999999999999940653894471,61.99999999999999940653894471,run_2319303a789e426b9cc8764105fc3126,ema_pullback:c0609a247c78ffed28b7860f
