candidate_id,source_batch_id,untouched_lookback,market_data_hash,realised_trade_count,r_eligible_trade_count,win_rate,profit_factor,cumulative_gross_r,cumulative_net_r,return_pct,max_drawdown_pct,long_trades,long_win_rate,long_cumulative_gross_r,long_cumulative_net_r,short_trades,short_win_rate,short_cumulative_gross_r,short_cumulative_net_r,run_id,instance_id
lookback-001,lab_baseline_untouched_only_v2,1,96a9efa5b762de4597557350435f13ac8c387df8d8cbe995dfb6a7810e10b540,4506,4506,0.4975588104749223257878384376,0.9751476908103761147647618170,-22,-22,-0.2968160375435203206799645148,-0.4216694566255820209189930270,2481,0.5018137847642079806529625151,9,9,2025,0.4923456790123456790123456790,-31,-31,run_8427edb8ff8343cfa453f22484a0a673,ema_pullback:aa60cd3dc7c9b1a5d2cefbc8
lookback-002,lab_baseline_untouched_only_v2,2,96a9efa5b762de4597557350435f13ac8c387df8d8cbe995dfb6a7810e10b540,4308,4308,0.4983751160631383472609099350,0.9749008250785849025897925326,-14,-14,-0.287139707517501268462519627,-0.4205113001266194430518353917,2373,0.5018963337547408343868520860,9,9,1935,0.4940568475452196382428940568,-23,-23,run_d72ec7d106a04507a12e2585607391b3,ema_pullback:d6ed96c3bcdc38db9b2c0c17
lookback-003,lab_baseline_untouched_only_v2,3,96a9efa5b762de4597557350435f13ac8c387df8d8cbe995dfb6a7810e10b540,4169,4169,0.4986807387862796833773087071,0.9802067966445066035449023074,-11,-11,-0.2290000505917826203934797301,-0.3993943531264940404651305229,2296,0.5026132404181184668989547038,12,12,1873,0.4938601174586225306994127069,-23,-23,run_377253168a224cbca21de53f151b1f05,ema_pullback:0f4aa28106c1e9186cd60454
lookback-004,lab_baseline_untouched_only_v2,4,96a9efa5b762de4597557350435f13ac8c387df8d8cbe995dfb6a7810e10b540,4040,4040,0.4982673267326732673267326733,0.9787113536898541579713182103,-14,-14,-0.2363809984031314912578782726,-0.3929744749848249211970330940,2220,0.5027027027027027027027027027,12,12,1820,0.4928571428571428571428571429,-26,-26,run_c0d1bde5b6c14eab9433ea387e72bde4,ema_pullback:424c1efaf0d5d8cf03d32063
lookback-005,lab_baseline_untouched_only_v2,5,96a9efa5b762de4597557350435f13ac8c387df8d8cbe995dfb6a7810e10b540,3958,3958,0.4994946942900454775138959070,0.9857634179399962021905316602,-4,-4,-0.1581674401538440781983844207,-0.3657599173679477242173124306,2174,0.5050597976080956761729530819,22,22,1784,0.4927130044843049327354260090,-26,-26,run_26e4d84d2acd4aadbdadc2f71655e555,ema_pullback:6bb71ee12f1acbd261797ce4
lookback-006,lab_baseline_untouched_only_v2,6,96a9efa5b762de4597557350435f13ac8c387df8d8cbe995dfb6a7810e10b540,3855,3855,0.4980544747081712062256809339,0.9821700839426908521163406353,-15,-15,-0.193695577464916494612769292,-0.3866107736654746738335329719,2113,0.5026029342167534311405584477,11,11,1742,0.4925373134328358208955223881,-26,-26,run_b1f39142ae9a46ecbc47e1ea1ec139e9,ema_pullback:c3b1d0f12206cf932a60c810
lookback-007,lab_baseline_untouched_only_v2,7,96a9efa5b762de4597557350435f13ac8c387df8d8cbe995dfb6a7810e10b540,3787,3787,0.4974914180089780829152363348,0.9840614447212240789820733202,-19,-19,-0.1704672418425921499082397059,-0.3894937022967691251614655205,2068,0.5009671179883945841392649903,4,4,1719,0.4933100639906922629435718441,-23,-23,run_2d0bb8afa0d340788c2c3079b56dc75d,ema_pullback:b255d6722530d6f466e0106e
lookback-008,lab_baseline_untouched_only_v2,8,96a9efa5b762de4597557350435f13ac8c387df8d8cbe995dfb6a7810e10b540,3709,3709,0.4990563494203289296306282017,0.9961145063051645115505268055,-7,-7,-0.0446064753228275287357910621,-0.3792854190233306026200859683,2023,0.5017301038062283737024221453,7,7,1686,0.4958481613285883748517200474,-14,-14,run_3e34c1b1cbf049b09eb45dbffd0ba860,ema_pullback:3fd61ed1f956bfeef7ed10c2
lookback-009,lab_baseline_untouched_only_v2,9,96a9efa5b762de4597557350435f13ac8c387df8d8cbe995dfb6a7810e10b540,3627,3627,0.4987593052109181141439205955,0.9987929463331898498195407623,-9,-9,-0.01385302909898362350133688873,-0.3683093425773411914576851227,1977,0.5027819929185634800202326758,11,11,1650,0.4939393939393939393939393939,-20,-20,run_4034105a2fd84cc485bf4f224b198779,ema_pullback:8fc0894944e7707913485e82
lookback-010,lab_baseline_untouched_only_v2,10,96a9efa5b762de4597557350435f13ac8c387df8d8cbe995dfb6a7810e10b540,3556,3556,0.4974690663667041619797525309,0.9956620786523643046567410482,-18,-18,-0.04719481175299857209043930054,-0.3438938814710296391792850829,1939,0.5012893243940175348117586385,5,5,1617,0.4928880643166357452071737786,-23,-23,run_cb156d1a009349b7999da09024801050,ema_pullback:4dac60012eea3e3aff04ec53
lookback-011,lab_baseline_untouched_only_v2,11,96a9efa5b762de4597557350435f13ac8c387df8d8cbe995dfb6a7810e10b540,3494,3494,0.4979965655409273039496279336,0.9954364171206212733260545346,-14,-14,-0.04881381887354145534835238546,-0.3418027085036895370624146277,1907,0.5013109596224436287362349240,5,5,1587,0.4940138626339004410838059231,-19,-19,run_fd79383893b5420795bd0bb2505795a5,ema_pullback:e231cf011a7c3225936d0711
lookback-012,lab_baseline_untouched_only_v2,12,96a9efa5b762de4597557350435f13ac8c387df8d8cbe995dfb6a7810e10b540,3417,3417,0.4972197834357623646473514779,0.9936668725191230325256698997,-19,-19,-0.06475325624048262358905425875,-0.3307887368802784716033829732,1868,0.5005353319057815845824411135,2,2,1549,0.4932214331826985151710781149,-21,-21,run_aabeb99ccfa64fdf97f15ba7162511c4,ema_pullback:37cb81e5189abaa145193af7
lookback-013,lab_baseline_untouched_only_v2,13,96a9efa5b762de4597557350435f13ac8c387df8d8cbe995dfb6a7810e10b540,3364,3364,0.4991082045184304399524375743,0.9994981563524614164135903497,-6,-6,-0.005040055462406640606548516507,-0.3111071407139077084695355582,1842,0.5016286644951140065146579805,6,6,1522,0.4960578186596583442838370565,-12,-12,run_b170ff5761b04f4ab9491b6d72e3d26b,ema_pullback:19874cb74d6be18990fcc60c
lookback-014,lab_baseline_untouched_only_v2,14,96a9efa5b762de4597557350435f13ac8c387df8d8cbe995dfb6a7810e10b540,3318,3318,0.4981916817359855334538878843,0.9959304715143200944113579746,-12,-12,-0.03933457472671888830607677971,-0.3025866389873760711158249447,1819,0.4997251236943375481033534909,-1,-1,1499,0.4963308872581721147431621081,-11,-11,run_19421158e0f04a9d916924bca741d7b8,ema_pullback:7fab0e41e1d0e14194aa233d
lookback-015,lab_baseline_untouched_only_v2,15,96a9efa5b762de4597557350435f13ac8c387df8d8cbe995dfb6a7810e10b540,3268,3268,0.4981640146878824969400244798,0.9988395877005089858543110504,-12,-12,-0.01135385755025074289003013397,-0.3123800478580864216595794194,1792,0.5011160714285714285714285714,4,4,1476,0.4945799457994579945799457995,-16,-16,run_f907ddf198e04343814b52e432a2eec3,ema_pullback:30a0f850935f5caf6c6ba0b9
lookback-016,lab_baseline_untouched_only_v2,16,96a9efa5b762de4597557350435f13ac8c387df8d8cbe995dfb6a7810e10b540,3203,3203,0.4976584452076178582578832345,0.9863888376265635618027288689,-15,-15,-0.1195849433589638127309705471,-0.3003881188082453016175204034,1756,0.5017084282460136674259681093,6,6,1447,0.4927436074637180373185901866,-21,-21,run_5c342f2cbd594ad3b529e009d41166ae,ema_pullback:8527324512dd7c077098334c
lookback-017,lab_baseline_untouched_only_v2,17,96a9efa5b762de4597557350435f13ac8c387df8d8cbe995dfb6a7810e10b540,3150,3150,0.4977777777777777777777777778,0.9880528171147552927094400699,-14,-14,-0.1053870712773261737432724464,-0.3138407433118139611156350998,1727,0.5020266357845975680370584829,7,7,1423,0.4926212227687983134223471539,-21,-21,run_bfc4bd28526341a99c3c19a25cf8bf4b,ema_pullback:30d05b7e8964759570da22c8
lookback-018,lab_baseline_untouched_only_v2,18,96a9efa5b762de4597557350435f13ac8c387df8d8cbe995dfb6a7810e10b540,3107,3107,0.4982298036691342130672674606,0.9886994963966499624335994047,-11,-11,-0.0998213354237138828866613585,-0.3168459411937895758822504716,1703,0.5020551967116852613035819143,7,7,1404,0.4935897435897435897435897436,-18,-18,run_43df5c4a04fa46e08684032a29dcfc3d,ema_pullback:2d0c564e4ae9edaa24740111
lookback-019,lab_baseline_untouched_only_v2,19,96a9efa5b762de4597557350435f13ac8c387df8d8cbe995dfb6a7810e10b540,3055,3055,0.4981996726677577741407528642,0.9830933462416543231705958201,-11,-11,-0.1442302550655323763023803802,-0.2967228050456100200616400487,1676,0.5023866348448687350835322196,8,8,1379,0.4931109499637418419144307469,-19,-19,run_5314e52490b543c4a1976a4045acf913,ema_pullback:632ceae909614b9ede7a900f
lookback-020,lab_baseline_untouched_only_v2,20,96a9efa5b762de4597557350435f13ac8c387df8d8cbe995dfb6a7810e10b540,3010,3010,0.4976744186046511627906976744,0.9814500455828513406981029174,-14,-14,-0.1551384492500076370604942398,-0.2983734808377572165398665226,1647,0.5021250758955676988463873710,7,7,1363,0.4922964049889948642699926632,-21,-21,run_19531924f390463a85af5a724718e8b5,ema_pullback:f0885b9550c6bdc674114854
lookback-021,lab_baseline_untouched_only_v2,21,96a9efa5b762de4597557350435f13ac8c387df8d8cbe995dfb6a7810e10b540,2956,2956,0.4983085250338294993234100135,0.9771417012156458314328972089,-10,-10,-0.1826412770823707687545309378,-0.2924407037231303457172951873,1624,0.5018472906403940886699507389,6,6,1332,0.4939939939939939939939939940,-16,-16,run_73f645b77fc34d9a8b0fe1610af2afd7,ema_pullback:71924832f50d8a8db9dce73d
lookback-022,lab_baseline_untouched_only_v2,22,96a9efa5b762de4597557350435f13ac8c387df8d8cbe995dfb6a7810e10b540,2920,2920,0.4972602739726027397260273973,0.9707568979083779765980586078,-16,-16,-0.2227108009421466989852229227,-0.3259535729317182316913773932,1600,0.5,0,0,1320,0.4939393939393939393939393939,-16,-16,run_fd72cf8e69064393a5ccdc6670c64fe7,ema_pullback:79fab260f2b0d15865e525da
lookback-023,lab_baseline_untouched_only_v2,23,96a9efa5b762de4597557350435f13ac8c387df8d8cbe995dfb6a7810e10b540,2876,2876,0.5,0.9844034873880630700190187786,0,0,-0.1226506687253536339345357572,-0.2654313510157890803739761572,1577,0.5041217501585288522511097020,13,13,1299,0.4949961508852963818321785989,-13,-13,run_dd3f49feb40343c0b5b108024fd37c5a,ema_pullback:f90de5c8e6aa3719893a6f3a
lookback-024,lab_baseline_untouched_only_v2,24,96a9efa5b762de4597557350435f13ac8c387df8d8cbe995dfb6a7810e10b540,2829,2829,0.4980558501237186284906327324,0.9811955592373876737542165076,-11,-11,-0.1418010736839840398099961776,-0.2853388365003067857859806743,1552,0.5025773195876288659793814433,8,8,1277,0.4925606891151135473766640564,-19,-19,run_a5ad22f3111745fdacf85dfbe6afa63c,ema_pullback:675bc5fa1feff20bb7ed6cdc
lookback-025,lab_baseline_untouched_only_v2,25,96a9efa5b762de4597557350435f13ac8c387df8d8cbe995dfb6a7810e10b540,2782,2782,0.4964054636951833213515456506,0.9761974967601266207118435799,-20,-20,-0.1776159273525900278938046667,-0.3145876554521761593996236328,1530,0.5006535947712418300653594771,2,2,1252,0.4912140575079872204472843450,-22,-22,run_d98d31ff513b43a09e7f8c968691e5ff,ema_pullback:4c5c83ec11b734f8beae38f1
lookback-026,lab_baseline_untouched_only_v2,26,96a9efa5b762de4597557350435f13ac8c387df8d8cbe995dfb6a7810e10b540,2737,2737,0.4979905005480453050785531604,0.9865588929203804994771251356,-11,-11,-0.1031862137309330631927685077,-0.2973665431457527605686262871,1501,0.5009993337774816788807461692,3,3,1236,0.4943365695792880258899676375,-14,-14,run_2d6cd7e8059f4c93b17b4453169fe8b8,ema_pullback:6a8a3c03803e14e4caf9fdfa
lookback-027,lab_baseline_untouched_only_v2,27,96a9efa5b762de4597557350435f13ac8c387df8d8cbe995dfb6a7810e10b540,2700,2700,0.4977777777777777777777777778,0.9865275982215758582407004740,-12,-12,-0.1026242593849173190533910106,-0.3012192894296094691417717734,1481,0.5023632680621201890614449696,7,7,1219,0.4922067268252666119770303527,-19,-19,run_3b333a4b15c4426b95ddbbfd00f906ba,ema_pullback:7a948e8a96f14df0c5362f8c
lookback-028,lab_baseline_untouched_only_v2,28,96a9efa5b762de4597557350435f13ac8c387df8d8cbe995dfb6a7810e10b540,2664,2664,0.4988738738738738738738738739,0.9941102091688647350805481774,-6,-6,-0.04613935485026280615863709257,-0.2767360419430024791674407043,1467,0.5030674846625766871165644172,9,9,1197,0.4937343358395989974937343358,-15,-15,run_6a906941644541b5be56a7f1fbff9aeb,ema_pullback:a14b799347df2540bedb09fd
lookback-029,lab_baseline_untouched_only_v2,29,96a9efa5b762de4597557350435f13ac8c387df8d8cbe995dfb6a7810e10b540,2617,2617,0.4998089415361100496752006114,0.9948732781011876880360901355,-1,-1,-0.03904413216499953171986155511,-0.2783155001629096911979553085,1436,0.5027855153203342618384401114,8,8,1181,0.4961896697713801862828111770,-9,-9,run_77cf9f69f1dc4eb68777ad15a0266921,ema_pullback:196589abe3a54700fef5a798
lookback-030,lab_baseline_untouched_only_v2,30,96a9efa5b762de4597557350435f13ac8c387df8d8cbe995dfb6a7810e10b540,2582,2582,0.4988381099922540666150271108,0.9841692123639136576921788118,-6,-6,-0.1148129205362895762660592907,-0.3006299571213917060906120704,1416,0.5042372881355932203389830508,12,12,1166,0.4922813036020583190394511149,-18,-18,run_711a382ed14d49429d9df1aeb5887f7e,ema_pullback:f6129c46a2391b50498a74cb
lookback-031,lab_baseline_untouched_only_v2,31,96a9efa5b762de4597557350435f13ac8c387df8d8cbe995dfb6a7810e10b540,2552,2552,0.4988244514106583072100313480,0.9842690277567304171021582357,-6,-6,-0.1118108934816050894663237591,-0.2879293418673778245297346651,1396,0.5042979942693409742120343840,12,12,1156,0.4922145328719723183391003460,-18,-18,run_9816cf83464f4df3b306c923f1982b10,ema_pullback:ab2c594a7866cef1bbcdf0f5
lookback-032,lab_baseline_untouched_only_v2,32,96a9efa5b762de4597557350435f13ac8c387df8d8cbe995dfb6a7810e10b540,2526,2526,0.4980205859065716547901821061,0.9779939946334949768579597512,-10,-10,-0.1512796363868660551551041646,-0.3123650330818701949724420289,1379,0.5025380710659898477157360406,7,7,1147,0.4925893635571054925893635571,-17,-17,run_cb3071a80762451bbff106bb773ea9a4,ema_pullback:ace118c6d458aff916d21953
lookback-033,lab_baseline_untouched_only_v2,33,96a9efa5b762de4597557350435f13ac8c387df8d8cbe995dfb6a7810e10b540,2491,2491,0.4993978321959052589321557607,0.9806236127379907172499386913,-3,-3,-0.1324411117752523313350557552,-0.2999306947388588510468564394,1360,0.5036764705882352941176470588,10,10,1131,0.4942528735632183908045977011,-13,-13,run_9c39d8ed2ae240cbb1ba7670bb3fb14d,ema_pullback:8fcceef7af5b16f0448ee747
lookback-034,lab_baseline_untouched_only_v2,34,96a9efa5b762de4597557350435f13ac8c387df8d8cbe995dfb6a7810e10b540,2451,2451,0.5002039983680130558955528356,0.9885472604014291561717007781,1,1,-0.07975436623006321044196451377,-0.2937891896153096069777241335,1336,0.5037425149700598802395209581,10,10,1115,0.4959641255605381165919282511,-9,-9,run_d8d36e9a780e41db94c9e93f69c8655b,ema_pullback:03678761b082cf5c07959f6e
lookback-035,lab_baseline_untouched_only_v2,35,96a9efa5b762de4597557350435f13ac8c387df8d8cbe995dfb6a7810e10b540,2416,2416,0.5028973509933774834437086093,1.006268328143036287955258355,14,14,0.04629676942370677607259578886,-0.2679284925632389003564427419,1319,0.5064442759666413949962092494,17,17,1097,0.4986326344576116681859617138,-3,-3,run_0f003adbadc84de59af64f46eea47ea9,ema_pullback:338658b18a5941aa5bc39354
lookback-036,lab_baseline_untouched_only_v2,36,96a9efa5b762de4597557350435f13ac8c387df8d8cbe995dfb6a7810e10b540,2385,2385,0.5031446540880503144654088050,1.004720658954024885374140253,15,15,0.03414670455353464662590710864,-0.2650208922204791258654630855,1303,0.5065234075211051419800460476,17,17,1082,0.4990757855822550831792975970,-2,-2,run_8e13953a5e65444e8bb66c08bbd17c36,ema_pullback:d39799ae27d338ff80036e8c
lookback-037,lab_baseline_untouched_only_v2,37,96a9efa5b762de4597557350435f13ac8c387df8d8cbe995dfb6a7810e10b540,2347,2347,0.5061780997017469109501491265,1.009166435054782219602441311,29,29,0.06516195679375813341942725739,-0.2592994331895915577734501051,1281,0.5105386416861826697892271663,27,27,1066,0.5009380863039399624765478424,2,2,run_be1f65b7c7b84af895b71c03e271e884,ema_pullback:50d9f25c173ab16d1ea4b3ea
lookback-038,lab_baseline_untouched_only_v2,38,96a9efa5b762de4597557350435f13ac8c387df8d8cbe995dfb6a7810e10b540,2309,2309,0.5045474231268947596362061498,1.007525956150755651220943770,21,21,0.0529227503688572570552240967,-0.2530486912708206316127800785,1262,0.5095087163232963549920760697,24,24,1047,0.4985673352435530085959885387,-3,-3,run_a54f05b571104a6fbcc21483a65395fd,ema_pullback:b80c0751ddd2dba063089562
lookback-039,lab_baseline_untouched_only_v2,39,96a9efa5b762de4597557350435f13ac8c387df8d8cbe995dfb6a7810e10b540,2277,2277,0.5050505050505050505050505051,1.013206471825298143356214586,23,23,0.0960175108061530923562331484,-0.2749368834761960721858755197,1242,0.5096618357487922705314009662,24,24,1035,0.4995169082125603864734299517,-1,-1,run_dbca8fc35fbd4c6fbd71860da1c03ead,ema_pullback:5446002ed31bb34448583bc7
lookback-040,lab_baseline_untouched_only_v2,40,96a9efa5b762de4597557350435f13ac8c387df8d8cbe995dfb6a7810e10b540,2235,2235,0.5051454138702460850111856823,1.015667911865518602728751195,23,23,0.1139843317058571399404927781,-0.2612525889077987675088369227,1223,0.5110384300899427636958299264,27,27,1012,0.4980237154150197628458498024,-4,-4,run_af5e6f11e94f4e0088f733cd2cb820f3,ema_pullback:29bd27a607996a6052ecd781
lookback-041,lab_baseline_untouched_only_v2,41,96a9efa5b762de4597557350435f13ac8c387df8d8cbe995dfb6a7810e10b540,2205,2205,0.5052154195011337868480725624,1.015129844093174227656629433,23,23,0.1084770507391788887893105198,-0.2645005945031635943292139146,1203,0.5095594347464671654197838736,23,23,1002,0.5,0,0,run_8951d42a886948458a2b211c7c021077,ema_pullback:c68efa0a18e315e4c75bdfc1
lookback-042,lab_baseline_untouched_only_v2,42,96a9efa5b762de4597557350435f13ac8c387df8d8cbe995dfb6a7810e10b540,2169,2169,0.5043798985707699400645458737,1.011905729728853226277822356,19,19,0.08374072920224748904057772574,-0.2857812187377032759593378438,1185,0.5080168776371308016877637131,19,19,984,0.5,0,0,run_02f7ece87a8a4f62b64724fe942a34ff,ema_pullback:e9742cce21f17db91c386d77
lookback-043,lab_baseline_untouched_only_v2,43,96a9efa5b762de4597557350435f13ac8c387df8d8cbe995dfb6a7810e10b540,2144,2144,0.5051305970149253731343283582,1.014769790319320309447622949,22,22,0.1032892144249783778679700904,-0.2721610067365828569773626214,1169,0.5098374679213002566295979470,23,23,975,0.4994871794871794871794871795,-1,-1,run_33c7865f97574cecb7d99bd37c6f693c,ema_pullback:8d6e81549524404b6ba89ae2
lookback-044,lab_baseline_untouched_only_v2,44,96a9efa5b762de4597557350435f13ac8c387df8d8cbe995dfb6a7810e10b540,2116,2116,0.5047258979206049149338374291,1.014618202304267007375450534,20,20,0.1006569454039399840589314877,-0.2685651392541609872119013914,1155,0.5082251082251082251082251082,19,19,961,0.5005202913631633714880332986,1,1,run_463924076a254d4aabd93a2cf967f441,ema_pullback:627aad61447d1d9577018f6b
lookback-045,lab_baseline_untouched_only_v2,45,96a9efa5b762de4597557350435f13ac8c387df8d8cbe995dfb6a7810e10b540,2095,2095,0.5059665871121718377088305489,1.018635792868143392699991318,25,25,0.129256783471928764518466271,-0.2608051349586640418256132957,1143,0.5074365704286964129483814523,17,17,952,0.5042016806722689075630252101,8,8,run_0efc4d8354ea48e0bdf04a90c9df3adf,ema_pullback:ffcaf1982d276f32acf48b85
lookback-046,lab_baseline_untouched_only_v2,46,96a9efa5b762de4597557350435f13ac8c387df8d8cbe995dfb6a7810e10b540,2076,2076,0.5072254335260115606936416185,1.022675053033186601247081257,30,30,0.159658464243164512396547443,-0.2523511924107357142517361880,1130,0.5088495575221238938053097345,20,20,946,0.5052854122621564482029598309,10,10,run_b5784385a46241dc87828b119e69ed61,ema_pullback:bfde5ebe80bea7ca811901e1
lookback-047,lab_baseline_untouched_only_v2,47,96a9efa5b762de4597557350435f13ac8c387df8d8cbe995dfb6a7810e10b540,2043,2043,0.5070974057758198727361722956,1.020396286120727544884601678,29,29,0.1416834110307246242402969428,-0.2503235981412801014005407301,1113,0.5085354896675651392632524708,19,19,930,0.5053763440860215053763440860,10,10,run_d310256708654495bf20d07b3d5d4ed0,ema_pullback:7b7e1bbd295476813d13c495
lookback-048,lab_baseline_untouched_only_v2,48,96a9efa5b762de4597557350435f13ac8c387df8d8cbe995dfb6a7810e10b540,2023,2023,0.5101334651507661888284725655,1.039625862205968800858695792,41,41,0.291499579818650978213701319,-0.2297286305391727913945251956,1105,0.5104072398190045248868778281,23,23,918,0.5098039215686274509803921569,18,18,run_7c1410274c274c0db8f25b49903be970,ema_pullback:52211c1d2255ae4b40e6df5a
lookback-049,lab_baseline_untouched_only_v2,49,96a9efa5b762de4597557350435f13ac8c387df8d8cbe995dfb6a7810e10b540,1995,1995,0.5092731829573934837092731830,1.032489893457257082417977094,37,37,0.2326222808877446732672539807,-0.2409446042106170850383874485,1088,0.5082720588235294117647058824,18,18,907,0.5104740904079382579933847850,19,19,run_4c722f52a232402c96e368247a70d7f5,ema_pullback:901c9d826ee7ebc18b8a4b33
lookback-050,lab_baseline_untouched_only_v2,50,96a9efa5b762de4597557350435f13ac8c387df8d8cbe995dfb6a7810e10b540,1971,1971,0.5114155251141552511415525114,1.038299026373889089374220377,45,45,0.2724395282446972524553265951,-0.2294839212588632064787849286,1069,0.5107577174929840972871842844,23,23,902,0.5121951219512195121951219512,22,22,run_b9513927c05c447497b78e07f91aec4c,ema_pullback:904b37c3fee8b714999feabe
lookback-051,lab_baseline_untouched_only_v2,51,96a9efa5b762de4597557350435f13ac8c387df8d8cbe995dfb6a7810e10b540,1954,1954,0.5102354145342886386898669396,1.034880938411456804225316417,40,40,0.2454272447136201395080857855,-0.2415364586545775321573302213,1061,0.5098963242224316682375117813,21,21,893,0.5106382978723404255319148936,19,19,run_d26057dbe1a0429787e9957d38ef72ac,ema_pullback:df244b2159ef4d05ce334e12
lookback-052,lab_baseline_untouched_only_v2,52,96a9efa5b762de4597557350435f13ac8c387df8d8cbe995dfb6a7810e10b540,1938,1938,0.5108359133126934984520123839,1.036966864797276809557114821,42,42,0.2609571051138147435627560318,-0.2293731582265108605691185488,1048,0.5104961832061068702290076336,22,22,890,0.5112359550561797752808988764,20,20,run_2afcd3ec599748e889ca51620d2fe117,ema_pullback:701385a3d3a90d70b9c147ab
lookback-053,lab_baseline_untouched_only_v2,53,96a9efa5b762de4597557350435f13ac8c387df8d8cbe995dfb6a7810e10b540,1914,1914,0.5104493207941483803552769070,1.041289160434280834586276650,40,40,0.2897079335981932157424901735,-0.2213848172808704682798963271,1036,0.5086872586872586872586872587,18,18,878,0.5125284738041002277904328018,22,22,run_bed1ba33ee464d0abdb1e0847cefd819,ema_pullback:9f4873b9b5be4e574ebf02e0
lookback-054,lab_baseline_untouched_only_v2,54,96a9efa5b762de4597557350435f13ac8c387df8d8cbe995dfb6a7810e10b540,1892,1892,0.5095137420718816067653276956,1.036196648411783516505384236,36,36,0.2466619716705119567024159471,-0.2349399461534907232907249457,1023,0.5063538611925708699902248289,13,13,869,0.5132336018411967779056386651,23,23,run_a92ce0a341ca43c4abba1cc53d850075,ema_pullback:aba1f898388464c14798ec16
lookback-055,lab_baseline_untouched_only_v2,55,96a9efa5b762de4597557350435f13ac8c387df8d8cbe995dfb6a7810e10b540,1875,1875,0.5109333333333333333333333333,1.039787721692551662874094441,41,41,0.2727344926848770724645707327,-0.2202534105343056903113510682,1012,0.5098814229249011857707509881,20,20,863,0.5121668597914252607184241020,21,21,run_9fbbb18a14da4dcb91d021b1dc38c381,ema_pullback:d7bbf298889de21868b088f4
lookback-056,lab_baseline_untouched_only_v2,56,96a9efa5b762de4597557350435f13ac8c387df8d8cbe995dfb6a7810e10b540,1855,1855,0.5110512129380053908355795148,1.042883521621753589691139744,41,41,0.2954309423506518219806902727,-0.2323967467733470450411046261,1002,0.5109780439121756487025948104,22,22,853,0.5111371629542790152403282532,19,19,run_92341b838373445a8b82a858829ccf87,ema_pullback:2379116ba7f306cd150e60a8
lookback-057,lab_baseline_untouched_only_v2,57,96a9efa5b762de4597557350435f13ac8c387df8d8cbe995dfb6a7810e10b540,1836,1836,0.5130718954248366013071895425,1.045754033433572347021402676,48,48,0.3068323139770429892884541634,-0.2026587698373534103612780617,992,0.5141129032258064516129032258,28,28,844,0.5118483412322274881516587678,20,20,run_8dfe0edc0a1f498986b607f0e2ae85ea,ema_pullback:8f17279d75bf8aa8e4c79fc2
lookback-058,lab_baseline_untouched_only_v2,58,96a9efa5b762de4597557350435f13ac8c387df8d8cbe995dfb6a7810e10b540,1817,1817,0.5129334067143643368189323060,1.044598069075164993391705777,47,47,0.2970837440281826374326332211,-0.2130848601188750276200854237,984,0.5142276422764227642276422764,28,28,833,0.5114045618247298919567827131,19,19,run_ad85290d2b1444d7ad55ee44791f6d26,ema_pullback:fb1931ba7eeb82539b8fa652
lookback-059,lab_baseline_untouched_only_v2,59,96a9efa5b762de4597557350435f13ac8c387df8d8cbe995dfb6a7810e10b540,1801,1801,0.5136035535813436979455857857,1.047925419909374550163568364,49,49,0.3216632958126358213433603464,-0.2090936381153353807740473058,973,0.5149023638232271325796505653,29,29,828,0.5120772946859903381642512077,20,20,run_281385c3e4934fbbab6611736ab2e6ba,ema_pullback:97336b6ca65b8bc2c2503590
lookback-060,lab_baseline_untouched_only_v2,60,96a9efa5b762de4597557350435f13ac8c387df8d8cbe995dfb6a7810e10b540,1774,1774,0.5157835400225479143179255919,1.053651801257826808010208364,56,56,0.3580400391892284605769383373,-0.1874217751135566532052168391,960,0.5166666666666666666666666667,32,32,814,0.5147420147420147420147420147,24,24,run_51125014c6a0456da8a4fa914f8c2aef,ema_pullback:51789b4516886bf3c75ea70f
lookback-061,lab_baseline_untouched_only_v2,61,96a9efa5b762de4597557350435f13ac8c387df8d8cbe995dfb6a7810e10b540,1749,1749,0.5157232704402515723270440252,1.053373046722842050422253705,55,55,0.3517482399361298539826522545,-0.1905948855118664280397187790,946,0.5169133192389006342494714588,32,32,803,0.5143212951432129514321295143,23,23,run_abc9fdd1c9f94243ab333344ec3850ea,ema_pullback:04661711d7cce50cbc0b19e5
lookback-062,lab_baseline_untouched_only_v2,62,96a9efa5b762de4597557350435f13ac8c387df8d8cbe995dfb6a7810e10b540,1732,1732,0.5138568129330254041570438799,1.049365150675018395938103685,48,48,0.3207372067748843163580277723,-0.2057717823801418260691211721,939,0.5133120340788072417465388711,25,25,793,0.5145018915510718789407313997,23,23,run_f2d8cb3db01b4960b85756c5227bba09,ema_pullback:bad6cd1f5a22f626c6530e8d
lookback-063,lab_baseline_untouched_only_v2,63,96a9efa5b762de4597557350435f13ac8c387df8d8cbe995dfb6a7810e10b540,1707,1707,0.5155243116578793204452255419,1.059647955007206116340862519,53,53,0.3872548860591603818054318879,-0.2022126645981150305477063065,926,0.5118790496760259179265658747,22,22,781,0.5198463508322663252240717029,31,31,run_f259f61946d74016a225ebbec9d98547,ema_pullback:b96a85158953e9461266a9fc
lookback-064,lab_baseline_untouched_only_v2,64,96a9efa5b762de4597557350435f13ac8c387df8d8cbe995dfb6a7810e10b540,1690,1690,0.5177514792899408284023668639,1.069919632286608745676090301,60,60,0.4594162593890637645447758755,-0.1923756370972729888906478497,919,0.5146898803046789989118607182,27,27,771,0.5214007782101167315175097276,33,33,run_c49a1790e4fb482795ef8013a44c1671,ema_pullback:2b946f0c0954a8384fbf211c
lookback-065,lab_baseline_untouched_only_v2,65,96a9efa5b762de4597557350435f13ac8c387df8d8cbe995dfb6a7810e10b540,1672,1672,0.5191387559808612440191387560,1.077594307958754851025444986,64,64,0.5117176178662930813627004677,-0.1858461835830344512856822100,911,0.5148188803512623490669593853,27,27,761,0.5243101182654402102496714849,37,37,run_6b98f84e74414552836d1d53fbc87d1f,ema_pullback:0e02cc1d61650417cb63880a
lookback-066,lab_baseline_untouched_only_v2,66,96a9efa5b762de4597557350435f13ac8c387df8d8cbe995dfb6a7810e10b540,1647,1647,0.5191256830601092896174863388,1.081346010524033936815945383,63,63,0.5241996643117707092428844048,-0.1546539029696657037164586374,894,0.5145413870246085011185682327,26,26,753,0.5245683930942895086321381142,37,37,run_454e01fb717f42b894395f7c036e9cc9,ema_pullback:6ea1dc54898be4291b8a01e8
lookback-067,lab_baseline_untouched_only_v2,67,96a9efa5b762de4597557350435f13ac8c387df8d8cbe995dfb6a7810e10b540,1629,1629,0.5181092694904849600982197667,1.079310423848730948612925908,59,59,0.5040517909931241187658373304,-0.1527723711343995543914903205,886,0.5135440180586907449209932280,24,24,743,0.5235531628532974427994616420,35,35,run_e011a60e6be94f568cc0965e7a035e8b,ema_pullback:cf7c23344adf0791a5f44db9
lookback-068,lab_baseline_untouched_only_v2,68,96a9efa5b762de4597557350435f13ac8c387df8d8cbe995dfb6a7810e10b540,1615,1615,0.5195046439628482972136222910,1.080556669548873762178431421,63,63,0.4989784597856888186766786799,-0.1627067179792805370871569611,880,0.5147727272727272727272727273,26,26,735,0.5251700680272108843537414966,37,37,run_47b5e82b14cd440c9401fd6d9d352825,ema_pullback:e9b1123e03aa1bbd7c189aff
lookback-069,lab_baseline_untouched_only_v2,69,96a9efa5b762de4597557350435f13ac8c387df8d8cbe995dfb6a7810e10b540,1604,1604,0.5211970074812967581047381546,1.085166573229884449338554086,68,68,0.5254720034753005957954926539,-0.1575280382132867178003993613,875,0.5177142857142857142857142857,31,31,729,0.5253772290809327846364883402,37,37,run_d2febca0ed984093b5786bdd59582828,ema_pullback:25f8e8b933452fd76988ef25
lookback-070,lab_baseline_untouched_only_v2,70,96a9efa5b762de4597557350435f13ac8c387df8d8cbe995dfb6a7810e10b540,1590,1590,0.5232704402515723270440251572,1.089712998037020608612370802,74,74,0.5497304918381401249008564147,-0.1592989774004218390927772163,870,0.5195402298850574712643678161,34,34,720,0.5277777777777777777777777778,40,40,run_ba65102fc70c4922a2c5472bcfde94dd,ema_pullback:be9ce3b0c95d36859cb41f96
lookback-071,lab_baseline_untouched_only_v2,71,96a9efa5b762de4597557350435f13ac8c387df8d8cbe995dfb6a7810e10b540,1565,1565,0.5233226837060702875399361022,1.091857517538555903779254159,73,73,0.5503702033944158694529744028,-0.1448295234218947902271196719,855,0.5192982456140350877192982456,33,33,710,0.5281690140845070422535211268,40,40,run_790477b62041429ea4a2e30db5ce20f9,ema_pullback:22196eb36d7fa7dbd16b037e
lookback-072,lab_baseline_untouched_only_v2,72,96a9efa5b762de4597557350435f13ac8c387df8d8cbe995dfb6a7810e10b540,1554,1554,0.5244530244530244530244530245,1.099841533192884343426945668,76,76,0.6052731409375049746707014063,-0.1359651253526607311518121555,850,0.52,34,34,704,0.5298295454545454545454545455,42,42,run_bd6fa030ed374821b29382b288a4abf4,ema_pullback:dd5489d966a3fac89c9cd89c
lookback-073,lab_baseline_untouched_only_v2,73,96a9efa5b762de4597557350435f13ac8c387df8d8cbe995dfb6a7810e10b540,1537,1537,0.5250487963565387117761873780,1.103986805397316468390638731,77,77,0.6110008261307803887211846344,-0.1263144185602783136705232876,838,0.5214797136038186157517899761,36,36,699,0.5293276108726752503576537911,41,41,run_926ea503eb1f4308b90afb9b507ad99a,ema_pullback:8339bb7be2dc2201eee9f9e7
lookback-074,lab_baseline_untouched_only_v2,74,96a9efa5b762de4597557350435f13ac8c387df8d8cbe995dfb6a7810e10b540,1513,1513,0.5228023793787177792465300727,1.096741365739053298320650518,69,69,0.5533730673594231191607869076,-0.1186231360461116891635629498,826,0.5181598062953995157384987893,30,30,687,0.5283842794759825327510917031,39,39,run_0a0e44ce3f8e4e5b999a403d5ce43b3f,ema_pullback:ba9a42c28d3fea56959978e3
lookback-075,lab_baseline_untouched_only_v2,75,96a9efa5b762de4597557350435f13ac8c387df8d8cbe995dfb6a7810e10b540,1491,1491,0.5264922870556673373574782025,1.114772282077224021269262718,79,79,0.6759568212877931865974089564,-0.1185685325496793688081765968,809,0.5228677379480840543881334981,37,37,682,0.5307917888563049853372434018,42,42,run_5c660b0cfdcb44ffa3b4a0c44e3f0ad6,ema_pullback:2df034bdb6be67fee231a6c7
lookback-076,lab_baseline_untouched_only_v2,76,96a9efa5b762de4597557350435f13ac8c387df8d8cbe995dfb6a7810e10b540,1473,1473,0.5281737949762389680923285811,1.120750881513808674591496267,83,83,0.6958817390530850216667094864,-0.1112358446639548278824388605,799,0.5231539424280350438047559449,37,37,674,0.5341246290801186943620178042,46,46,run_eb0dfac4644240fbaffd411a18970b6a,ema_pullback:dbbde019b4fe863cc0b2abfb
lookback-077,lab_baseline_untouched_only_v2,77,96a9efa5b762de4597557350435f13ac8c387df8d8cbe995dfb6a7810e10b540,1452,1452,0.5289256198347107438016528926,1.122522016518019770226320455,84,84,0.6939306659449091768608940416,-0.1087991663478588993692386708,787,0.5260482846251588310038119441,41,41,665,0.5323308270676691729323308271,43,43,run_32c4f72058b6405db526db35eb79d24e,ema_pullback:4b87b482c62fa544c1de46a3
lookback-078,lab_baseline_untouched_only_v2,78,96a9efa5b762de4597557350435f13ac8c387df8d8cbe995dfb6a7810e10b540,1432,1432,0.5307262569832402234636871508,1.129216118019109396040520260,88,88,0.7341808122670592543356483238,-0.1112384727348995486888448890,776,0.5257731958762886597938144330,40,40,656,0.5365853658536585365853658537,48,48,run_572a6187f82b4f7588686a7339df16bd,ema_pullback:51609d761c34afb81bf8620c
lookback-079,lab_baseline_untouched_only_v2,79,96a9efa5b762de4597557350435f13ac8c387df8d8cbe995dfb6a7810e10b540,1408,1408,0.5291193181818181818181818182,1.117888114097070641702095855,82,82,0.6384581849698180371362829866,-0.1128115969348944154755250819,765,0.5281045751633986928104575163,43,43,643,0.5303265940902021772939346812,39,39,run_45d5c4589ebc48988bb8ca8725847f3f,ema_pullback:5091eedf85de54519c33dbc7
lookback-080,lab_baseline_untouched_only_v2,80,96a9efa5b762de4597557350435f13ac8c387df8d8cbe995dfb6a7810e10b540,1391,1391,0.5319913731128684399712437096,1.131649979356677379686044547,89,89,0.7222285523800577003728834322,-0.1066491794256464646960742271,753,0.5325365205843293492695883134,49,49,638,0.5313479623824451410658307210,40,40,run_7fd2ff403fd6439fafe4950da0b9fb1e,ema_pullback:47879cada8407583e34cbc17
lookback-081,lab_baseline_untouched_only_v2,81,96a9efa5b762de4597557350435f13ac8c387df8d8cbe995dfb6a7810e10b540,1372,1372,0.5342565597667638483965014577,1.136356784644833504208981717,94,94,0.7428102372184385576438371822,-0.1078658483931986402563939469,742,0.5350404312668463611859838275,52,52,630,0.5333333333333333333333333333,42,42,run_af8fc0c9b634448a8022c52802ae5687,ema_pullback:d824ae04bd9d67b70172da92
lookback-082,lab_baseline_untouched_only_v2,82,96a9efa5b762de4597557350435f13ac8c387df8d8cbe995dfb6a7810e10b540,1363,1363,0.5348495964783565663976522377,1.138921538820687148274992116,95,95,0.7570699512370050062790085318,-0.1078658483931986402563939514,736,0.5353260869565217391304347826,52,52,627,0.5342902711323763955342902711,43,43,run_25e67a02aeeb438cbc5b333d9576cd2b,ema_pullback:90dff858af209152eeff75ac
lookback-083,lab_baseline_untouched_only_v2,83,96a9efa5b762de4597557350435f13ac8c387df8d8cbe995dfb6a7810e10b540,1345,1345,0.5375464684014869888475836431,1.154195475470686875789250050,101,101,0.8402633859464563341173480445,-0.1002342305269329520850878454,722,0.5387811634349030470914127424,56,56,623,0.5361155698234349919743178170,45,45,run_2d76c8aaab10432b878bfb560643fd3d,ema_pullback:4fb6d0ec9fcb8d1120e6c15a
lookback-084,lab_baseline_untouched_only_v2,84,96a9efa5b762de4597557350435f13ac8c387df8d8cbe995dfb6a7810e10b540,1334,1334,0.5352323838080959520239880060,1.143171897533802835451062124,94,94,0.7597671746853527068222870762,-0.1002342305269329520850878470,717,0.5383542538354253835425383543,55,55,617,0.5316045380875202593192868720,39,39,run_dc8cc9e1ed8f45c8ad0df7015cfa83dc,ema_pullback:d918f5482b3058dc18670565
lookback-085,lab_baseline_untouched_only_v2,85,96a9efa5b762de4597557350435f13ac8c387df8d8cbe995dfb6a7810e10b540,1322,1322,0.5355521936459909228441754917,1.141661710737761926518931043,94,94,0.7363621535720288449569740533,-0.1002342305269329520850878466,709,0.5387870239774330042313117066,55,55,613,0.5318107667210440456769983687,39,39,run_f1b13a8fa4c1466b88613f4a88e56763,ema_pullback:dc263973990f2e25092691e8
lookback-086,lab_baseline_untouched_only_v2,86,96a9efa5b762de4597557350435f13ac8c387df8d8cbe995dfb6a7810e10b540,1308,1308,0.5382262996941896024464831804,1.149119389008006536066117348,100,100,0.7793749092642614010379268196,-0.1002342305269329520850878475,697,0.5423242467718794835007173601,59,59,611,0.5335515548281505728314238953,41,41,run_b2c140a6cb2c424c8f21dda297b9c34e,ema_pullback:eb288d5b02d40cb9d3d80d39
lookback-087,lab_baseline_untouched_only_v2,87,96a9efa5b762de4597557350435f13ac8c387df8d8cbe995dfb6a7810e10b540,1297,1297,0.5389360061680801850424055513,1.153369969092998188578061402,101,101,0.7982355417923594969641132946,-0.1002342305269329520850878463,691,0.5426917510853835021707670043,59,59,606,0.5346534653465346534653465347,42,42,run_a81730a0bc1d4571a2fffb83a7f24780,ema_pullback:19c03a7d764e0d55d0bbd5f0
lookback-088,lab_baseline_untouched_only_v2,88,96a9efa5b762de4597557350435f13ac8c387df8d8cbe995dfb6a7810e10b540,1283,1283,0.5370226032735775526110678098,1.141081035366229544201511222,95,95,0.7142594213151215564216352688,-0.1002342305269329520850878475,685,0.5416058394160583941605839416,57,57,598,0.5317725752508361204013377926,38,38,run_83261475b7b84f4a9074af47c06b3ecc,ema_pullback:50f2f0e35805d3fc393bb83c
lookback-089,lab_baseline_untouched_only_v2,89,96a9efa5b762de4597557350435f13ac8c387df8d8cbe995dfb6a7810e10b540,1267,1267,0.5359116022099447513812154696,1.145741606711135427223603159,91,91,0.73987832606321763641440818,-0.1002342305269329520850878461,672,0.5401785714285714285714285714,54,54,595,0.5310924369747899159663865546,37,37,run_0e7d46e2ff0a438789ce114c6a105525,ema_pullback:4151e730d158c18bd9af3145
lookback-090,lab_baseline_untouched_only_v2,90,96a9efa5b762de4597557350435f13ac8c387df8d8cbe995dfb6a7810e10b540,1255,1255,0.5346613545816733067729083665,1.150503559603940102187604292,87,87,0.7559438185140952096580011847,-0.0983432767608997034774562290,666,0.5390390390390390390390390390,52,52,589,0.5297113752122241086587436333,35,35,run_d96431939a9b4f61b0ab354f5b4d45bf,ema_pullback:2b3348ec44601efd3a6205c9
lookback-091,lab_baseline_untouched_only_v2,91,96a9efa5b762de4597557350435f13ac8c387df8d8cbe995dfb6a7810e10b540,1241,1241,0.5366639806607574536663980661,1.156729259303752967837054998,91,91,0.7719987783657438477925080533,-0.0981363790608486248741768601,659,0.5432473444613050075872534143,57,57,582,0.5292096219931271477663230241,34,34,run_9da888cf34954f8a8986ad13c1c856ee,ema_pullback:1a5603af13ebf93748962c1a
lookback-092,lab_baseline_untouched_only_v2,92,96a9efa5b762de4597557350435f13ac8c387df8d8cbe995dfb6a7810e10b540,1230,1230,0.5365853658536585365853658537,1.156735403320681088236269979,90,90,0.7715396013153177051174084439,-0.1007434743621781625307821971,654,0.5443425076452599388379204893,58,58,576,0.5277777777777777777777777778,32,32,run_0735c44900f74735af3ca5d55b0b1582,ema_pullback:78ab38f8cf219ef7d7531baf
lookback-093,lab_baseline_untouched_only_v2,93,96a9efa5b762de4597557350435f13ac8c387df8d8cbe995dfb6a7810e10b540,1218,1218,0.5377668308702791461412151067,1.158002667376075837687251755,92,92,0.772434004538741000497365607,-0.1007434743621781625307821961,646,0.5495356037151702786377708978,64,64,572,0.5244755244755244755244755245,28,28,run_22d5fc42a22b4ad29b61fc726400a87a,ema_pullback:68c4a28b8eed6b5f082de008
lookback-094,lab_baseline_untouched_only_v2,94,96a9efa5b762de4597557350435f13ac8c387df8d8cbe995dfb6a7810e10b540,1210,1210,0.5355371900826446280991735537,1.145845204253070255437806730,86,86,0.690281143802256382136020744,-0.1007434743621781625307821956,643,0.5489891135303265940902021773,63,63,567,0.5202821869488536155202821869,23,23,run_7c8849237c8e41b08e104a569dcd315a,ema_pullback:04f06afe473992a6e6dda7b8
lookback-095,lab_baseline_untouched_only_v2,95,96a9efa5b762de4597557350435f13ac8c387df8d8cbe995dfb6a7810e10b540,1198,1198,0.5375626043405676126878130217,1.153117717328126978091252385,90,90,0.7157548011780371202517381589,-0.0976671979681874940208563169,636,0.5503144654088050314465408805,64,64,562,0.5231316725978647686832740214,26,26,run_829ee3cfd13a4cc9875372eaf8dcb971,ema_pullback:343581196fcf851c12355c71
lookback-096,lab_baseline_untouched_only_v2,96,96a9efa5b762de4597557350435f13ac8c387df8d8cbe995dfb6a7810e10b540,1190,1190,0.5369747899159663865546218487,1.148801378887911332986310256,88,88,0.6917397806799333595880391577,-0.0949270057310793764350311706,634,0.5504731861198738170347003155,64,64,556,0.5215827338129496402877697842,24,24,run_ddb84bea7174432e86609d0c4fde430b,ema_pullback:cb8e4ac697a890fc50a3fa3f
lookback-097,lab_baseline_untouched_only_v2,97,96a9efa5b762de4597557350435f13ac8c387df8d8cbe995dfb6a7810e10b540,1176,1176,0.5391156462585034013605442177,1.152889362982005743635701750,92,92,0.7141576400508891298472170398,-0.0894889687553173584603626697,628,0.5509554140127388535031847134,64,64,548,0.5255474452554744525547445255,28,28,run_2059e74802f14862b3cd9877015c8bc7,ema_pullback:7c96eca74069aecad782a730
lookback-098,lab_baseline_untouched_only_v2,98,96a9efa5b762de4597557350435f13ac8c387df8d8cbe995dfb6a7810e10b540,1163,1163,0.5408426483233018056749785039,1.162340981665613828073724053,95,95,0.760605113089326266519924644,-0.0847028081822199160718129506,622,0.5514469453376205787781350482,64,64,541,0.5286506469500924214417744917,31,31,run_0f34a4e22c1449d49ec24cbf047a697a,ema_pullback:c97e69b568c5bd3d5520f8ac
lookback-099,lab_baseline_untouched_only_v2,99,96a9efa5b762de4597557350435f13ac8c387df8d8cbe995dfb6a7810e10b540,1154,1154,0.5433275563258232235701906412,1.171826496299576470594976052,100,100,0.8103508982613018456655536405,-0.0847028081822199160718129516,619,0.5525040387722132471728594507,65,65,535,0.5327102803738317757009345794,35,35,run_d9a89d4fff02492aa047895617c576d2,ema_pullback:0fc91989c354a43cb62b7ee2
lookback-100,lab_baseline_untouched_only_v2,100,96a9efa5b762de4597557350435f13ac8c387df8d8cbe995dfb6a7810e10b540,1146,1146,0.5418848167539267015706806283,1.164272890012433533106998541,96,96,0.7627467994367181704348972169,-0.0847028081822199160718129516,613,0.5513866231647634584013050571,63,63,533,0.5309568480300187617260787992,33,33,run_f3780fc9aec241baa89a0cce4abfdc77,ema_pullback:1e3ca59de220e2ee4d4d4055
lookback-101,lab_baseline_untouched_only_v2,101,96a9efa5b762de4597557350435f13ac8c387df8d8cbe995dfb6a7810e10b540,1135,1135,0.5418502202643171806167400881,1.155474637968849695396147031,95,95,0.6954359800513042696161179205,-0.0930049828281207028184861623,607,0.5535420098846787479406919275,65,65,528,0.5284090909090909090909090909,30,30,run_c594798494304627883c868328d9aed6,ema_pullback:abed596b3fb2d29cd83d93ba
lookback-102,lab_baseline_untouched_only_v2,102,96a9efa5b762de4597557350435f13ac8c387df8d8cbe995dfb6a7810e10b540,1120,1120,0.5446428571428571428571428571,1.166061345056711664393560311,100,100,0.7403233558946523719542798291,-0.0930049828281207028184861612,600,0.5583333333333333333333333333,70,70,520,0.5288461538461538461538461538,30,30,run_0efdb05b01404f688d387c3e484d1eab,ema_pullback:88fdeb5f43d398c49d83b5bf
lookback-103,lab_baseline_untouched_only_v2,103,96a9efa5b762de4597557350435f13ac8c387df8d8cbe995dfb6a7810e10b540,1110,1110,0.5468468468468468468468468468,1.180985280973365574876724210,104,104,0.8095124339966349076197953404,-0.0832093024552620381715674183,593,0.5598650927487352445193929174,71,71,517,0.5319148936170212765957446809,33,33,run_0d5e53b6f1414b66ad5987ad331f94e4,ema_pullback:d69d0a4bed49c842b5124e77
lookback-104,lab_baseline_untouched_only_v2,104,96a9efa5b762de4597557350435f13ac8c387df8d8cbe995dfb6a7810e10b540,1100,1100,0.5454545454545454545454545455,1.172637860041041709917412755,100,100,0.7545825108810730880444513103,-0.0832093024552620381715674173,587,0.5587734241908006814310051107,69,69,513,0.5302144249512670565302144250,31,31,run_a14e8836854544da831366defac28b56,ema_pullback:d5ea0c000961c263214eaaa0
lookback-105,lab_baseline_untouched_only_v2,105,96a9efa5b762de4597557350435f13ac8c387df8d8cbe995dfb6a7810e10b540,1097,1097,0.5451230628988149498632634458,1.170484562188929661390151697,99,99,0.738593147625362612941171417,-0.0832093024552620381715674170,585,0.5589743589743589743589743590,69,69,512,0.529296875,30,30,run_7743d077393347b3a7a955b7c090d677,ema_pullback:317c58dfdd2509e19ecee845
lookback-106,lab_baseline_untouched_only_v2,106,96a9efa5b762de4597557350435f13ac8c387df8d8cbe995dfb6a7810e10b540,1084,1084,0.5479704797047970479704797048,1.188425141012571611053102924,104,104,0.8340607005602761749365252166,-0.0832093024552620381715674174,578,0.5605536332179930795847750865,70,70,506,0.5335968379446640316205533597,34,34,run_4dc4b1ec88da47a9a23ab67d212cfa9e,ema_pullback:4783a094e267bb96b96dfacb
lookback-107,lab_baseline_untouched_only_v2,107,96a9efa5b762de4597557350435f13ac8c387df8d8cbe995dfb6a7810e10b540,1075,1075,0.5469767441860465116279069767,1.180847014073999263035145846,101,101,0.7756027273994647443078096811,-0.0863309588379715134421116515,575,0.56,69,69,500,0.532,32,32,run_a4fad6d3aa3a4384bc083e7bb7fb21ab,ema_pullback:3fd2847e2e612fac9a7e1a42
lookback-108,lab_baseline_untouched_only_v2,108,96a9efa5b762de4597557350435f13ac8c387df8d8cbe995dfb6a7810e10b540,1066,1066,0.5459662288930581613508442777,1.178748058548343866593064426,98,98,0.7552545977368549716409397486,-0.0868875906886268887499165894,569,0.5588752196836555360281195079,67,67,497,0.5311871227364185110663983903,31,31,run_14d1a69607de402084fad0594e0c4f04,ema_pullback:1b77c30ff8c8753f99001cd2
lookback-109,lab_baseline_untouched_only_v2,109,96a9efa5b762de4597557350435f13ac8c387df8d8cbe995dfb6a7810e10b540,1057,1057,0.5449385052034058656575212867,1.172251828512223532003446916,95,95,0.7041813875523104148199783788,-0.0924085467524892318366922315,564,0.5585106382978723404255319149,66,66,493,0.5294117647058823529411764706,29,29,run_b3d0e2056b444852b796261acaef1f60,ema_pullback:aa801d4371e25ef4d08f4069
lookback-110,lab_baseline_untouched_only_v2,110,96a9efa5b762de4597557350435f13ac8c387df8d8cbe995dfb6a7810e10b540,1050,1050,0.5476190476190476190476190476,1.184428806620274687797284181,100,100,0.7499241584509382503186094721,-0.0924085467524892318366922326,560,0.5607142857142857142857142857,68,68,490,0.5326530612244897959183673469,32,32,run_663ad52d62934ab2a3af7b44146cf466,ema_pullback:726e0620a28adb09647c188b
lookback-111,lab_baseline_untouched_only_v2,111,96a9efa5b762de4597557350435f13ac8c387df8d8cbe995dfb6a7810e10b540,1041,1041,0.5494716618635926993275696446,1.198076422309936750908894493,103,103,0.8211464298554020655760356822,-0.0924085467524892318366922301,556,0.5611510791366906474820143885,68,68,485,0.5360824742268041237113402062,35,35,run_5e5febb516e3417cbe77eca66e5ebe6d,ema_pullback:8e0357fb8282dddd2ba3fc11
lookback-112,lab_baseline_untouched_only_v2,112,96a9efa5b762de4597557350435f13ac8c387df8d8cbe995dfb6a7810e10b540,1032,1032,0.5484496124031007751937984496,1.193412284778014920259857639,100,100,0.7898625997342824748325685746,-0.0924085467524892318366922327,550,0.5618181818181818181818181818,68,68,482,0.5331950207468879668049792531,32,32,run_ed32a87c58684266b1e7c99c071a2793,ema_pullback:bdf508645d678bbc89e43644
lookback-113,lab_baseline_untouched_only_v2,113,96a9efa5b762de4597557350435f13ac8c387df8d8cbe995dfb6a7810e10b540,1023,1023,0.5464320625610948191593352884,1.190216029972053090246154731,95,95,0.7644743076182632525788051434,-0.0924085467524892318366922321,546,0.5586080586080586080586080586,64,64,477,0.5324947589098532494758909853,31,31,run_dd9b01f923004bc39bb04b4189dbb7e0,ema_pullback:3e8d520dd0e182cdbd719cc7
lookback-114,lab_baseline_untouched_only_v2,114,96a9efa5b762de4597557350435f13ac8c387df8d8cbe995dfb6a7810e10b540,1011,1011,0.5489614243323442136498516320,1.197767679013170387429191258,99,99,0.7934279648843046950730670946,-0.0924085467524892318366922312,540,0.5629629629629629629629629630,68,68,471,0.5329087048832271762208067941,31,31,run_1110ad80eb364fa4aa188e520bd7e086,ema_pullback:61e6ad276fb237dffb4e5773
lookback-115,lab_baseline_untouched_only_v2,115,96a9efa5b762de4597557350435f13ac8c387df8d8cbe995dfb6a7810e10b540,1002,1002,0.5489021956087824351297405190,1.201249033579423508611521710,98,98,0.7980572186752293464392967755,-0.0924085467524892318366922324,535,0.5626168224299065420560747664,67,67,467,0.5331905781584582441113490364,31,31,run_201c8012630e4b14860fdae74750abde,ema_pullback:f87ef0a021e6b3223a2a0190
lookback-116,lab_baseline_untouched_only_v2,116,96a9efa5b762de4597557350435f13ac8c387df8d8cbe995dfb6a7810e10b540,997,997,0.5476429287863590772316950853,1.201632377699445570373135727,95,95,0.7942636829339463565995232957,-0.0863504616008719434910818077,534,0.5617977528089887640449438202,66,66,463,0.5313174946004319654427645788,29,29,run_2b608cf4dc57420397b4013b9bb9a291,ema_pullback:9044aa47d725931b7d837b46
lookback-117,lab_baseline_untouched_only_v2,117,96a9efa5b762de4597557350435f13ac8c387df8d8cbe995dfb6a7810e10b540,991,991,0.5459132189707366296670030272,1.192079908600697859082445665,91,91,0.7445344199745335939295192589,-0.0934704070743198629166360196,531,0.5593220338983050847457627119,63,63,460,0.5304347826086956521739130435,28,28,run_83c18ae5547f473fa87218a267d18e30,ema_pullback:4af19c69d0b58dcc7a099d49
lookback-118,lab_baseline_untouched_only_v2,118,96a9efa5b762de4597557350435f13ac8c387df8d8cbe995dfb6a7810e10b540,982,982,0.5478615071283095723014256619,1.214793358523856565259127501,94,94,0.8462511294873152555381500079,-0.0904533444624148661420971571,525,0.56,63,63,457,0.5339168490153172866520787746,31,31,run_5c7d2c8427d94ca28c8abedfe2fc0945,ema_pullback:29945b68ead9703893569c3c
lookback-119,lab_baseline_untouched_only_v2,119,96a9efa5b762de4597557350435f13ac8c387df8d8cbe995dfb6a7810e10b540,973,973,0.5488180883864337101747173690,1.219539711566261361400452352,95,95,0.86070138860821151302980615,-0.0923726269895619952674511055,519,0.5606936416184971098265895954,63,63,454,0.5352422907488986784140969163,32,32,run_fdd7d51c7b804a2792075f2cac1e2f25,ema_pullback:54cdbe4321d8bfbe20b2a653
lookback-120,lab_baseline_untouched_only_v2,120,96a9efa5b762de4597557350435f13ac8c387df8d8cbe995dfb6a7810e10b540,961,961,0.5504682622268470343392299688,1.225255661339963280926627669,97,97,0.871294752918986701493158403,-0.0935793380316766764396141904,514,0.5661478599221789883268482490,68,68,447,0.5324384787472035794183445190,29,29,run_9a00c2369d82495387b3435dbb582c91,ema_pullback:e8a6c58f0f51659cf25399af
lookback-121,lab_baseline_untouched_only_v2,121,96a9efa5b762de4597557350435f13ac8c387df8d8cbe995dfb6a7810e10b540,949,949,0.5479452054794520547945205479,1.210231787926003942116452736,91,91,0.7868994058902379987453756587,-0.0935793380316766764396141918,506,0.5632411067193675889328063241,64,64,443,0.5304740406320541760722347630,27,27,run_2ef08ef6d6154bdbbe8d603eff13cbc2,ema_pullback:7632d24e0514af80c647ab1a
lookback-122,lab_baseline_untouched_only_v2,122,96a9efa5b762de4597557350435f13ac8c387df8d8cbe995dfb6a7810e10b540,938,938,0.5479744136460554371002132196,1.212556192975562663967421447,90,90,0.7846497414296504121576077898,-0.0935793380316766764396141890,501,0.5628742514970059880239520958,63,63,437,0.5308924485125858123569794050,27,27,run_b9c1241783884f2db5b55e3951dc02e9,ema_pullback:42f6d94c33d308021665e152
lookback-123,lab_baseline_untouched_only_v2,123,96a9efa5b762de4597557350435f13ac8c387df8d8cbe995dfb6a7810e10b540,929,929,0.5457481162540365984930032293,1.199800357141390596038911828,85,85,0.7134131489060250418360729387,-0.0935793380316766764396141917,496,0.5625,62,62,433,0.5265588914549653579676674365,23,23,run_04697fbf8f6d4bc796dccd3ae265c5f1,ema_pullback:f84aabcab95f2993a46a7baa
lookback-124,lab_baseline_untouched_only_v2,124,96a9efa5b762de4597557350435f13ac8c387df8d8cbe995dfb6a7810e10b540,920,920,0.5456521739130434782608695652,1.196982712072261927981199251,84,84,0.695681853115755541580265363,-0.0935793380316766764396141897,494,0.5627530364372469635627530364,62,62,426,0.5258215962441314553990610329,22,22,run_6d0ad1d62213454995d0322f799c9b3f,ema_pullback:f87816db194f3882b57b29cf
lookback-125,lab_baseline_untouched_only_v2,125,96a9efa5b762de4597557350435f13ac8c387df8d8cbe995dfb6a7810e10b540,914,914,0.5437636761487964989059080963,1.184276546924647236313500319,80,80,0.6306080301555082639159028941,-0.0935793380316766764396141900,490,0.5591836734693877551020408163,58,58,424,0.5259433962264150943396226415,22,22,run_b612651313714caf976c76a084ff050b,ema_pullback:362dd561162fc221bc4412a8
lookback-126,lab_baseline_untouched_only_v2,126,96a9efa5b762de4597557350435f13ac8c387df8d8cbe995dfb6a7810e10b540,905,905,0.5447513812154696132596685083,1.187423347825037313629363003,81,81,0.6403385147528140879334863759,-0.0935793380316766764396141940,489,0.5603271983640081799591002045,59,59,416,0.5264423076923076923076923077,22,22,run_25e815aeee4c41cdb414ff8aea425a24,ema_pullback:1610a57551102d80339a80bd
lookback-127,lab_baseline_untouched_only_v2,127,96a9efa5b762de4597557350435f13ac8c387df8d8cbe995dfb6a7810e10b540,899,899,0.5450500556173526140155728587,1.187458306541110004423001592,81,81,0.6301298383230222401920665881,-0.0935793380316766764396141894,485,0.5608247422680412371134020619,59,59,414,0.5265700483091787439613526570,22,22,run_334b4076e0ee4fe1a1690cde6672bccb,ema_pullback:c1fe1506a1068aa985413838
lookback-128,lab_baseline_untouched_only_v2,128,96a9efa5b762de4597557350435f13ac8c387df8d8cbe995dfb6a7810e10b540,892,892,0.5459641255605381165919282511,1.188531150819553955205656438,82,82,0.6278603438391655770325714986,-0.0924489897203125894921643958,481,0.5613305613305613305613305613,59,59,411,0.5279805352798053527980535280,23,23,run_2eb9502867bd47969eef2bbbb71aac4d,ema_pullback:a5e95ae2ffd01fa302cb765f
lookback-129,lab_baseline_untouched_only_v2,129,96a9efa5b762de4597557350435f13ac8c387df8d8cbe995dfb6a7810e10b540,885,885,0.5435028248587570621468926554,1.181717287721685042048084104,77,77,0.5962682314458432825944249588,-0.0953910290109804965575397505,477,0.5597484276729559748427672956,57,57,408,0.5245098039215686274509803922,20,20,run_beded27297684909890193bef75e38f2,ema_pullback:a8d96ce511528677f79a14ef
lookback-130,lab_baseline_untouched_only_v2,130,96a9efa5b762de4597557350435f13ac8c387df8d8cbe995dfb6a7810e10b540,875,875,0.5428571428571428571428571429,1.183645554310799874416999823,75,75,0.595463839041614634634817711,-0.0886437822166884177330065083,470,0.5574468085106382978723404255,54,54,405,0.5259259259259259259259259259,21,21,run_8189bbda68824a968aaf0421273ab5eb,ema_pullback:a8289f7409d9a447c329ba8d
lookback-131,lab_baseline_untouched_only_v2,131,96a9efa5b762de4597557350435f13ac8c387df8d8cbe995dfb6a7810e10b540,866,866,0.5415704387990762124711316397,1.174776964817508333760092651,72,72,0.5562761599362817113315416397,-0.0886437822166884177330065078,466,0.5557939914163090128755364807,52,52,400,0.525,20,20,run_5f496b7b93994b65a1f4e363282bf7f3,ema_pullback:c3af938572eeb6b4febdb8b7
lookback-132,lab_baseline_untouched_only_v2,132,96a9efa5b762de4597557350435f13ac8c387df8d8cbe995dfb6a7810e10b540,862,862,0.5394431554524361948955916473,1.162827438779617956342079581,68,68,0.5089147502140453287202942496,-0.0886437822166884177330065091,463,0.5529157667386609071274298056,49,49,399,0.5238095238095238095238095238,19,19,run_56c1e993f4bc4c33813ecd2ac645a861,ema_pullback:f310bb2cf8e5631fbf84adfb
lookback-133,lab_baseline_untouched_only_v2,133,96a9efa5b762de4597557350435f13ac8c387df8d8cbe995dfb6a7810e10b540,858,858,0.5384615384615384615384615385,1.162068990548176913436171276,66,66,0.503872648973369441645939741,-0.0844736758341683602826448451,462,0.5519480519480519480519480519,48,48,396,0.5227272727272727272727272727,18,18,run_2ca5d753b11646618c98905accc3949c,ema_pullback:5ef0b587531471a81b29cac2
lookback-134,lab_baseline_untouched_only_v2,134,96a9efa5b762de4597557350435f13ac8c387df8d8cbe995dfb6a7810e10b540,853,853,0.5357561547479484173505275498,1.150016904746313639570334479,61,61,0.4604880552248096289104647556,-0.0859704618171948518887978325,458,0.5480349344978165938864628821,44,44,395,0.5215189873417721518987341772,17,17,run_e77b860161d743898e8da615c87f4055,ema_pullback:bcb0f9c0057d132df79f9592
lookback-135,lab_baseline_untouched_only_v2,135,96a9efa5b762de4597557350435f13ac8c387df8d8cbe995dfb6a7810e10b540,840,840,0.5333333333333333333333333333,1.137412459907395713720901871,56,56,0.4160939492422226898568712368,-0.0859704618171948518887978259,452,0.5464601769911504424778761062,42,42,388,0.5180412371134020618556701031,14,14,run_3d458cc6153241a48f7b0ad4d7e026e5,ema_pullback:9b9723ded8d4c113820783b4
lookback-136,lab_baseline_untouched_only_v2,136,96a9efa5b762de4597557350435f13ac8c387df8d8cbe995dfb6a7810e10b540,833,833,0.5342136854741896758703481393,1.144011092395007507003647237,57,57,0.4362609929411301293080147352,-0.0768024540461234929026655112,448,0.5491071428571428571428571429,44,44,385,0.5168831168831168831168831169,13,13,run_b05a94225aa84462846b319cd6f12423,ema_pullback:c74144ea887c376b77d92f2a
lookback-137,lab_baseline_untouched_only_v2,137,96a9efa5b762de4597557350435f13ac8c387df8d8cbe995dfb6a7810e10b540,824,824,0.5351941747572815533980582524,1.143312535057748303053294717,58,58,0.428784726494197038181028141,-0.0743584190688162029298896158,440,0.5522727272727272727272727273,46,46,384,0.515625,12,12,run_cf7dbc26d24e4231b937a24f4e6085ae,ema_pullback:0e3c8632b4117b9f41f94e42
lookback-138,lab_baseline_untouched_only_v2,138,96a9efa5b762de4597557350435f13ac8c387df8d8cbe995dfb6a7810e10b540,820,820,0.5353658536585365853658536585,1.146920114744731863420533565,58,58,0.4396533273624420360664904267,-0.0743584190688162029298896171,437,0.5514874141876430205949656751,45,45,383,0.5169712793733681462140992167,13,13,run_3fc4bc5b4a064a1fa4b4385be0165456,ema_pullback:565187a0fddb01890770538a
lookback-139,lab_baseline_untouched_only_v2,139,96a9efa5b762de4597557350435f13ac8c387df8d8cbe995dfb6a7810e10b540,813,813,0.5350553505535055350553505535,1.146956867449807270324959559,57,57,0.4358791684337075596026576648,-0.0712792010238639866367097975,433,0.5496535796766743648960739030,43,43,380,0.5184210526315789473684210526,14,14,run_10011ba4ae364d2a855fe0a2b1d9a13b,ema_pullback:2bb3281b83f56b56f0879374
lookback-140,lab_baseline_untouched_only_v2,140,96a9efa5b762de4597557350435f13ac8c387df8d8cbe995dfb6a7810e10b540,806,806,0.5347394540942928039702233251,1.137971205101284150871867601,56,56,0.3973113892050951645587875673,-0.0856969385338414145706636199,430,0.5488372093023255813953488372,42,42,376,0.5186170212765957446808510638,14,14,run_ce9109ac85b94378a29d2e828354f447,ema_pullback:3a0cf537885b155fc2540e49
lookback-141,lab_baseline_untouched_only_v2,141,96a9efa5b762de4597557350435f13ac8c387df8d8cbe995dfb6a7810e10b540,796,796,0.5364321608040201005025125628,1.154506299010357015418905841,58,58,0.4420978614429039652253897474,-0.0748517703934599791298418063,424,0.5518867924528301886792452830,44,44,372,0.5188172043010752688172043011,14,14,run_f9d408c706a34ed69b34f11498705b22,ema_pullback:631db544467655456b4fc043
lookback-142,lab_baseline_untouched_only_v2,142,96a9efa5b762de4597557350435f13ac8c387df8d8cbe995dfb6a7810e10b540,789,789,0.5373891001267427122940430925,1.161595801660845255233101683,59,59,0.4602488809408140036122908731,-0.0748517703934599791298418065,419,0.5536992840095465393794749403,45,45,370,0.5189189189189189189189189189,14,14,run_19ea13e82230429da51c574993dd4714,ema_pullback:5cbed19e9de52209f61bf145
lookback-143,lab_baseline_untouched_only_v2,143,96a9efa5b762de4597557350435f13ac8c387df8d8cbe995dfb6a7810e10b540,782,782,0.5345268542199488491048593350,1.149156513468055000951604195,54,54,0.4135431664525691184408807684,-0.0807665354278448480729576878,414,0.5507246376811594202898550725,42,42,368,0.5163043478260869565217391304,12,12,run_60c0a1a3736f49868a71e02fc426f5de,ema_pullback:7ba3b5303fe786281cfb9608
lookback-144,lab_baseline_untouched_only_v2,144,96a9efa5b762de4597557350435f13ac8c387df8d8cbe995dfb6a7810e10b540,774,774,0.5348837209302325581395348837,1.144969012037644398548208284,54,54,0.3973373664071271866106934356,-0.0807665354278448480729576859,410,0.5512195121951219512195121951,42,42,364,0.5164835164835164835164835165,12,12,run_e45047bc6eec40ad83c6ee4322b92c58,ema_pullback:04d98ab326b357eea985fc6f
lookback-145,lab_baseline_untouched_only_v2,145,96a9efa5b762de4597557350435f13ac8c387df8d8cbe995dfb6a7810e10b540,767,767,0.5358539765319426336375488918,1.146466557289311037675498023,55,55,0.4000423783314565304118200467,-0.0891693677478311364868121038,406,0.5492610837438423645320197044,40,40,361,0.5207756232686980609418282548,15,15,run_5d77a48af1a2433aa6582f6c20546606,ema_pullback:3a68e31cbf34a329b6783297
lookback-146,lab_baseline_untouched_only_v2,146,96a9efa5b762de4597557350435f13ac8c387df8d8cbe995dfb6a7810e10b540,759,759,0.5362318840579710144927536232,1.145437926118052766897252166,55,55,0.3907834082049089493537609996,-0.0930879070852983826459775109,401,0.5486284289276807980049875312,39,39,358,0.5223463687150837988826815642,16,16,run_71bfbb44ca3e4f0ea314b5fe975fc237,ema_pullback:50850e74b90577b283488077
lookback-147,lab_baseline_untouched_only_v2,147,96a9efa5b762de4597557350435f13ac8c387df8d8cbe995dfb6a7810e10b540,748,748,0.5347593582887700534759358289,1.139633883305959564685725192,52,52,0.368731624830302130338731713,-0.1074199420378252508048948965,395,0.5443037974683544303797468354,35,35,353,0.5240793201133144475920679887,17,17,run_47a2e9c933a74e4c80ababc845e584bf,ema_pullback:09433a73483cddf3a06e35a9
lookback-148,lab_baseline_untouched_only_v2,148,96a9efa5b762de4597557350435f13ac8c387df8d8cbe995dfb6a7810e10b540,740,740,0.5337837837837837837837837838,1.138325723147275570713442186,50,50,0.3617859928819639264370603813,-0.1074199420378252508048948942,390,0.5461538461538461538461538462,36,36,350,0.52,14,14,run_0bdffaf17f3f4493a88148b752867e15,ema_pullback:75a7a2706043410ac06b7c62
lookback-149,lab_baseline_untouched_only_v2,149,96a9efa5b762de4597557350435f13ac8c387df8d8cbe995dfb6a7810e10b540,730,730,0.5356164383561643835616438356,1.142768111936815825659371893,52,52,0.3648688881619726017767079324,-0.1074199420378252508048948961,384,0.5494791666666666666666666667,38,38,346,0.5202312138728323699421965318,14,14,run_4e76b98b653047ebb2d39d3cc4086dcf,ema_pullback:7f716351e335f1139bc51062
lookback-150,lab_baseline_untouched_only_v2,150,96a9efa5b762de4597557350435f13ac8c387df8d8cbe995dfb6a7810e10b540,719,719,0.5368567454798331015299026426,1.148867767372714621593945466,53,53,0.3727711108538984433213085059,-0.1002440768518503264867583175,375,0.5546666666666666666666666667,41,41,344,0.5174418604651162790697674419,12,12,run_29e0780c3baf4a5e873afe0c2591f0b9,ema_pullback:b43e93fff9ba0e41746bbef2
lookback-151,lab_baseline_untouched_only_v2,151,96a9efa5b762de4597557350435f13ac8c387df8d8cbe995dfb6a7810e10b540,708,708,0.5338983050847457627118644068,1.131623863912349557146070550,48,48,0.322043251093802312388477864,-0.0985443977770130073196321058,371,0.5552560646900269541778975741,41,41,337,0.5103857566765578635014836795,7,7,run_c391343388bd4f1ea7f06f401170a73d,ema_pullback:ebde0708e69b06e42587bbaa
lookback-152,lab_baseline_untouched_only_v2,152,96a9efa5b762de4597557350435f13ac8c387df8d8cbe995dfb6a7810e10b540,703,703,0.5334281650071123755334281650,1.134575826141955588384062724,47,47,0.3288216230467102911737625291,-0.1005367351814349648990265846,370,0.5540540540540540540540540541,40,40,333,0.5105105105105105105105105105,7,7,run_0e1fe87a95b24e758c5a758acedc562a,ema_pullback:abbe5c87fd33b93f7a610ea7
lookback-153,lab_baseline_untouched_only_v2,153,96a9efa5b762de4597557350435f13ac8c387df8d8cbe995dfb6a7810e10b540,698,698,0.5329512893982808022922636103,1.136001157347402641393052209,46,46,0.3306602635221138246336452117,-0.1048365171966371684948983921,365,0.5534246575342465753424657534,39,39,333,0.5105105105105105105105105105,7,7,run_46eb39d0b7c0435abfe808cf65c5bea7,ema_pullback:43e69f932cb6c427746645a1
lookback-154,lab_baseline_untouched_only_v2,154,96a9efa5b762de4597557350435f13ac8c387df8d8cbe995dfb6a7810e10b540,685,685,0.5328467153284671532846715328,1.133830927255389051815977781,45,45,0.3219534560188811154009657229,-0.1279253535926027466802221985,359,0.5515320334261838440111420613,37,37,326,0.5122699386503067484662576687,8,8,run_5301abc9ce644d16971d96a90bd9db14,ema_pullback:2a948ac702c738814751fa81
lookback-155,lab_baseline_untouched_only_v2,155,96a9efa5b762de4597557350435f13ac8c387df8d8cbe995dfb6a7810e10b540,678,678,0.5324483775811209439528023599,1.126959956144925364379892760,44,44,0.3021308654202148498142036964,-0.1337356070306545591761642001,354,0.5536723163841807909604519774,38,38,324,0.5092592592592592592592592593,6,6,run_7fe5b53dab5241c5b0d902cb510f8a1e,ema_pullback:542293a1f53f6816b7778b07
lookback-156,lab_baseline_untouched_only_v2,156,96a9efa5b762de4597557350435f13ac8c387df8d8cbe995dfb6a7810e10b540,675,675,0.5318518518518518518518518519,1.126652420409086087450072316,43,43,0.3007717610166445679950360435,-0.1337356070306545591761641983,354,0.5536723163841807909604519774,38,38,321,0.5077881619937694704049844237,5,5,run_6551a05d46f240178992b1b7e8ff5e3d,ema_pullback:7137b6385a0c0b431eae2b91
lookback-157,lab_baseline_untouched_only_v2,157,96a9efa5b762de4597557350435f13ac8c387df8d8cbe995dfb6a7810e10b540,666,666,0.5315315315315315315315315315,1.127303679503340075484926705,42,42,0.2988178471884029141552888038,-0.1414201124280083986202109000,351,0.5555555555555555555555555556,39,39,315,0.5047619047619047619047619048,3,3,run_f0b1ffb52195439dbe69c15830fc30de,ema_pullback:307b936840d6ec610a9c8b12
lookback-158,lab_baseline_untouched_only_v2,158,96a9efa5b762de4597557350435f13ac8c387df8d8cbe995dfb6a7810e10b540,660,660,0.5318181818181818181818181818,1.129586340806759992255272864,42,42,0.3017312630027548319541506397,-0.1362784869577411779780557737,347,0.5590778097982708933717579251,41,41,313,0.5015974440894568690095846645,1,1,run_d6db3ac4e88948d2a29296cd42d3bb7c,ema_pullback:341f93061e3192e92327e88e
lookback-159,lab_baseline_untouched_only_v2,159,96a9efa5b762de4597557350435f13ac8c387df8d8cbe995dfb6a7810e10b540,650,650,0.5307692307692307692307692308,1.126518933966924898851489637,40,40,0.2923128935905822303504548254,-0.1439178057985532338863168536,342,0.5614035087719298245614035088,42,42,308,0.4967532467532467532467532468,-2,-2,run_48b31e15056540be90909af76cf612c8,ema_pullback:04aba309bd1d661befa09298
lookback-160,lab_baseline_untouched_only_v2,160,96a9efa5b762de4597557350435f13ac8c387df8d8cbe995dfb6a7810e10b540,641,641,0.5319812792511700468018720749,1.132555117538835305274109692,41,41,0.3027182757254889425687694422,-0.1423751911987803980290751939,335,0.5641791044776119402985074627,43,43,306,0.4967320261437908496732026144,-2,-2,run_33271166ebbc4d8bbafc87195cb582ef,ema_pullback:14ccdfd6de58c9c6f0f3ba43
lookback-161,lab_baseline_untouched_only_v2,161,96a9efa5b762de4597557350435f13ac8c387df8d8cbe995dfb6a7810e10b540,635,635,0.5322834645669291338582677165,1.145658845153696218777875573,41,41,0.3258450524644184378620300228,-0.1433832790987344797291482229,333,0.5645645645645645645645645646,43,43,302,0.4966887417218543046357615894,-2,-2,run_cd470134491748bdbec56e258228f99d,ema_pullback:11710605dedd84866f43903a
lookback-162,lab_baseline_untouched_only_v2,162,96a9efa5b762de4597557350435f13ac8c387df8d8cbe995dfb6a7810e10b540,628,628,0.5334394904458598726114649682,1.149706503906984858705605869,42,42,0.3336430649288955767290234833,-0.1375606571725810282874929368,329,0.5653495440729483282674772036,43,43,299,0.4983277591973244147157190635,-1,-1,run_05cffef8fa534619a7247fd229fd9ef7,ema_pullback:da212b1d9c9fb779b52151e8
lookback-163,lab_baseline_untouched_only_v2,163,96a9efa5b762de4597557350435f13ac8c387df8d8cbe995dfb6a7810e10b540,624,624,0.5336538461538461538461538462,1.147888245136818332838302250,42,42,0.3256548102133234454246977664,-0.1375606571725810282874929355,326,0.5644171779141104294478527607,42,42,298,0.5,0,0,run_35f431ec25cf47b4936bc3b162d3bfc5,ema_pullback:8c571db8319c770ddbe58a08
lookback-164,lab_baseline_untouched_only_v2,164,96a9efa5b762de4597557350435f13ac8c387df8d8cbe995dfb6a7810e10b540,617,617,0.5332252836304700162074554295,1.140921597817887649445045091,41,41,0.3042127247858349633348830404,-0.1375606571725810282874929301,322,0.5683229813664596273291925466,44,44,295,0.4949152542372881355932203390,-3,-3,run_6313537b8ba847878434035dbb765509,ema_pullback:4815d3d73a54dcae0a5e2cf3
lookback-165,lab_baseline_untouched_only_v2,165,96a9efa5b762de4597557350435f13ac8c387df8d8cbe995dfb6a7810e10b540,611,611,0.5335515548281505728314238953,1.142671306037006016106311316,41,41,0.3041209307128124659623258371,-0.1435337409320171188452319657,319,0.5673981191222570532915360502,43,43,292,0.4965753424657534246575342466,-2,-2,run_73fbfd42a19343ae845537b8792d7448,ema_pullback:92cf57b53115bec1d0555c26
lookback-166,lab_baseline_untouched_only_v2,166,96a9efa5b762de4597557350435f13ac8c387df8d8cbe995dfb6a7810e10b540,599,599,0.5292153589315525876460767947,1.126683709150810798720637688,35,35,0.2635140506664164538252439281,-0.1536650154507266744576014491,312,0.5608974358974358974358974359,38,38,287,0.4947735191637630662020905923,-3,-3,run_9c96b6f72f45439c97646d7611ad7f29,ema_pullback:51175c98e9e606c7c670ff53
lookback-167,lab_baseline_untouched_only_v2,167,96a9efa5b762de4597557350435f13ac8c387df8d8cbe995dfb6a7810e10b540,597,597,0.5309882747068676716917922948,1.134543578882334654005223350,37,37,0.2796828857496873747122047834,-0.1472440854823332616085788103,311,0.5627009646302250803858520900,39,39,286,0.4965034965034965034965034965,-2,-2,run_d189cba5ada442d28ea0f6ba1935692c,ema_pullback:811ba9966e109cfca0ac3689
lookback-168,lab_baseline_untouched_only_v2,168,96a9efa5b762de4597557350435f13ac8c387df8d8cbe995dfb6a7810e10b540,593,593,0.5311973018549747048903878583,1.140693271105635738626715376,37,37,0.290015746132817453646314885,-0.1374105936172251705304373811,311,0.5627009646302250803858520900,39,39,282,0.4964539007092198581560283688,-2,-2,run_47d4b8c036da43558b4840c55bca6383,ema_pullback:3bf82acb7fd79e401805ff99
lookback-169,lab_baseline_untouched_only_v2,169,96a9efa5b762de4597557350435f13ac8c387df8d8cbe995dfb6a7810e10b540,588,588,0.5323129251700680272108843537,1.143552127109612097190364411,38,38,0.2954474458207602451700496946,-0.1374105936172251705304373787,307,0.5635179153094462540716612378,39,39,281,0.4982206405693950177935943060,-1,-1,run_abfc52982c4441ad983bf94009f85d4c,ema_pullback:3cbbd75a4185c914b037e3bb
lookback-170,lab_baseline_untouched_only_v2,170,96a9efa5b762de4597557350435f13ac8c387df8d8cbe995dfb6a7810e10b540,587,587,0.5315161839863713798977853492,1.138562037495690185058479405,37,37,0.2839585746210343804700090946,-0.1450605979614005317066214955,306,0.5620915032679738562091503268,38,38,281,0.4982206405693950177935943060,-1,-1,run_27f95dcdfbe24c7b99e388bd9a69515d,ema_pullback:9c798238ea47f2c3c4a13da4
lookback-171,lab_baseline_untouched_only_v2,171,96a9efa5b762de4597557350435f13ac8c387df8d8cbe995dfb6a7810e10b540,583,583,0.5334476843910806174957118353,1.145247551159161282821726011,39,39,0.2956397669509339429698301322,-0.1450605979614005317066215019,303,0.5676567656765676567656765677,41,41,280,0.4964285714285714285714285714,-2,-2,run_1f65295e7c56404b9cefe06d585eab6f,ema_pullback:2c60410f6fdf396d852b1113
lookback-172,lab_baseline_untouched_only_v2,172,96a9efa5b762de4597557350435f13ac8c387df8d8cbe995dfb6a7810e10b540,581,581,0.5352839931153184165232358003,1.154567069442560196629396898,41,41,0.3145230100723662613967835264,-0.1450605979614005317066214923,302,0.5695364238410596026490066225,42,42,279,0.4982078853046594982078853047,-1,-1,run_e053931a4f094338add6e5a704348380,ema_pullback:f334c97ec76a3793141d6f52
lookback-173,lab_baseline_untouched_only_v2,173,96a9efa5b762de4597557350435f13ac8c387df8d8cbe995dfb6a7810e10b540,578,578,0.5346020761245674740484429066,1.149880513921881069671961700,40,40,0.3033425854362153520453534043,-0.1428444698000302949797397223,301,0.5681063122923588039867109635,41,41,277,0.4981949458483754512635379061,-1,-1,run_4c4be014a0f3422b8cac54324800910d,ema_pullback:a348555084cd93b3194e7f4f
lookback-174,lab_baseline_untouched_only_v2,174,96a9efa5b762de4597557350435f13ac8c387df8d8cbe995dfb6a7810e10b540,573,573,0.5375218150087260034904013962,1.151384702561535830880059197,43,43,0.2999407798020423810164156015,-0.1293178050203218723761939298,300,0.57,42,42,273,0.5018315018315018315018315018,1,1,run_e9662d857fcb4aa8be444bbd2512c98a,ema_pullback:f60b1400745ed5e98d528039
lookback-175,lab_baseline_untouched_only_v2,175,96a9efa5b762de4597557350435f13ac8c387df8d8cbe995dfb6a7810e10b540,564,564,0.5372340425531914893617021277,1.157025625550224749967663537,42,42,0.3084592917671535625313666176,-0.1425044422061327880836240908,297,0.5690235690235690235690235690,41,41,267,0.5018726591760299625468164794,1,1,run_84c6cd7d74a84feea4d63b9fb72110b9,ema_pullback:c644ccb91963a1b4450df7d0
lookback-176,lab_baseline_untouched_only_v2,176,96a9efa5b762de4597557350435f13ac8c387df8d8cbe995dfb6a7810e10b540,562,562,0.5373665480427046263345195730,1.157968875475381199031656652,42,42,0.3105554476250209639015992425,-0.1461543244194287018017827237,296,0.5675675675675675675675675676,40,40,266,0.5037593984962406015037593985,2,2,run_42697b15ae50460887eba11a3d77f1df,ema_pullback:e80627a13b78d0c599f4d9a5
lookback-177,lab_baseline_untouched_only_v2,177,96a9efa5b762de4597557350435f13ac8c387df8d8cbe995dfb6a7810e10b540,556,556,0.5377697841726618705035971223,1.156571220664903841525690418,42,42,0.3050639444825432934234632075,-0.1509598297933768183684274048,295,0.5661016949152542372881355932,39,39,261,0.5057471264367816091954022989,3,3,run_9a920cbc219243ac9823b6a7d225c99b,ema_pullback:d174b671993eedd441b61c63
lookback-178,lab_baseline_untouched_only_v2,178,96a9efa5b762de4597557350435f13ac8c387df8d8cbe995dfb6a7810e10b540,552,552,0.5362318840579710144927536232,1.148347411383169175509121924,40,40,0.2857250850105591768113072589,-0.1509598297933768183684274104,293,0.5631399317406143344709897611,37,37,259,0.5057915057915057915057915058,3,3,run_cc1708fb78054729b4572537b047604a,ema_pullback:778384bdad0d94ed8b5f3291
lookback-179,lab_baseline_untouched_only_v2,179,96a9efa5b762de4597557350435f13ac8c387df8d8cbe995dfb6a7810e10b540,549,549,0.5373406193078324225865209472,1.155475783910319207661846521,41,41,0.298127208945021285165124094,-0.1550200082643347783305022129,293,0.5631399317406143344709897611,37,37,256,0.5078125,4,4,run_dc4b7d104b3e449b9612473b4fcb4d6a,ema_pullback:7c46a40305fbe5d2455ede68
lookback-180,lab_baseline_untouched_only_v2,180,96a9efa5b762de4597557350435f13ac8c387df8d8cbe995dfb6a7810e10b540,543,543,0.5359116022099447513812154696,1.153925707852239572359491419,39,39,0.2915029943439887060663118155,-0.1593652289621736672471361627,290,0.5620689655172413793103448276,36,36,253,0.5059288537549407114624505929,3,3,run_72fdfb87cc5a4514a5066cce5966aee8,ema_pullback:365cb6821f6366e1a75eac96
lookback-181,lab_baseline_untouched_only_v2,181,96a9efa5b762de4597557350435f13ac8c387df8d8cbe995dfb6a7810e10b540,540,540,0.5370370370370370370370370370,1.160829996447267693635938739,40,40,0.3025641952501036203284226033,-0.1560420462423943049927013686,288,0.5625,36,36,252,0.5079365079365079365079365079,4,4,run_e1ce5a4e9b664f31b7a901c09010ae59,ema_pullback:6829baf5441527f1dc3590ef
lookback-182,lab_baseline_untouched_only_v2,182,96a9efa5b762de4597557350435f13ac8c387df8d8cbe995dfb6a7810e10b540,539,539,0.5361781076066790352504638219,1.157454445839484352481583334,39,39,0.2946520310563519170836747153,-0.1560420462423943049927013672,287,0.5609756097560975609756097561,35,35,252,0.5079365079365079365079365079,4,4,run_445f13028dc943358d573c972d2a8204,ema_pullback:89e102251b481f5e5f39e1aa
lookback-183,lab_baseline_untouched_only_v2,183,96a9efa5b762de4597557350435f13ac8c387df8d8cbe995dfb6a7810e10b540,534,534,0.5355805243445692883895131086,1.152443135417381594478418041,38,38,0.2826840018295396060976983023,-0.1560420462423943049927013671,286,0.5629370629370629370629370629,36,36,248,0.5040322580645161290322580645,2,2,run_0a4d9dc5bd864884a664b39268f654c9,ema_pullback:52e6708a53c87fd8cba38739
lookback-184,lab_baseline_untouched_only_v2,184,96a9efa5b762de4597557350435f13ac8c387df8d8cbe995dfb6a7810e10b540,530,530,0.5396226415094339622641509434,1.172702217339700624466130161,42,42,0.317432244951012971916373772,-0.1529305151700593866124837032,285,0.5649122807017543859649122807,37,37,245,0.5102040816326530612244897959,5,5,run_a0bf7361920f4a7ea65c68f20b130579,ema_pullback:447920c9612b609baac4154f
lookback-185,lab_baseline_untouched_only_v2,185,96a9efa5b762de4597557350435f13ac8c387df8d8cbe995dfb6a7810e10b540,523,523,0.5411089866156787762906309751,1.178675732357399611350675974,43,43,0.3260717909074349135979425608,-0.1511421537648232276772386217,280,0.5642857142857142857142857143,36,36,243,0.5144032921810699588477366255,7,7,run_2067547fff324bb587cdc9c88f388ea5,ema_pullback:9ac7bcc0bfa466f50e5c81c8
lookback-186,lab_baseline_untouched_only_v2,186,96a9efa5b762de4597557350435f13ac8c387df8d8cbe995dfb6a7810e10b540,519,519,0.5452793834296724470134874759,1.200616570010601553062795731,47,47,0.363448167071790345854501589,-0.1381074877468157323950872564,278,0.5683453237410071942446043165,38,38,241,0.5186721991701244813278008299,9,9,run_e83c789c7f8940d5af1bfeca799af2db,ema_pullback:d5cdad40af8fa4bd418523ee
lookback-187,lab_baseline_untouched_only_v2,187,96a9efa5b762de4597557350435f13ac8c387df8d8cbe995dfb6a7810e10b540,511,511,0.5440313111545988258317025440,1.196281689921953110068234638,45,45,0.348928001917728792562925068,-0.1340488435609634310010187758,275,0.5672727272727272727272727273,37,37,236,0.5169491525423728813559322034,8,8,run_4ba02cd14b11449ead1027333efd1195,ema_pullback:838285dfa9c44fcc3449bd5c
lookback-188,lab_baseline_untouched_only_v2,188,96a9efa5b762de4597557350435f13ac8c387df8d8cbe995dfb6a7810e10b540,509,509,0.5442043222003929273084479371,1.202000895208062772250487339,45,45,0.3595429229531845393242478335,-0.1340488435609634310010187757,274,0.5656934306569343065693430657,36,36,235,0.5191489361702127659574468085,9,9,run_f7729c9480cb4fc58484fdbc52d757a1,ema_pullback:17a0bb47bf4cfe0e4cced83e
lookback-189,lab_baseline_untouched_only_v2,189,96a9efa5b762de4597557350435f13ac8c387df8d8cbe995dfb6a7810e10b540,504,504,0.5416666666666666666666666667,1.191032669384398401460419594,42,42,0.3370975939148366478980383511,-0.1452457361945536721981045377,271,0.5608856088560885608856088561,33,33,233,0.5193133047210300429184549356,9,9,run_b8f7b334dc0a4526b071356d782f60d4,ema_pullback:3979ac7dcbbdec794e061657
lookback-190,lab_baseline_untouched_only_v2,190,96a9efa5b762de4597557350435f13ac8c387df8d8cbe995dfb6a7810e10b540,497,497,0.5392354124748490945674044266,1.180379309404616071779956559,39,39,0.3146209040028566891384611893,-0.1523176671062492417689691220,266,0.5601503759398496240601503759,32,32,231,0.5151515151515151515151515152,7,7,run_1c333ea2850543d292c10b0b88d8def7,ema_pullback:67b346a7b5ba1f8b0f8c2e5c
lookback-191,lab_baseline_untouched_only_v2,191,96a9efa5b762de4597557350435f13ac8c387df8d8cbe995dfb6a7810e10b540,492,492,0.5406504065040650406504065041,1.186146828573465300850491294,40,40,0.3217261489985403255168406669,-0.1453302425571582350036451190,262,0.5610687022900763358778625954,32,32,230,0.5173913043478260869565217391,8,8,run_d74fdbd54c9f43339757eb4fede85f74,ema_pullback:8e25954e2f2468f5e822aca5
lookback-192,lab_baseline_untouched_only_v2,192,96a9efa5b762de4597557350435f13ac8c387df8d8cbe995dfb6a7810e10b540,490,490,0.5408163265306122448979591837,1.186457361731405230727763076,40,40,0.32146929386823300726482483,-0.1453302425571582350036451193,261,0.5632183908045977011494252874,33,33,229,0.5152838427947598253275109170,7,7,run_009774443cbc4f8590242f0f76f22419,ema_pullback:697c68a88b3fcecaab2c0bb2
lookback-193,lab_baseline_untouched_only_v2,193,96a9efa5b762de4597557350435f13ac8c387df8d8cbe995dfb6a7810e10b540,486,486,0.5370370370370370370370370370,1.166226309179143064800775837,36,36,0.2850093899684935841354642208,-0.1522390073562964567846471633,259,0.5598455598455598455598455598,31,31,227,0.5110132158590308370044052863,5,5,run_9e54e4cf2dfc4faabdae9f986589253f,ema_pullback:8f11e71753c5dfacf2d61387
lookback-194,lab_baseline_untouched_only_v2,194,96a9efa5b762de4597557350435f13ac8c387df8d8cbe995dfb6a7810e10b540,480,480,0.5354166666666666666666666667,1.162911644572947123301727246,34,34,0.2783125749718548459733941815,-0.1492256827826131220408627164,256,0.55859375,30,30,224,0.5089285714285714285714285714,4,4,run_77f319e1083c4b428b442451b7a8f05a,ema_pullback:cd53d0ac8b069d5e4644f468
lookback-195,lab_baseline_untouched_only_v2,195,96a9efa5b762de4597557350435f13ac8c387df8d8cbe995dfb6a7810e10b540,474,474,0.5337552742616033755274261603,1.154840290068076653347078175,32,32,0.2628146698393261317526747005,-0.1492256827826131220408627204,254,0.5590551181102362204724409449,30,30,220,0.5045454545454545454545454545,2,2,run_be8d3b7b42534009b84da20e5e30b08a,ema_pullback:0bc9c00bb8bf64025fea3e36
lookback-196,lab_baseline_untouched_only_v2,196,96a9efa5b762de4597557350435f13ac8c387df8d8cbe995dfb6a7810e10b540,468,468,0.5299145299145299145299145299,1.141586986969989784809220318,28,28,0.2366241159990771349138244399,-0.1604762490266931633701325248,251,0.5537848605577689243027888446,27,27,217,0.5023041474654377880184331797,1,1,run_a2ee961c3f3c46fa8838ddd3ccf2ce6b,ema_pullback:eb847065a4972a45edb19b32
lookback-197,lab_baseline_untouched_only_v2,197,96a9efa5b762de4597557350435f13ac8c387df8d8cbe995dfb6a7810e10b540,463,463,0.5269978401727861771058315335,1.126391898903738681289516949,25,25,0.2075854867502756592676767397,-0.1555523308504680032762052129,247,0.5506072874493927125506072874,25,25,216,0.5,0,0,run_678d042065374fb1b7d2d46e151f977f,ema_pullback:a01854e9b07b21b2e47fb043
lookback-198,lab_baseline_untouched_only_v2,198,96a9efa5b762de4597557350435f13ac8c387df8d8cbe995dfb6a7810e10b540,460,460,0.5282608695652173913043478261,1.128454894856092003900574096,26,26,0.210625142237346526184911321,-0.1505829665129923419677610619,245,0.5510204081632653061224489796,25,25,215,0.5023255813953488372093023256,1,1,run_9cac6364097440f49d35260a49ad2dfa,ema_pullback:9aebd821eb0ae7bb88c15322
lookback-199,lab_baseline_untouched_only_v2,199,96a9efa5b762de4597557350435f13ac8c387df8d8cbe995dfb6a7810e10b540,456,456,0.5241228070175438596491228070,1.111985358651016931530338010,22,22,0.1816242906914932650475725232,-0.1505829665129923419677610619,243,0.5473251028806584362139917695,23,23,213,0.4976525821596244131455399061,-1,-1,run_c80ee389b24d4dbe93f6221fefc15b11,ema_pullback:40c630d0868f7d3d004aa86d
lookback-200,lab_baseline_untouched_only_v2,200,96a9efa5b762de4597557350435f13ac8c387df8d8cbe995dfb6a7810e10b540,451,451,0.5254988913525498891352549889,1.119018983924095242585643137,23,23,0.1920396076620963535698663851,-0.1531489929699809648103107217,243,0.5473251028806584362139917695,23,23,208,0.5,0,0,run_a77ce14a93e84b5798996e2a69154f7b,ema_pullback:f440281ce133b7ebf2186525
lookback-201,lab_baseline_untouched_only_v2,201,96a9efa5b762de4597557350435f13ac8c387df8d8cbe995dfb6a7810e10b540,447,447,0.5234899328859060402684563758,1.104505141264801849037754836,21,21,0.1634586172379089401686671816,-0.1580428240618707720588758748,241,0.5477178423236514522821576763,23,23,206,0.4951456310679611650485436893,-2,-2,run_4bfd7c4a04044db280e46db88317c7ee,ema_pullback:98421eba73a5ac3f2242d59c
lookback-202,lab_baseline_untouched_only_v2,202,96a9efa5b762de4597557350435f13ac8c387df8d8cbe995dfb6a7810e10b540,443,443,0.5214446952595936794582392777,1.098873112291039800006055384,19,19,0.1537586981323475298911307105,-0.1618742216514909249227933380,239,0.5439330543933054393305439331,21,21,204,0.4950980392156862745098039216,-2,-2,run_dbff90e3b898412293cc4a9fbade56e4,ema_pullback:f4a1bd3d9820f0938d5e85cb
lookback-203,lab_baseline_untouched_only_v2,203,96a9efa5b762de4597557350435f13ac8c387df8d8cbe995dfb6a7810e10b540,437,437,0.5240274599542334096109839817,1.111239363482736130376670347,21,21,0.1725033344021492298103021209,-0.1695030145629184382796927177,234,0.5512820512820512820512820513,24,24,203,0.4926108374384236453201970443,-3,-3,run_1e6df76d389f4f8a94be021fa557b6f0,ema_pullback:dd052fa9b09373afa484a29b
lookback-204,lab_baseline_untouched_only_v2,204,96a9efa5b762de4597557350435f13ac8c387df8d8cbe995dfb6a7810e10b540,430,430,0.5279069767441860465116279070,1.119844099702387760516580796,24,24,0.184876491943688371612356084,-0.1712332238774827453522312482,232,0.5517241379310344827586206897,24,24,198,0.5,0,0,run_4fb72c0fe7de44d5866faed839467b48,ema_pullback:9c4abbbf465d87ba7dfaefc6
lookback-205,lab_baseline_untouched_only_v2,205,96a9efa5b762de4597557350435f13ac8c387df8d8cbe995dfb6a7810e10b540,427,427,0.5269320843091334894613583138,1.112915512416246344973248834,23,23,0.1732030188117049563152154545,-0.1687139907331324169548278708,231,0.5497835497835497835497835498,23,23,196,0.5,0,0,run_7172b0c4d86d422d95d72ce3451c6892,ema_pullback:602cad84d1511c23881901be
lookback-206,lab_baseline_untouched_only_v2,206,96a9efa5b762de4597557350435f13ac8c387df8d8cbe995dfb6a7810e10b540,421,421,0.5320665083135391923990498812,1.124306221470621782948263557,27,27,0.1890858967220806888937448174,-0.1566486934643770029005871590,228,0.5526315789473684210526315789,24,24,193,0.5077720207253886010362694301,3,3,run_9efe4042a33e4f47aae0b6c42f02cb0b,ema_pullback:2a0190aacdc8d5230c3377dd
lookback-207,lab_baseline_untouched_only_v2,207,96a9efa5b762de4597557350435f13ac8c387df8d8cbe995dfb6a7810e10b540,415,415,0.5277108433734939759036144578,1.108665708418492948114953202,23,23,0.1628556616691917997415256779,-0.1579451342401607959892686526,223,0.5470852017937219730941704036,21,21,192,0.5052083333333333333333333333,2,2,run_567a944d3aa34d5b91aef7cce63e7c2c,ema_pullback:0c2257c069e8976a6ecbf48f
lookback-208,lab_baseline_untouched_only_v2,208,96a9efa5b762de4597557350435f13ac8c387df8d8cbe995dfb6a7810e10b540,410,410,0.5292682926829268292682926829,1.110911575958379532146401655,24,24,0.1646374303974341484126205846,-0.1656684844702451569719013695,220,0.55,22,22,190,0.5052631578947368421052631579,2,2,run_12a304a5557c4f848ad0408a8b8d97e7,ema_pullback:8e05aa3905e8cdafbaa8f700
lookback-209,lab_baseline_untouched_only_v2,209,96a9efa5b762de4597557350435f13ac8c387df8d8cbe995dfb6a7810e10b540,407,407,0.5257985257985257985257985258,1.095777879971127448347141806,21,21,0.1410068708532778659690285829,-0.1763861291528216178575330456,219,0.5479452054794520547945205479,21,21,188,0.5,0,0,run_8293069587bb4407a64cd5a58dc025a0,ema_pullback:538f6b5f10cfbb3fff567dd6
lookback-210,lab_baseline_untouched_only_v2,210,96a9efa5b762de4597557350435f13ac8c387df8d8cbe995dfb6a7810e10b540,402,402,0.5199004975124378109452736318,1.083560977892319374555956229,16,16,0.1223434664638464409801052479,-0.1815317174018860558163365646,217,0.5437788018433179723502304147,19,19,185,0.4918918918918918918918918919,-3,-3,run_f6a3c198f1994d0da620096ea96d51a3,ema_pullback:1f434db7c42651bc32c786bb
lookback-211,lab_baseline_untouched_only_v2,211,96a9efa5b762de4597557350435f13ac8c387df8d8cbe995dfb6a7810e10b540,398,398,0.5175879396984924623115577889,1.053626964246316735610292308,14,14,0.07563870962694957116058004375,-0.1815317174018860558163365662,216,0.5416666666666666666666666667,18,18,182,0.4890109890109890109890109890,-4,-4,run_070af6273c584c47b176c0441de9b1e6,ema_pullback:9825ae8a978ddd65a3863899
lookback-212,lab_baseline_untouched_only_v2,212,96a9efa5b762de4597557350435f13ac8c387df8d8cbe995dfb6a7810e10b540,398,398,0.5175879396984924623115577889,1.053626964246316735610292308,14,14,0.07563870962694957116058004375,-0.1815317174018860558163365662,216,0.5416666666666666666666666667,18,18,182,0.4890109890109890109890109890,-4,-4,run_ea3daf0357b04e6db1bfa7a8531e5ae4,ema_pullback:1c3971230bf06d249fa579a4
lookback-213,lab_baseline_untouched_only_v2,213,96a9efa5b762de4597557350435f13ac8c387df8d8cbe995dfb6a7810e10b540,398,398,0.5175879396984924623115577889,1.053626964246316735610292308,14,14,0.07563870962694957116058004375,-0.1815317174018860558163365662,216,0.5416666666666666666666666667,18,18,182,0.4890109890109890109890109890,-4,-4,run_7d4b63b76b6b47038c3841551e236506,ema_pullback:e0cdf4ac5b69924d1714d0ef
lookback-214,lab_baseline_untouched_only_v2,214,96a9efa5b762de4597557350435f13ac8c387df8d8cbe995dfb6a7810e10b540,395,395,0.5189873417721518987341772152,1.061142815649072315698570054,15,15,0.08575462256731885144482817891,-0.1787512473775604467190878209,214,0.5420560747663551401869158879,18,18,181,0.4917127071823204419889502762,-3,-3,run_81c0bc7ce82d4ebfa67af8fe47f86810,ema_pullback:56bd4849f951e16600912eac
lookback-215,lab_baseline_untouched_only_v2,215,96a9efa5b762de4597557350435f13ac8c387df8d8cbe995dfb6a7810e10b540,392,392,0.5178571428571428571428571429,1.060399684767650168741217316,14,14,0.08428820465099195375901351829,-0.1819926052431224609953167590,212,0.5377358490566037735849056604,16,16,180,0.4944444444444444444444444444,-2,-2,run_dfd09205887041ef8d3335607ac5b136,ema_pullback:db007b8752d71ff040bf3275
lookback-216,lab_baseline_untouched_only_v2,216,96a9efa5b762de4597557350435f13ac8c387df8d8cbe995dfb6a7810e10b540,389,389,0.5167095115681233933161953728,1.059987781155369888172184894,13,13,0.08321160458975136334421828234,-0.1819926052431224609953167579,210,0.5380952380952380952380952381,16,16,179,0.4916201117318435754189944134,-3,-3,run_48157c08d9d846fa9f9e323553087f2c,ema_pullback:d97d37ee60c75a510ccdcebb
lookback-217,lab_baseline_untouched_only_v2,217,96a9efa5b762de4597557350435f13ac8c387df8d8cbe995dfb6a7810e10b540,384,384,0.515625,1.065691377223449048318570927,12,12,0.09108812450249296615293476,-0.1837237825820246573553720943,206,0.5339805825242718446601941748,14,14,178,0.4943820224719101123595505618,-2,-2,run_9017f981da3444c4886824e7ad7648ef,ema_pullback:ea2f9300d4b728083c270ae3
lookback-218,lab_baseline_untouched_only_v2,218,96a9efa5b762de4597557350435f13ac8c387df8d8cbe995dfb6a7810e10b540,379,379,0.5171503957783641160949868074,1.067198876909650008040824741,13,13,0.0925283426546926918644552809,-0.1816302187049036047740301658,203,0.5369458128078817733990147783,15,15,176,0.4943181818181818181818181818,-2,-2,run_7a106971a3e34870ad5ef921c14b2f12,ema_pullback:d4466c70fd4e555cbd2faadc
lookback-219,lab_baseline_untouched_only_v2,219,96a9efa5b762de4597557350435f13ac8c387df8d8cbe995dfb6a7810e10b540,374,374,0.5160427807486631016042780749,1.061941538978402699932121265,12,12,0.08397527646219023378957945754,-0.1856657852610184658343681445,200,0.535,14,14,174,0.4942528735632183908045977011,-2,-2,run_fc22fb7656584550b685c0deca6ce5aa,ema_pullback:2139b1fa1dc23d51b921954d
lookback-220,lab_baseline_untouched_only_v2,220,96a9efa5b762de4597557350435f13ac8c387df8d8cbe995dfb6a7810e10b540,370,370,0.5162162162162162162162162162,1.062830504257415652011064723,12,12,0.08399149464997881880230198546,-0.1856657852610184658343681439,197,0.5380710659898477157360406091,15,15,173,0.4913294797687861271676300578,-3,-3,run_221ca905ac5f4b479894da1ceb7dcb28,ema_pullback:a1ceb2e05b9115e26ff23f3b
lookback-221,lab_baseline_untouched_only_v2,221,96a9efa5b762de4597557350435f13ac8c387df8d8cbe995dfb6a7810e10b540,366,366,0.5163934426229508196721311475,1.066570349751494566120575153,12,12,0.08839506427462860519051632182,-0.1826101911892740747535275610,196,0.5408163265306122448979591837,16,16,170,0.4882352941176470588235294118,-4,-4,run_3f6fcf24b8ab440398f55b35766e2598,ema_pullback:6ab72eb18b0555932926bc3c
lookback-222,lab_baseline_untouched_only_v2,222,96a9efa5b762de4597557350435f13ac8c387df8d8cbe995dfb6a7810e10b540,362,362,0.5138121546961325966850828729,1.053030107232621881263781184,10,10,0.06868522235822046026789229623,-0.1795608078055406781672913568,192,0.5364583333333333333333333333,14,14,170,0.4882352941176470588235294118,-4,-4,run_c6e7f6c805e9462f8b0d9fefdb174b1d,ema_pullback:25dcdebea61ea0c62ea685cf
lookback-223,lab_baseline_untouched_only_v2,223,96a9efa5b762de4597557350435f13ac8c387df8d8cbe995dfb6a7810e10b540,360,360,0.5111111111111111111111111111,1.046873130552907451699758818,8,8,0.06051563043803965364199997705,-0.1795608078055406781672913591,192,0.5364583333333333333333333333,14,14,168,0.4821428571428571428571428571,-6,-6,run_1e70141e6bd844d99f4938829033c9f2,ema_pullback:7c6508237acb29b9bd6a7413
lookback-224,lab_baseline_untouched_only_v2,224,96a9efa5b762de4597557350435f13ac8c387df8d8cbe995dfb6a7810e10b540,355,355,0.5154929577464788732394366197,1.072822248493881722877481844,11,11,0.09290133483455424951677653068,-0.1667877438425580494208014468,191,0.5340314136125654450261780105,13,13,164,0.4939024390243902439024390244,-2,-2,run_9586ccae1cd6425cb839a0bbae947d55,ema_pullback:b9fe1461debfcdc729c83c0a
lookback-225,lab_baseline_untouched_only_v2,225,96a9efa5b762de4597557350435f13ac8c387df8d8cbe995dfb6a7810e10b540,351,351,0.5213675213675213675213675214,1.110388841634775248788457233,15,15,0.1396990960368631115194344587,-0.1614425562587784307601785595,189,0.5396825396825396825396825397,15,15,162,0.5,0,0,run_da8e1b4550384e87844756d797206b2b,ema_pullback:034794d677e77c9eab7c281d
lookback-226,lab_baseline_untouched_only_v2,226,96a9efa5b762de4597557350435f13ac8c387df8d8cbe995dfb6a7810e10b540,351,351,0.5213675213675213675213675214,1.110388841634775248788457233,15,15,0.1396990960368631115194344587,-0.1614425562587784307601785595,189,0.5396825396825396825396825397,15,15,162,0.5,0,0,run_da181e164838478d98b985be3edf3d72,ema_pullback:9c6c2e1712cd782ba2bf3600
lookback-227,lab_baseline_untouched_only_v2,227,96a9efa5b762de4597557350435f13ac8c387df8d8cbe995dfb6a7810e10b540,351,351,0.5213675213675213675213675214,1.110388841634775248788457233,15,15,0.1396990960368631115194344587,-0.1614425562587784307601785595,189,0.5396825396825396825396825397,15,15,162,0.5,0,0,run_05346775edcf4f9ca08b617f16928ba2,ema_pullback:acf58a3b78257a0cfc73918c
lookback-228,lab_baseline_untouched_only_v2,228,96a9efa5b762de4597557350435f13ac8c387df8d8cbe995dfb6a7810e10b540,349,349,0.5214899713467048710601719198,1.109615086744746872003688178,15,15,0.1379341602564609146450174077,-0.1614425562587784307601785632,188,0.5425531914893617021276595745,16,16,161,0.4968944099378881987577639752,-1,-1,run_29eed263195e4d92bf6083d150f24909,ema_pullback:1050e570e244c2f322ff3742
lookback-229,lab_baseline_untouched_only_v2,229,96a9efa5b762de4597557350435f13ac8c387df8d8cbe995dfb6a7810e10b540,342,342,0.5263157894736842105263157895,1.127234701568711593710299431,18,18,0.1576930463013794234534587915,-0.1561913873207673174831510635,182,0.5494505494505494505494505495,18,18,160,0.5,0,0,run_d229ac5d173e4a038cced2961865c4ba,ema_pullback:a08ada5fc0c9c69796bfe621
lookback-230,lab_baseline_untouched_only_v2,230,96a9efa5b762de4597557350435f13ac8c387df8d8cbe995dfb6a7810e10b540,337,337,0.5311572700296735905044510386,1.147055895563623945822879039,21,21,0.1777211019433350969522882921,-0.1458394500071792391891710172,178,0.5561797752808988764044943820,20,20,159,0.5031446540880503144654088050,1,1,run_701816ece9dd44eb9b1f94ec75eb45e8,ema_pullback:278073d73a011e8a040e4e78
lookback-231,lab_baseline_untouched_only_v2,231,96a9efa5b762de4597557350435f13ac8c387df8d8cbe995dfb6a7810e10b540,331,331,0.5287009063444108761329305136,1.121636632054422286712571145,19,19,0.1432714468104365795819403195,-0.1458394500071792391891710117,176,0.5568181818181818181818181818,20,20,155,0.4967741935483870967741935484,-1,-1,run_872824c3ba8546c8a55e7ebe9beaa8df,ema_pullback:c5046b2177c3a6964dea8907
lookback-232,lab_baseline_untouched_only_v2,232,96a9efa5b762de4597557350435f13ac8c387df8d8cbe995dfb6a7810e10b540,328,328,0.5274390243902439024390243902,1.116278766637623818475159034,18,18,0.1365209923879566179557416208,-0.1458394500071792391891710175,174,0.5574712643678160919540229885,20,20,154,0.4935064935064935064935064935,-2,-2,run_a3760b36d9da4aa28ec6cfaaf09ae9b9,ema_pullback:a170dd08fa139aecafa586bc
lookback-233,lab_baseline_untouched_only_v2,233,96a9efa5b762de4597557350435f13ac8c387df8d8cbe995dfb6a7810e10b540,326,326,0.5276073619631901840490797546,1.114150033364255516060004986,18,18,0.1327558049090307989177263875,-0.1418459505173299835495771439,172,0.5581395348837209302325581395,20,20,154,0.4935064935064935064935064935,-2,-2,run_1b99f12e343c4ab1994452374bf2fbb0,ema_pullback:5ad52c0f30ccb71cad3657ca
lookback-234,lab_baseline_untouched_only_v2,234,96a9efa5b762de4597557350435f13ac8c387df8d8cbe995dfb6a7810e10b540,325,325,0.5261538461538461538461538462,1.111325839104652018589579209,17,17,0.129448376510396231567857048,-0.1418459505173299835495771439,172,0.5581395348837209302325581395,20,20,153,0.4901960784313725490196078431,-3,-3,run_91d406104b1044bea2b9673695a85fa9,ema_pullback:c513a6704c097e2625648fca
lookback-235,lab_baseline_untouched_only_v2,235,96a9efa5b762de4597557350435f13ac8c387df8d8cbe995dfb6a7810e10b540,321,321,0.5264797507788161993769470405,1.109358641974419435298065812,17,17,0.125997802176101823330416662,-0.1396552116339447406328566384,169,0.5562130177514792899408284024,19,19,152,0.4934210526315789473684210526,-2,-2,run_de21154c4b5341bcb759b44609e0e49a,ema_pullback:a5959ecdc6c6f224ae25e10d
lookback-236,lab_baseline_untouched_only_v2,236,96a9efa5b762de4597557350435f13ac8c387df8d8cbe995dfb6a7810e10b540,320,320,0.528125,1.123308512656092130936378551,18,18,0.1421373640201640448005106225,-0.1396552116339447406328566371,168,0.5595238095238095238095238095,20,20,152,0.4934210526315789473684210526,-2,-2,run_14f9e6c93fbe49089698f659a7154cdd,ema_pullback:d9a46cb3f6ca8f87f1d4037e
lookback-237,lab_baseline_untouched_only_v2,237,96a9efa5b762de4597557350435f13ac8c387df8d8cbe995dfb6a7810e10b540,319,319,0.5266457680250783699059561129,1.119918867768064520329680262,17,17,0.1382218700875827865547356202,-0.1396552116339447406328566371,167,0.5568862275449101796407185629,19,19,152,0.4934210526315789473684210526,-2,-2,run_7585e67d694c47cea6bf35c80dcbe651,ema_pullback:84f795d6f4fb4edba966ec12
lookback-238,lab_baseline_untouched_only_v2,238,96a9efa5b762de4597557350435f13ac8c387df8d8cbe995dfb6a7810e10b540,316,316,0.5253164556962025316455696203,1.114261770718277337368799542,16,16,0.1310246014871857120136160009,-0.1396552116339447406328566320,164,0.5548780487804878048780487805,18,18,152,0.4934210526315789473684210526,-2,-2,run_250eca5b7f524a7f9eee6f2138357018,ema_pullback:9efe2d9fae59ff84779b08d2
lookback-239,lab_baseline_untouched_only_v2,239,96a9efa5b762de4597557350435f13ac8c387df8d8cbe995dfb6a7810e10b540,315,315,0.5269841269841269841269841270,1.118356697986139308325671994,17,17,0.1352886787572087095194056796,-0.1396552116339447406328566320,164,0.5548780487804878048780487805,18,18,151,0.4966887417218543046357615894,-1,-1,run_439c5facc5714c5a99f2b5a813954219,ema_pullback:ef97aa2f257f04286e451ce2
lookback-240,lab_baseline_untouched_only_v2,240,96a9efa5b762de4597557350435f13ac8c387df8d8cbe995dfb6a7810e10b540,312,312,0.5288461538461538461538461538,1.122729775564869423493940142,18,18,0.1389660140555197702624170925,-0.1396552116339447406328566372,163,0.5521472392638036809815950920,17,17,149,0.5033557046979865771812080537,1,1,run_e9247baa537d4e4184367c7ccdf5ea94,ema_pullback:28f08ffcc0a76296c2034816
lookback-241,lab_baseline_untouched_only_v2,241,96a9efa5b762de4597557350435f13ac8c387df8d8cbe995dfb6a7810e10b540,310,310,0.5290322580645161290322580645,1.116056041576151394495449843,18,18,0.1310165993234931807899061504,-0.1396552116339447406328566329,161,0.5527950310559006211180124224,17,17,149,0.5033557046979865771812080537,1,1,run_67c0d6d0d2584f5ead22501d19cc691d,ema_pullback:3da8a78a2e1b20002d0a3f43
lookback-242,lab_baseline_untouched_only_v2,242,96a9efa5b762de4597557350435f13ac8c387df8d8cbe995dfb6a7810e10b540,307,307,0.5309446254071661237785016287,1.116482453051766246416275998,19,19,0.1304423922666657591416944965,-0.1467280436577445660422879740,158,0.5569620253164556962025316456,18,18,149,0.5033557046979865771812080537,1,1,run_7fb23e8c8d764cf7a302e7ba05e37a03,ema_pullback:2a3a717edde9281027785613
lookback-243,lab_baseline_untouched_only_v2,243,96a9efa5b762de4597557350435f13ac8c387df8d8cbe995dfb6a7810e10b540,303,303,0.5379537953795379537953795380,1.145471797174170315045287318,23,23,0.16115387068051488881668131,-0.1394326572537201849085045988,157,0.5605095541401273885350318471,19,19,146,0.5136986301369863013698630137,4,4,run_aa557f1e3c0f4fce8bcf54296df8433a,ema_pullback:bf0eef9640ad9f35957e2e70
lookback-244,lab_baseline_untouched_only_v2,244,96a9efa5b762de4597557350435f13ac8c387df8d8cbe995dfb6a7810e10b540,301,301,0.5382059800664451827242524917,1.144122574183218225534536782,23,23,0.1591850142406661601939950247,-0.1408918381577088412630110018,156,0.5576923076923076923076923077,18,18,145,0.5172413793103448275862068966,5,5,run_449d74d2a3b143c1880e6001d59f51a0,ema_pullback:96c3ade47307e2724712e12d
lookback-245,lab_baseline_untouched_only_v2,245,96a9efa5b762de4597557350435f13ac8c387df8d8cbe995dfb6a7810e10b540,299,299,0.5384615384615384615384615385,1.142814374360642433628473972,23,23,0.1571247478761482339892851008,-0.1408918381577088412630110032,154,0.5584415584415584415584415584,18,18,145,0.5172413793103448275862068966,5,5,run_98fd6bb5433b42958891660e65cc1786,ema_pullback:98eb7e9b4be5c41b71d3457b
lookback-246,lab_baseline_untouched_only_v2,246,96a9efa5b762de4597557350435f13ac8c387df8d8cbe995dfb6a7810e10b540,295,295,0.5457627118644067796610169492,1.177825967768206943456679460,27,27,0.1925661578410571942058391804,-0.1347842756502847353680254612,151,0.5695364238410596026490066225,21,21,144,0.5208333333333333333333333333,6,6,run_8ac3d9b5a2dd42f08ef966d3c1f5a2e7,ema_pullback:bc8d25774f441298e4ea17e9
lookback-247,lab_baseline_untouched_only_v2,247,96a9efa5b762de4597557350435f13ac8c387df8d8cbe995dfb6a7810e10b540,293,293,0.5460750853242320819112627986,1.182815263000215058235396143,27,27,0.1946054894602913579796217408,-0.1347842756502847353680254640,149,0.5704697986577181208053691275,21,21,144,0.5208333333333333333333333333,6,6,run_c528ca473c96491cae2c52cf9b01b039,ema_pullback:62c95dae352fba48ff6ce24c
lookback-248,lab_baseline_untouched_only_v2,248,96a9efa5b762de4597557350435f13ac8c387df8d8cbe995dfb6a7810e10b540,287,287,0.5505226480836236933797909408,1.199439196909295225721306295,29,29,0.2067955613224663696375584315,-0.1235230746500924071608504467,146,0.5753424657534246575342465753,22,22,141,0.5248226950354609929078014184,7,7,run_800fbb74c816414c868cde29d2e38543,ema_pullback:8bbacc2fa059a54766953bee
lookback-249,lab_baseline_untouched_only_v2,249,96a9efa5b762de4597557350435f13ac8c387df8d8cbe995dfb6a7810e10b540,284,284,0.5528169014084507042253521127,1.193816989333122732838909535,30,30,0.1979421924277568646465259771,-0.1194132890545109158716663219,145,0.5793103448275862068965517241,23,23,139,0.5251798561151079136690647482,7,7,run_bcc7c0f0fe5a43b3b651beeac7c95de0,ema_pullback:f39146265dd0d74bb30f63a0
lookback-250,lab_baseline_untouched_only_v2,250,96a9efa5b762de4597557350435f13ac8c387df8d8cbe995dfb6a7810e10b540,280,280,0.5571428571428571428571428571,1.221518514676456340495539559,32,32,0.222227117052208957937431645,-0.1089726274527919385736517589,141,0.5886524822695035460992907801,25,25,139,0.5251798561151079136690647482,7,7,run_5b8a49d6cacc40a39103cc14ba229c9f,ema_pullback:8f77089994d9ad4575ab662a
lookback-251,lab_baseline_untouched_only_v2,251,96a9efa5b762de4597557350435f13ac8c387df8d8cbe995dfb6a7810e10b540,279,279,0.5555555555555555555555555556,1.215498415016215677936114614,31,31,0.2154605765972693818317943639,-0.1089726274527919385736517595,140,0.5857142857142857142857142857,24,24,139,0.5251798561151079136690647482,7,7,run_075690ffa63a42bd996a64ee2713df3c,ema_pullback:f43beb99e1dd4aeed599fccf
lookback-252,lab_baseline_untouched_only_v2,252,96a9efa5b762de4597557350435f13ac8c387df8d8cbe995dfb6a7810e10b540,274,274,0.5547445255474452554744525547,1.207142602744028313693544118,30,30,0.2027108465978759049648405973,-0.1089726274527919385736517549,138,0.5797101449275362318840579710,22,22,136,0.5294117647058823529411764706,8,8,run_1c6ef773a4574a498aac904507135a98,ema_pullback:51acc53ca19598727361bff8
lookback-253,lab_baseline_untouched_only_v2,253,96a9efa5b762de4597557350435f13ac8c387df8d8cbe995dfb6a7810e10b540,270,270,0.5518518518518518518518518519,1.191461005095971218600086971,28,28,0.1844153128873976354761670031,-0.1189454999954934362517492021,136,0.5808823529411764705882352941,22,22,134,0.5223880597014925373134328358,6,6,run_e8f0e40c94444b91b628b18789dbaf50,ema_pullback:c8a642da0e440215ee2ca354
lookback-254,lab_baseline_untouched_only_v2,254,96a9efa5b762de4597557350435f13ac8c387df8d8cbe995dfb6a7810e10b540,266,266,0.5451127819548872180451127820,1.163821556123414602330250500,24,24,0.1567563898389001135019449373,-0.1189454999954934362517491994,134,0.5746268656716417910447761194,20,20,132,0.5151515151515151515151515152,4,4,run_dadffd3ffb4c45efade271e18c7d08d2,ema_pullback:2d53470465bdc0a3fb8478ff
lookback-255,lab_baseline_untouched_only_v2,255,96a9efa5b762de4597557350435f13ac8c387df8d8cbe995dfb6a7810e10b540,265,265,0.5471698113207547169811320755,1.165088487644548483741744428,25,25,0.1579508854197915221477437542,-0.1189454999954934362517492000,133,0.5789473684210526315789473684,21,21,132,0.5151515151515151515151515152,4,4,run_6e8d423842b5457f9e2322d9b6055344,ema_pullback:9a3e9c2a404ce96d0705fa2f
lookback-256,lab_baseline_untouched_only_v2,256,96a9efa5b762de4597557350435f13ac8c387df8d8cbe995dfb6a7810e10b540,263,263,0.5475285171102661596958174905,1.163955906308103062773409539,25,25,0.1564985266665840704812706022,-0.1169277119024599598079879096,132,0.5833333333333333333333333333,22,22,131,0.5114503816793893129770992366,3,3,run_e641304e8e4741d7bc2813115fd9d645,ema_pullback:80c0989da6b7f0a281e5bd01
lookback-257,lab_baseline_untouched_only_v2,257,96a9efa5b762de4597557350435f13ac8c387df8d8cbe995dfb6a7810e10b540,257,257,0.5525291828793774319066147860,1.175424092140216681707671346,27,27,0.1638920844207578429037986563,-0.1169277119024599598079879124,131,0.5877862595419847328244274809,23,23,126,0.5158730158730158730158730159,4,4,run_94c2f634e6ae41d09fd54c8ddca7c6f3,ema_pullback:cdf28103d40091c94bd6eb0c
lookback-258,lab_baseline_untouched_only_v2,258,96a9efa5b762de4597557350435f13ac8c387df8d8cbe995dfb6a7810e10b540,254,254,0.5511811023622047244094488189,1.168590004530625907038974262,26,26,0.1549929987232261564261554412,-0.1186752216597654122220240998,130,0.5846153846153846153846153846,22,22,124,0.5161290322580645161290322581,4,4,run_75696150c4554a048bded89d7ccae574,ema_pullback:e1ebf8bd7ac62d55a94fb416
lookback-259,lab_baseline_untouched_only_v2,259,96a9efa5b762de4597557350435f13ac8c387df8d8cbe995dfb6a7810e10b540,250,250,0.548,1.147302307310178628792730522,24,24,0.134515597002786572285323285,-0.1149964193581432611073804092,128,0.578125,20,20,122,0.5163934426229508196721311475,4,4,run_0f361281ffb64f739d907abc534718db,ema_pullback:3892206cbf75dc1a6258e467
lookback-260,lab_baseline_untouched_only_v2,260,96a9efa5b762de4597557350435f13ac8c387df8d8cbe995dfb6a7810e10b540,248,248,0.5443548387096774193548387097,1.138009591920971605447539066,22,22,0.1258592364421702636685284337,-0.1182625194996430686043434072,127,0.5748031496062992125984251969,19,19,121,0.5123966942148760330578512397,3,3,run_2e37830a728648bf8cb3b61389378d74,ema_pullback:53a8651b8b63c0f564365c72
lookback-261,lab_baseline_untouched_only_v2,261,96a9efa5b762de4597557350435f13ac8c387df8d8cbe995dfb6a7810e10b540,246,246,0.5487804878048780487804878049,1.149798559732451039338177005,24,24,0.1354433440859445051083984075,-0.1172316525184167011619014891,126,0.5793650793650793650793650794,20,20,120,0.5166666666666666666666666667,4,4,run_8cbc30f028224fb4ae36a345f38581bd,ema_pullback:ef44fd95fb6d36c21df936e2
lookback-262,lab_baseline_untouched_only_v2,262,96a9efa5b762de4597557350435f13ac8c387df8d8cbe995dfb6a7810e10b540,244,244,0.5450819672131147540983606557,1.138208113721573958429058924,22,22,0.1246749047087477756726635916,-0.1206347299435343811018676655,124,0.5725806451612903225806451613,18,18,120,0.5166666666666666666666666667,4,4,run_829d01fc60e2460e8de5f98255c1d883,ema_pullback:6bf2bb17808fa866048111ac
lookback-263,lab_baseline_untouched_only_v2,263,96a9efa5b762de4597557350435f13ac8c387df8d8cbe995dfb6a7810e10b540,241,241,0.5394190871369294605809128631,1.120199413814180009076596782,19,19,0.1076026805247897227923790638,-0.1267704581829410729210468533,122,0.5655737704918032786885245902,16,16,119,0.5126050420168067226890756303,3,3,run_9cfc78db8c7443e6bf48f27b76657268,ema_pullback:cdf35d2031f5fad192273674
lookback-264,lab_baseline_untouched_only_v2,264,96a9efa5b762de4597557350435f13ac8c387df8d8cbe995dfb6a7810e10b540,240,240,0.5416666666666666666666666667,1.131005028656234417304464484,20,20,0.1163404322277262740418462361,-0.1267704581829410729210468533,121,0.5702479338842975206611570248,17,17,119,0.5126050420168067226890756303,3,3,run_ea6412c4981c438ebe6f49d558bffa52,ema_pullback:f310f67bef885e48eba8897f
lookback-265,lab_baseline_untouched_only_v2,265,96a9efa5b762de4597557350435f13ac8c387df8d8cbe995dfb6a7810e10b540,236,236,0.5381355932203389830508474576,1.116688742532327654965352299,18,18,0.1018739915634809146044128671,-0.1267704581829410729210468540,118,0.5593220338983050847457627119,14,14,118,0.5169491525423728813559322034,4,4,run_eb7820b8b9e6403b88e46e05727f4ccd,ema_pullback:04aee5fc34807db3e675c5ae
lookback-266,lab_baseline_untouched_only_v2,266,96a9efa5b762de4597557350435f13ac8c387df8d8cbe995dfb6a7810e10b540,231,231,0.5324675324675324675324675325,1.104915548988628688664862229,15,15,0.09096423344852442003653037559,-0.1267704581829410729210468546,115,0.5478260869565217391304347826,11,11,116,0.5172413793103448275862068966,4,4,run_e0afda25c366469ca6dddd8143ffddaf,ema_pullback:c5e7774258306e4c472eb988
lookback-267,lab_baseline_untouched_only_v2,267,96a9efa5b762de4597557350435f13ac8c387df8d8cbe995dfb6a7810e10b540,227,227,0.5330396475770925110132158590,1.100076543764092828009126096,15,15,0.08463043626308774322614656774,-0.1200791722774164605792900953,112,0.5446428571428571428571428571,10,10,115,0.5217391304347826086956521739,5,5,run_415114b6f94e429ca57b20be976e6fa3,ema_pullback:4607d1afb9d114d7bd58a256
lookback-268,lab_baseline_untouched_only_v2,268,96a9efa5b762de4597557350435f13ac8c387df8d8cbe995dfb6a7810e10b540,222,222,0.5360360360360360360360360360,1.083820490671238082537436491,16,16,0.0678842139297591420176880279,-0.1110001859303416683547123047,111,0.5495495495495495495495495495,11,11,111,0.5225225225225225225225225225,5,5,run_a97e74e71d854156be438f44ee9cccec,ema_pullback:96d4d2096b898ed2189f0243
lookback-269,lab_baseline_untouched_only_v2,269,96a9efa5b762de4597557350435f13ac8c387df8d8cbe995dfb6a7810e10b540,221,221,0.5384615384615384615384615385,1.093047205341239521907724518,17,17,0.07472295603437978836818601658,-0.1110001859303416683547123047,110,0.5545454545454545454545454545,12,12,111,0.5225225225225225225225225225,5,5,run_c0f5d6a2825d4ff09ce11fd4e82734c8,ema_pullback:78d8e9b081ffc1debc9416cb
lookback-270,lab_baseline_untouched_only_v2,270,96a9efa5b762de4597557350435f13ac8c387df8d8cbe995dfb6a7810e10b540,219,219,0.5433789954337899543378995434,1.112826702664011348058513205,19,19,0.08963591744445047280337025847,-0.1065863522275568027026079606,108,0.5648148148148148148148148148,14,14,111,0.5225225225225225225225225225,5,5,run_33f97140ddb9433fa032c19ee6788aa8,ema_pullback:d55cf8ee097f94048addfb1d
lookback-271,lab_baseline_untouched_only_v2,271,96a9efa5b762de4597557350435f13ac8c387df8d8cbe995dfb6a7810e10b540,218,218,0.5458715596330275229357798165,1.117947330123302230433132846,20,20,0.09339851290620172008346211324,-0.1035013271446289597034679532,108,0.5648148148148148148148148148,14,14,110,0.5272727272727272727272727273,6,6,run_14d3b4ecfa2941f2a1977cb024852ba0,ema_pullback:95d1eac17cde0375a3a3dae0
lookback-272,lab_baseline_untouched_only_v2,272,96a9efa5b762de4597557350435f13ac8c387df8d8cbe995dfb6a7810e10b540,216,216,0.5509259259259259259259259259,1.146029883205019295547883758,22,22,0.1142294893708017435508519974,-0.1035013271446289597034679561,108,0.5648148148148148148148148148,14,14,108,0.5370370370370370370370370370,8,8,run_64795cce2f3548bc90cf276b279045cb,ema_pullback:244a5daad26d1fc98501c8b4
lookback-273,lab_baseline_untouched_only_v2,273,96a9efa5b762de4597557350435f13ac8c387df8d8cbe995dfb6a7810e10b540,212,212,0.5613207547169811320754716981,1.195942114202745304160953581,26,26,0.1497070697553925517746527459,-0.0960293580999472343407302930,106,0.5754716981132075471698113208,16,16,106,0.5471698113207547169811320755,10,10,run_99f09c13538443c3a5e9491c8be1efc6,ema_pullback:44163f3d50894dff56f18020
lookback-274,lab_baseline_untouched_only_v2,274,96a9efa5b762de4597557350435f13ac8c387df8d8cbe995dfb6a7810e10b540,212,212,0.5613207547169811320754716981,1.195942114202745304160953581,26,26,0.1497070697553925517746527459,-0.0960293580999472343407302930,106,0.5754716981132075471698113208,16,16,106,0.5471698113207547169811320755,10,10,run_c701a41968504259b39e61e1e38aae3a,ema_pullback:a6bdb1ace9fa1a5d0c97fb08
lookback-275,lab_baseline_untouched_only_v2,275,96a9efa5b762de4597557350435f13ac8c387df8d8cbe995dfb6a7810e10b540,209,209,0.5645933014354066985645933014,1.211386720891604368519097585,27,27,0.1577757173563795558976506196,-0.0898916626954275327857000929,104,0.5865384615384615384615384615,18,18,105,0.5428571428571428571428571429,9,9,run_e23d90905cda40fdbe56ddb26e4f527e,ema_pullback:f34dedce4fb452da76f084a2
lookback-276,lab_baseline_untouched_only_v2,276,96a9efa5b762de4597557350435f13ac8c387df8d8cbe995dfb6a7810e10b540,206,206,0.5631067961165048543689320388,1.216583365117843883458430763,26,26,0.1608056104550313422137315677,-0.0898916626954275327857000941,102,0.5882352941176470588235294118,18,18,104,0.5384615384615384615384615385,8,8,run_8772ddf3d50548e39f8010ca1f88bb28,ema_pullback:3684c790b81be554f9c85e62
lookback-277,lab_baseline_untouched_only_v2,277,96a9efa5b762de4597557350435f13ac8c387df8d8cbe995dfb6a7810e10b540,205,205,0.5658536585365853658536585366,1.238999547000852984592005217,27,27,0.1749442193238145331400475104,-0.0788065458649498815761423660,102,0.5882352941176470588235294118,18,18,103,0.5436893203883495145631067961,9,9,run_073edf18fc594937b81d97065eef0903,ema_pullback:78426de9d3a8bd06131f9370
lookback-278,lab_baseline_untouched_only_v2,278,96a9efa5b762de4597557350435f13ac8c387df8d8cbe995dfb6a7810e10b540,199,199,0.5678391959798994974874371859,1.252738104939893710647177209,27,27,0.180706603879005897447950384,-0.0850307151768768882827795824,100,0.58,16,16,99,0.5555555555555555555555555556,11,11,run_01b7c1a6ab1a43a3b1ffa61ceb9cb96a,ema_pullback:ba1ae27d83f636013ed5ad69
lookback-279,lab_baseline_untouched_only_v2,279,96a9efa5b762de4597557350435f13ac8c387df8d8cbe995dfb6a7810e10b540,196,196,0.5663265306122448979591836735,1.253084566118759366261932068,26,26,0.1789774786026261763999919058,-0.0886637495543645436653349256,97,0.5773195876288659793814432990,15,15,99,0.5555555555555555555555555556,11,11,run_37e42e2aa0cf4dd9b6169165f23216c2,ema_pullback:3d79b012a017650528bd8cd9
lookback-280,lab_baseline_untouched_only_v2,280,96a9efa5b762de4597557350435f13ac8c387df8d8cbe995dfb6a7810e10b540,195,195,0.5692307692307692307692307692,1.262994972723024732886051416,27,27,0.1845410497165154032346287409,-0.0886637495543645436653349256,97,0.5773195876288659793814432990,15,15,98,0.5612244897959183673469387755,12,12,run_02820bb7a2fb40edb5a44b93fae6d28a,ema_pullback:e2bc1300fa8ba0e3ead61fa0
lookback-281,lab_baseline_untouched_only_v2,281,96a9efa5b762de4597557350435f13ac8c387df8d8cbe995dfb6a7810e10b540,192,192,0.5625,1.204353391065697115742050558,24,24,0.1403963136493062463713835642,-0.0957161970780746691006022713,96,0.5729166666666666666666666667,14,14,96,0.5520833333333333333333333333,10,10,run_24f7e770680342939f1e8d726f512192,ema_pullback:3e254f9f099d4c239990e5f7
lookback-282,lab_baseline_untouched_only_v2,282,96a9efa5b762de4597557350435f13ac8c387df8d8cbe995dfb6a7810e10b540,191,191,0.5654450261780104712041884817,1.219129980975807253337288928,25,25,0.1487759472847905822403746691,-0.0957161970780746691006022713,96,0.5729166666666666666666666667,14,14,95,0.5578947368421052631578947368,11,11,run_74e271004f5b49009568105be5661f85,ema_pullback:83bc98b40feb3f7b6991874e
lookback-283,lab_baseline_untouched_only_v2,283,96a9efa5b762de4597557350435f13ac8c387df8d8cbe995dfb6a7810e10b540,186,186,0.5591397849462365591397849462,1.199020003239830111109501149,22,22,0.1323444773433874525012941646,-0.1057559163056515222326489701,94,0.5744680851063829787234042553,14,14,92,0.5434782608695652173913043478,8,8,run_85e60fd8f5084c08a22ae2fde7b84176,ema_pullback:7ddff13db60cf5909d55dc6b
lookback-284,lab_baseline_untouched_only_v2,284,96a9efa5b762de4597557350435f13ac8c387df8d8cbe995dfb6a7810e10b540,184,184,0.5543478260869565217391304348,1.178557871901622763893527679,20,20,0.1176411372030008882218203828,-0.1057559163056515222326489693,93,0.5698924731182795698924731183,13,13,91,0.5384615384615384615384615385,7,7,run_b15ab697acf54dd99428ef7cc0790443,ema_pullback:a4a5debbe9988d22bf54eddc
lookback-285,lab_baseline_untouched_only_v2,285,96a9efa5b762de4597557350435f13ac8c387df8d8cbe995dfb6a7810e10b540,184,184,0.5543478260869565217391304348,1.178557871901622763893527679,20,20,0.1176411372030008882218203828,-0.1057559163056515222326489693,93,0.5698924731182795698924731183,13,13,91,0.5384615384615384615384615385,7,7,run_c009201a423b4a058c4cfcd30aafcd52,ema_pullback:84922f33b268f76d88a1239f
lookback-286,lab_baseline_untouched_only_v2,286,96a9efa5b762de4597557350435f13ac8c387df8d8cbe995dfb6a7810e10b540,181,181,0.5524861878453038674033149171,1.171759768935859282193014583,19,19,0.1120570459130224502859736998,-0.1122145792211189806448666263,92,0.5760869565217391304347826087,14,14,89,0.5280898876404494382022471910,5,5,run_7abf6d6158554278a8797de11382a91f,ema_pullback:71f00cd9339786164371ff6f
lookback-287,lab_baseline_untouched_only_v2,287,96a9efa5b762de4597557350435f13ac8c387df8d8cbe995dfb6a7810e10b540,177,177,0.5536723163841807909604519774,1.239634882552587174476211046,19,19,0.1467472536681141281405629834,-0.0874976207888505378566700257,90,0.5666666666666666666666666667,12,12,87,0.5402298850574712643678160920,7,7,run_77236e7224354cbabed2f727b140e3ba,ema_pullback:839904b785b0a0e964cced80
lookback-288,lab_baseline_untouched_only_v2,288,96a9efa5b762de4597557350435f13ac8c387df8d8cbe995dfb6a7810e10b540,171,171,0.5438596491228070175438596491,1.173467936345882309864317664,15,15,0.1051187010796741749503797344,-0.0943054437921724100909767236,89,0.5730337078651685393258426966,13,13,82,0.5121951219512195121951219512,2,2,run_0132fc9ccc414884b694c157e5837e62,ema_pullback:e2e83d89427055d09581416f
lookback-289,lab_baseline_untouched_only_v2,289,96a9efa5b762de4597557350435f13ac8c387df8d8cbe995dfb6a7810e10b540,170,170,0.5411764705882352941176470588,1.166824504233016946921163382,14,14,0.1009892437168597715589738415,-0.0948014249120735072596662540,89,0.5730337078651685393258426966,13,13,81,0.5061728395061728395061728395,1,1,run_1f5542c9ea304dc2b3a942cabdbee64f,ema_pullback:334bc4f161efd7c7bc775658
lookback-290,lab_baseline_untouched_only_v2,290,96a9efa5b762de4597557350435f13ac8c387df8d8cbe995dfb6a7810e10b540,166,166,0.5361445783132530120481927711,1.164583413633149674389077394,12,12,0.09775778777906823271252913946,-0.0935094527825286800825353849,86,0.5581395348837209302325581395,10,10,80,0.5125,2,2,run_dcadf999c3564a149e0cb66646f98330,ema_pullback:50416df33be5957462b62ace
lookback-291,lab_baseline_untouched_only_v2,291,96a9efa5b762de4597557350435f13ac8c387df8d8cbe995dfb6a7810e10b540,166,166,0.5361445783132530120481927711,1.164583413633149674389077394,12,12,0.09775778777906823271252913946,-0.0935094527825286800825353849,86,0.5581395348837209302325581395,10,10,80,0.5125,2,2,run_a7c17ac11e8c49f9b67ffd2141b3c1e5,ema_pullback:be274778d57a25638e1b3504
lookback-292,lab_baseline_untouched_only_v2,292,96a9efa5b762de4597557350435f13ac8c387df8d8cbe995dfb6a7810e10b540,165,165,0.5333333333333333333333333333,1.161425470315102769266047490,11,11,0.09585349906724851368886089893,-0.0935094527825286800825353849,85,0.5529411764705882352941176471,9,9,80,0.5125,2,2,run_e27493d50452470ba566144c2751581f,ema_pullback:f0c1b32688c7e636f19e702e
lookback-293,lab_baseline_untouched_only_v2,293,96a9efa5b762de4597557350435f13ac8c387df8d8cbe995dfb6a7810e10b540,164,164,0.5365853658536585365853658537,1.173510862200241605335988666,12,12,0.1020523059450891673601231622,-0.0935094527825286800825353849,84,0.5595238095238095238095238095,10,10,80,0.5125,2,2,run_b95458789cef4aa89762a14b168aba65,ema_pullback:ff54cf4e7aa24c3364b6f0f7
lookback-294,lab_baseline_untouched_only_v2,294,96a9efa5b762de4597557350435f13ac8c387df8d8cbe995dfb6a7810e10b540,162,162,0.5308641975308641975308641975,1.154148748743618245194261459,10,10,0.09023900730319656777119977313,-0.0935094527825286800825353844,82,0.5487804878048780487804878049,8,8,80,0.5125,2,2,run_3f34efa8e9974de29b5f614184fb1d6e,ema_pullback:d43aa9800ece4fe5ca0c8f08
lookback-295,lab_baseline_untouched_only_v2,295,96a9efa5b762de4597557350435f13ac8c387df8d8cbe995dfb6a7810e10b540,161,161,0.5279503105590062111801242236,1.136565979788780371673068345,9,9,0.07938092402499996615457298778,-0.0935094527825286800825353824,82,0.5487804878048780487804878049,8,8,79,0.5063291139240506329113924051,1,1,run_ef2381d043c4453883e04777f1878c1d,ema_pullback:cdd06504a4542542c845cdc9
lookback-296,lab_baseline_untouched_only_v2,296,96a9efa5b762de4597557350435f13ac8c387df8d8cbe995dfb6a7810e10b540,157,157,0.5222929936305732484076433121,1.102143216831687088434217765,7,7,0.05881641427571033223221614117,-0.0935094527825286800825353838,81,0.5432098765432098765432098765,7,7,76,0.5,0,0,run_f233b3c37e214fa39ab8bf8f4981b694,ema_pullback:90a1495bca285bc87ca16915
lookback-297,lab_baseline_untouched_only_v2,297,96a9efa5b762de4597557350435f13ac8c387df8d8cbe995dfb6a7810e10b540,154,154,0.5194805194805194805194805195,1.088760859691398691358071824,6,6,0.0504216421021090245470098007,-0.0982397617042344872085456346,79,0.5443037974683544303797468354,7,7,75,0.4933333333333333333333333333,-1,-1,run_fe572770407243289bfab4760f124d58,ema_pullback:cb0e6bb471eb23ee3ae98686
lookback-298,lab_baseline_untouched_only_v2,298,96a9efa5b762de4597557350435f13ac8c387df8d8cbe995dfb6a7810e10b540,152,152,0.5263157894736842105263157895,1.138734219540666301039422789,8,8,0.07637956935931614808016460364,-0.0982397617042344872085456340,78,0.5512820512820512820512820513,8,8,74,0.5,0,0,run_ad9c3e47583040e4a068ff6c92460221,ema_pullback:6f1ab546427dc53606636e9d
lookback-299,lab_baseline_untouched_only_v2,299,96a9efa5b762de4597557350435f13ac8c387df8d8cbe995dfb6a7810e10b540,150,150,0.5266666666666666666666666667,1.151488859273511938929508973,8,8,0.08182168936285087439783595034,-0.0982397617042344872085456360,77,0.5584415584415584415584415584,9,9,73,0.4931506849315068493150684932,-1,-1,run_ed27423d7f204cb38498e7054729861c,ema_pullback:fa989e6f2b595b1fa51d9607
lookback-300,lab_baseline_untouched_only_v2,300,96a9efa5b762de4597557350435f13ac8c387df8d8cbe995dfb6a7810e10b540,146,146,0.5342465753424657534246575342,1.154146008876586948463553296,10,10,0.07964510178754876012212841288,-0.0937637546782541748703865185,76,0.5657894736842105263157894737,10,10,70,0.5,0,0,run_f2d03eea038c4ee28f904b1dc7e92a81,ema_pullback:af2e32db4643c1f8efa1189c
